{
  "type": "FeatureCollection",
  "features": [
    {
      "type": "Feature",
      "id": 1,
      "geometry": {
        "type": "Point",
        "coordinates": [
          -83.33308599999998,
          44.52199200000007
        ]
      },
      "properties": {
        "OBJECTID": 1,
        "LakeSiteName": "Cedar Lake",
        "County": "Alcona",
        "SiteID": "WB-2127",
        "Staff1": "Dave Kenaga",
        "Staff2": "Paul Hausler (Progressive AE)",
        "Staff3": null,
        "Affiliation": "SOM",
        "SiteVisitType": "vegetation survey",
        "Year": 1997,
        "Comments": null,
        "Longitude": -83.333086,
        "Latitude": 44.521992
      }
    },
    {
      "type": "Feature",
      "id": 2,
      "geometry": {
        "type": "Point",
        "coordinates": [
          -83.76712799999996,
          44.59968100000003
        ]
      },
      "properties": {
        "OBJECTID": 2,
        "LakeSiteName": "Horsehoe Lake",
        "County": "Alcona",
        "SiteID": "WB-6169",
        "Staff1": "Michigan State University",
        "Staff2": null,
        "Staff3": null,
        "Affiliation": "MSU",
        "SiteVisitType": "vegetation survey",
        "Year": 2023,
        "Comments": null,
        "Longitude": -83.767128,
        "Latitude": 44.599681
      }
    },
    {
      "type": "Feature",
      "id": 3,
      "geometry": {
        "type": "Point",
        "coordinates": [
          -83.55200299999996,
          44.80721900000003
        ]
      },
      "properties": {
        "OBJECTID": 3,
        "LakeSiteName": "Hubbard Lake",
        "County": "Alcona",
        "SiteID": "WB-2171",
        "Staff1": "Michigan State University",
        "Staff2": null,
        "Staff3": null,
        "Affiliation": "MSU",
        "SiteVisitType": "vegetation survey",
        "Year": 2023,
        "Comments": null,
        "Longitude": -83.552003,
        "Latitude": 44.807219
      }
    },
    {
      "type": "Feature",
      "id": 4,
      "geometry": {
        "type": "Point",
        "coordinates": [
          -83.60814399999998,
          44.678927000000044
        ]
      },
      "properties": {
        "OBJECTID": 4,
        "LakeSiteName": "Jewell Lake",
        "County": "Alcona",
        "SiteID": "WB-6173",
        "Staff1": "Michigan State University",
        "Staff2": null,
        "Staff3": null,
        "Affiliation": "MSU",
        "SiteVisitType": "vegetation survey",
        "Year": 2023,
        "Comments": null,
        "Longitude": -83.608144,
        "Latitude": 44.678927
      }
    },
    {
      "type": "Feature",
      "id": 5,
      "geometry": {
        "type": "Point",
        "coordinates": [
          -85.80794499999996,
          42.68492100000003
        ]
      },
      "properties": {
        "OBJECTID": 5,
        "LakeSiteName": "Monterey Lake",
        "County": "Allegan",
        "SiteID": "WB-1361",
        "Staff1": "Dave Kenaga",
        "Staff2": null,
        "Staff3": null,
        "Affiliation": "SOM",
        "SiteVisitType": "vegetation survey",
        "Year": 1994,
        "Comments": null,
        "Longitude": -85.807945,
        "Latitude": 42.684921
      }
    },
    {
      "type": "Feature",
      "id": 6,
      "geometry": {
        "type": "Point",
        "coordinates": [
          -85.62697599999996,
          42.610749000000055
        ]
      },
      "properties": {
        "OBJECTID": 6,
        "LakeSiteName": "Selkirk Lake",
        "County": "Allegan",
        "SiteID": "WB-1392",
        "Staff1": "Dave Kenaga",
        "Staff2": null,
        "Staff3": null,
        "Affiliation": "SOM",
        "SiteVisitType": "vegetation survey",
        "Year": 1994,
        "Comments": null,
        "Longitude": -85.626976,
        "Latitude": 42.610749
      }
    },
    {
      "type": "Feature",
      "id": 7,
      "geometry": {
        "type": "Point",
        "coordinates": [
          -85.62697599999996,
          42.610749000000055
        ]
      },
      "properties": {
        "OBJECTID": 7,
        "LakeSiteName": "Selkirk Lake",
        "County": "Allegan",
        "SiteID": "WB-1392",
        "Staff1": "Dave Kenaga",
        "Staff2": null,
        "Staff3": null,
        "Affiliation": "SOM",
        "SiteVisitType": "vegetation survey",
        "Year": 1995,
        "Comments": null,
        "Longitude": -85.626976,
        "Latitude": 42.610749
      }
    },
    {
      "type": "Feature",
      "id": 8,
      "geometry": {
        "type": "Point",
        "coordinates": [
          -85.62697599999996,
          42.610749000000055
        ]
      },
      "properties": {
        "OBJECTID": 8,
        "LakeSiteName": "Selkirk Lake",
        "County": "Allegan",
        "SiteID": "WB-1392",
        "Staff1": "Dave Kenaga",
        "Staff2": null,
        "Staff3": null,
        "Affiliation": "SOM",
        "SiteVisitType": "vegetation survey",
        "Year": 1996,
        "Comments": null,
        "Longitude": -85.626976,
        "Latitude": 42.610749
      }
    },
    {
      "type": "Feature",
      "id": 9,
      "geometry": {
        "type": "Point",
        "coordinates": [
          -86.13054399999999,
          42.581083000000035
        ]
      },
      "properties": {
        "OBJECTID": 9,
        "LakeSiteName": "Hutchins Lake",
        "County": "Allegan",
        "SiteID": "WB-2191",
        "Staff1": "Dave Schipper",
        "Staff2": null,
        "Staff3": null,
        "Affiliation": "SOM",
        "SiteVisitType": "vegetation survey",
        "Year": 1997,
        "Comments": null,
        "Longitude": -86.130544,
        "Latitude": 42.581083
      }
    },
    {
      "type": "Feature",
      "id": 10,
      "geometry": {
        "type": "Point",
        "coordinates": [
          -86.07389999999998,
          42.48840000000007
        ]
      },
      "properties": {
        "OBJECTID": 10,
        "LakeSiteName": "Lower Scott Lake",
        "County": "Allegan",
        "SiteID": "WB-1522",
        "Staff1": "Dave Schipper",
        "Staff2": null,
        "Staff3": null,
        "Affiliation": "SOM",
        "SiteVisitType": "vegetation survey",
        "Year": 1998,
        "Comments": null,
        "Longitude": -86.0739,
        "Latitude": 42.4884
      }
    },
    {
      "type": "Feature",
      "id": 11,
      "geometry": {
        "type": "Point",
        "coordinates": [
          -85.80794499999996,
          42.68492100000003
        ]
      },
      "properties": {
        "OBJECTID": 11,
        "LakeSiteName": "Monterey Lake",
        "County": "Allegan",
        "SiteID": "WB-1361",
        "Staff1": "Laura Esman",
        "Staff2": "Eric Bacon",
        "Staff3": null,
        "Affiliation": "SOM",
        "SiteVisitType": "vegetation survey",
        "Year": 2002,
        "Comments": null,
        "Longitude": -85.807945,
        "Latitude": 42.684921
      }
    },
    {
      "type": "Feature",
      "id": 12,
      "geometry": {
        "type": "Point",
        "coordinates": [
          -85.62697599999996,
          42.610749000000055
        ]
      },
      "properties": {
        "OBJECTID": 12,
        "LakeSiteName": "Selkirk Lake",
        "County": "Allegan",
        "SiteID": "WB-1392",
        "Staff1": "Eric Bacon",
        "Staff2": "Laura Esman",
        "Staff3": null,
        "Affiliation": "SOM",
        "SiteVisitType": "vegetation survey",
        "Year": 2002,
        "Comments": null,
        "Longitude": -85.626976,
        "Latitude": 42.610749
      }
    },
    {
      "type": "Feature",
      "id": 13,
      "geometry": {
        "type": "Point",
        "coordinates": [
          -86.13054399999999,
          42.581083000000035
        ]
      },
      "properties": {
        "OBJECTID": 13,
        "LakeSiteName": "Hutchins Lake",
        "County": "Allegan",
        "SiteID": "WB-2191",
        "Staff1": "Matt Preisser",
        "Staff2": "Eric Bacon",
        "Staff3": "Lisa Huberty",
        "Affiliation": "SOM",
        "SiteVisitType": "vegetation survey",
        "Year": 2004,
        "Comments": null,
        "Longitude": -86.130544,
        "Latitude": 42.581083
      }
    },
    {
      "type": "Feature",
      "id": 14,
      "geometry": {
        "type": "Point",
        "coordinates": [
          -86.03849999999994,
          42.434300000000064
        ]
      },
      "properties": {
        "OBJECTID": 14,
        "LakeSiteName": "Osterhout Lake",
        "County": "Allegan",
        "SiteID": "WB-2152",
        "Staff1": "Lisa Huberty",
        "Staff2": "Brett Wiseley",
        "Staff3": "Charlie Cunningham",
        "Affiliation": "SOM",
        "SiteVisitType": "vegetation survey",
        "Year": 2007,
        "Comments": "partial lake survey",
        "Longitude": -86.0385,
        "Latitude": 42.4343
      }
    },
    {
      "type": "Feature",
      "id": 15,
      "geometry": {
        "type": "Point",
        "coordinates": [
          -86.03849999999994,
          42.434300000000064
        ]
      },
      "properties": {
        "OBJECTID": 15,
        "LakeSiteName": "Osterhout Lake",
        "County": "Allegan",
        "SiteID": "WB-2152",
        "Staff1": "Ryan Crouch",
        "Staff2": "Eric Bacon",
        "Staff3": "Matt Diana (DNR)",
        "Affiliation": "SOM",
        "SiteVisitType": "vegetation survey",
        "Year": 2017,
        "Comments": "Assessment of treatment in shallow lake with wide litttoral zone",
        "Longitude": -86.0385,
        "Latitude": 42.4343
      }
    },
    {
      "type": "Feature",
      "id": 16,
      "geometry": {
        "type": "Point",
        "coordinates": [
          -85.86187999999999,
          42.592910000000074
        ]
      },
      "properties": {
        "OBJECTID": 16,
        "LakeSiteName": "Dumont Lake",
        "County": "Allegan",
        "SiteID": "WB-214",
        "Staff1": "Lisa Huberty",
        "Staff2": "Eric Bacon",
        "Staff3": null,
        "Affiliation": "SOM",
        "SiteVisitType": "vegetation survey",
        "Year": 2019,
        "Comments": "Partial survey to respond to stakeholder complaint",
        "Longitude": -85.86188,
        "Latitude": 42.59291
      }
    },
    {
      "type": "Feature",
      "id": 17,
      "geometry": {
        "type": "Point",
        "coordinates": [
          -85.80989999999997,
          42.686000000000035
        ]
      },
      "properties": {
        "OBJECTID": 17,
        "LakeSiteName": "Monterey Lake",
        "County": "Allegan",
        "SiteID": "WB-1361",
        "Staff1": "Ryan Crouch",
        "Staff2": "Eric Bacon",
        "Staff3": "Marley Diatikar",
        "Affiliation": "SOM",
        "SiteVisitType": "vegetation survey",
        "Year": 2019,
        "Comments": "ProcellaCOR Pre- and Post Treatment Survey",
        "Longitude": -85.8099,
        "Latitude": 42.686
      }
    },
    {
      "type": "Feature",
      "id": 18,
      "geometry": {
        "type": "Point",
        "coordinates": [
          -86.18259999999998,
          42.68280000000004
        ]
      },
      "properties": {
        "OBJECTID": 18,
        "LakeSiteName": "Goshorn Lake",
        "County": "Allegan",
        "SiteID": "WB-1498",
        "Staff1": "Ryan Crouch",
        "Staff2": "Eric bacon",
        "Staff3": "Andrew LeBaron",
        "Affiliation": "ANC",
        "SiteVisitType": "vegetation survey",
        "Year": 2022,
        "Comments": null,
        "Longitude": -86.1826,
        "Latitude": 42.6828
      }
    },
    {
      "type": "Feature",
      "id": 19,
      "geometry": {
        "type": "Point",
        "coordinates": [
          -83.86770099999995,
          44.97929700000003
        ]
      },
      "properties": {
        "OBJECTID": 19,
        "LakeSiteName": "Fletcher Pond",
        "County": "Alpena",
        "SiteID": "WB-2777",
        "Staff1": "Michigan State University",
        "Staff2": null,
        "Staff3": null,
        "Affiliation": "MSU",
        "SiteVisitType": "vegetation survey",
        "Year": 2023,
        "Comments": null,
        "Longitude": -83.867701,
        "Latitude": 44.979297
      }
    },
    {
      "type": "Feature",
      "id": 20,
      "geometry": {
        "type": "Point",
        "coordinates": [
          -85.39958699999994,
          44.90469000000007
        ]
      },
      "properties": {
        "OBJECTID": 20,
        "LakeSiteName": "Bass Lake",
        "County": "Antrim",
        "SiteID": "WB-2391",
        "Staff1": "Eric Bacon",
        "Staff2": "Laura Esman",
        "Staff3": null,
        "Affiliation": "SOM",
        "SiteVisitType": "vegetation survey",
        "Year": 1999,
        "Comments": null,
        "Longitude": -85.399587,
        "Latitude": 44.90469
      }
    },
    {
      "type": "Feature",
      "id": 21,
      "geometry": {
        "type": "Point",
        "coordinates": [
          -85.13592899999998,
          42.43590400000005
        ]
      },
      "properties": {
        "OBJECTID": 21,
        "LakeSiteName": "Loon Lake",
        "County": "Barry",
        "SiteID": "WB-2265",
        "Staff1": "Dave Kenaga",
        "Staff2": null,
        "Staff3": null,
        "Affiliation": "SOM",
        "SiteVisitType": "vegetation survey",
        "Year": 1991,
        "Comments": null,
        "Longitude": -85.135929,
        "Latitude": 42.435904
      }
    },
    {
      "type": "Feature",
      "id": 22,
      "geometry": {
        "type": "Point",
        "coordinates": [
          -85.13592899999998,
          42.43590400000005
        ]
      },
      "properties": {
        "OBJECTID": 22,
        "LakeSiteName": "Loon Lake",
        "County": "Barry",
        "SiteID": "WB-2265",
        "Staff1": "Dave Kenaga",
        "Staff2": null,
        "Staff3": null,
        "Affiliation": "SOM",
        "SiteVisitType": "vegetation survey",
        "Year": 1992,
        "Comments": null,
        "Longitude": -85.135929,
        "Latitude": 42.435904
      }
    },
    {
      "type": "Feature",
      "id": 23,
      "geometry": {
        "type": "Point",
        "coordinates": [
          -85.33111199999996,
          42.67122600000005
        ]
      },
      "properties": {
        "OBJECTID": 23,
        "LakeSiteName": "Algonquin Lake",
        "County": "Barry",
        "SiteID": "WB-1678",
        "Staff1": "Dave Schipper",
        "Staff2": null,
        "Staff3": null,
        "Affiliation": "SOM",
        "SiteVisitType": "vegetation survey",
        "Year": 1995,
        "Comments": null,
        "Longitude": -85.331112,
        "Latitude": 42.671226
      }
    },
    {
      "type": "Feature",
      "id": 24,
      "geometry": {
        "type": "Point",
        "coordinates": [
          -85.13592899999998,
          42.43590400000005
        ]
      },
      "properties": {
        "OBJECTID": 24,
        "LakeSiteName": "Loon Lake",
        "County": "Barry",
        "SiteID": "WB-2265",
        "Staff1": "Dave Kenaga",
        "Staff2": null,
        "Staff3": null,
        "Affiliation": "SOM",
        "SiteVisitType": "vegetation survey",
        "Year": 1995,
        "Comments": null,
        "Longitude": -85.135929,
        "Latitude": 42.435904
      }
    },
    {
      "type": "Feature",
      "id": 25,
      "geometry": {
        "type": "Point",
        "coordinates": [
          -85.29078199999998,
          42.44479400000006
        ]
      },
      "properties": {
        "OBJECTID": 25,
        "LakeSiteName": "Fine Lake",
        "County": "Barry",
        "SiteID": "WB-2387",
        "Staff1": "Eric Bacon",
        "Staff2": "Brent Brooks",
        "Staff3": null,
        "Affiliation": "SOM",
        "SiteVisitType": "vegetation survey",
        "Year": 1998,
        "Comments": null,
        "Longitude": -85.290782,
        "Latitude": 42.444794
      }
    },
    {
      "type": "Feature",
      "id": 26,
      "geometry": {
        "type": "Point",
        "coordinates": [
          -85.24778499999996,
          42.48553100000004
        ]
      },
      "properties": {
        "OBJECTID": 26,
        "LakeSiteName": "Bristol Lake",
        "County": "Barry",
        "SiteID": "WB-1470",
        "Staff1": "Eric Bacon",
        "Staff2": "Laura Esman",
        "Staff3": null,
        "Affiliation": "SOM",
        "SiteVisitType": "vegetation survey",
        "Year": 1999,
        "Comments": null,
        "Longitude": -85.247785,
        "Latitude": 42.485531
      }
    },
    {
      "type": "Feature",
      "id": 27,
      "geometry": {
        "type": "Point",
        "coordinates": [
          -85.37397899999996,
          42.55428500000005
        ]
      },
      "properties": {
        "OBJECTID": 27,
        "LakeSiteName": "Long Lake",
        "County": "Barry",
        "SiteID": "WB-64",
        "Staff1": "Eric Bacon",
        "Staff2": "Jeremie Wilson",
        "Staff3": null,
        "Affiliation": "SOM",
        "SiteVisitType": "vegetation survey",
        "Year": 1999,
        "Comments": null,
        "Longitude": -85.373979,
        "Latitude": 42.554285
      }
    },
    {
      "type": "Feature",
      "id": 28,
      "geometry": {
        "type": "Point",
        "coordinates": [
          -85.50541699999997,
          42.548208000000045
        ]
      },
      "properties": {
        "OBJECTID": 28,
        "LakeSiteName": "Fish Lake Mill Pond",
        "County": "Barry",
        "SiteID": "WB-164",
        "Staff1": "Eric Bacon",
        "Staff2": "Laura Esman",
        "Staff3": null,
        "Affiliation": "SOM",
        "SiteVisitType": "vegetation survey",
        "Year": 2000,
        "Comments": null,
        "Longitude": -85.505417,
        "Latitude": 42.548208
      }
    },
    {
      "type": "Feature",
      "id": 29,
      "geometry": {
        "type": "Point",
        "coordinates": [
          -85.14025199999998,
          42.770260000000064
        ]
      },
      "properties": {
        "OBJECTID": 29,
        "LakeSiteName": "Jordan Lake",
        "County": "Barry",
        "SiteID": "WB-4721",
        "Staff1": "Eric Bacon",
        "Staff2": "Ned Rathbun",
        "Staff3": null,
        "Affiliation": "SOM",
        "SiteVisitType": "vegetation survey",
        "Year": 2000,
        "Comments": "Post fish kill investigation",
        "Longitude": -85.140252,
        "Latitude": 42.77026
      }
    },
    {
      "type": "Feature",
      "id": 30,
      "geometry": {
        "type": "Point",
        "coordinates": [
          -85.52074899999997,
          42.60067200000003
        ]
      },
      "properties": {
        "OBJECTID": 30,
        "LakeSiteName": "Gun Lake",
        "County": "Barry",
        "SiteID": "WB-103",
        "Staff1": "Laura Esman",
        "Staff2": "Eric Bacon",
        "Staff3": null,
        "Affiliation": "SOM",
        "SiteVisitType": "vegetation survey",
        "Year": 2002,
        "Comments": null,
        "Longitude": -85.520749,
        "Latitude": 42.600672
      }
    },
    {
      "type": "Feature",
      "id": 31,
      "geometry": {
        "type": "Point",
        "coordinates": [
          -85.33111199999996,
          42.67122600000005
        ]
      },
      "properties": {
        "OBJECTID": 31,
        "LakeSiteName": "Algonquin Lake",
        "County": "Barry",
        "SiteID": "WB-1678",
        "Staff1": "Laura Esman",
        "Staff2": "Julie Sims",
        "Staff3": "Eric Bacon",
        "Affiliation": "SOM",
        "SiteVisitType": "vegetation survey",
        "Year": 2004,
        "Comments": null,
        "Longitude": -85.331112,
        "Latitude": 42.671226
      }
    },
    {
      "type": "Feature",
      "id": 32,
      "geometry": {
        "type": "Point",
        "coordinates": [
          -85.53714199999996,
          42.65104100000008
        ]
      },
      "properties": {
        "OBJECTID": 32,
        "LakeSiteName": "Cobb Lake",
        "County": "Barry",
        "SiteID": "WB-755",
        "Staff1": "Julie Sims",
        "Staff2": "Laura Esman",
        "Staff3": null,
        "Affiliation": "SOM",
        "SiteVisitType": "vegetation survey",
        "Year": 2004,
        "Comments": null,
        "Longitude": -85.537142,
        "Latitude": 42.651041
      }
    },
    {
      "type": "Feature",
      "id": 33,
      "geometry": {
        "type": "Point",
        "coordinates": [
          -85.52074899999997,
          42.60067200000003
        ]
      },
      "properties": {
        "OBJECTID": 33,
        "LakeSiteName": "Gun Lake",
        "County": "Barry",
        "SiteID": "WB-103",
        "Staff1": "Eric Bacon",
        "Staff2": "Lisa Huberty",
        "Staff3": "Matt Preisser",
        "Affiliation": "SOM",
        "SiteVisitType": "vegetation survey",
        "Year": 2004,
        "Comments": null,
        "Longitude": -85.520749,
        "Latitude": 42.600672
      }
    },
    {
      "type": "Feature",
      "id": 34,
      "geometry": {
        "type": "Point",
        "coordinates": [
          -85.28331499999996,
          42.68725500000005
        ]
      },
      "properties": {
        "OBJECTID": 34,
        "LakeSiteName": "Leach Lake",
        "County": "Barry",
        "SiteID": "WB-2405",
        "Staff1": "Eric Bacon",
        "Staff2": "Matt Preisser",
        "Staff3": null,
        "Affiliation": "SOM",
        "SiteVisitType": "vegetation survey",
        "Year": 2007,
        "Comments": null,
        "Longitude": -85.283315,
        "Latitude": 42.687255
      }
    },
    {
      "type": "Feature",
      "id": 35,
      "geometry": {
        "type": "Point",
        "coordinates": [
          -85.26986099999993,
          42.69602800000007
        ]
      },
      "properties": {
        "OBJECTID": 35,
        "LakeSiteName": "Middle Lake",
        "County": "Barry",
        "SiteID": "WB-1602",
        "Staff1": "Matt Preisser",
        "Staff2": "Eric Bacon",
        "Staff3": null,
        "Affiliation": "SOM",
        "SiteVisitType": "vegetation survey",
        "Year": 2007,
        "Comments": null,
        "Longitude": -85.269861,
        "Latitude": 42.696028
      }
    },
    {
      "type": "Feature",
      "id": 36,
      "geometry": {
        "type": "Point",
        "coordinates": [
          -85.13906999999995,
          42.77028000000007
        ]
      },
      "properties": {
        "OBJECTID": 36,
        "LakeSiteName": "Jordan Lake",
        "County": "Barry",
        "SiteID": "WB-4721",
        "Staff1": "Eric Bacon",
        "Staff2": "Ryan Crouch",
        "Staff3": null,
        "Affiliation": "SOM",
        "SiteVisitType": "vegetation survey",
        "Year": 2016,
        "Comments": "Assessment of vegetation community after multiple complaints of low vegetation presence",
        "Longitude": -85.13907,
        "Latitude": 42.77028
      }
    },
    {
      "type": "Feature",
      "id": 37,
      "geometry": {
        "type": "Point",
        "coordinates": [
          -85.48256999999995,
          42.612340000000074
        ]
      },
      "properties": {
        "OBJECTID": 37,
        "LakeSiteName": "Hall Lake",
        "County": "Barry",
        "SiteID": "WB-5743",
        "Staff1": "Eric Bacon",
        "Staff2": "Mark Huffsmith",
        "Staff3": "Isabel Latvaitis",
        "Affiliation": "ANC",
        "SiteVisitType": "vegetation survey",
        "Year": 2022,
        "Comments": null,
        "Longitude": -85.48257,
        "Latitude": 42.61234
      }
    },
    {
      "type": "Feature",
      "id": 38,
      "geometry": {
        "type": "Point",
        "coordinates": [
          -83.90268399999997,
          43.64894600000008
        ]
      },
      "properties": {
        "OBJECTID": 38,
        "LakeSiteName": "Kawkawlin River",
        "County": "Bay",
        "SiteID": "WB-34",
        "Staff1": "Eric Bacon",
        "Staff2": "Matt Preisser",
        "Staff3": "Julie Sims",
        "Affiliation": "SOM",
        "SiteVisitType": "vegetation survey",
        "Year": 2004,
        "Comments": null,
        "Longitude": -83.902684,
        "Latitude": 43.648946
      }
    },
    {
      "type": "Feature",
      "id": 39,
      "geometry": {
        "type": "Point",
        "coordinates": [
          -86.26679999999999,
          42.207400000000064
        ]
      },
      "properties": {
        "OBJECTID": 39,
        "LakeSiteName": "Paw Paw Lake",
        "County": "Berrien",
        "SiteID": "WB-1396",
        "Staff1": "Ned Rathbun",
        "Staff2": null,
        "Staff3": null,
        "Affiliation": "SOM",
        "SiteVisitType": "vegetation survey",
        "Year": 1996,
        "Comments": null,
        "Longitude": -86.2668,
        "Latitude": 42.2074
      }
    },
    {
      "type": "Feature",
      "id": 40,
      "geometry": {
        "type": "Point",
        "coordinates": [
          -86.26679999999999,
          42.207400000000064
        ]
      },
      "properties": {
        "OBJECTID": 40,
        "LakeSiteName": "Paw Paw Lake",
        "County": "Berrien",
        "SiteID": "WB-1396",
        "Staff1": "Eric Bacon",
        "Staff2": "Doyle Brunsen",
        "Staff3": "Sean Syts (DEQ)",
        "Affiliation": "SOM",
        "SiteVisitType": "vegetation survey",
        "Year": 2015,
        "Comments": "Poor aquatic plant and fishing conditions reported to DNR",
        "Longitude": -86.2668,
        "Latitude": 42.2074
      }
    },
    {
      "type": "Feature",
      "id": 41,
      "geometry": {
        "type": "Point",
        "coordinates": [
          -85.03757199999995,
          41.768459000000064
        ]
      },
      "properties": {
        "OBJECTID": 41,
        "LakeSiteName": "Lake Lavine",
        "County": "Branch",
        "SiteID": "WB-2308",
        "Staff1": "Jeremie Wilson",
        "Staff2": "Eric Bacon",
        "Staff3": null,
        "Affiliation": "SOM",
        "SiteVisitType": "vegetation survey",
        "Year": 1999,
        "Comments": null,
        "Longitude": -85.037572,
        "Latitude": 41.768459
      }
    },
    {
      "type": "Feature",
      "id": 42,
      "geometry": {
        "type": "Point",
        "coordinates": [
          -85.00805999999994,
          41.76111000000003
        ]
      },
      "properties": {
        "OBJECTID": 42,
        "LakeSiteName": "Lake George",
        "County": "Branch",
        "SiteID": "WB-104",
        "Staff1": "Eric Bacon",
        "Staff2": "Ned Rathbun",
        "Staff3": null,
        "Affiliation": "SOM",
        "SiteVisitType": "vegetation survey",
        "Year": 2000,
        "Comments": null,
        "Longitude": -85.00806,
        "Latitude": 41.76111
      }
    },
    {
      "type": "Feature",
      "id": 43,
      "geometry": {
        "type": "Point",
        "coordinates": [
          -85.03757199999995,
          41.768459000000064
        ]
      },
      "properties": {
        "OBJECTID": 43,
        "LakeSiteName": "Lake Lavine",
        "County": "Branch",
        "SiteID": "WB-2308",
        "Staff1": "Eric Bacon",
        "Staff2": "Jeremie Wilson",
        "Staff3": null,
        "Affiliation": "SOM",
        "SiteVisitType": "vegetation survey",
        "Year": 2000,
        "Comments": null,
        "Longitude": -85.037572,
        "Latitude": 41.768459
      }
    },
    {
      "type": "Feature",
      "id": 44,
      "geometry": {
        "type": "Point",
        "coordinates": [
          -85.16413799999998,
          41.79489900000004
        ]
      },
      "properties": {
        "OBJECTID": 44,
        "LakeSiteName": "Gilead Lake",
        "County": "Branch",
        "SiteID": "WB-469",
        "Staff1": "Laura Esman",
        "Staff2": "Eric Bacon",
        "Staff3": null,
        "Affiliation": "SOM",
        "SiteVisitType": "vegetation survey",
        "Year": 2002,
        "Comments": null,
        "Longitude": -85.164138,
        "Latitude": 41.794899
      }
    },
    {
      "type": "Feature",
      "id": 45,
      "geometry": {
        "type": "Point",
        "coordinates": [
          -85.20527199999998,
          41.932488000000035
        ]
      },
      "properties": {
        "OBJECTID": 45,
        "LakeSiteName": "Matteson Lake",
        "County": "Branch",
        "SiteID": "WB-1636",
        "Staff1": "Eric Bacon",
        "Staff2": "Lisa Huberty",
        "Staff3": null,
        "Affiliation": "SOM",
        "SiteVisitType": "vegetation survey",
        "Year": 2005,
        "Comments": null,
        "Longitude": -85.205272,
        "Latitude": 41.932488
      }
    },
    {
      "type": "Feature",
      "id": 46,
      "geometry": {
        "type": "Point",
        "coordinates": [
          -85.03757199999995,
          41.768459000000064
        ]
      },
      "properties": {
        "OBJECTID": 46,
        "LakeSiteName": "Lake Lavine",
        "County": "Branch",
        "SiteID": "WB-2308",
        "Staff1": "Brett Wiseley",
        "Staff2": "Eric Bacon",
        "Staff3": null,
        "Affiliation": "SOM",
        "SiteVisitType": "vegetation survey",
        "Year": 2007,
        "Comments": null,
        "Longitude": -85.037572,
        "Latitude": 41.768459
      }
    },
    {
      "type": "Feature",
      "id": 47,
      "geometry": {
        "type": "Point",
        "coordinates": [
          -85.03512999999998,
          41.768020000000035
        ]
      },
      "properties": {
        "OBJECTID": 47,
        "LakeSiteName": "Lake Lavine",
        "County": "Branch",
        "SiteID": "WB-2308",
        "Staff1": "Ryan Crouch",
        "Staff2": "Lisa Huberty",
        "Staff3": "Brian Gunderman (DNR)",
        "Affiliation": "SOM",
        "SiteVisitType": "vegetation survey",
        "Year": 2018,
        "Comments": "Fisheries concerns",
        "Longitude": -85.03513,
        "Latitude": 41.76802
      }
    },
    {
      "type": "Feature",
      "id": 48,
      "geometry": {
        "type": "Point",
        "coordinates": [
          -85.02729999999997,
          41.98900000000003
        ]
      },
      "properties": {
        "OBJECTID": 48,
        "LakeSiteName": "Morrison Lake",
        "County": "Branch",
        "SiteID": "WB-91",
        "Staff1": "Ryan Crouch",
        "Staff2": "Lisa Huberty",
        "Staff3": null,
        "Affiliation": "SOM",
        "SiteVisitType": "vegetation survey",
        "Year": 2019,
        "Comments": "ProcellaCOR Pre- and Post Treatment Survey",
        "Longitude": -85.0273,
        "Latitude": 41.989
      }
    },
    {
      "type": "Feature",
      "id": 49,
      "geometry": {
        "type": "Point",
        "coordinates": [
          -85.21013399999998,
          42.28804900000006
        ]
      },
      "properties": {
        "OBJECTID": 49,
        "LakeSiteName": "Goguac Lake",
        "County": "Calhoun",
        "SiteID": "WB-1601",
        "Staff1": "Ned Rathbun",
        "Staff2": null,
        "Staff3": null,
        "Affiliation": "SOM",
        "SiteVisitType": "vegetation survey",
        "Year": 1995,
        "Comments": null,
        "Longitude": -85.210134,
        "Latitude": 42.288049
      }
    },
    {
      "type": "Feature",
      "id": 50,
      "geometry": {
        "type": "Point",
        "coordinates": [
          -85.21013399999998,
          42.28804900000006
        ]
      },
      "properties": {
        "OBJECTID": 50,
        "LakeSiteName": "Goguac Lake",
        "County": "Calhoun",
        "SiteID": "WB-1601",
        "Staff1": "Eric Bacon",
        "Staff2": "Laura Esman",
        "Staff3": null,
        "Affiliation": "SOM",
        "SiteVisitType": "vegetation survey",
        "Year": 1999,
        "Comments": null,
        "Longitude": -85.210134,
        "Latitude": 42.288049
      }
    },
    {
      "type": "Feature",
      "id": 51,
      "geometry": {
        "type": "Point",
        "coordinates": [
          -85.18190299999998,
          42.378697000000045
        ]
      },
      "properties": {
        "OBJECTID": 51,
        "LakeSiteName": "St. Mary's Lake",
        "County": "Calhoun",
        "SiteID": "WB-1537",
        "Staff1": "Julie Sims",
        "Staff2": "Laura Esman",
        "Staff3": null,
        "Affiliation": "SOM",
        "SiteVisitType": "vegetation survey",
        "Year": 2004,
        "Comments": null,
        "Longitude": -85.181903,
        "Latitude": 42.378697
      }
    },
    {
      "type": "Feature",
      "id": 52,
      "geometry": {
        "type": "Point",
        "coordinates": [
          -84.78521399999994,
          42.38747500000005
        ]
      },
      "properties": {
        "OBJECTID": 52,
        "LakeSiteName": "Duck Lake",
        "County": "Calhoun",
        "SiteID": "WB-2258",
        "Staff1": "Ryan Crouch",
        "Staff2": "Eric Bacon",
        "Staff3": "Sara Thoma",
        "Affiliation": "SOM",
        "SiteVisitType": "vegetation survey",
        "Year": 2016,
        "Comments": "Document plant community; first year of permitted treatments",
        "Longitude": -84.785214,
        "Latitude": 42.387475
      }
    },
    {
      "type": "Feature",
      "id": 53,
      "geometry": {
        "type": "Point",
        "coordinates": [
          -85.90388699999994,
          41.98485100000005
        ]
      },
      "properties": {
        "OBJECTID": 53,
        "LakeSiteName": "Little Fish Lake",
        "County": "Cass",
        "SiteID": "WB-2448",
        "Staff1": "Eric Bacon",
        "Staff2": "Ned Rathbun",
        "Staff3": "Dustin Day",
        "Affiliation": "SOM",
        "SiteVisitType": "vegetation survey",
        "Year": 2000,
        "Comments": null,
        "Longitude": -85.903887,
        "Latitude": 41.984851
      }
    },
    {
      "type": "Feature",
      "id": 54,
      "geometry": {
        "type": "Point",
        "coordinates": [
          -85.88269999999994,
          42.04850000000005
        ]
      },
      "properties": {
        "OBJECTID": 54,
        "LakeSiteName": "Finch Lake",
        "County": "Cass",
        "SiteID": "WB-1616",
        "Staff1": "Eric Bacon",
        "Staff2": "Lisa Huberty",
        "Staff3": "Brian Gunderman (DNR)",
        "Affiliation": "SOM",
        "SiteVisitType": "vegetation survey",
        "Year": 2015,
        "Comments": "Document plant community, development pressure to TE pugnose shiner",
        "Longitude": -85.8827,
        "Latitude": 42.0485
      }
    },
    {
      "type": "Feature",
      "id": 55,
      "geometry": {
        "type": "Point",
        "coordinates": [
          -86.22214999999994,
          41.88179000000008
        ]
      },
      "properties": {
        "OBJECTID": 55,
        "LakeSiteName": "Gravel Pit Pond",
        "County": "Cass",
        "SiteID": "WB-5067",
        "Staff1": "Ryan Crouch",
        "Staff2": "Eric Bacon",
        "Staff3": null,
        "Affiliation": "SOM",
        "SiteVisitType": "vegetation survey",
        "Year": 2020,
        "Comments": "complaint response",
        "Longitude": -86.22215,
        "Latitude": 41.88179
      }
    },
    {
      "type": "Feature",
      "id": 56,
      "geometry": {
        "type": "Point",
        "coordinates": [
          -85.86954999999995,
          42.05967000000004
        ]
      },
      "properties": {
        "OBJECTID": 56,
        "LakeSiteName": "Saddlebag Lake",
        "County": "Cass",
        "SiteID": "WB-2593",
        "Staff1": "Eric Bacon",
        "Staff2": "Mark Huffsmith",
        "Staff3": null,
        "Affiliation": "ANC",
        "SiteVisitType": "vegetation survey",
        "Year": 2022,
        "Comments": null,
        "Longitude": -85.86955,
        "Latitude": 42.05967
      }
    },
    {
      "type": "Feature",
      "id": 57,
      "geometry": {
        "type": "Point",
        "coordinates": [
          -84.77037799999994,
          45.19096300000007
        ]
      },
      "properties": {
        "OBJECTID": 57,
        "LakeSiteName": "Thumb Lake",
        "County": "Charlevoix",
        "SiteID": "WB-3904",
        "Staff1": "Michigan State University",
        "Staff2": null,
        "Staff3": null,
        "Affiliation": "MSU",
        "SiteVisitType": "vegetation survey",
        "Year": 2023,
        "Comments": null,
        "Longitude": -84.770378,
        "Latitude": 45.190963
      }
    },
    {
      "type": "Feature",
      "id": 58,
      "geometry": {
        "type": "Point",
        "coordinates": [
          -84.52374199999997,
          45.51221300000003
        ]
      },
      "properties": {
        "OBJECTID": 58,
        "LakeSiteName": "Mullett Lake",
        "County": "Cheboygan",
        "SiteID": "WB-94",
        "Staff1": "Eric Bacon",
        "Staff2": "Brett Wiseley",
        "Staff3": null,
        "Affiliation": "SOM",
        "SiteVisitType": "vegetation survey",
        "Year": 2007,
        "Comments": null,
        "Longitude": -84.523742,
        "Latitude": 45.512213
      }
    },
    {
      "type": "Feature",
      "id": 59,
      "geometry": {
        "type": "Point",
        "coordinates": [
          -84.26297899999997,
          45.46653500000008
        ]
      },
      "properties": {
        "OBJECTID": 59,
        "LakeSiteName": "Black Lake",
        "County": "Cheboygan",
        "SiteID": "WB-1868",
        "Staff1": "Michigan State University",
        "Staff2": null,
        "Staff3": null,
        "Affiliation": "MSU",
        "SiteVisitType": "vegetation survey",
        "Year": 2023,
        "Comments": null,
        "Longitude": -84.262979,
        "Latitude": 45.466535
      }
    },
    {
      "type": "Feature",
      "id": 60,
      "geometry": {
        "type": "Point",
        "coordinates": [
          -84.29519399999998,
          45.54177200000004
        ]
      },
      "properties": {
        "OBJECTID": 60,
        "LakeSiteName": "Twin Lakes",
        "County": "Cheboygan",
        "SiteID": "WB-5938",
        "Staff1": "Michigan State University",
        "Staff2": null,
        "Staff3": null,
        "Affiliation": "MSU",
        "SiteVisitType": "vegetation survey",
        "Year": 2023,
        "Comments": null,
        "Longitude": -84.295194,
        "Latitude": 45.541772
      }
    },
    {
      "type": "Feature",
      "id": 61,
      "geometry": {
        "type": "Point",
        "coordinates": [
          -84.55447499999997,
          45.236488000000065
        ]
      },
      "properties": {
        "OBJECTID": 61,
        "LakeSiteName": "Wildwood Lake",
        "County": "Cheboygan",
        "SiteID": "WB-2645",
        "Staff1": "Lisa Huberty",
        "Staff2": "Mark Huffsmith",
        "Staff3": "Josh Epperly",
        "Affiliation": "ANC",
        "SiteVisitType": "vegetation survey",
        "Year": 2023,
        "Comments": null,
        "Longitude": -84.554475,
        "Latitude": 45.236488
      }
    },
    {
      "type": "Feature",
      "id": 62,
      "geometry": {
        "type": "Point",
        "coordinates": [
          -84.55447499999997,
          45.236488000000065
        ]
      },
      "properties": {
        "OBJECTID": 62,
        "LakeSiteName": "Wildwood Lake",
        "County": "Cheboygan",
        "SiteID": "WB-2645",
        "Staff1": "Michigan State University",
        "Staff2": null,
        "Staff3": null,
        "Affiliation": "MSU",
        "SiteVisitType": "vegetation survey",
        "Year": 2023,
        "Comments": null,
        "Longitude": -84.554475,
        "Latitude": 45.236488
      }
    },
    {
      "type": "Feature",
      "id": 63,
      "geometry": {
        "type": "Point",
        "coordinates": [
          -85.03870799999999,
          46.70196200000004
        ]
      },
      "properties": {
        "OBJECTID": 63,
        "LakeSiteName": "Andrus Lake",
        "County": "Chippewa",
        "SiteID": "WB-6156",
        "Staff1": "Michigan State University",
        "Staff2": null,
        "Staff3": null,
        "Affiliation": "MSU",
        "SiteVisitType": "vegetation survey",
        "Year": 2023,
        "Comments": null,
        "Longitude": -85.038708,
        "Latitude": 46.701962
      }
    },
    {
      "type": "Feature",
      "id": 64,
      "geometry": {
        "type": "Point",
        "coordinates": [
          -84.10552999999999,
          45.991719000000046
        ]
      },
      "properties": {
        "OBJECTID": 64,
        "LakeSiteName": "Big Trout Lake",
        "County": "Chippewa",
        "SiteID": "WB-6159",
        "Staff1": "Michigan State University",
        "Staff2": null,
        "Staff3": null,
        "Affiliation": "MSU",
        "SiteVisitType": "vegetation survey",
        "Year": 2023,
        "Comments": null,
        "Longitude": -84.10553,
        "Latitude": 45.991719
      }
    },
    {
      "type": "Feature",
      "id": 65,
      "geometry": {
        "type": "Point",
        "coordinates": [
          -83.99237599999998,
          45.99879800000008
        ]
      },
      "properties": {
        "OBJECTID": 65,
        "LakeSiteName": "Caribou Lake",
        "County": "Chippewa",
        "SiteID": "WB-3093",
        "Staff1": "Michigan State University",
        "Staff2": null,
        "Staff3": null,
        "Affiliation": "MSU",
        "SiteVisitType": "vegetation survey",
        "Year": 2023,
        "Comments": null,
        "Longitude": -83.992376,
        "Latitude": 45.998798
      }
    },
    {
      "type": "Feature",
      "id": 66,
      "geometry": {
        "type": "Point",
        "coordinates": [
          -84.64594599999998,
          46.47335700000008
        ]
      },
      "properties": {
        "OBJECTID": 66,
        "LakeSiteName": "Monocle Lake",
        "County": "Chippewa",
        "SiteID": "WB-6189",
        "Staff1": "Michigan State University",
        "Staff2": null,
        "Staff3": null,
        "Affiliation": "MSU",
        "SiteVisitType": "vegetation survey",
        "Year": 2023,
        "Comments": null,
        "Longitude": -84.645946,
        "Latitude": 46.473357
      }
    },
    {
      "type": "Feature",
      "id": 67,
      "geometry": {
        "type": "Point",
        "coordinates": [
          -85.07554899999997,
          46.71646400000003
        ]
      },
      "properties": {
        "OBJECTID": 67,
        "LakeSiteName": "Shelldrake Lake",
        "County": "Chippewa",
        "SiteID": "WB-6214",
        "Staff1": "Michigan State University",
        "Staff2": null,
        "Staff3": null,
        "Affiliation": "MSU",
        "SiteVisitType": "vegetation survey",
        "Year": 2023,
        "Comments": null,
        "Longitude": -85.075549,
        "Latitude": 46.716464
      }
    },
    {
      "type": "Feature",
      "id": 68,
      "geometry": {
        "type": "Point",
        "coordinates": [
          -85.04317799999995,
          46.18337200000008
        ]
      },
      "properties": {
        "OBJECTID": 68,
        "LakeSiteName": "Trout Lake",
        "County": "Chippewa",
        "SiteID": "WB-5714",
        "Staff1": "Michigan State University",
        "Staff2": null,
        "Staff3": null,
        "Affiliation": "MSU",
        "SiteVisitType": "vegetation survey",
        "Year": 2023,
        "Comments": null,
        "Longitude": -85.043178,
        "Latitude": 46.183372
      }
    },
    {
      "type": "Feature",
      "id": 69,
      "geometry": {
        "type": "Point",
        "coordinates": [
          -84.98041499999994,
          46.317529000000036
        ]
      },
      "properties": {
        "OBJECTID": 69,
        "LakeSiteName": "Walker Lake",
        "County": "Chippewa",
        "SiteID": "WB-6216",
        "Staff1": "Michigan State University",
        "Staff2": null,
        "Staff3": null,
        "Affiliation": "MSU",
        "SiteVisitType": "vegetation survey",
        "Year": 2023,
        "Comments": null,
        "Longitude": -84.980415,
        "Latitude": 46.317529
      }
    },
    {
      "type": "Feature",
      "id": 70,
      "geometry": {
        "type": "Point",
        "coordinates": [
          -84.98567199999997,
          46.32070600000003
        ]
      },
      "properties": {
        "OBJECTID": 70,
        "LakeSiteName": "Whitmarsh Lake",
        "County": "Chippewa",
        "SiteID": "WB-6217",
        "Staff1": "Michigan State University",
        "Staff2": null,
        "Staff3": null,
        "Affiliation": "MSU",
        "SiteVisitType": "vegetation survey",
        "Year": 2023,
        "Comments": null,
        "Longitude": -84.985672,
        "Latitude": 46.320706
      }
    },
    {
      "type": "Feature",
      "id": 71,
      "geometry": {
        "type": "Point",
        "coordinates": [
          -85.01580999999999,
          43.84675000000004
        ]
      },
      "properties": {
        "OBJECTID": 71,
        "LakeSiteName": "Crooked Lake",
        "County": "Clare",
        "SiteID": "WB-1921",
        "Staff1": "Dave Kenaga",
        "Staff2": "Ned Rathbun",
        "Staff3": null,
        "Affiliation": "SOM",
        "SiteVisitType": "vegetation survey",
        "Year": 1995,
        "Comments": null,
        "Longitude": -85.01581,
        "Latitude": 43.84675
      }
    },
    {
      "type": "Feature",
      "id": 72,
      "geometry": {
        "type": "Point",
        "coordinates": [
          -84.75454999999994,
          44.071435000000065
        ]
      },
      "properties": {
        "OBJECTID": 72,
        "LakeSiteName": "Arnold Lake",
        "County": "Clare",
        "SiteID": "WB-1701",
        "Staff1": "Dave Kenaga",
        "Staff2": "Ned Rathbun",
        "Staff3": null,
        "Affiliation": "SOM",
        "SiteVisitType": "vegetation survey",
        "Year": 1996,
        "Comments": null,
        "Longitude": -84.75455,
        "Latitude": 44.071435
      }
    },
    {
      "type": "Feature",
      "id": 73,
      "geometry": {
        "type": "Point",
        "coordinates": [
          -84.79885499999995,
          44.02650500000004
        ]
      },
      "properties": {
        "OBJECTID": 73,
        "LakeSiteName": "Budd Lake",
        "County": "Clare",
        "SiteID": "WB-1669",
        "Staff1": "Eric Bacon",
        "Staff2": "Kristin Bojesen",
        "Staff3": null,
        "Affiliation": "SOM",
        "SiteVisitType": "vegetation survey",
        "Year": 1996,
        "Comments": null,
        "Longitude": -84.798855,
        "Latitude": 44.026505
      }
    },
    {
      "type": "Feature",
      "id": 74,
      "geometry": {
        "type": "Point",
        "coordinates": [
          -85.01580999999999,
          43.84675000000004
        ]
      },
      "properties": {
        "OBJECTID": 74,
        "LakeSiteName": "Crooked Lake",
        "County": "Clare",
        "SiteID": "WB-1921",
        "Staff1": "Dave Kenaga",
        "Staff2": "Ned Rathbun",
        "Staff3": null,
        "Affiliation": "SOM",
        "SiteVisitType": "vegetation survey",
        "Year": 1996,
        "Comments": null,
        "Longitude": -85.01581,
        "Latitude": 43.84675
      }
    },
    {
      "type": "Feature",
      "id": 75,
      "geometry": {
        "type": "Point",
        "coordinates": [
          -84.90448599999996,
          43.99494600000003
        ]
      },
      "properties": {
        "OBJECTID": 75,
        "LakeSiteName": "Lily Lake",
        "County": "Clare",
        "SiteID": "WB-1696",
        "Staff1": "Dave Schipper",
        "Staff2": null,
        "Staff3": null,
        "Affiliation": "SOM",
        "SiteVisitType": "vegetation survey",
        "Year": 1996,
        "Comments": null,
        "Longitude": -84.904486,
        "Latitude": 43.994946
      }
    },
    {
      "type": "Feature",
      "id": 76,
      "geometry": {
        "type": "Point",
        "coordinates": [
          -84.78351699999996,
          44.02512200000007
        ]
      },
      "properties": {
        "OBJECTID": 76,
        "LakeSiteName": "Little Long Lake",
        "County": "Clare",
        "SiteID": "WB-2102",
        "Staff1": "Eric Bacon",
        "Staff2": "Kristin Bojesen",
        "Staff3": null,
        "Affiliation": "SOM",
        "SiteVisitType": "vegetation survey",
        "Year": 1996,
        "Comments": null,
        "Longitude": -84.783517,
        "Latitude": 44.025122
      }
    },
    {
      "type": "Feature",
      "id": 77,
      "geometry": {
        "type": "Point",
        "coordinates": [
          -84.76316599999996,
          44.08895000000007
        ]
      },
      "properties": {
        "OBJECTID": 77,
        "LakeSiteName": "Long Lake",
        "County": "Clare",
        "SiteID": "WB-1377",
        "Staff1": "Dave Kenaga",
        "Staff2": "Ned Rathbun",
        "Staff3": null,
        "Affiliation": "SOM",
        "SiteVisitType": "vegetation survey",
        "Year": 1996,
        "Comments": null,
        "Longitude": -84.763166,
        "Latitude": 44.08895
      }
    },
    {
      "type": "Feature",
      "id": 78,
      "geometry": {
        "type": "Point",
        "coordinates": [
          -84.78351699999996,
          44.02512200000007
        ]
      },
      "properties": {
        "OBJECTID": 78,
        "LakeSiteName": "Little Long Lake",
        "County": "Clare",
        "SiteID": "WB-2102",
        "Staff1": "Dave Schipper",
        "Staff2": "Dick Mikula",
        "Staff3": null,
        "Affiliation": "SOM",
        "SiteVisitType": "vegetation survey",
        "Year": 1997,
        "Comments": null,
        "Longitude": -84.783517,
        "Latitude": 44.025122
      }
    },
    {
      "type": "Feature",
      "id": 79,
      "geometry": {
        "type": "Point",
        "coordinates": [
          -84.79885499999995,
          44.02650500000004
        ]
      },
      "properties": {
        "OBJECTID": 79,
        "LakeSiteName": "Budd Lake",
        "County": "Clare",
        "SiteID": "WB-1669",
        "Staff1": "Laura Esman",
        "Staff2": "Eric Bacon",
        "Staff3": null,
        "Affiliation": "SOM",
        "SiteVisitType": "vegetation survey",
        "Year": 2001,
        "Comments": null,
        "Longitude": -84.798855,
        "Latitude": 44.026505
      }
    },
    {
      "type": "Feature",
      "id": 80,
      "geometry": {
        "type": "Point",
        "coordinates": [
          -84.90448599999996,
          43.99494600000003
        ]
      },
      "properties": {
        "OBJECTID": 80,
        "LakeSiteName": "Lily Lake",
        "County": "Clare",
        "SiteID": "WB-1696",
        "Staff1": "Ned Rathbun",
        "Staff2": "Laura Esman",
        "Staff3": null,
        "Affiliation": "SOM",
        "SiteVisitType": "vegetation survey",
        "Year": 2001,
        "Comments": null,
        "Longitude": -84.904486,
        "Latitude": 43.994946
      }
    },
    {
      "type": "Feature",
      "id": 81,
      "geometry": {
        "type": "Point",
        "coordinates": [
          -84.77136499999995,
          44.02415000000008
        ]
      },
      "properties": {
        "OBJECTID": 81,
        "LakeSiteName": "Sutherland Lake",
        "County": "Clare",
        "SiteID": "WB-1668",
        "Staff1": "Laura Esman",
        "Staff2": "Eric Bacon",
        "Staff3": "Jennifer Olsen (DNR)",
        "Affiliation": "SOM",
        "SiteVisitType": "vegetation survey",
        "Year": 2001,
        "Comments": null,
        "Longitude": -84.771365,
        "Latitude": 44.02415
      }
    },
    {
      "type": "Feature",
      "id": 82,
      "geometry": {
        "type": "Point",
        "coordinates": [
          -84.78351699999996,
          44.02512200000007
        ]
      },
      "properties": {
        "OBJECTID": 82,
        "LakeSiteName": "Little Long Lake",
        "County": "Clare",
        "SiteID": "WB-2102",
        "Staff1": "Laura Esman",
        "Staff2": "Eric Bacon",
        "Staff3": null,
        "Affiliation": "SOM",
        "SiteVisitType": "vegetation survey",
        "Year": 2002,
        "Comments": null,
        "Longitude": -84.783517,
        "Latitude": 44.025122
      }
    },
    {
      "type": "Feature",
      "id": 83,
      "geometry": {
        "type": "Point",
        "coordinates": [
          -84.76316599999996,
          44.08895000000007
        ]
      },
      "properties": {
        "OBJECTID": 83,
        "LakeSiteName": "Long Lake",
        "County": "Clare",
        "SiteID": "WB-1377",
        "Staff1": "Eric Bacon",
        "Staff2": "Laura Esman",
        "Staff3": null,
        "Affiliation": "SOM",
        "SiteVisitType": "vegetation survey",
        "Year": 2002,
        "Comments": null,
        "Longitude": -84.763166,
        "Latitude": 44.08895
      }
    },
    {
      "type": "Feature",
      "id": 84,
      "geometry": {
        "type": "Point",
        "coordinates": [
          -84.93427999999994,
          43.95390000000003
        ]
      },
      "properties": {
        "OBJECTID": 84,
        "LakeSiteName": "Lake George",
        "County": "Clare",
        "SiteID": "WB-1685",
        "Staff1": "Eric Bacon",
        "Staff2": "Laura Esman",
        "Staff3": null,
        "Affiliation": "SOM",
        "SiteVisitType": "vegetation survey",
        "Year": 2003,
        "Comments": null,
        "Longitude": -84.93428,
        "Latitude": 43.9539
      }
    },
    {
      "type": "Feature",
      "id": 85,
      "geometry": {
        "type": "Point",
        "coordinates": [
          -84.95125599999994,
          43.96329900000006
        ]
      },
      "properties": {
        "OBJECTID": 85,
        "LakeSiteName": "Shingle Lake",
        "County": "Clare",
        "SiteID": "WB-1684",
        "Staff1": "Eric Bacon",
        "Staff2": "Laura Esman",
        "Staff3": null,
        "Affiliation": "SOM",
        "SiteVisitType": "vegetation survey",
        "Year": 2003,
        "Comments": null,
        "Longitude": -84.951256,
        "Latitude": 43.963299
      }
    },
    {
      "type": "Feature",
      "id": 86,
      "geometry": {
        "type": "Point",
        "coordinates": [
          -85.00008899999995,
          43.957629000000054
        ]
      },
      "properties": {
        "OBJECTID": 86,
        "LakeSiteName": "Windover Lake",
        "County": "Clare",
        "SiteID": "WB-2570",
        "Staff1": "Laura Esman",
        "Staff2": "Matt Preisser",
        "Staff3": null,
        "Affiliation": "SOM",
        "SiteVisitType": "vegetation survey",
        "Year": 2003,
        "Comments": null,
        "Longitude": -85.000089,
        "Latitude": 43.957629
      }
    },
    {
      "type": "Feature",
      "id": 87,
      "geometry": {
        "type": "Point",
        "coordinates": [
          -84.90448599999996,
          43.99494600000003
        ]
      },
      "properties": {
        "OBJECTID": 87,
        "LakeSiteName": "Lily Lake",
        "County": "Clare",
        "SiteID": "WB-1696",
        "Staff1": "Laura Esman",
        "Staff2": "Matt Preisser",
        "Staff3": "Lisa Huberty",
        "Affiliation": "SOM",
        "SiteVisitType": "vegetation survey",
        "Year": 2004,
        "Comments": null,
        "Longitude": -84.904486,
        "Latitude": 43.994946
      }
    },
    {
      "type": "Feature",
      "id": 88,
      "geometry": {
        "type": "Point",
        "coordinates": [
          -84.95125599999994,
          43.96329900000006
        ]
      },
      "properties": {
        "OBJECTID": 88,
        "LakeSiteName": "Shingle Lake",
        "County": "Clare",
        "SiteID": "WB-1684",
        "Staff1": "Laura Esman",
        "Staff2": "Eric Bacon",
        "Staff3": null,
        "Affiliation": "SOM",
        "SiteVisitType": "vegetation survey",
        "Year": 2004,
        "Comments": null,
        "Longitude": -84.951256,
        "Latitude": 43.963299
      }
    },
    {
      "type": "Feature",
      "id": 89,
      "geometry": {
        "type": "Point",
        "coordinates": [
          -84.74317599999995,
          44.05773100000005
        ]
      },
      "properties": {
        "OBJECTID": 89,
        "LakeSiteName": "Cranberry Lake",
        "County": "Clare",
        "SiteID": "WB-315",
        "Staff1": "John Riley",
        "Staff2": "Matt Preisser",
        "Staff3": null,
        "Affiliation": "SOM",
        "SiteVisitType": "vegetation survey",
        "Year": 2008,
        "Comments": null,
        "Longitude": -84.743176,
        "Latitude": 44.057731
      }
    },
    {
      "type": "Feature",
      "id": 90,
      "geometry": {
        "type": "Point",
        "coordinates": [
          -85.00008899999995,
          43.957629000000054
        ]
      },
      "properties": {
        "OBJECTID": 90,
        "LakeSiteName": "Windover Lake",
        "County": "Clare",
        "SiteID": "WB-2570",
        "Staff1": "Matt Preisser",
        "Staff2": "John Riley",
        "Staff3": null,
        "Affiliation": "SOM",
        "SiteVisitType": "vegetation survey",
        "Year": 2008,
        "Comments": null,
        "Longitude": -85.000089,
        "Latitude": 43.957629
      }
    },
    {
      "type": "Feature",
      "id": 91,
      "geometry": {
        "type": "Point",
        "coordinates": [
          -84.80259599999994,
          43.87114800000006
        ]
      },
      "properties": {
        "OBJECTID": 91,
        "LakeSiteName": "Five Lakes",
        "County": "Clare",
        "SiteID": "WB-1697",
        "Staff1": "Amanda Whitscell",
        "Staff2": "Eric Bacon",
        "Staff3": "Jeff Cooper",
        "Affiliation": "SOM",
        "SiteVisitType": "vegetation survey",
        "Year": 2012,
        "Comments": "Concerns by DNR Fisheries for the aquatic plant community; No vegetation survey data; Lake residents requesting public access be closed",
        "Longitude": -84.802596,
        "Latitude": 43.871148
      }
    },
    {
      "type": "Feature",
      "id": 92,
      "geometry": {
        "type": "Point",
        "coordinates": [
          -85.00349299999993,
          43.848464000000035
        ]
      },
      "properties": {
        "OBJECTID": 92,
        "LakeSiteName": "Perch Lake",
        "County": "Clare",
        "SiteID": "WB-1811",
        "Staff1": "Eric Bacon",
        "Staff2": "Rachel Matthews",
        "Staff3": null,
        "Affiliation": "SOM",
        "SiteVisitType": "vegetation survey",
        "Year": 2012,
        "Comments": "Assess plant community; No vegetation survey data; Extensive emergent-floating leaf control in past",
        "Longitude": -85.003493,
        "Latitude": 43.848464
      }
    },
    {
      "type": "Feature",
      "id": 93,
      "geometry": {
        "type": "Point",
        "coordinates": [
          -84.74317599999995,
          44.05773100000005
        ]
      },
      "properties": {
        "OBJECTID": 93,
        "LakeSiteName": "Cranberry Lake",
        "County": "Clare",
        "SiteID": "WB-315",
        "Staff1": "Ryan Crouch",
        "Staff2": "Sara Thoma",
        "Staff3": "Sarah LeSage",
        "Affiliation": "SOM",
        "SiteVisitType": "vegetation survey",
        "Year": 2017,
        "Comments": "Assessment of lake based on resident and applicator request",
        "Longitude": -84.743176,
        "Latitude": 44.057731
      }
    },
    {
      "type": "Feature",
      "id": 94,
      "geometry": {
        "type": "Point",
        "coordinates": [
          -85.01580999999999,
          43.84675000000004
        ]
      },
      "properties": {
        "OBJECTID": 94,
        "LakeSiteName": "Crooked Lake",
        "County": "Clare",
        "SiteID": "WB-1921",
        "Staff1": "Eric Bacon",
        "Staff2": "Sara Thoma",
        "Staff3": "Amanda Bosak",
        "Affiliation": "SOM",
        "SiteVisitType": "vegetation survey",
        "Year": 2018,
        "Comments": "DNR Fish Study/Resident Interest in Plant Community for Stocking",
        "Longitude": -85.01581,
        "Latitude": 43.84675
      }
    },
    {
      "type": "Feature",
      "id": 95,
      "geometry": {
        "type": "Point",
        "coordinates": [
          -84.85979999999995,
          43.86090000000007
        ]
      },
      "properties": {
        "OBJECTID": 95,
        "LakeSiteName": "Lake Thirteen",
        "County": "Clare",
        "SiteID": "WB-2245",
        "Staff1": "Eric Bacon",
        "Staff2": "Mark Huffsmith",
        "Staff3": null,
        "Affiliation": "SOM",
        "SiteVisitType": "vegetation survey",
        "Year": 2020,
        "Comments": "complaint response",
        "Longitude": -84.8598,
        "Latitude": 43.8609
      }
    },
    {
      "type": "Feature",
      "id": 96,
      "geometry": {
        "type": "Point",
        "coordinates": [
          -84.93427999999994,
          43.95390000000003
        ]
      },
      "properties": {
        "OBJECTID": 96,
        "LakeSiteName": "Lake George ",
        "County": "Clare",
        "SiteID": "WB-1685",
        "Staff1": "Eric Bacon",
        "Staff2": "Mark Huffsmith",
        "Staff3": "Isabel Latvaitis",
        "Affiliation": "ANC",
        "SiteVisitType": "vegetation survey",
        "Year": 2022,
        "Comments": null,
        "Longitude": -84.93428,
        "Latitude": 43.9539
      }
    },
    {
      "type": "Feature",
      "id": 97,
      "geometry": {
        "type": "Point",
        "coordinates": [
          -84.41161799999998,
          42.93437300000005
        ]
      },
      "properties": {
        "OBJECTID": 97,
        "LakeSiteName": "Lake Ovid",
        "County": "Clinton",
        "SiteID": "WB-1027",
        "Staff1": "Ned Rathbun",
        "Staff2": null,
        "Staff3": null,
        "Affiliation": "SOM",
        "SiteVisitType": "vegetation survey",
        "Year": 1995,
        "Comments": null,
        "Longitude": -84.411618,
        "Latitude": 42.934373
      }
    },
    {
      "type": "Feature",
      "id": 98,
      "geometry": {
        "type": "Point",
        "coordinates": [
          -84.37380599999995,
          42.91635900000006
        ]
      },
      "properties": {
        "OBJECTID": 98,
        "LakeSiteName": "Lake Victoria",
        "County": "Clinton",
        "SiteID": "WB-2256",
        "Staff1": "Dave Kenaga",
        "Staff2": "Dave Schipper",
        "Staff3": null,
        "Affiliation": "SOM",
        "SiteVisitType": "vegetation survey",
        "Year": 1997,
        "Comments": null,
        "Longitude": -84.373806,
        "Latitude": 42.916359
      }
    },
    {
      "type": "Feature",
      "id": 99,
      "geometry": {
        "type": "Point",
        "coordinates": [
          -84.37380599999995,
          42.91635900000006
        ]
      },
      "properties": {
        "OBJECTID": 99,
        "LakeSiteName": "Lake Victoria",
        "County": "Clinton",
        "SiteID": "WB-2256",
        "Staff1": "Dave Schipper",
        "Staff2": "Eric Bacon",
        "Staff3": "Jeremie Wilson",
        "Affiliation": "SOM",
        "SiteVisitType": "vegetation survey",
        "Year": 1998,
        "Comments": null,
        "Longitude": -84.373806,
        "Latitude": 42.916359
      }
    },
    {
      "type": "Feature",
      "id": 100,
      "geometry": {
        "type": "Point",
        "coordinates": [
          -84.43978299999998,
          42.78942800000004
        ]
      },
      "properties": {
        "OBJECTID": 100,
        "LakeSiteName": "Park Lake",
        "County": "Clinton",
        "SiteID": "WB-1847",
        "Staff1": "Eric Bacon",
        "Staff2": "Jeremie Wilson",
        "Staff3": null,
        "Affiliation": "SOM",
        "SiteVisitType": "vegetation survey",
        "Year": 1999,
        "Comments": null,
        "Longitude": -84.439783,
        "Latitude": 42.789428
      }
    },
    {
      "type": "Feature",
      "id": 101,
      "geometry": {
        "type": "Point",
        "coordinates": [
          -84.44479999999999,
          42.87850000000003
        ]
      },
      "properties": {
        "OBJECTID": 101,
        "LakeSiteName": "Round Lake",
        "County": "Clinton",
        "SiteID": "WB-2071",
        "Staff1": "Jeremie Wilson",
        "Staff2": "John Esch",
        "Staff3": null,
        "Affiliation": "SOM",
        "SiteVisitType": "vegetation survey",
        "Year": 1999,
        "Comments": null,
        "Longitude": -84.4448,
        "Latitude": 42.8785
      }
    },
    {
      "type": "Feature",
      "id": 102,
      "geometry": {
        "type": "Point",
        "coordinates": [
          -84.58347199999997,
          42.83306900000008
        ]
      },
      "properties": {
        "OBJECTID": 102,
        "LakeSiteName": "Lake Geneva",
        "County": "Clinton",
        "SiteID": "WB-1666",
        "Staff1": "Eric Bacon",
        "Staff2": "Scott Jorgensen (ATI)",
        "Staff3": null,
        "Affiliation": "SOM",
        "SiteVisitType": "vegetation survey",
        "Year": 2000,
        "Comments": null,
        "Longitude": -84.583472,
        "Latitude": 42.833069
      }
    },
    {
      "type": "Feature",
      "id": 103,
      "geometry": {
        "type": "Point",
        "coordinates": [
          -84.58347199999997,
          42.83306900000008
        ]
      },
      "properties": {
        "OBJECTID": 103,
        "LakeSiteName": "Lake Geneva",
        "County": "Clinton",
        "SiteID": "WB-1666",
        "Staff1": "Eric Bacon",
        "Staff2": "Scott Jorgensen (ATI)",
        "Staff3": null,
        "Affiliation": "SOM",
        "SiteVisitType": "vegetation survey",
        "Year": 2001,
        "Comments": null,
        "Longitude": -84.583472,
        "Latitude": 42.833069
      }
    },
    {
      "type": "Feature",
      "id": 104,
      "geometry": {
        "type": "Point",
        "coordinates": [
          -84.44479999999999,
          42.87850000000003
        ]
      },
      "properties": {
        "OBJECTID": 104,
        "LakeSiteName": "Round Lake",
        "County": "Clinton",
        "SiteID": "WB-2071",
        "Staff1": "Jeremie Wilson",
        "Staff2": null,
        "Staff3": null,
        "Affiliation": "SOM",
        "SiteVisitType": "vegetation survey",
        "Year": 2001,
        "Comments": null,
        "Longitude": -84.4448,
        "Latitude": 42.8785
      }
    },
    {
      "type": "Feature",
      "id": 105,
      "geometry": {
        "type": "Point",
        "coordinates": [
          -84.37380599999995,
          42.91635900000006
        ]
      },
      "properties": {
        "OBJECTID": 105,
        "LakeSiteName": "Lake Victoria",
        "County": "Clinton",
        "SiteID": "WB-2256",
        "Staff1": "Laura Esman",
        "Staff2": "Dave Kenaga",
        "Staff3": null,
        "Affiliation": "SOM",
        "SiteVisitType": "vegetation survey",
        "Year": 2002,
        "Comments": null,
        "Longitude": -84.373806,
        "Latitude": 42.916359
      }
    },
    {
      "type": "Feature",
      "id": 106,
      "geometry": {
        "type": "Point",
        "coordinates": [
          -84.37380599999995,
          42.91635900000006
        ]
      },
      "properties": {
        "OBJECTID": 106,
        "LakeSiteName": "Lake Victoria",
        "County": "Clinton",
        "SiteID": "WB-2256",
        "Staff1": "Dave Kenaga",
        "Staff2": null,
        "Staff3": null,
        "Affiliation": "SOM",
        "SiteVisitType": "vegetation survey",
        "Year": 2003,
        "Comments": null,
        "Longitude": -84.373806,
        "Latitude": 42.916359
      }
    },
    {
      "type": "Feature",
      "id": 107,
      "geometry": {
        "type": "Point",
        "coordinates": [
          -84.37380599999995,
          42.91635900000006
        ]
      },
      "properties": {
        "OBJECTID": 107,
        "LakeSiteName": "Lake Victoria",
        "County": "Clinton",
        "SiteID": "WB-2256",
        "Staff1": "Dave Kenaga",
        "Staff2": null,
        "Staff3": null,
        "Affiliation": "SOM",
        "SiteVisitType": "vegetation survey",
        "Year": 2004,
        "Comments": null,
        "Longitude": -84.373806,
        "Latitude": 42.916359
      }
    },
    {
      "type": "Feature",
      "id": 108,
      "geometry": {
        "type": "Point",
        "coordinates": [
          -84.41161799999998,
          42.93437300000005
        ]
      },
      "properties": {
        "OBJECTID": 108,
        "LakeSiteName": "Lake Ovid",
        "County": "Clinton",
        "SiteID": "WB-1027",
        "Staff1": "Matt Preisser",
        "Staff2": "Jessica Koerner",
        "Staff3": "Julie Sims",
        "Affiliation": "SOM",
        "SiteVisitType": "vegetation survey",
        "Year": 2005,
        "Comments": null,
        "Longitude": -84.411618,
        "Latitude": 42.934373
      }
    },
    {
      "type": "Feature",
      "id": 109,
      "geometry": {
        "type": "Point",
        "coordinates": [
          -84.43978299999998,
          42.78942800000004
        ]
      },
      "properties": {
        "OBJECTID": 109,
        "LakeSiteName": "Park Lake",
        "County": "Clinton",
        "SiteID": "WB-1847",
        "Staff1": "Eric Bacon",
        "Staff2": null,
        "Staff3": null,
        "Affiliation": "SOM",
        "SiteVisitType": "vegetation survey",
        "Year": 2006,
        "Comments": null,
        "Longitude": -84.439783,
        "Latitude": 42.789428
      }
    },
    {
      "type": "Feature",
      "id": 110,
      "geometry": {
        "type": "Point",
        "coordinates": [
          -84.44479999999999,
          42.87850000000003
        ]
      },
      "properties": {
        "OBJECTID": 110,
        "LakeSiteName": "Round Lake",
        "County": "Clinton",
        "SiteID": "WB-2071",
        "Staff1": "Eric Bacon",
        "Staff2": "Sara Thoma",
        "Staff3": "Pam Studebaker",
        "Affiliation": "SOM",
        "SiteVisitType": "vegetation survey",
        "Year": 2017,
        "Comments": "Site Visit to monitor for AIS",
        "Longitude": -84.4448,
        "Latitude": 42.8785
      }
    },
    {
      "type": "Feature",
      "id": 111,
      "geometry": {
        "type": "Point",
        "coordinates": [
          -84.43929999999995,
          42.79030000000006
        ]
      },
      "properties": {
        "OBJECTID": 111,
        "LakeSiteName": "Park Lake",
        "County": "Clinton",
        "SiteID": "WB-1847",
        "Staff1": "Eric Bacon",
        "Staff2": "Ryan Crouch",
        "Staff3": "Lisa Huberty",
        "Affiliation": "SOM",
        "SiteVisitType": "vegetation survey",
        "Year": 2019,
        "Comments": "ProcellaCOR Post Treatment Survey",
        "Longitude": -84.4393,
        "Latitude": 42.7903
      }
    },
    {
      "type": "Feature",
      "id": 112,
      "geometry": {
        "type": "Point",
        "coordinates": [
          -84.61996899999997,
          44.79340000000008
        ]
      },
      "properties": {
        "OBJECTID": 112,
        "LakeSiteName": "Bear Lake",
        "County": "Crawford",
        "SiteID": "WB-6158",
        "Staff1": "Michigan State University",
        "Staff2": null,
        "Staff3": null,
        "Affiliation": "MSU",
        "SiteVisitType": "vegetation survey",
        "Year": 2023,
        "Comments": null,
        "Longitude": -84.619969,
        "Latitude": 44.7934
      }
    },
    {
      "type": "Feature",
      "id": 113,
      "geometry": {
        "type": "Point",
        "coordinates": [
          -84.59242399999994,
          44.78282400000006
        ]
      },
      "properties": {
        "OBJECTID": 113,
        "LakeSiteName": "Jones Lake",
        "County": "Crawford",
        "SiteID": "WB-6174",
        "Staff1": "Michigan State University",
        "Staff2": null,
        "Staff3": null,
        "Affiliation": "MSU",
        "SiteVisitType": "vegetation survey",
        "Year": 2023,
        "Comments": null,
        "Longitude": -84.592424,
        "Latitude": 44.782824
      }
    },
    {
      "type": "Feature",
      "id": 114,
      "geometry": {
        "type": "Point",
        "coordinates": [
          -84.54730399999994,
          44.79351200000008
        ]
      },
      "properties": {
        "OBJECTID": 114,
        "LakeSiteName": "KP Lake",
        "County": "Crawford",
        "SiteID": "WB-6175",
        "Staff1": "Michigan State University",
        "Staff2": null,
        "Staff3": null,
        "Affiliation": "MSU",
        "SiteVisitType": "vegetation survey",
        "Year": 2023,
        "Comments": null,
        "Longitude": -84.547304,
        "Latitude": 44.793512
      }
    },
    {
      "type": "Feature",
      "id": 115,
      "geometry": {
        "type": "Point",
        "coordinates": [
          -84.53808799999996,
          44.848460000000046
        ]
      },
      "properties": {
        "OBJECTID": 115,
        "LakeSiteName": "Lonesome Lake",
        "County": "Crawford",
        "SiteID": "WB-6177",
        "Staff1": "Michigan State University",
        "Staff2": null,
        "Staff3": null,
        "Affiliation": "MSU",
        "SiteVisitType": "vegetation survey",
        "Year": 2023,
        "Comments": null,
        "Longitude": -84.538088,
        "Latitude": 44.84846
      }
    },
    {
      "type": "Feature",
      "id": 116,
      "geometry": {
        "type": "Point",
        "coordinates": [
          -86.54975699999994,
          46.06884300000007
        ]
      },
      "properties": {
        "OBJECTID": 116,
        "LakeSiteName": "Gooseneck Lake",
        "County": "Delta",
        "SiteID": "(none)",
        "Staff1": "Ryan Crouch",
        "Staff2": "Eric Bacon",
        "Staff3": null,
        "Affiliation": "SOM",
        "SiteVisitType": "vegetation survey",
        "Year": 2018,
        "Comments": "AIS survey",
        "Longitude": -86.549757,
        "Latitude": 46.068843
      }
    },
    {
      "type": "Feature",
      "id": 117,
      "geometry": {
        "type": "Point",
        "coordinates": [
          -86.74419999999998,
          46.151500000000055
        ]
      },
      "properties": {
        "OBJECTID": 117,
        "LakeSiteName": "Round Lake",
        "County": "Delta",
        "SiteID": "WB-3328",
        "Staff1": "Eric Bacon",
        "Staff2": "Ryan Crouch",
        "Staff3": null,
        "Affiliation": "SOM",
        "SiteVisitType": "vegetation survey",
        "Year": 2018,
        "Comments": "AIS survey",
        "Longitude": -86.7442,
        "Latitude": 46.1515
      }
    },
    {
      "type": "Feature",
      "id": 118,
      "geometry": {
        "type": "Point",
        "coordinates": [
          -88.07272199999994,
          45.85213900000008
        ]
      },
      "properties": {
        "OBJECTID": 118,
        "LakeSiteName": "Bass Lake",
        "County": "Dickinson",
        "SiteID": "WB-752",
        "Staff1": "Eric Bacon",
        "Staff2": "Laura Esman",
        "Staff3": null,
        "Affiliation": "SOM",
        "SiteVisitType": "vegetation survey",
        "Year": 2003,
        "Comments": null,
        "Longitude": -88.072722,
        "Latitude": 45.852139
      }
    },
    {
      "type": "Feature",
      "id": 119,
      "geometry": {
        "type": "Point",
        "coordinates": [
          -87.81945899999994,
          45.751262000000054
        ]
      },
      "properties": {
        "OBJECTID": 119,
        "LakeSiteName": "Lake Mary",
        "County": "Dickinson",
        "SiteID": "WB-652",
        "Staff1": "Laura Esman",
        "Staff2": "Eric Bacon",
        "Staff3": null,
        "Affiliation": "SOM",
        "SiteVisitType": "vegetation survey",
        "Year": 2003,
        "Comments": null,
        "Longitude": -87.819459,
        "Latitude": 45.751262
      }
    },
    {
      "type": "Feature",
      "id": 120,
      "geometry": {
        "type": "Point",
        "coordinates": [
          -87.93332799999996,
          45.89590400000003
        ]
      },
      "properties": {
        "OBJECTID": 120,
        "LakeSiteName": "Carney Lake",
        "County": "Dickinson",
        "SiteID": "WB-796",
        "Staff1": "Jessica Koerner",
        "Staff2": "Eric Bacon",
        "Staff3": null,
        "Affiliation": "SOM",
        "SiteVisitType": "vegetation survey",
        "Year": 2005,
        "Comments": null,
        "Longitude": -87.933328,
        "Latitude": 45.895904
      }
    },
    {
      "type": "Feature",
      "id": 121,
      "geometry": {
        "type": "Point",
        "coordinates": [
          -88.06087499999995,
          46.181932000000074
        ]
      },
      "properties": {
        "OBJECTID": 121,
        "LakeSiteName": "Sawyer Lake",
        "County": "Dickinson",
        "SiteID": "WB-1120",
        "Staff1": "Eric Bacon",
        "Staff2": "Jessica Koerner",
        "Staff3": null,
        "Affiliation": "SOM",
        "SiteVisitType": "vegetation survey",
        "Year": 2005,
        "Comments": null,
        "Longitude": -88.060875,
        "Latitude": 46.181932
      }
    },
    {
      "type": "Feature",
      "id": 122,
      "geometry": {
        "type": "Point",
        "coordinates": [
          -88.07272199999994,
          45.85213900000008
        ]
      },
      "properties": {
        "OBJECTID": 122,
        "LakeSiteName": "Bass Lake",
        "County": "Dickinson",
        "SiteID": "WB-752",
        "Staff1": "John Riley",
        "Staff2": "Eric Bacon",
        "Staff3": null,
        "Affiliation": "SOM",
        "SiteVisitType": "vegetation survey",
        "Year": 2008,
        "Comments": null,
        "Longitude": -88.072722,
        "Latitude": 45.852139
      }
    },
    {
      "type": "Feature",
      "id": 123,
      "geometry": {
        "type": "Point",
        "coordinates": [
          -84.93916799999994,
          42.42612200000008
        ]
      },
      "properties": {
        "OBJECTID": 123,
        "LakeSiteName": "Pine Lake",
        "County": "Eaton",
        "SiteID": "WB-2109",
        "Staff1": "Jessica Koerner",
        "Staff2": "Eric Bacon",
        "Staff3": null,
        "Affiliation": "SOM",
        "SiteVisitType": "vegetation survey",
        "Year": 2006,
        "Comments": null,
        "Longitude": -84.939168,
        "Latitude": 42.426122
      }
    },
    {
      "type": "Feature",
      "id": 124,
      "geometry": {
        "type": "Point",
        "coordinates": [
          -84.97057699999993,
          42.52932100000004
        ]
      },
      "properties": {
        "OBJECTID": 124,
        "LakeSiteName": "Lacey Lake",
        "County": "Eaton",
        "SiteID": "(none)",
        "Staff1": "Mark Huffsmith",
        "Staff2": "Ryan Crouch",
        "Staff3": "Sarah Campbell",
        "Affiliation": "SOM",
        "SiteVisitType": "vegetation survey",
        "Year": 2021,
        "Comments": "response to report of fish kill and lake-wide plant loss",
        "Longitude": -84.970577,
        "Latitude": 42.529321
      }
    },
    {
      "type": "Feature",
      "id": 125,
      "geometry": {
        "type": "Point",
        "coordinates": [
          -84.82905399999999,
          45.41162000000003
        ]
      },
      "properties": {
        "OBJECTID": 125,
        "LakeSiteName": "Crooked Lake",
        "County": "Emmet",
        "SiteID": "WB-1127",
        "Staff1": "Michigan State University",
        "Staff2": null,
        "Staff3": null,
        "Affiliation": "MSU",
        "SiteVisitType": "vegetation survey",
        "Year": 2023,
        "Comments": null,
        "Longitude": -84.829054,
        "Latitude": 45.41162
      }
    },
    {
      "type": "Feature",
      "id": 126,
      "geometry": {
        "type": "Point",
        "coordinates": [
          -83.83059299999996,
          42.78524700000003
        ]
      },
      "properties": {
        "OBJECTID": 126,
        "LakeSiteName": "Lake Lobdell",
        "County": "Genesee",
        "SiteID": "WB-1576",
        "Staff1": "Maureen Hein",
        "Staff2": null,
        "Staff3": null,
        "Affiliation": "SOM",
        "SiteVisitType": "vegetation survey",
        "Year": 1989,
        "Comments": null,
        "Longitude": -83.830593,
        "Latitude": 42.785247
      }
    },
    {
      "type": "Feature",
      "id": 127,
      "geometry": {
        "type": "Point",
        "coordinates": [
          -83.50013999999999,
          42.89477100000005
        ]
      },
      "properties": {
        "OBJECTID": 127,
        "LakeSiteName": "Lake Shinanguag",
        "County": "Genesee",
        "SiteID": "WB-1720",
        "Staff1": "Dave Kenaga",
        "Staff2": null,
        "Staff3": null,
        "Affiliation": "SOM",
        "SiteVisitType": "vegetation survey",
        "Year": 1990,
        "Comments": null,
        "Longitude": -83.50014,
        "Latitude": 42.894771
      }
    },
    {
      "type": "Feature",
      "id": 128,
      "geometry": {
        "type": "Point",
        "coordinates": [
          -83.50013999999999,
          42.89477100000005
        ]
      },
      "properties": {
        "OBJECTID": 128,
        "LakeSiteName": "Lake Shinanguag",
        "County": "Genesee",
        "SiteID": "WB-1720",
        "Staff1": "Dave Kenaga",
        "Staff2": null,
        "Staff3": null,
        "Affiliation": "SOM",
        "SiteVisitType": "vegetation survey",
        "Year": 1991,
        "Comments": null,
        "Longitude": -83.50014,
        "Latitude": 42.894771
      }
    },
    {
      "type": "Feature",
      "id": 129,
      "geometry": {
        "type": "Point",
        "coordinates": [
          -83.83059299999996,
          42.78524700000003
        ]
      },
      "properties": {
        "OBJECTID": 129,
        "LakeSiteName": "Lobdell Lake",
        "County": "Genesee",
        "SiteID": "WB-1576",
        "Staff1": "Dave Kenaga",
        "Staff2": "Doug Pullman (Aquest)",
        "Staff3": null,
        "Affiliation": "SOM",
        "SiteVisitType": "vegetation survey",
        "Year": 1991,
        "Comments": null,
        "Longitude": -83.830593,
        "Latitude": 42.785247
      }
    },
    {
      "type": "Feature",
      "id": 130,
      "geometry": {
        "type": "Point",
        "coordinates": [
          -83.50013999999999,
          42.89477100000005
        ]
      },
      "properties": {
        "OBJECTID": 130,
        "LakeSiteName": "Lake Shinanguag",
        "County": "Genesee",
        "SiteID": "WB-1720",
        "Staff1": "Dave Kenaga",
        "Staff2": "Doug Pullman (Aquest)",
        "Staff3": null,
        "Affiliation": "SOM",
        "SiteVisitType": "vegetation survey",
        "Year": 1992,
        "Comments": null,
        "Longitude": -83.50014,
        "Latitude": 42.894771
      }
    },
    {
      "type": "Feature",
      "id": 131,
      "geometry": {
        "type": "Point",
        "coordinates": [
          -83.83059299999996,
          42.78524700000003
        ]
      },
      "properties": {
        "OBJECTID": 131,
        "LakeSiteName": "Lobdell Lake",
        "County": "Genesee",
        "SiteID": "WB-1576",
        "Staff1": "Dave Kenaga",
        "Staff2": "Jeff Knox (AS)",
        "Staff3": null,
        "Affiliation": "SOM",
        "SiteVisitType": "vegetation survey",
        "Year": 1992,
        "Comments": null,
        "Longitude": -83.830593,
        "Latitude": 42.785247
      }
    },
    {
      "type": "Feature",
      "id": 132,
      "geometry": {
        "type": "Point",
        "coordinates": [
          -83.83059299999996,
          42.78524700000003
        ]
      },
      "properties": {
        "OBJECTID": 132,
        "LakeSiteName": "Lobdell Lake",
        "County": "Genesee",
        "SiteID": "WB-1576",
        "Staff1": "Dave Kenaga",
        "Staff2": "Doug Pullman (Aquest)",
        "Staff3": null,
        "Affiliation": "SOM",
        "SiteVisitType": "vegetation survey",
        "Year": 1993,
        "Comments": null,
        "Longitude": -83.830593,
        "Latitude": 42.785247
      }
    },
    {
      "type": "Feature",
      "id": 133,
      "geometry": {
        "type": "Point",
        "coordinates": [
          -83.50013999999999,
          42.89477100000005
        ]
      },
      "properties": {
        "OBJECTID": 133,
        "LakeSiteName": "Lake Shinanguag",
        "County": "Genesee",
        "SiteID": "WB-1720",
        "Staff1": "Dave Kenaga",
        "Staff2": "Doug Pullman (Aquest)",
        "Staff3": null,
        "Affiliation": "SOM",
        "SiteVisitType": "vegetation survey",
        "Year": 1994,
        "Comments": null,
        "Longitude": -83.50014,
        "Latitude": 42.894771
      }
    },
    {
      "type": "Feature",
      "id": 134,
      "geometry": {
        "type": "Point",
        "coordinates": [
          -83.83059299999996,
          42.78524700000003
        ]
      },
      "properties": {
        "OBJECTID": 134,
        "LakeSiteName": "Lobdell Lake",
        "County": "Genesee",
        "SiteID": "WB-1576",
        "Staff1": "Dave Kenaga",
        "Staff2": "Doug Pullman (Aquest)",
        "Staff3": null,
        "Affiliation": "SOM",
        "SiteVisitType": "vegetation survey",
        "Year": 1994,
        "Comments": null,
        "Longitude": -83.830593,
        "Latitude": 42.785247
      }
    },
    {
      "type": "Feature",
      "id": 135,
      "geometry": {
        "type": "Point",
        "coordinates": [
          -83.79135499999995,
          42.80452500000007
        ]
      },
      "properties": {
        "OBJECTID": 135,
        "LakeSiteName": "Byram Lake",
        "County": "Genesee",
        "SiteID": "Wb-1605",
        "Staff1": "Ned Rathbun",
        "Staff2": "Paul Hausler (Progressive AE)",
        "Staff3": null,
        "Affiliation": "SOM",
        "SiteVisitType": "vegetation survey",
        "Year": 1995,
        "Comments": null,
        "Longitude": -83.791355,
        "Latitude": 42.804525
      }
    },
    {
      "type": "Feature",
      "id": 136,
      "geometry": {
        "type": "Point",
        "coordinates": [
          -83.50013999999999,
          42.89477100000005
        ]
      },
      "properties": {
        "OBJECTID": 136,
        "LakeSiteName": "Lake Shinanguag",
        "County": "Genesee",
        "SiteID": "WB-1720",
        "Staff1": "Dave Kenaga",
        "Staff2": null,
        "Staff3": null,
        "Affiliation": "SOM",
        "SiteVisitType": "vegetation survey",
        "Year": 1995,
        "Comments": null,
        "Longitude": -83.50014,
        "Latitude": 42.894771
      }
    },
    {
      "type": "Feature",
      "id": 137,
      "geometry": {
        "type": "Point",
        "coordinates": [
          -83.83059299999996,
          42.78524700000003
        ]
      },
      "properties": {
        "OBJECTID": 137,
        "LakeSiteName": "Lobdell Lake",
        "County": "Genesee",
        "SiteID": "WB-1576",
        "Staff1": "Howard Wandell",
        "Staff2": "Dave Kenaga",
        "Staff3": "Doug Pullman (Aquest)",
        "Affiliation": "SOM",
        "SiteVisitType": "vegetation survey",
        "Year": 1995,
        "Comments": null,
        "Longitude": -83.830593,
        "Latitude": 42.785247
      }
    },
    {
      "type": "Feature",
      "id": 138,
      "geometry": {
        "type": "Point",
        "coordinates": [
          -83.79135499999995,
          42.80452500000007
        ]
      },
      "properties": {
        "OBJECTID": 138,
        "LakeSiteName": "Byram Lake",
        "County": "Genesee",
        "SiteID": "WB-1605",
        "Staff1": "Dave Kenaga",
        "Staff2": "Ned Rathbun",
        "Staff3": "Paul Hausler (Progressive AE)",
        "Affiliation": "SOM",
        "SiteVisitType": "vegetation survey",
        "Year": 1996,
        "Comments": null,
        "Longitude": -83.791355,
        "Latitude": 42.804525
      }
    },
    {
      "type": "Feature",
      "id": 139,
      "geometry": {
        "type": "Point",
        "coordinates": [
          -83.83059299999996,
          42.78524700000003
        ]
      },
      "properties": {
        "OBJECTID": 139,
        "LakeSiteName": "Lobdell Lake",
        "County": "Genesee",
        "SiteID": "WB-1576",
        "Staff1": "Dave Schipper",
        "Staff2": "Dave Kenaga",
        "Staff3": null,
        "Affiliation": "SOM",
        "SiteVisitType": "vegetation survey",
        "Year": 1996,
        "Comments": null,
        "Longitude": -83.830593,
        "Latitude": 42.785247
      }
    },
    {
      "type": "Feature",
      "id": 140,
      "geometry": {
        "type": "Point",
        "coordinates": [
          -83.79135499999995,
          42.80452500000007
        ]
      },
      "properties": {
        "OBJECTID": 140,
        "LakeSiteName": "Byram Lake",
        "County": "Genesee",
        "SiteID": "WB-1605",
        "Staff1": "Dave Kenaga",
        "Staff2": "Dave Schipper",
        "Staff3": "Paul Hausler (Progressive AE)",
        "Affiliation": "SOM",
        "SiteVisitType": "vegetation survey",
        "Year": 1997,
        "Comments": null,
        "Longitude": -83.791355,
        "Latitude": 42.804525
      }
    },
    {
      "type": "Feature",
      "id": 141,
      "geometry": {
        "type": "Point",
        "coordinates": [
          -83.50013999999999,
          42.89477100000005
        ]
      },
      "properties": {
        "OBJECTID": 141,
        "LakeSiteName": "Lake Shinanguag",
        "County": "Genesee",
        "SiteID": "WB-1720",
        "Staff1": "Dave Kenaga",
        "Staff2": "Dave Schipper",
        "Staff3": null,
        "Affiliation": "SOM",
        "SiteVisitType": "vegetation survey",
        "Year": 1997,
        "Comments": null,
        "Longitude": -83.50014,
        "Latitude": 42.894771
      }
    },
    {
      "type": "Feature",
      "id": 142,
      "geometry": {
        "type": "Point",
        "coordinates": [
          -83.83059299999996,
          42.78524700000003
        ]
      },
      "properties": {
        "OBJECTID": 142,
        "LakeSiteName": "Lobdell Lake",
        "County": "Genesee",
        "SiteID": "WB-1576",
        "Staff1": "Dave Kenaga",
        "Staff2": null,
        "Staff3": null,
        "Affiliation": "SOM",
        "SiteVisitType": "vegetation survey",
        "Year": 1997,
        "Comments": null,
        "Longitude": -83.830593,
        "Latitude": 42.785247
      }
    },
    {
      "type": "Feature",
      "id": 143,
      "geometry": {
        "type": "Point",
        "coordinates": [
          -83.50013999999999,
          42.89477100000005
        ]
      },
      "properties": {
        "OBJECTID": 143,
        "LakeSiteName": "Lake Shinanguag",
        "County": "Genesee",
        "SiteID": "WB-1720",
        "Staff1": "Ned Rathbun",
        "Staff2": null,
        "Staff3": null,
        "Affiliation": "SOM",
        "SiteVisitType": "vegetation survey",
        "Year": 1998,
        "Comments": null,
        "Longitude": -83.50014,
        "Latitude": 42.894771
      }
    },
    {
      "type": "Feature",
      "id": 144,
      "geometry": {
        "type": "Point",
        "coordinates": [
          -83.50013999999999,
          42.89477100000005
        ]
      },
      "properties": {
        "OBJECTID": 144,
        "LakeSiteName": "Lake Shinanguag",
        "County": "Genesee",
        "SiteID": "WB-1720",
        "Staff1": "Ned Rathbun",
        "Staff2": "Laura Esman",
        "Staff3": null,
        "Affiliation": "SOM",
        "SiteVisitType": "vegetation survey",
        "Year": 1999,
        "Comments": null,
        "Longitude": -83.50014,
        "Latitude": 42.894771
      }
    },
    {
      "type": "Feature",
      "id": 145,
      "geometry": {
        "type": "Point",
        "coordinates": [
          -83.74053999999995,
          42.815980000000025
        ]
      },
      "properties": {
        "OBJECTID": 145,
        "LakeSiteName": "Lake Ponemah",
        "County": "Genesee",
        "SiteID": "WB-2462",
        "Staff1": "Ryan Crouch",
        "Staff2": "Lisa Huberty",
        "Staff3": "Matt Mulford",
        "Affiliation": "SOM",
        "SiteVisitType": "vegetation survey",
        "Year": 2018,
        "Comments": "visit lakes in SLHMU",
        "Longitude": -83.74054,
        "Latitude": 42.81598
      }
    },
    {
      "type": "Feature",
      "id": 146,
      "geometry": {
        "type": "Point",
        "coordinates": [
          -83.74053999999995,
          42.815980000000025
        ]
      },
      "properties": {
        "OBJECTID": 146,
        "LakeSiteName": "Lake Ponemah",
        "County": "Genesee",
        "SiteID": "WB-2462",
        "Staff1": "Ryan Crouch",
        "Staff2": "Lisa Huberty",
        "Staff3": null,
        "Affiliation": "SOM",
        "SiteVisitType": "vegetation survey",
        "Year": 2023,
        "Comments": null,
        "Longitude": -83.74054,
        "Latitude": 42.81598
      }
    },
    {
      "type": "Feature",
      "id": 147,
      "geometry": {
        "type": "Point",
        "coordinates": [
          -84.44480399999998,
          44.109961000000055
        ]
      },
      "properties": {
        "OBJECTID": 147,
        "LakeSiteName": "Lake Lancer",
        "County": "Gladwin",
        "SiteID": "WB-2591",
        "Staff1": "Dave Kenaga",
        "Staff2": null,
        "Staff3": null,
        "Affiliation": "SOM",
        "SiteVisitType": "vegetation survey",
        "Year": 1991,
        "Comments": null,
        "Longitude": -84.444804,
        "Latitude": 44.109961
      }
    },
    {
      "type": "Feature",
      "id": 148,
      "geometry": {
        "type": "Point",
        "coordinates": [
          -84.54341999999997,
          43.99514000000005
        ]
      },
      "properties": {
        "OBJECTID": 148,
        "LakeSiteName": "Wiggins Lake",
        "County": "Gladwin",
        "SiteID": "WB-1755",
        "Staff1": "Dave Kenaga",
        "Staff2": null,
        "Staff3": null,
        "Affiliation": "SOM",
        "SiteVisitType": "vegetation survey",
        "Year": 1991,
        "Comments": null,
        "Longitude": -84.54342,
        "Latitude": 43.99514
      }
    },
    {
      "type": "Feature",
      "id": 149,
      "geometry": {
        "type": "Point",
        "coordinates": [
          -84.56089199999997,
          44.12223000000006
        ]
      },
      "properties": {
        "OBJECTID": 149,
        "LakeSiteName": "Blue Lake",
        "County": "Gladwin",
        "SiteID": "WB-1699",
        "Staff1": "Dave Kenaga",
        "Staff2": "Norm Zion (ANC)",
        "Staff3": null,
        "Affiliation": "SOM",
        "SiteVisitType": "vegetation survey",
        "Year": 1993,
        "Comments": null,
        "Longitude": -84.560892,
        "Latitude": 44.12223
      }
    },
    {
      "type": "Feature",
      "id": 150,
      "geometry": {
        "type": "Point",
        "coordinates": [
          -84.45226699999995,
          44.11927000000003
        ]
      },
      "properties": {
        "OBJECTID": 150,
        "LakeSiteName": "Lake Lancelot",
        "County": "Gladwin",
        "SiteID": "WB-2590",
        "Staff1": "Eric Bacon",
        "Staff2": "Ray Van Goethem (ANPC-ND)",
        "Staff3": null,
        "Affiliation": "SOM",
        "SiteVisitType": "vegetation survey",
        "Year": 1998,
        "Comments": null,
        "Longitude": -84.452267,
        "Latitude": 44.11927
      }
    },
    {
      "type": "Feature",
      "id": 151,
      "geometry": {
        "type": "Point",
        "coordinates": [
          -84.44480399999998,
          44.109961000000055
        ]
      },
      "properties": {
        "OBJECTID": 151,
        "LakeSiteName": "Lake Lancer",
        "County": "Gladwin",
        "SiteID": "WB-2591",
        "Staff1": "Eric Bacon",
        "Staff2": "Ray Van Goethem (ANPC-ND)",
        "Staff3": null,
        "Affiliation": "SOM",
        "SiteVisitType": "vegetation survey",
        "Year": 1998,
        "Comments": null,
        "Longitude": -84.444804,
        "Latitude": 44.109961
      }
    },
    {
      "type": "Feature",
      "id": 152,
      "geometry": {
        "type": "Point",
        "coordinates": [
          -84.38938299999995,
          43.82103300000006
        ]
      },
      "properties": {
        "OBJECTID": 152,
        "LakeSiteName": "Wixom Lake",
        "County": "Gladwin",
        "SiteID": "WB-330",
        "Staff1": "Eric Bacon",
        "Staff2": "Matt Preisser",
        "Staff3": null,
        "Affiliation": "SOM",
        "SiteVisitType": "vegetation survey",
        "Year": 2003,
        "Comments": null,
        "Longitude": -84.389383,
        "Latitude": 43.821033
      }
    },
    {
      "type": "Feature",
      "id": 153,
      "geometry": {
        "type": "Point",
        "coordinates": [
          -84.54341999999997,
          43.99514000000005
        ]
      },
      "properties": {
        "OBJECTID": 153,
        "LakeSiteName": "Wiggins Lake",
        "County": "Gladwin",
        "SiteID": "WB-1755",
        "Staff1": "Eric Bacon",
        "Staff2": "Ryan Crouch",
        "Staff3": "Amanda Bosak",
        "Affiliation": "SOM",
        "SiteVisitType": "vegetation survey",
        "Year": 2021,
        "Comments": null,
        "Longitude": -84.54342,
        "Latitude": 43.99514
      }
    },
    {
      "type": "Feature",
      "id": 154,
      "geometry": {
        "type": "Point",
        "coordinates": [
          -89.41148899999996,
          46.25603000000007
        ]
      },
      "properties": {
        "OBJECTID": 154,
        "LakeSiteName": "Clearwater Lake",
        "County": "Gogebic",
        "SiteID": "WB-281",
        "Staff1": "Laura Esman",
        "Staff2": "Julie Sims",
        "Staff3": null,
        "Affiliation": "SOM",
        "SiteVisitType": "vegetation survey",
        "Year": 2005,
        "Comments": null,
        "Longitude": -89.411489,
        "Latitude": 46.25603
      }
    },
    {
      "type": "Feature",
      "id": 155,
      "geometry": {
        "type": "Point",
        "coordinates": [
          -89.21734099999998,
          46.20583400000004
        ]
      },
      "properties": {
        "OBJECTID": 155,
        "LakeSiteName": "Duck Lake",
        "County": "Gogebic",
        "SiteID": "WB-1008",
        "Staff1": "Julie Sims",
        "Staff2": "Laura Esman",
        "Staff3": null,
        "Affiliation": "SOM",
        "SiteVisitType": "vegetation survey",
        "Year": 2005,
        "Comments": null,
        "Longitude": -89.217341,
        "Latitude": 46.205834
      }
    },
    {
      "type": "Feature",
      "id": 156,
      "geometry": {
        "type": "Point",
        "coordinates": [
          -89.56518099999994,
          46.45607200000006
        ]
      },
      "properties": {
        "OBJECTID": 156,
        "LakeSiteName": "Lake Gogebic",
        "County": "Gogebic",
        "SiteID": "WB-1025",
        "Staff1": "Laura Esman",
        "Staff2": "Julie Sims",
        "Staff3": null,
        "Affiliation": "SOM",
        "SiteVisitType": "vegetation survey",
        "Year": 2005,
        "Comments": null,
        "Longitude": -89.565181,
        "Latitude": 46.456072
      }
    },
    {
      "type": "Feature",
      "id": 157,
      "geometry": {
        "type": "Point",
        "coordinates": [
          -89.48058799999995,
          46.27548600000006
        ]
      },
      "properties": {
        "OBJECTID": 157,
        "LakeSiteName": "Langford Lake",
        "County": "Gogebic",
        "SiteID": "WB-602",
        "Staff1": "Laura Esman",
        "Staff2": "Julie Sims",
        "Staff3": null,
        "Affiliation": "SOM",
        "SiteVisitType": "vegetation survey",
        "Year": 2005,
        "Comments": null,
        "Longitude": -89.480588,
        "Latitude": 46.275486
      }
    },
    {
      "type": "Feature",
      "id": 158,
      "geometry": {
        "type": "Point",
        "coordinates": [
          -89.57772299999993,
          46.27583400000003
        ]
      },
      "properties": {
        "OBJECTID": 158,
        "LakeSiteName": "Pomeroy Lake",
        "County": "Gogebic",
        "SiteID": "WB-930",
        "Staff1": "Julie Sims",
        "Staff2": "Laura Esman",
        "Staff3": null,
        "Affiliation": "SOM",
        "SiteVisitType": "vegetation survey",
        "Year": 2005,
        "Comments": "Partial vegetation survey",
        "Longitude": -89.577723,
        "Latitude": 46.275834
      }
    },
    {
      "type": "Feature",
      "id": 159,
      "geometry": {
        "type": "Point",
        "coordinates": [
          -85.34399999999994,
          44.56910000000005
        ]
      },
      "properties": {
        "OBJECTID": 159,
        "LakeSiteName": "Fife Lake",
        "County": "Grand Traverse",
        "SiteID": "WB-240",
        "Staff1": "Sara Thoma",
        "Staff2": "Ryan Crouch",
        "Staff3": null,
        "Affiliation": "SOM",
        "SiteVisitType": "vegetation survey",
        "Year": 2018,
        "Comments": "Fisheries concerns",
        "Longitude": -85.344,
        "Latitude": 44.5691
      }
    },
    {
      "type": "Feature",
      "id": 160,
      "geometry": {
        "type": "Point",
        "coordinates": [
          -84.38025799999997,
          42.05524500000007
        ]
      },
      "properties": {
        "OBJECTID": 160,
        "LakeSiteName": "Lake Somerset",
        "County": "Hillsdale",
        "SiteID": "WB-1488",
        "Staff1": "Brian Carley",
        "Staff2": null,
        "Staff3": null,
        "Affiliation": "SOM",
        "SiteVisitType": "vegetation survey",
        "Year": 1991,
        "Comments": null,
        "Longitude": -84.380258,
        "Latitude": 42.055245
      }
    },
    {
      "type": "Feature",
      "id": 161,
      "geometry": {
        "type": "Point",
        "coordinates": [
          -84.41381499999994,
          42.05847000000006
        ]
      },
      "properties": {
        "OBJECTID": 161,
        "LakeSiteName": "Perch Lake",
        "County": "Hillsdale",
        "SiteID": "WB-1880",
        "Staff1": "Laura Esman",
        "Staff2": "Kurt Getsinger (USACE)",
        "Staff3": null,
        "Affiliation": "SOM",
        "SiteVisitType": "vegetation survey",
        "Year": 1999,
        "Comments": null,
        "Longitude": -84.413815,
        "Latitude": 42.05847
      }
    },
    {
      "type": "Feature",
      "id": 162,
      "geometry": {
        "type": "Point",
        "coordinates": [
          -84.80274899999995,
          41.74726100000004
        ]
      },
      "properties": {
        "OBJECTID": 162,
        "LakeSiteName": "Little Long Lake",
        "County": "Hillsdale",
        "SiteID": "WB-1649",
        "Staff1": "Eric Bacon",
        "Staff2": "Ned Rathbun",
        "Staff3": null,
        "Affiliation": "SOM",
        "SiteVisitType": "vegetation survey",
        "Year": 2000,
        "Comments": null,
        "Longitude": -84.802749,
        "Latitude": 41.747261
      }
    },
    {
      "type": "Feature",
      "id": 163,
      "geometry": {
        "type": "Point",
        "coordinates": [
          -84.38025799999997,
          42.05524500000007
        ]
      },
      "properties": {
        "OBJECTID": 163,
        "LakeSiteName": "Lake Somerset",
        "County": "Hillsdale",
        "SiteID": "WB-1488",
        "Staff1": "Jeremie Wilson",
        "Staff2": "Ned Rathbun",
        "Staff3": null,
        "Affiliation": "SOM",
        "SiteVisitType": "vegetation survey",
        "Year": 2001,
        "Comments": null,
        "Longitude": -84.380258,
        "Latitude": 42.055245
      }
    },
    {
      "type": "Feature",
      "id": 164,
      "geometry": {
        "type": "Point",
        "coordinates": [
          -84.41381499999994,
          42.05847000000006
        ]
      },
      "properties": {
        "OBJECTID": 164,
        "LakeSiteName": "Perch Lake",
        "County": "Hillsdale",
        "SiteID": "WB-1880",
        "Staff1": "Laura Esman",
        "Staff2": "Kurt Getsinger (USACE)",
        "Staff3": null,
        "Affiliation": "SOM",
        "SiteVisitType": "vegetation survey",
        "Year": 2001,
        "Comments": null,
        "Longitude": -84.413815,
        "Latitude": 42.05847
      }
    },
    {
      "type": "Feature",
      "id": 165,
      "geometry": {
        "type": "Point",
        "coordinates": [
          -84.41381499999994,
          42.05847000000006
        ]
      },
      "properties": {
        "OBJECTID": 165,
        "LakeSiteName": "Perch Lake",
        "County": "Hillsdale",
        "SiteID": "WB-1880",
        "Staff1": "Laura Esman",
        "Staff2": "Eric Bacon",
        "Staff3": null,
        "Affiliation": "SOM",
        "SiteVisitType": "vegetation survey",
        "Year": 2002,
        "Comments": null,
        "Longitude": -84.413815,
        "Latitude": 42.05847
      }
    },
    {
      "type": "Feature",
      "id": 166,
      "geometry": {
        "type": "Point",
        "coordinates": [
          -84.41381499999994,
          42.05847000000006
        ]
      },
      "properties": {
        "OBJECTID": 166,
        "LakeSiteName": "Perch Lake",
        "County": "Hillsdale",
        "SiteID": "WB-1880",
        "Staff1": "Laura Esman",
        "Staff2": null,
        "Staff3": null,
        "Affiliation": "SOM",
        "SiteVisitType": "vegetation survey",
        "Year": 2003,
        "Comments": null,
        "Longitude": -84.413815,
        "Latitude": 42.05847
      }
    },
    {
      "type": "Feature",
      "id": 167,
      "geometry": {
        "type": "Point",
        "coordinates": [
          -84.41381499999994,
          42.05847000000006
        ]
      },
      "properties": {
        "OBJECTID": 167,
        "LakeSiteName": "Perch Lake",
        "County": "Hillsdale",
        "SiteID": "WB-1880",
        "Staff1": "Laura Esman",
        "Staff2": "Julie Sims",
        "Staff3": null,
        "Affiliation": "SOM",
        "SiteVisitType": "vegetation survey",
        "Year": 2004,
        "Comments": null,
        "Longitude": -84.413815,
        "Latitude": 42.05847
      }
    },
    {
      "type": "Feature",
      "id": 168,
      "geometry": {
        "type": "Point",
        "coordinates": [
          -84.79682899999995,
          41.88906700000007
        ]
      },
      "properties": {
        "OBJECTID": 168,
        "LakeSiteName": "Carpenter Lake",
        "County": "Hillsdale",
        "SiteID": "WB-589",
        "Staff1": "Lisa Huberty",
        "Staff2": "Eric Bacon",
        "Staff3": "Louis Favior",
        "Affiliation": "SOM",
        "SiteVisitType": "vegetation survey",
        "Year": 2005,
        "Comments": null,
        "Longitude": -84.796829,
        "Latitude": 41.889067
      }
    },
    {
      "type": "Feature",
      "id": 169,
      "geometry": {
        "type": "Point",
        "coordinates": [
          -84.80274899999995,
          41.74726100000004
        ]
      },
      "properties": {
        "OBJECTID": 169,
        "LakeSiteName": "Little Long Lake",
        "County": "Hillsdale",
        "SiteID": "WB-1649",
        "Staff1": "Matt Preisser",
        "Staff2": "John Riley",
        "Staff3": null,
        "Affiliation": "SOM",
        "SiteVisitType": "vegetation survey",
        "Year": 2009,
        "Comments": null,
        "Longitude": -84.802749,
        "Latitude": 41.747261
      }
    },
    {
      "type": "Feature",
      "id": 170,
      "geometry": {
        "type": "Point",
        "coordinates": [
          -84.56622999999996,
          41.88003000000003
        ]
      },
      "properties": {
        "OBJECTID": 170,
        "LakeSiteName": "Pleasant Lake",
        "County": "Hillsdale",
        "SiteID": "WB-5086",
        "Staff1": "Matt Preisser",
        "Staff2": "John Riley",
        "Staff3": null,
        "Affiliation": "SOM",
        "SiteVisitType": "vegetation survey",
        "Year": 2009,
        "Comments": null,
        "Longitude": -84.56623,
        "Latitude": 41.88003
      }
    },
    {
      "type": "Feature",
      "id": 171,
      "geometry": {
        "type": "Point",
        "coordinates": [
          -84.63731699999994,
          41.815645000000075
        ]
      },
      "properties": {
        "OBJECTID": 171,
        "LakeSiteName": "Cub Lake",
        "County": "Hillsdale",
        "SiteID": "WB-2242",
        "Staff1": "Ryan Crouch",
        "Staff2": "Lisa Huberty",
        "Staff3": "John Buszkiewicz",
        "Affiliation": "ANC",
        "SiteVisitType": "vegetation survey",
        "Year": 2022,
        "Comments": null,
        "Longitude": -84.637317,
        "Latitude": 41.815645
      }
    },
    {
      "type": "Feature",
      "id": 172,
      "geometry": {
        "type": "Point",
        "coordinates": [
          -84.79368599999998,
          41.87645900000007
        ]
      },
      "properties": {
        "OBJECTID": 172,
        "LakeSiteName": "Long Lake ",
        "County": "Hillsdale",
        "SiteID": "WB-16",
        "Staff1": "Ryan Crouch",
        "Staff2": "Mark Huffsmith",
        "Staff3": "Isabel Latvaitis",
        "Affiliation": "ANC",
        "SiteVisitType": "vegetation survey",
        "Year": 2022,
        "Comments": null,
        "Longitude": -84.793686,
        "Latitude": 41.876459
      }
    },
    {
      "type": "Feature",
      "id": 173,
      "geometry": {
        "type": "Point",
        "coordinates": [
          -84.40229999999997,
          42.76100000000008
        ]
      },
      "properties": {
        "OBJECTID": 173,
        "LakeSiteName": "Lansing Lake",
        "County": "Ingham",
        "SiteID": "WB-1956",
        "Staff1": "Dave Kenaga",
        "Staff2": "Maureen Hein",
        "Staff3": null,
        "Affiliation": "SOM",
        "SiteVisitType": "vegetation survey",
        "Year": 1990,
        "Comments": null,
        "Longitude": -84.4023,
        "Latitude": 42.761
      }
    },
    {
      "type": "Feature",
      "id": 174,
      "geometry": {
        "type": "Point",
        "coordinates": [
          -84.40229999999997,
          42.76100000000008
        ]
      },
      "properties": {
        "OBJECTID": 174,
        "LakeSiteName": "Lake Lansing",
        "County": "Ingham",
        "SiteID": "WB-1956",
        "Staff1": "Dave Kenaga",
        "Staff2": "Brian Carley",
        "Staff3": null,
        "Affiliation": "SOM",
        "SiteVisitType": "vegetation survey",
        "Year": 1991,
        "Comments": null,
        "Longitude": -84.4023,
        "Latitude": 42.761
      }
    },
    {
      "type": "Feature",
      "id": 175,
      "geometry": {
        "type": "Point",
        "coordinates": [
          -84.40229999999997,
          42.76100000000008
        ]
      },
      "properties": {
        "OBJECTID": 175,
        "LakeSiteName": "Lake Lansing",
        "County": "Ingham",
        "SiteID": "WB-1956",
        "Staff1": "Dave Kenaga",
        "Staff2": "Brian Carley",
        "Staff3": null,
        "Affiliation": "SOM",
        "SiteVisitType": "vegetation survey",
        "Year": 1992,
        "Comments": null,
        "Longitude": -84.4023,
        "Latitude": 42.761
      }
    },
    {
      "type": "Feature",
      "id": 176,
      "geometry": {
        "type": "Point",
        "coordinates": [
          -84.41369999999995,
          42.69530000000003
        ]
      },
      "properties": {
        "OBJECTID": 176,
        "LakeSiteName": "Kinawa View Pond",
        "County": "Ingham",
        "SiteID": "WB-1734",
        "Staff1": "Dave Kenaga",
        "Staff2": null,
        "Staff3": null,
        "Affiliation": "SOM",
        "SiteVisitType": "vegetation survey",
        "Year": 1994,
        "Comments": "Document site conditions",
        "Longitude": -84.4137,
        "Latitude": 42.6953
      }
    },
    {
      "type": "Feature",
      "id": 177,
      "geometry": {
        "type": "Point",
        "coordinates": [
          -84.40229999999997,
          42.76100000000008
        ]
      },
      "properties": {
        "OBJECTID": 177,
        "LakeSiteName": "Lake Lansing",
        "County": "Ingham",
        "SiteID": "WB-1956",
        "Staff1": "Dave Kenaga",
        "Staff2": "Doug Pullman (Aquest)",
        "Staff3": null,
        "Affiliation": "SOM",
        "SiteVisitType": "vegetation survey",
        "Year": 1995,
        "Comments": null,
        "Longitude": -84.4023,
        "Latitude": 42.761
      }
    },
    {
      "type": "Feature",
      "id": 178,
      "geometry": {
        "type": "Point",
        "coordinates": [
          -84.40229999999997,
          42.76100000000008
        ]
      },
      "properties": {
        "OBJECTID": 178,
        "LakeSiteName": "Lake Lansing",
        "County": "Ingham",
        "SiteID": "WB-1956",
        "Staff1": "Dave Kenaga",
        "Staff2": null,
        "Staff3": null,
        "Affiliation": "SOM",
        "SiteVisitType": "vegetation survey",
        "Year": 1996,
        "Comments": null,
        "Longitude": -84.4023,
        "Latitude": 42.761
      }
    },
    {
      "type": "Feature",
      "id": 179,
      "geometry": {
        "type": "Point",
        "coordinates": [
          -84.40229999999997,
          42.76100000000008
        ]
      },
      "properties": {
        "OBJECTID": 179,
        "LakeSiteName": "Lake Lansing",
        "County": "Ingham",
        "SiteID": "WB-1956",
        "Staff1": "Howard Wandell",
        "Staff2": "Paul Hausler (Progressive AE)",
        "Staff3": null,
        "Affiliation": "SOM",
        "SiteVisitType": "vegetation survey",
        "Year": 1997,
        "Comments": null,
        "Longitude": -84.4023,
        "Latitude": 42.761
      }
    },
    {
      "type": "Feature",
      "id": 180,
      "geometry": {
        "type": "Point",
        "coordinates": [
          -84.40229999999997,
          42.76100000000008
        ]
      },
      "properties": {
        "OBJECTID": 180,
        "LakeSiteName": "Lake Lansing",
        "County": "Ingham",
        "SiteID": "WB-1956",
        "Staff1": "Dave Schipper",
        "Staff2": "Howard Wandell",
        "Staff3": "Martin Jannereth",
        "Affiliation": "SOM",
        "SiteVisitType": "vegetation survey",
        "Year": 1998,
        "Comments": null,
        "Longitude": -84.4023,
        "Latitude": 42.761
      }
    },
    {
      "type": "Feature",
      "id": 181,
      "geometry": {
        "type": "Point",
        "coordinates": [
          -84.40229999999997,
          42.76100000000008
        ]
      },
      "properties": {
        "OBJECTID": 181,
        "LakeSiteName": "Lake Lansing",
        "County": "Ingham",
        "SiteID": "WB-1956",
        "Staff1": "Eric Bacon",
        "Staff2": "Matt Preisser",
        "Staff3": null,
        "Affiliation": "SOM",
        "SiteVisitType": "vegetation survey",
        "Year": 2003,
        "Comments": null,
        "Longitude": -84.4023,
        "Latitude": 42.761
      }
    },
    {
      "type": "Feature",
      "id": 182,
      "geometry": {
        "type": "Point",
        "coordinates": [
          -84.42181499999998,
          42.751521000000025
        ]
      },
      "properties": {
        "OBJECTID": 182,
        "LakeSiteName": "Lake of the Hills",
        "County": "Ingham",
        "SiteID": "WB-1380",
        "Staff1": "Matt Preisser",
        "Staff2": "Eric Bacon",
        "Staff3": null,
        "Affiliation": "SOM",
        "SiteVisitType": "vegetation survey",
        "Year": 2005,
        "Comments": null,
        "Longitude": -84.421815,
        "Latitude": 42.751521
      }
    },
    {
      "type": "Feature",
      "id": 183,
      "geometry": {
        "type": "Point",
        "coordinates": [
          -85.21123399999999,
          42.860637000000054
        ]
      },
      "properties": {
        "OBJECTID": 183,
        "LakeSiteName": "Morrison Lake",
        "County": "Ionia",
        "SiteID": "WB-92",
        "Staff1": "Dave Kenaga",
        "Staff2": null,
        "Staff3": null,
        "Affiliation": "SOM",
        "SiteVisitType": "vegetation survey",
        "Year": 1992,
        "Comments": null,
        "Longitude": -85.211234,
        "Latitude": 42.860637
      }
    },
    {
      "type": "Feature",
      "id": 184,
      "geometry": {
        "type": "Point",
        "coordinates": [
          -85.12091599999997,
          43.11275000000006
        ]
      },
      "properties": {
        "OBJECTID": 184,
        "LakeSiteName": "Long Lake",
        "County": "Ionia",
        "SiteID": "WB-1572",
        "Staff1": "Dave Kenaga",
        "Staff2": null,
        "Staff3": null,
        "Affiliation": "SOM",
        "SiteVisitType": "vegetation survey",
        "Year": 1995,
        "Comments": null,
        "Longitude": -85.120916,
        "Latitude": 43.11275
      }
    },
    {
      "type": "Feature",
      "id": 185,
      "geometry": {
        "type": "Point",
        "coordinates": [
          -85.21123399999999,
          42.860637000000054
        ]
      },
      "properties": {
        "OBJECTID": 185,
        "LakeSiteName": "Morrison Lake",
        "County": "Ionia",
        "SiteID": "WB-92",
        "Staff1": "Eric Bacon",
        "Staff2": "Laura Esman",
        "Staff3": "Jeremie Wilson",
        "Affiliation": "SOM",
        "SiteVisitType": "vegetation survey",
        "Year": 2000,
        "Comments": null,
        "Longitude": -85.211234,
        "Latitude": 42.860637
      }
    },
    {
      "type": "Feature",
      "id": 186,
      "geometry": {
        "type": "Point",
        "coordinates": [
          -85.11589399999997,
          42.78428100000008
        ]
      },
      "properties": {
        "OBJECTID": 186,
        "LakeSiteName": "Tupper Lake",
        "County": "Ionia",
        "SiteID": "WB-2533",
        "Staff1": "Eric Bacon",
        "Staff2": "Ned Rathbun",
        "Staff3": null,
        "Affiliation": "SOM",
        "SiteVisitType": "vegetation survey",
        "Year": 2000,
        "Comments": "Post fish kill investigation",
        "Longitude": -85.115894,
        "Latitude": 42.784281
      }
    },
    {
      "type": "Feature",
      "id": 187,
      "geometry": {
        "type": "Point",
        "coordinates": [
          -85.14025199999998,
          42.770260000000064
        ]
      },
      "properties": {
        "OBJECTID": 187,
        "LakeSiteName": "Jordan Lake",
        "County": "Ionia",
        "SiteID": "WB-1963",
        "Staff1": "Eric Bacon",
        "Staff2": "Ned Rathbun",
        "Staff3": null,
        "Affiliation": "SOM",
        "SiteVisitType": "vegetation survey",
        "Year": 2001,
        "Comments": null,
        "Longitude": -85.140252,
        "Latitude": 42.77026
      }
    },
    {
      "type": "Feature",
      "id": 188,
      "geometry": {
        "type": "Point",
        "coordinates": [
          -85.12091599999997,
          43.11275000000006
        ]
      },
      "properties": {
        "OBJECTID": 188,
        "LakeSiteName": "Long Lake",
        "County": "Ionia",
        "SiteID": "WB-1572",
        "Staff1": "Eric Bacon",
        "Staff2": "Ned Rathbun",
        "Staff3": null,
        "Affiliation": "SOM",
        "SiteVisitType": "vegetation survey",
        "Year": 2001,
        "Comments": null,
        "Longitude": -85.120916,
        "Latitude": 43.11275
      }
    },
    {
      "type": "Feature",
      "id": 189,
      "geometry": {
        "type": "Point",
        "coordinates": [
          -85.12091599999997,
          43.11275000000006
        ]
      },
      "properties": {
        "OBJECTID": 189,
        "LakeSiteName": "Long Lake",
        "County": "Ionia",
        "SiteID": "WB-1572",
        "Staff1": "Eric Bacon",
        "Staff2": "Laura Esman",
        "Staff3": null,
        "Affiliation": "SOM",
        "SiteVisitType": "vegetation survey",
        "Year": 2002,
        "Comments": null,
        "Longitude": -85.120916,
        "Latitude": 43.11275
      }
    },
    {
      "type": "Feature",
      "id": 190,
      "geometry": {
        "type": "Point",
        "coordinates": [
          -85.21123399999999,
          42.860637000000054
        ]
      },
      "properties": {
        "OBJECTID": 190,
        "LakeSiteName": "Morrison Lake",
        "County": "Ionia",
        "SiteID": "WB-92",
        "Staff1": "John Riley",
        "Staff2": "Eric Bacon",
        "Staff3": null,
        "Affiliation": "SOM",
        "SiteVisitType": "vegetation survey",
        "Year": 2008,
        "Comments": null,
        "Longitude": -85.211234,
        "Latitude": 42.860637
      }
    },
    {
      "type": "Feature",
      "id": 191,
      "geometry": {
        "type": "Point",
        "coordinates": [
          -85.11573999999996,
          42.78398000000004
        ]
      },
      "properties": {
        "OBJECTID": 191,
        "LakeSiteName": "Tupper Lake",
        "County": "Ionia",
        "SiteID": "WB-2533",
        "Staff1": "Ryan Crouch",
        "Staff2": "Lisa Huberty",
        "Staff3": null,
        "Affiliation": "SOM",
        "SiteVisitType": "vegetation survey",
        "Year": 2019,
        "Comments": "Resident concerns about treatment impacts",
        "Longitude": -85.11574,
        "Latitude": 42.78398
      }
    },
    {
      "type": "Feature",
      "id": 192,
      "geometry": {
        "type": "Point",
        "coordinates": [
          -83.85424199999994,
          44.41478300000006
        ]
      },
      "properties": {
        "OBJECTID": 192,
        "LakeSiteName": "Long Lake",
        "County": "Iosco",
        "SiteID": "WB-101",
        "Staff1": "Dave Kenaga",
        "Staff2": "Dave Schipper",
        "Staff3": null,
        "Affiliation": "SOM",
        "SiteVisitType": "vegetation survey",
        "Year": 1995,
        "Comments": null,
        "Longitude": -83.854242,
        "Latitude": 44.414783
      }
    },
    {
      "type": "Feature",
      "id": 193,
      "geometry": {
        "type": "Point",
        "coordinates": [
          -83.82271099999997,
          44.41007200000007
        ]
      },
      "properties": {
        "OBJECTID": 193,
        "LakeSiteName": "Loon Lake",
        "County": "Iosco",
        "SiteID": "WB-1412",
        "Staff1": "Ned Rathbun",
        "Staff2": "Chuck Jeffery (DNR)",
        "Staff3": null,
        "Affiliation": "SOM",
        "SiteVisitType": "vegetation survey",
        "Year": 1998,
        "Comments": null,
        "Longitude": -83.822711,
        "Latitude": 44.410072
      }
    },
    {
      "type": "Feature",
      "id": 194,
      "geometry": {
        "type": "Point",
        "coordinates": [
          -83.82271099999997,
          44.41007200000007
        ]
      },
      "properties": {
        "OBJECTID": 194,
        "LakeSiteName": "Loon Lake",
        "County": "Iosco",
        "SiteID": "WB-1412",
        "Staff1": "Lisa Huberty",
        "Staff2": "Eric Bacon",
        "Staff3": null,
        "Affiliation": "SOM",
        "SiteVisitType": "vegetation survey",
        "Year": 2005,
        "Comments": null,
        "Longitude": -83.822711,
        "Latitude": 44.410072
      }
    },
    {
      "type": "Feature",
      "id": 195,
      "geometry": {
        "type": "Point",
        "coordinates": [
          -83.85303699999997,
          44.40630500000003
        ]
      },
      "properties": {
        "OBJECTID": 195,
        "LakeSiteName": "Little Long Lake",
        "County": "Iosco",
        "SiteID": "WB-404",
        "Staff1": "Eric Bacon",
        "Staff2": "Lisa Huberty",
        "Staff3": null,
        "Affiliation": "SOM",
        "SiteVisitType": "vegetation survey",
        "Year": 2007,
        "Comments": null,
        "Longitude": -83.853037,
        "Latitude": 44.406305
      }
    },
    {
      "type": "Feature",
      "id": 196,
      "geometry": {
        "type": "Point",
        "coordinates": [
          -83.86949999999996,
          44.34680000000003
        ]
      },
      "properties": {
        "OBJECTID": 196,
        "LakeSiteName": "Londo Lake",
        "County": "Iosco",
        "SiteID": "WB-2213",
        "Staff1": "Ryan Crouch",
        "Staff2": "Mark Huffsmith",
        "Staff3": "Isabel Latvaitis",
        "Affiliation": "ANC",
        "SiteVisitType": "vegetation survey",
        "Year": 2022,
        "Comments": null,
        "Longitude": -83.8695,
        "Latitude": 44.3468
      }
    },
    {
      "type": "Feature",
      "id": 197,
      "geometry": {
        "type": "Point",
        "coordinates": [
          -83.66775199999995,
          44.330182000000036
        ]
      },
      "properties": {
        "OBJECTID": 197,
        "LakeSiteName": "Floyd Lake",
        "County": "Iosco",
        "SiteID": "WB-3652",
        "Staff1": "Michigan State University",
        "Staff2": null,
        "Staff3": null,
        "Affiliation": "MSU",
        "SiteVisitType": "vegetation survey",
        "Year": 2023,
        "Comments": null,
        "Longitude": -83.667752,
        "Latitude": 44.330182
      }
    },
    {
      "type": "Feature",
      "id": 198,
      "geometry": {
        "type": "Point",
        "coordinates": [
          -83.86949999999996,
          44.34680000000003
        ]
      },
      "properties": {
        "OBJECTID": 198,
        "LakeSiteName": "Londo Lake",
        "County": "Iosco",
        "SiteID": "WB-2213",
        "Staff1": "Michigan State University",
        "Staff2": null,
        "Staff3": null,
        "Affiliation": "MSU",
        "SiteVisitType": "vegetation survey",
        "Year": 2023,
        "Comments": null,
        "Longitude": -83.8695,
        "Latitude": 44.3468
      }
    },
    {
      "type": "Feature",
      "id": 199,
      "geometry": {
        "type": "Point",
        "coordinates": [
          -83.85424199999994,
          44.41478300000006
        ]
      },
      "properties": {
        "OBJECTID": 199,
        "LakeSiteName": "Long Lake",
        "County": "Iosco",
        "SiteID": "WB-101",
        "Staff1": "Michigan State University",
        "Staff2": null,
        "Staff3": null,
        "Affiliation": "MSU",
        "SiteVisitType": "vegetation survey",
        "Year": 2023,
        "Comments": null,
        "Longitude": -83.854242,
        "Latitude": 44.414783
      }
    },
    {
      "type": "Feature",
      "id": 200,
      "geometry": {
        "type": "Point",
        "coordinates": [
          -83.65981999999997,
          44.33969600000006
        ]
      },
      "properties": {
        "OBJECTID": 200,
        "LakeSiteName": "Round Lake",
        "County": "Iosco",
        "SiteID": "WB-6193",
        "Staff1": "Michigan State University",
        "Staff2": null,
        "Staff3": null,
        "Affiliation": "MSU",
        "SiteVisitType": "vegetation survey",
        "Year": 2023,
        "Comments": null,
        "Longitude": -83.65982,
        "Latitude": 44.339696
      }
    },
    {
      "type": "Feature",
      "id": 201,
      "geometry": {
        "type": "Point",
        "coordinates": [
          -83.36829999999998,
          44.47768700000006
        ]
      },
      "properties": {
        "OBJECTID": 201,
        "LakeSiteName": "Van Etten Lake",
        "County": "Iosco",
        "SiteID": "WB-2122",
        "Staff1": "Michigan State University",
        "Staff2": null,
        "Staff3": null,
        "Affiliation": "MSU",
        "SiteVisitType": "vegetation survey",
        "Year": 2023,
        "Comments": null,
        "Longitude": -83.3683,
        "Latitude": 44.477687
      }
    },
    {
      "type": "Feature",
      "id": 202,
      "geometry": {
        "type": "Point",
        "coordinates": [
          -88.41310099999998,
          46.03223900000006
        ]
      },
      "properties": {
        "OBJECTID": 202,
        "LakeSiteName": "Buck Lake",
        "County": "Iron",
        "SiteID": "WB-308",
        "Staff1": "Eric Bacon",
        "Staff2": "Jessica Koerner",
        "Staff3": null,
        "Affiliation": "SOM",
        "SiteVisitType": "vegetation survey",
        "Year": 2005,
        "Comments": null,
        "Longitude": -88.413101,
        "Latitude": 46.032239
      }
    },
    {
      "type": "Feature",
      "id": 203,
      "geometry": {
        "type": "Point",
        "coordinates": [
          -88.83920599999999,
          46.05572100000006
        ]
      },
      "properties": {
        "OBJECTID": 203,
        "LakeSiteName": "Brule Lake",
        "County": "Iron",
        "SiteID": "WB-1045",
        "Staff1": "Eric Bacon",
        "Staff2": "John Riley",
        "Staff3": null,
        "Affiliation": "SOM",
        "SiteVisitType": "vegetation survey",
        "Year": 2008,
        "Comments": null,
        "Longitude": -88.839206,
        "Latitude": 46.055721
      }
    },
    {
      "type": "Feature",
      "id": 204,
      "geometry": {
        "type": "Point",
        "coordinates": [
          -88.61338999999998,
          46.10024000000004
        ]
      },
      "properties": {
        "OBJECTID": 204,
        "LakeSiteName": "Ice Lake",
        "County": "Iron",
        "SiteID": "WB-873",
        "Staff1": "Ryan Crouch",
        "Staff2": "Eric Bacon",
        "Staff3": null,
        "Affiliation": "SOM",
        "SiteVisitType": "vegetation survey",
        "Year": 2018,
        "Comments": "AIS survey",
        "Longitude": -88.61339,
        "Latitude": 46.10024
      }
    },
    {
      "type": "Feature",
      "id": 205,
      "geometry": {
        "type": "Point",
        "coordinates": [
          -88.65264499999995,
          46.14459100000005
        ]
      },
      "properties": {
        "OBJECTID": 205,
        "LakeSiteName": "Iron Lake",
        "County": "Iron",
        "SiteID": "WB-2950",
        "Staff1": "Eric Bacon",
        "Staff2": "Ryan Crouch",
        "Staff3": null,
        "Affiliation": "SOM",
        "SiteVisitType": "vegetation survey",
        "Year": 2018,
        "Comments": "AIS survey",
        "Longitude": -88.652645,
        "Latitude": 46.144591
      }
    },
    {
      "type": "Feature",
      "id": 206,
      "geometry": {
        "type": "Point",
        "coordinates": [
          -85.06565899999998,
          43.58121900000003
        ]
      },
      "properties": {
        "OBJECTID": 206,
        "LakeSiteName": "Halls Lake",
        "County": "Isabella",
        "SiteID": "WB-1931",
        "Staff1": "Eric Bacon",
        "Staff2": "Jeremie Wilson",
        "Staff3": null,
        "Affiliation": "SOM",
        "SiteVisitType": "vegetation survey",
        "Year": 2000,
        "Comments": null,
        "Longitude": -85.065659,
        "Latitude": 43.581219
      }
    },
    {
      "type": "Feature",
      "id": 207,
      "geometry": {
        "type": "Point",
        "coordinates": [
          -84.94394399999999,
          43.77322600000008
        ]
      },
      "properties": {
        "OBJECTID": 207,
        "LakeSiteName": "Littlefield Lake",
        "County": "Isabella",
        "SiteID": "WB-136",
        "Staff1": "Eric Bacon",
        "Staff2": "Jeremie Wilson",
        "Staff3": null,
        "Affiliation": "SOM",
        "SiteVisitType": "vegetation survey",
        "Year": 2000,
        "Comments": null,
        "Longitude": -84.943944,
        "Latitude": 43.773226
      }
    },
    {
      "type": "Feature",
      "id": 208,
      "geometry": {
        "type": "Point",
        "coordinates": [
          -84.94119999999998,
          43.768853000000036
        ]
      },
      "properties": {
        "OBJECTID": 208,
        "LakeSiteName": "Littlefield Lake",
        "County": "Isabella",
        "SiteID": "WB-136",
        "Staff1": "Lisa Huberty",
        "Staff2": "Eric Bacon",
        "Staff3": "Hannah Arnett",
        "Affiliation": "ANC",
        "SiteVisitType": "vegetation survey",
        "Year": 2022,
        "Comments": null,
        "Longitude": -84.9412,
        "Latitude": 43.768853
      }
    },
    {
      "type": "Feature",
      "id": 209,
      "geometry": {
        "type": "Point",
        "coordinates": [
          -84.82469899999995,
          43.76152500000006
        ]
      },
      "properties": {
        "OBJECTID": 209,
        "LakeSiteName": "Stevenson Lake",
        "County": "Isabella",
        "SiteID": "WB-5721",
        "Staff1": "Ryan Crouch",
        "Staff2": "Mark Huffsmith",
        "Staff3": "Amanda Bosak",
        "Affiliation": "ANC",
        "SiteVisitType": "vegetation survey",
        "Year": 2022,
        "Comments": null,
        "Longitude": -84.824699,
        "Latitude": 43.761525
      }
    },
    {
      "type": "Feature",
      "id": 210,
      "geometry": {
        "type": "Point",
        "coordinates": [
          -84.19715499999995,
          42.15444500000007
        ]
      },
      "properties": {
        "OBJECTID": 210,
        "LakeSiteName": "Norvell Lake",
        "County": "Jackson",
        "SiteID": "WB-117",
        "Staff1": "Howard Wandell",
        "Staff2": null,
        "Staff3": null,
        "Affiliation": "SOM",
        "SiteVisitType": "vegetation survey",
        "Year": 1993,
        "Comments": "Limited survey",
        "Longitude": -84.197155,
        "Latitude": 42.154445
      }
    },
    {
      "type": "Feature",
      "id": 211,
      "geometry": {
        "type": "Point",
        "coordinates": [
          -84.23715199999998,
          42.33813300000003
        ]
      },
      "properties": {
        "OBJECTID": 211,
        "LakeSiteName": "Big Portage Lake",
        "County": "Jackson",
        "SiteID": "WB-3096",
        "Staff1": "Ned Rathbun",
        "Staff2": null,
        "Staff3": null,
        "Affiliation": "SOM",
        "SiteVisitType": "vegetation survey",
        "Year": 1996,
        "Comments": null,
        "Longitude": -84.237152,
        "Latitude": 42.338133
      }
    },
    {
      "type": "Feature",
      "id": 212,
      "geometry": {
        "type": "Point",
        "coordinates": [
          -84.30034199999994,
          42.09248700000006
        ]
      },
      "properties": {
        "OBJECTID": 212,
        "LakeSiteName": "Lake Columbia",
        "County": "Jackson",
        "SiteID": "WB-1638",
        "Staff1": "Ned Rathbun",
        "Staff2": null,
        "Staff3": null,
        "Affiliation": "SOM",
        "SiteVisitType": "vegetation survey",
        "Year": 1996,
        "Comments": null,
        "Longitude": -84.300342,
        "Latitude": 42.092487
      }
    },
    {
      "type": "Feature",
      "id": 213,
      "geometry": {
        "type": "Point",
        "coordinates": [
          -84.19715499999995,
          42.15444500000007
        ]
      },
      "properties": {
        "OBJECTID": 213,
        "LakeSiteName": "Norvell Lake",
        "County": "Jackson",
        "SiteID": "WB-117",
        "Staff1": "Dave Kenaga",
        "Staff2": "Howard Wandell",
        "Staff3": null,
        "Affiliation": "SOM",
        "SiteVisitType": "vegetation survey",
        "Year": 1996,
        "Comments": null,
        "Longitude": -84.197155,
        "Latitude": 42.154445
      }
    },
    {
      "type": "Feature",
      "id": 214,
      "geometry": {
        "type": "Point",
        "coordinates": [
          -84.19715499999995,
          42.15444500000007
        ]
      },
      "properties": {
        "OBJECTID": 214,
        "LakeSiteName": "Norvell Lake",
        "County": "Jackson",
        "SiteID": "WB-117",
        "Staff1": "Dave Kenaga",
        "Staff2": "Dave Schipper",
        "Staff3": null,
        "Affiliation": "SOM",
        "SiteVisitType": "vegetation survey",
        "Year": 1998,
        "Comments": null,
        "Longitude": -84.197155,
        "Latitude": 42.154445
      }
    },
    {
      "type": "Feature",
      "id": 215,
      "geometry": {
        "type": "Point",
        "coordinates": [
          -84.42401399999994,
          42.078558000000044
        ]
      },
      "properties": {
        "OBJECTID": 215,
        "LakeSiteName": "Mirror Lake",
        "County": "Jackson",
        "SiteID": "WB-52",
        "Staff1": "Eric Bacon",
        "Staff2": "Jeremie Wilson",
        "Staff3": null,
        "Affiliation": "SOM",
        "SiteVisitType": "vegetation survey",
        "Year": 1999,
        "Comments": null,
        "Longitude": -84.424014,
        "Latitude": 42.078558
      }
    },
    {
      "type": "Feature",
      "id": 216,
      "geometry": {
        "type": "Point",
        "coordinates": [
          -84.19715499999995,
          42.15444500000007
        ]
      },
      "properties": {
        "OBJECTID": 216,
        "LakeSiteName": "Norvell Lake",
        "County": "Jackson",
        "SiteID": "WB-117",
        "Staff1": "Dave Kenaga",
        "Staff2": null,
        "Staff3": null,
        "Affiliation": "SOM",
        "SiteVisitType": "vegetation survey",
        "Year": 1999,
        "Comments": null,
        "Longitude": -84.197155,
        "Latitude": 42.154445
      }
    },
    {
      "type": "Feature",
      "id": 217,
      "geometry": {
        "type": "Point",
        "coordinates": [
          -84.19715499999995,
          42.15444500000007
        ]
      },
      "properties": {
        "OBJECTID": 217,
        "LakeSiteName": "Norvell Lake",
        "County": "Jackson",
        "SiteID": "WB-117",
        "Staff1": "Jeremie Wilson",
        "Staff2": "Laura Esman",
        "Staff3": null,
        "Affiliation": "SOM",
        "SiteVisitType": "vegetation survey",
        "Year": 2000,
        "Comments": null,
        "Longitude": -84.197155,
        "Latitude": 42.154445
      }
    },
    {
      "type": "Feature",
      "id": 218,
      "geometry": {
        "type": "Point",
        "coordinates": [
          -84.44309999999996,
          42.11330000000004
        ]
      },
      "properties": {
        "OBJECTID": 218,
        "LakeSiteName": "Crispell Lake",
        "County": "Jackson",
        "SiteID": "WB-1690",
        "Staff1": "Eric Bacon",
        "Staff2": "Laura Esman",
        "Staff3": null,
        "Affiliation": "SOM",
        "SiteVisitType": "vegetation survey",
        "Year": 2002,
        "Comments": null,
        "Longitude": -84.4431,
        "Latitude": 42.1133
      }
    },
    {
      "type": "Feature",
      "id": 219,
      "geometry": {
        "type": "Point",
        "coordinates": [
          -84.32777399999998,
          42.21984500000008
        ]
      },
      "properties": {
        "OBJECTID": 219,
        "LakeSiteName": "Round Lake",
        "County": "Jackson",
        "SiteID": "WB-1587",
        "Staff1": "Brett Wiseley",
        "Staff2": "Matt Preisser",
        "Staff3": null,
        "Affiliation": "SOM",
        "SiteVisitType": "vegetation survey",
        "Year": 2007,
        "Comments": null,
        "Longitude": -84.327774,
        "Latitude": 42.219845
      }
    },
    {
      "type": "Feature",
      "id": 220,
      "geometry": {
        "type": "Point",
        "coordinates": [
          -84.23715199999998,
          42.33813300000003
        ]
      },
      "properties": {
        "OBJECTID": 220,
        "LakeSiteName": "Big Portage Lake",
        "County": "Jackson",
        "SiteID": "WB-3096",
        "Staff1": "Amanda Whitscell",
        "Staff2": "Eric Bacon",
        "Staff3": null,
        "Affiliation": "SOM",
        "SiteVisitType": "vegetation survey",
        "Year": 2011,
        "Comments": "Document report of Cabomba, Lake not previously treated or surveyed, collect baseline survey data",
        "Longitude": -84.237152,
        "Latitude": 42.338133
      }
    },
    {
      "type": "Feature",
      "id": 221,
      "geometry": {
        "type": "Point",
        "coordinates": [
          -84.44309999999996,
          42.11330000000004
        ]
      },
      "properties": {
        "OBJECTID": 221,
        "LakeSiteName": "Crispell Lake",
        "County": "Jackson",
        "SiteID": "WB-1690",
        "Staff1": "Ryan Crouch",
        "Staff2": "Lisa Huberty",
        "Staff3": null,
        "Affiliation": "SOM",
        "SiteVisitType": "vegetation survey",
        "Year": 2018,
        "Comments": "visit site treated by ATI",
        "Longitude": -84.4431,
        "Latitude": 42.1133
      }
    },
    {
      "type": "Feature",
      "id": 222,
      "geometry": {
        "type": "Point",
        "coordinates": [
          -85.53349199999997,
          42.12515600000006
        ]
      },
      "properties": {
        "OBJECTID": 222,
        "LakeSiteName": "Sunset Lake",
        "County": "Kalamazoo",
        "SiteID": "WB-1912",
        "Staff1": "Dave Kenaga",
        "Staff2": "Doug Pullman (Aquest)",
        "Staff3": null,
        "Affiliation": "SOM",
        "SiteVisitType": "vegetation survey",
        "Year": 1992,
        "Comments": null,
        "Longitude": -85.533492,
        "Latitude": 42.125156
      }
    },
    {
      "type": "Feature",
      "id": 223,
      "geometry": {
        "type": "Point",
        "coordinates": [
          -85.57468399999999,
          42.18695700000006
        ]
      },
      "properties": {
        "OBJECTID": 223,
        "LakeSiteName": "West Lake",
        "County": "Kalamazoo",
        "SiteID": "WB-1561",
        "Staff1": "Dave Kenaga",
        "Staff2": "Jeff Knox (AS)",
        "Staff3": null,
        "Affiliation": "SOM",
        "SiteVisitType": "vegetation survey",
        "Year": 1992,
        "Comments": null,
        "Longitude": -85.574684,
        "Latitude": 42.186957
      }
    },
    {
      "type": "Feature",
      "id": 224,
      "geometry": {
        "type": "Point",
        "coordinates": [
          -85.53349199999997,
          42.12515600000006
        ]
      },
      "properties": {
        "OBJECTID": 224,
        "LakeSiteName": "Sunset Lake",
        "County": "Kalamazoo",
        "SiteID": "WB-1912",
        "Staff1": "Brian Carley",
        "Staff2": "Dave Kenaga",
        "Staff3": null,
        "Affiliation": "SOM",
        "SiteVisitType": "vegetation survey",
        "Year": 1993,
        "Comments": null,
        "Longitude": -85.533492,
        "Latitude": 42.125156
      }
    },
    {
      "type": "Feature",
      "id": 225,
      "geometry": {
        "type": "Point",
        "coordinates": [
          -85.57468399999999,
          42.18695700000006
        ]
      },
      "properties": {
        "OBJECTID": 225,
        "LakeSiteName": "West Lake",
        "County": "Kalamazoo",
        "SiteID": "WB-1561",
        "Staff1": "Dave Kenaga",
        "Staff2": "Brian Carley",
        "Staff3": null,
        "Affiliation": "SOM",
        "SiteVisitType": "vegetation survey",
        "Year": 1993,
        "Comments": null,
        "Longitude": -85.574684,
        "Latitude": 42.186957
      }
    },
    {
      "type": "Feature",
      "id": 226,
      "geometry": {
        "type": "Point",
        "coordinates": [
          -85.57468399999999,
          42.18695700000006
        ]
      },
      "properties": {
        "OBJECTID": 226,
        "LakeSiteName": "West Lake",
        "County": "Kalamazoo",
        "SiteID": "WB-1561",
        "Staff1": "Dave Kenaga",
        "Staff2": "Dave Schipper",
        "Staff3": null,
        "Affiliation": "SOM",
        "SiteVisitType": "vegetation survey",
        "Year": 1994,
        "Comments": null,
        "Longitude": -85.574684,
        "Latitude": 42.186957
      }
    },
    {
      "type": "Feature",
      "id": 227,
      "geometry": {
        "type": "Point",
        "coordinates": [
          -85.32129999999995,
          42.324100000000044
        ]
      },
      "properties": {
        "OBJECTID": 227,
        "LakeSiteName": "Eagle Lake (Charleston Twp)",
        "County": "Kalamazoo",
        "SiteID": "WB-4565",
        "Staff1": "Ned Rathbun",
        "Staff2": null,
        "Staff3": null,
        "Affiliation": "SOM",
        "SiteVisitType": "vegetation survey",
        "Year": 1995,
        "Comments": null,
        "Longitude": -85.3213,
        "Latitude": 42.3241
      }
    },
    {
      "type": "Feature",
      "id": 228,
      "geometry": {
        "type": "Point",
        "coordinates": [
          -85.35339999999997,
          42.313600000000065
        ]
      },
      "properties": {
        "OBJECTID": 228,
        "LakeSiteName": "Jackson Hole Lake",
        "County": "Kalamazoo",
        "SiteID": "WB-4566",
        "Staff1": "Ned Rathbun",
        "Staff2": null,
        "Staff3": null,
        "Affiliation": "SOM",
        "SiteVisitType": "vegetation survey",
        "Year": 1995,
        "Comments": null,
        "Longitude": -85.3534,
        "Latitude": 42.3136
      }
    },
    {
      "type": "Feature",
      "id": 229,
      "geometry": {
        "type": "Point",
        "coordinates": [
          -85.57468399999999,
          42.18695700000006
        ]
      },
      "properties": {
        "OBJECTID": 229,
        "LakeSiteName": "West Lake",
        "County": "Kalamazoo",
        "SiteID": "WB-1561",
        "Staff1": "Dave Kenaga",
        "Staff2": null,
        "Staff3": null,
        "Affiliation": "SOM",
        "SiteVisitType": "vegetation survey",
        "Year": 1995,
        "Comments": null,
        "Longitude": -85.574684,
        "Latitude": 42.186957
      }
    },
    {
      "type": "Feature",
      "id": 230,
      "geometry": {
        "type": "Point",
        "coordinates": [
          -85.35574899999995,
          42.30948500000005
        ]
      },
      "properties": {
        "OBJECTID": 230,
        "LakeSiteName": "Whitford Lake",
        "County": "Kalamazoo",
        "SiteID": "WB-4564",
        "Staff1": "Ned Rathbun",
        "Staff2": null,
        "Staff3": null,
        "Affiliation": "SOM",
        "SiteVisitType": "vegetation survey",
        "Year": 1995,
        "Comments": null,
        "Longitude": -85.355749,
        "Latitude": 42.309485
      }
    },
    {
      "type": "Feature",
      "id": 231,
      "geometry": {
        "type": "Point",
        "coordinates": [
          -85.57468399999999,
          42.18695700000006
        ]
      },
      "properties": {
        "OBJECTID": 231,
        "LakeSiteName": "West Lake",
        "County": "Kalamazoo",
        "SiteID": "WB-1561",
        "Staff1": "Dave Kenaga",
        "Staff2": null,
        "Staff3": null,
        "Affiliation": "SOM",
        "SiteVisitType": "vegetation survey",
        "Year": 1996,
        "Comments": null,
        "Longitude": -85.574684,
        "Latitude": 42.186957
      }
    },
    {
      "type": "Feature",
      "id": 232,
      "geometry": {
        "type": "Point",
        "coordinates": [
          -85.74153299999995,
          42.29341900000003
        ]
      },
      "properties": {
        "OBJECTID": 232,
        "LakeSiteName": "Springwood Lake",
        "County": "Kalamazoo",
        "SiteID": "WB-2025",
        "Staff1": "Dave Kenaga",
        "Staff2": null,
        "Staff3": null,
        "Affiliation": "SOM",
        "SiteVisitType": "vegetation survey",
        "Year": 1997,
        "Comments": null,
        "Longitude": -85.741533,
        "Latitude": 42.293419
      }
    },
    {
      "type": "Feature",
      "id": 233,
      "geometry": {
        "type": "Point",
        "coordinates": [
          -85.57468399999999,
          42.18695700000006
        ]
      },
      "properties": {
        "OBJECTID": 233,
        "LakeSiteName": "West Lake",
        "County": "Kalamazoo",
        "SiteID": "WB-1561",
        "Staff1": "Dave Schipper",
        "Staff2": "Dave Kenaga",
        "Staff3": null,
        "Affiliation": "SOM",
        "SiteVisitType": "vegetation survey",
        "Year": 1997,
        "Comments": null,
        "Longitude": -85.574684,
        "Latitude": 42.186957
      }
    },
    {
      "type": "Feature",
      "id": 234,
      "geometry": {
        "type": "Point",
        "coordinates": [
          -85.71767899999998,
          42.21606900000006
        ]
      },
      "properties": {
        "OBJECTID": 234,
        "LakeSiteName": "Eagle Lake (Texas Twp)",
        "County": "Kalamazoo",
        "SiteID": "WB-81",
        "Staff1": "Dave Schipper",
        "Staff2": "Lynn Dancy",
        "Staff3": "Eric Gray",
        "Affiliation": "SOM",
        "SiteVisitType": "vegetation survey",
        "Year": 1998,
        "Comments": null,
        "Longitude": -85.717679,
        "Latitude": 42.216069
      }
    },
    {
      "type": "Feature",
      "id": 235,
      "geometry": {
        "type": "Point",
        "coordinates": [
          -85.57468399999999,
          42.18695700000006
        ]
      },
      "properties": {
        "OBJECTID": 235,
        "LakeSiteName": "West Lake",
        "County": "Kalamazoo",
        "SiteID": "WB-1561",
        "Staff1": "Dave Schipper",
        "Staff2": "Dave Kenaga",
        "Staff3": null,
        "Affiliation": "SOM",
        "SiteVisitType": "vegetation survey",
        "Year": 1998,
        "Comments": null,
        "Longitude": -85.574684,
        "Latitude": 42.186957
      }
    },
    {
      "type": "Feature",
      "id": 236,
      "geometry": {
        "type": "Point",
        "coordinates": [
          -85.71767899999998,
          42.21606900000006
        ]
      },
      "properties": {
        "OBJECTID": 236,
        "LakeSiteName": "Eagle Lake (Texas Twp)",
        "County": "Kalamazoo",
        "SiteID": "WB-81",
        "Staff1": "Laura Esman",
        "Staff2": "Eric Bacon",
        "Staff3": "Jennifer Olson (DNR)",
        "Affiliation": "SOM",
        "SiteVisitType": "vegetation survey",
        "Year": 2000,
        "Comments": null,
        "Longitude": -85.717679,
        "Latitude": 42.216069
      }
    },
    {
      "type": "Feature",
      "id": 237,
      "geometry": {
        "type": "Point",
        "coordinates": [
          -85.57468399999999,
          42.18695700000006
        ]
      },
      "properties": {
        "OBJECTID": 237,
        "LakeSiteName": "West Lake",
        "County": "Kalamazoo",
        "SiteID": "WB-1561",
        "Staff1": "Eric Bacon",
        "Staff2": "Laura Esman",
        "Staff3": null,
        "Affiliation": "SOM",
        "SiteVisitType": "vegetation survey",
        "Year": 2000,
        "Comments": null,
        "Longitude": -85.574684,
        "Latitude": 42.186957
      }
    },
    {
      "type": "Feature",
      "id": 238,
      "geometry": {
        "type": "Point",
        "coordinates": [
          -85.57468399999999,
          42.18695700000006
        ]
      },
      "properties": {
        "OBJECTID": 238,
        "LakeSiteName": "West Lake",
        "County": "Kalamazoo",
        "SiteID": "WB-1561",
        "Staff1": "Laura Esman",
        "Staff2": "Eric Bacon",
        "Staff3": null,
        "Affiliation": "SOM",
        "SiteVisitType": "vegetation survey",
        "Year": 2001,
        "Comments": null,
        "Longitude": -85.574684,
        "Latitude": 42.186957
      }
    },
    {
      "type": "Feature",
      "id": 239,
      "geometry": {
        "type": "Point",
        "coordinates": [
          -85.74153299999995,
          42.29341900000003
        ]
      },
      "properties": {
        "OBJECTID": 239,
        "LakeSiteName": "Springwood Lake",
        "County": "Kalamazoo",
        "SiteID": "WB-2025",
        "Staff1": "Julie Sims",
        "Staff2": "Laura Esman",
        "Staff3": null,
        "Affiliation": "SOM",
        "SiteVisitType": "vegetation survey",
        "Year": 2004,
        "Comments": null,
        "Longitude": -85.741533,
        "Latitude": 42.293419
      }
    },
    {
      "type": "Feature",
      "id": 240,
      "geometry": {
        "type": "Point",
        "coordinates": [
          -85.56387299999994,
          42.098002000000065
        ]
      },
      "properties": {
        "OBJECTID": 240,
        "LakeSiteName": "Barton Lake",
        "County": "Kalamazoo",
        "SiteID": "WB-2784",
        "Staff1": "Eric Bacon",
        "Staff2": "John Riley",
        "Staff3": null,
        "Affiliation": "SOM",
        "SiteVisitType": "vegetation survey",
        "Year": 2007,
        "Comments": null,
        "Longitude": -85.563873,
        "Latitude": 42.098002
      }
    },
    {
      "type": "Feature",
      "id": 241,
      "geometry": {
        "type": "Point",
        "coordinates": [
          -85.52379999999994,
          42.193400000000054
        ]
      },
      "properties": {
        "OBJECTID": 241,
        "LakeSiteName": "Long Lake",
        "County": "Kalamazoo",
        "SiteID": "WB-65",
        "Staff1": "Eric Bacon",
        "Staff2": "John Riley",
        "Staff3": null,
        "Affiliation": "SOM",
        "SiteVisitType": "vegetation survey",
        "Year": 2007,
        "Comments": null,
        "Longitude": -85.5238,
        "Latitude": 42.1934
      }
    },
    {
      "type": "Feature",
      "id": 242,
      "geometry": {
        "type": "Point",
        "coordinates": [
          -85.71789999999999,
          42.21520000000004
        ]
      },
      "properties": {
        "OBJECTID": 242,
        "LakeSiteName": "Eagle Lake (Texas Twp)",
        "County": "Kalamazoo",
        "SiteID": "WB-81",
        "Staff1": "Eric Bacon",
        "Staff2": "Ryan Crouch",
        "Staff3": null,
        "Affiliation": "SOM",
        "SiteVisitType": "vegetation survey",
        "Year": 2017,
        "Comments": "Assement of previously allowed offshore native treatments",
        "Longitude": -85.7179,
        "Latitude": 42.2152
      }
    },
    {
      "type": "Feature",
      "id": 243,
      "geometry": {
        "type": "Point",
        "coordinates": [
          -85.53499099999999,
          42.12496800000008
        ]
      },
      "properties": {
        "OBJECTID": 243,
        "LakeSiteName": "Sunset Lake",
        "County": "Kalamazoo",
        "SiteID": "WB-1912",
        "Staff1": "Eric Bacon",
        "Staff2": "Ryan Crouch",
        "Staff3": "Jay Oh",
        "Affiliation": "SOM",
        "SiteVisitType": "vegetation survey",
        "Year": 2017,
        "Comments": "Issues with both protected and invasive species",
        "Longitude": -85.534991,
        "Latitude": 42.124968
      }
    },
    {
      "type": "Feature",
      "id": 244,
      "geometry": {
        "type": "Point",
        "coordinates": [
          -85.63825399999996,
          43.20638300000007
        ]
      },
      "properties": {
        "OBJECTID": 244,
        "LakeSiteName": "Lime Lake",
        "County": "Kent",
        "SiteID": "WB-2315",
        "Staff1": "Dave Kenaga",
        "Staff2": null,
        "Staff3": null,
        "Affiliation": "SOM",
        "SiteVisitType": "vegetation survey",
        "Year": 1990,
        "Comments": null,
        "Longitude": -85.638254,
        "Latitude": 43.206383
      }
    },
    {
      "type": "Feature",
      "id": 245,
      "geometry": {
        "type": "Point",
        "coordinates": [
          -85.49073899999996,
          43.09188500000005
        ]
      },
      "properties": {
        "OBJECTID": 245,
        "LakeSiteName": "Silver Lake",
        "County": "Kent",
        "SiteID": "WB-1427",
        "Staff1": "Dave Kenaga",
        "Staff2": null,
        "Staff3": null,
        "Affiliation": "SOM",
        "SiteVisitType": "vegetation survey",
        "Year": 1990,
        "Comments": null,
        "Longitude": -85.490739,
        "Latitude": 43.091885
      }
    },
    {
      "type": "Feature",
      "id": 246,
      "geometry": {
        "type": "Point",
        "coordinates": [
          -85.45843599999995,
          43.09154700000005
        ]
      },
      "properties": {
        "OBJECTID": 246,
        "LakeSiteName": "Bostwick Lake",
        "County": "Kent",
        "SiteID": "WB-1354",
        "Staff1": "Dave Kenaga",
        "Staff2": null,
        "Staff3": null,
        "Affiliation": "SOM",
        "SiteVisitType": "vegetation survey",
        "Year": 1991,
        "Comments": null,
        "Longitude": -85.458436,
        "Latitude": 43.091547
      }
    },
    {
      "type": "Feature",
      "id": 247,
      "geometry": {
        "type": "Point",
        "coordinates": [
          -85.51625499999994,
          43.09074100000004
        ]
      },
      "properties": {
        "OBJECTID": 247,
        "LakeSiteName": "Lake Bella Vista",
        "County": "Kent",
        "SiteID": "WB-1358",
        "Staff1": "Dave Kenaga",
        "Staff2": "Amy Hilt",
        "Staff3": null,
        "Affiliation": "SOM",
        "SiteVisitType": "vegetation survey",
        "Year": 1991,
        "Comments": null,
        "Longitude": -85.516255,
        "Latitude": 43.090741
      }
    },
    {
      "type": "Feature",
      "id": 248,
      "geometry": {
        "type": "Point",
        "coordinates": [
          -85.37736499999994,
          43.03157100000004
        ]
      },
      "properties": {
        "OBJECTID": 248,
        "LakeSiteName": "Murray Lake",
        "County": "Kent",
        "SiteID": "WB-1591",
        "Staff1": "Dave Kenaga",
        "Staff2": "Amy Hilt",
        "Staff3": null,
        "Affiliation": "SOM",
        "SiteVisitType": "vegetation survey",
        "Year": 1991,
        "Comments": null,
        "Longitude": -85.377365,
        "Latitude": 43.031571
      }
    },
    {
      "type": "Feature",
      "id": 249,
      "geometry": {
        "type": "Point",
        "coordinates": [
          -85.51625499999994,
          43.09074100000004
        ]
      },
      "properties": {
        "OBJECTID": 249,
        "LakeSiteName": "Lake Bella Vista",
        "County": "Kent",
        "SiteID": "WB-1358",
        "Staff1": "Dave Kenaga",
        "Staff2": "Amy Hilt",
        "Staff3": null,
        "Affiliation": "SOM",
        "SiteVisitType": "vegetation survey",
        "Year": 1992,
        "Comments": null,
        "Longitude": -85.516255,
        "Latitude": 43.090741
      }
    },
    {
      "type": "Feature",
      "id": 250,
      "geometry": {
        "type": "Point",
        "coordinates": [
          -85.51625499999994,
          43.09074100000004
        ]
      },
      "properties": {
        "OBJECTID": 250,
        "LakeSiteName": "Lake Bella Vista",
        "County": "Kent",
        "SiteID": "WB-1358",
        "Staff1": "Dave Kenaga",
        "Staff2": "Brian Carley",
        "Staff3": "Doug Pullman (Aquest)",
        "Affiliation": "SOM",
        "SiteVisitType": "vegetation survey",
        "Year": 1993,
        "Comments": null,
        "Longitude": -85.516255,
        "Latitude": 43.090741
      }
    },
    {
      "type": "Feature",
      "id": 251,
      "geometry": {
        "type": "Point",
        "coordinates": [
          -85.49073899999996,
          43.09188500000005
        ]
      },
      "properties": {
        "OBJECTID": 251,
        "LakeSiteName": "Silver Lake",
        "County": "Kent",
        "SiteID": "WB-1427",
        "Staff1": "Dave Kenaga",
        "Staff2": null,
        "Staff3": null,
        "Affiliation": "SOM",
        "SiteVisitType": "vegetation survey",
        "Year": 1993,
        "Comments": null,
        "Longitude": -85.490739,
        "Latitude": 43.091885
      }
    },
    {
      "type": "Feature",
      "id": 252,
      "geometry": {
        "type": "Point",
        "coordinates": [
          -85.51625499999994,
          43.09074100000004
        ]
      },
      "properties": {
        "OBJECTID": 252,
        "LakeSiteName": "Lake Bella Vista",
        "County": "Kent",
        "SiteID": "WB-1358",
        "Staff1": "Dave Kenaga",
        "Staff2": "Doug Pullman (Aquest)",
        "Staff3": null,
        "Affiliation": "SOM",
        "SiteVisitType": "vegetation survey",
        "Year": 1994,
        "Comments": null,
        "Longitude": -85.516255,
        "Latitude": 43.090741
      }
    },
    {
      "type": "Feature",
      "id": 253,
      "geometry": {
        "type": "Point",
        "coordinates": [
          -85.39382599999999,
          43.058178000000055
        ]
      },
      "properties": {
        "OBJECTID": 253,
        "LakeSiteName": "Big Crooked Lake",
        "County": "Kent",
        "SiteID": "WB-1351",
        "Staff1": "Ned Rathbun",
        "Staff2": null,
        "Staff3": null,
        "Affiliation": "SOM",
        "SiteVisitType": "vegetation survey",
        "Year": 1995,
        "Comments": null,
        "Longitude": -85.393826,
        "Latitude": 43.058178
      }
    },
    {
      "type": "Feature",
      "id": 254,
      "geometry": {
        "type": "Point",
        "coordinates": [
          -85.36490399999997,
          43.100520000000074
        ]
      },
      "properties": {
        "OBJECTID": 254,
        "LakeSiteName": "Big Pine Island Lake",
        "County": "Kent",
        "SiteID": "WB-1600",
        "Staff1": "Dave Kenaga",
        "Staff2": "Paul Hausler (Progressive AE)",
        "Staff3": null,
        "Affiliation": "SOM",
        "SiteVisitType": "vegetation survey",
        "Year": 1995,
        "Comments": null,
        "Longitude": -85.364904,
        "Latitude": 43.10052
      }
    },
    {
      "type": "Feature",
      "id": 255,
      "geometry": {
        "type": "Point",
        "coordinates": [
          -85.60866599999997,
          43.03018600000007
        ]
      },
      "properties": {
        "OBJECTID": 255,
        "LakeSiteName": "Dean Lake",
        "County": "Kent",
        "SiteID": "WB-1996",
        "Staff1": "Ned Rathbun",
        "Staff2": "Paul Hausler (Progressive AE)",
        "Staff3": null,
        "Affiliation": "SOM",
        "SiteVisitType": "vegetation survey",
        "Year": 1995,
        "Comments": null,
        "Longitude": -85.608666,
        "Latitude": 43.030186
      }
    },
    {
      "type": "Feature",
      "id": 256,
      "geometry": {
        "type": "Point",
        "coordinates": [
          -85.51625499999994,
          43.09074100000004
        ]
      },
      "properties": {
        "OBJECTID": 256,
        "LakeSiteName": "Lake Bella Vista",
        "County": "Kent",
        "SiteID": "WB-1358",
        "Staff1": "Dave Kenaga",
        "Staff2": "Paul Hausler (Progressive AE)",
        "Staff3": "Doug Pullman (Aquest)",
        "Affiliation": "SOM",
        "SiteVisitType": "vegetation survey",
        "Year": 1995,
        "Comments": null,
        "Longitude": -85.516255,
        "Latitude": 43.090741
      }
    },
    {
      "type": "Feature",
      "id": 257,
      "geometry": {
        "type": "Point",
        "coordinates": [
          -85.36490399999997,
          43.100520000000074
        ]
      },
      "properties": {
        "OBJECTID": 257,
        "LakeSiteName": "Big Pine Island Lake",
        "County": "Kent",
        "SiteID": "WB-1600",
        "Staff1": "Howard Wandell",
        "Staff2": "Dave Kenaga",
        "Staff3": "Paul Hausler (Progressive AE)",
        "Affiliation": "SOM",
        "SiteVisitType": "vegetation survey",
        "Year": 1996,
        "Comments": null,
        "Longitude": -85.364904,
        "Latitude": 43.10052
      }
    },
    {
      "type": "Feature",
      "id": 258,
      "geometry": {
        "type": "Point",
        "coordinates": [
          -85.39382599999999,
          43.058178000000055
        ]
      },
      "properties": {
        "OBJECTID": 258,
        "LakeSiteName": "Big Crooked Lake",
        "County": "Kent",
        "SiteID": "WB-1351",
        "Staff1": "Dave Kenaga",
        "Staff2": "Ned Rathbun",
        "Staff3": null,
        "Affiliation": "SOM",
        "SiteVisitType": "vegetation survey",
        "Year": 1997,
        "Comments": null,
        "Longitude": -85.393826,
        "Latitude": 43.058178
      }
    },
    {
      "type": "Feature",
      "id": 259,
      "geometry": {
        "type": "Point",
        "coordinates": [
          -85.36490399999997,
          43.100520000000074
        ]
      },
      "properties": {
        "OBJECTID": 259,
        "LakeSiteName": "Big Pine Island Lake",
        "County": "Kent",
        "SiteID": "WB-1600",
        "Staff1": "Dave Kenaga",
        "Staff2": "Dave Schipper",
        "Staff3": "Paul Hausler (Progressive AE)",
        "Affiliation": "SOM",
        "SiteVisitType": "vegetation survey",
        "Year": 1997,
        "Comments": null,
        "Longitude": -85.364904,
        "Latitude": 43.10052
      }
    },
    {
      "type": "Feature",
      "id": 260,
      "geometry": {
        "type": "Point",
        "coordinates": [
          -85.48506299999997,
          43.12803500000007
        ]
      },
      "properties": {
        "OBJECTID": 260,
        "LakeSiteName": "Little Brower Lake",
        "County": "Kent",
        "SiteID": "WB-1365",
        "Staff1": "Dave Kenaga",
        "Staff2": "Ned Rathbun",
        "Staff3": null,
        "Affiliation": "SOM",
        "SiteVisitType": "vegetation survey",
        "Year": 1997,
        "Comments": null,
        "Longitude": -85.485063,
        "Latitude": 43.128035
      }
    },
    {
      "type": "Feature",
      "id": 261,
      "geometry": {
        "type": "Point",
        "coordinates": [
          -85.60866599999997,
          43.03018600000007
        ]
      },
      "properties": {
        "OBJECTID": 261,
        "LakeSiteName": "Dean Lake",
        "County": "Kent",
        "SiteID": "WB-1996",
        "Staff1": "Eric Bacon",
        "Staff2": "Jeremie Wilson",
        "Staff3": null,
        "Affiliation": "SOM",
        "SiteVisitType": "vegetation survey",
        "Year": 1999,
        "Comments": null,
        "Longitude": -85.608666,
        "Latitude": 43.030186
      }
    },
    {
      "type": "Feature",
      "id": 262,
      "geometry": {
        "type": "Point",
        "coordinates": [
          -85.36009199999995,
          43.245194000000026
        ]
      },
      "properties": {
        "OBJECTID": 262,
        "LakeSiteName": "Lincoln Lake",
        "County": "Kent",
        "SiteID": "WB-2035",
        "Staff1": "Laura Esman",
        "Staff2": "Eric Bacon",
        "Staff3": null,
        "Affiliation": "SOM",
        "SiteVisitType": "vegetation survey",
        "Year": 1999,
        "Comments": null,
        "Longitude": -85.360092,
        "Latitude": 43.245194
      }
    },
    {
      "type": "Feature",
      "id": 263,
      "geometry": {
        "type": "Point",
        "coordinates": [
          -85.46736499999997,
          43.21892100000008
        ]
      },
      "properties": {
        "OBJECTID": 263,
        "LakeSiteName": "Pine Lake",
        "County": "Kent",
        "SiteID": "WB-2278",
        "Staff1": null,
        "Staff2": null,
        "Staff3": null,
        "Affiliation": "SOM",
        "SiteVisitType": "vegetation survey",
        "Year": 2001,
        "Comments": null,
        "Longitude": -85.467365,
        "Latitude": 43.218921
      }
    },
    {
      "type": "Feature",
      "id": 264,
      "geometry": {
        "type": "Point",
        "coordinates": [
          -85.44869599999998,
          42.83817700000003
        ]
      },
      "properties": {
        "OBJECTID": 264,
        "LakeSiteName": "Campau Kettle Lake",
        "County": "Kent",
        "SiteID": "WB-1418",
        "Staff1": "Laura Esman",
        "Staff2": "Eric Bacon",
        "Staff3": null,
        "Affiliation": "SOM",
        "SiteVisitType": "vegetation survey",
        "Year": 2002,
        "Comments": null,
        "Longitude": -85.448696,
        "Latitude": 42.838177
      }
    },
    {
      "type": "Feature",
      "id": 265,
      "geometry": {
        "type": "Point",
        "coordinates": [
          -85.63825399999996,
          43.20638300000007
        ]
      },
      "properties": {
        "OBJECTID": 265,
        "LakeSiteName": "Lime Lake",
        "County": "Kent",
        "SiteID": "WB-2315",
        "Staff1": "Eric Bacon",
        "Staff2": "Laura Esman",
        "Staff3": null,
        "Affiliation": "SOM",
        "SiteVisitType": "vegetation survey",
        "Year": 2002,
        "Comments": null,
        "Longitude": -85.638254,
        "Latitude": 43.206383
      }
    },
    {
      "type": "Feature",
      "id": 266,
      "geometry": {
        "type": "Point",
        "coordinates": [
          -85.49122999999997,
          43.14039100000008
        ]
      },
      "properties": {
        "OBJECTID": 266,
        "LakeSiteName": "Little Myers Lake",
        "County": "Kent",
        "SiteID": "WB-2081",
        "Staff1": "Eric Bacon",
        "Staff2": "Laura Esman",
        "Staff3": null,
        "Affiliation": "SOM",
        "SiteVisitType": "vegetation survey",
        "Year": 2002,
        "Comments": null,
        "Longitude": -85.49123,
        "Latitude": 43.140391
      }
    },
    {
      "type": "Feature",
      "id": 267,
      "geometry": {
        "type": "Point",
        "coordinates": [
          -85.46736499999997,
          43.21892100000008
        ]
      },
      "properties": {
        "OBJECTID": 267,
        "LakeSiteName": "Pine Lake",
        "County": "Kent",
        "SiteID": "WB-2278",
        "Staff1": null,
        "Staff2": null,
        "Staff3": null,
        "Affiliation": "SOM",
        "SiteVisitType": "vegetation survey",
        "Year": 2002,
        "Comments": null,
        "Longitude": -85.467365,
        "Latitude": 43.218921
      }
    },
    {
      "type": "Feature",
      "id": 268,
      "geometry": {
        "type": "Point",
        "coordinates": [
          -85.48506299999997,
          43.12803500000007
        ]
      },
      "properties": {
        "OBJECTID": 268,
        "LakeSiteName": "Little Brower Lake",
        "County": "Kent",
        "SiteID": "WB-1365",
        "Staff1": "Eric Bacon",
        "Staff2": "Matt Preisser",
        "Staff3": null,
        "Affiliation": "SOM",
        "SiteVisitType": "vegetation survey",
        "Year": 2003,
        "Comments": null,
        "Longitude": -85.485063,
        "Latitude": 43.128035
      }
    },
    {
      "type": "Feature",
      "id": 269,
      "geometry": {
        "type": "Point",
        "coordinates": [
          -85.37736499999994,
          43.03157100000004
        ]
      },
      "properties": {
        "OBJECTID": 269,
        "LakeSiteName": "Murray Lake",
        "County": "Kent",
        "SiteID": "WB-1591",
        "Staff1": "Matt Preisser",
        "Staff2": "Eric Bacon",
        "Staff3": null,
        "Affiliation": "SOM",
        "SiteVisitType": "vegetation survey",
        "Year": 2003,
        "Comments": null,
        "Longitude": -85.377365,
        "Latitude": 43.031571
      }
    },
    {
      "type": "Feature",
      "id": 270,
      "geometry": {
        "type": "Point",
        "coordinates": [
          -85.46736499999997,
          43.21892100000008
        ]
      },
      "properties": {
        "OBJECTID": 270,
        "LakeSiteName": "Pine Lake",
        "County": "Kent",
        "SiteID": "WB-2278",
        "Staff1": null,
        "Staff2": null,
        "Staff3": null,
        "Affiliation": "SOM",
        "SiteVisitType": "vegetation survey",
        "Year": 2003,
        "Comments": null,
        "Longitude": -85.467365,
        "Latitude": 43.218921
      }
    },
    {
      "type": "Feature",
      "id": 271,
      "geometry": {
        "type": "Point",
        "coordinates": [
          -85.37866499999996,
          43.13789600000007
        ]
      },
      "properties": {
        "OBJECTID": 271,
        "LakeSiteName": "Wabasis Lake",
        "County": "Kent",
        "SiteID": "WB-1458",
        "Staff1": "Eric Bacon",
        "Staff2": "Matt Preisser",
        "Staff3": null,
        "Affiliation": "SOM",
        "SiteVisitType": "vegetation survey",
        "Year": 2003,
        "Comments": null,
        "Longitude": -85.378665,
        "Latitude": 43.137896
      }
    },
    {
      "type": "Feature",
      "id": 272,
      "geometry": {
        "type": "Point",
        "coordinates": [
          -85.45843599999995,
          43.09154700000005
        ]
      },
      "properties": {
        "OBJECTID": 272,
        "LakeSiteName": "Bostwick Lake",
        "County": "Kent",
        "SiteID": "WB-1354",
        "Staff1": "Lisa Huberty",
        "Staff2": "Matt Preisser",
        "Staff3": null,
        "Affiliation": "SOM",
        "SiteVisitType": "vegetation survey",
        "Year": 2004,
        "Comments": null,
        "Longitude": -85.458436,
        "Latitude": 43.091547
      }
    },
    {
      "type": "Feature",
      "id": 273,
      "geometry": {
        "type": "Point",
        "coordinates": [
          -85.65519499999994,
          43.09301100000005
        ]
      },
      "properties": {
        "OBJECTID": 273,
        "LakeSiteName": "Little Pine Island Lake",
        "County": "Kent",
        "SiteID": "WB-145",
        "Staff1": "Julie Sims",
        "Staff2": "Laura Esman",
        "Staff3": null,
        "Affiliation": "SOM",
        "SiteVisitType": "vegetation survey",
        "Year": 2004,
        "Comments": null,
        "Longitude": -85.655195,
        "Latitude": 43.093011
      }
    },
    {
      "type": "Feature",
      "id": 274,
      "geometry": {
        "type": "Point",
        "coordinates": [
          -85.46736499999997,
          43.21892100000008
        ]
      },
      "properties": {
        "OBJECTID": 274,
        "LakeSiteName": "Pine Lake",
        "County": "Kent",
        "SiteID": "WB-2278",
        "Staff1": null,
        "Staff2": null,
        "Staff3": null,
        "Affiliation": "SOM",
        "SiteVisitType": "vegetation survey",
        "Year": 2004,
        "Comments": null,
        "Longitude": -85.467365,
        "Latitude": 43.218921
      }
    },
    {
      "type": "Feature",
      "id": 275,
      "geometry": {
        "type": "Point",
        "coordinates": [
          -85.46736499999997,
          43.21892100000008
        ]
      },
      "properties": {
        "OBJECTID": 275,
        "LakeSiteName": "Pine Lake",
        "County": "Kent",
        "SiteID": "WB-2278",
        "Staff1": null,
        "Staff2": null,
        "Staff3": null,
        "Affiliation": "SOM",
        "SiteVisitType": "vegetation survey",
        "Year": 2005,
        "Comments": null,
        "Longitude": -85.467365,
        "Latitude": 43.218921
      }
    },
    {
      "type": "Feature",
      "id": 276,
      "geometry": {
        "type": "Point",
        "coordinates": [
          -85.36009199999995,
          43.245194000000026
        ]
      },
      "properties": {
        "OBJECTID": 276,
        "LakeSiteName": "Lincoln Lake",
        "County": "Kent",
        "SiteID": "WB-2035",
        "Staff1": "Matt Preisser",
        "Staff2": null,
        "Staff3": null,
        "Affiliation": "SOM",
        "SiteVisitType": "vegetation survey",
        "Year": 2006,
        "Comments": null,
        "Longitude": -85.360092,
        "Latitude": 43.245194
      }
    },
    {
      "type": "Feature",
      "id": 277,
      "geometry": {
        "type": "Point",
        "coordinates": [
          -85.46736499999997,
          43.21892100000008
        ]
      },
      "properties": {
        "OBJECTID": 277,
        "LakeSiteName": "Pine Lake",
        "County": "Kent",
        "SiteID": "WB-2278",
        "Staff1": null,
        "Staff2": null,
        "Staff3": null,
        "Affiliation": "SOM",
        "SiteVisitType": "vegetation survey",
        "Year": 2006,
        "Comments": null,
        "Longitude": -85.467365,
        "Latitude": 43.218921
      }
    },
    {
      "type": "Feature",
      "id": 278,
      "geometry": {
        "type": "Point",
        "coordinates": [
          -85.46736499999997,
          43.21892100000008
        ]
      },
      "properties": {
        "OBJECTID": 278,
        "LakeSiteName": "Pine Lake",
        "County": "Kent",
        "SiteID": "WB-2278",
        "Staff1": null,
        "Staff2": null,
        "Staff3": null,
        "Affiliation": "SOM",
        "SiteVisitType": "vegetation survey",
        "Year": 2008,
        "Comments": null,
        "Longitude": -85.467365,
        "Latitude": 43.218921
      }
    },
    {
      "type": "Feature",
      "id": 279,
      "geometry": {
        "type": "Point",
        "coordinates": [
          -85.46736499999997,
          43.21892100000008
        ]
      },
      "properties": {
        "OBJECTID": 279,
        "LakeSiteName": "Pine Lake",
        "County": "Kent",
        "SiteID": "WB-2278",
        "Staff1": null,
        "Staff2": null,
        "Staff3": null,
        "Affiliation": "SOM",
        "SiteVisitType": "vegetation survey",
        "Year": 2010,
        "Comments": null,
        "Longitude": -85.467365,
        "Latitude": 43.218921
      }
    },
    {
      "type": "Feature",
      "id": 280,
      "geometry": {
        "type": "Point",
        "coordinates": [
          -85.46736499999997,
          43.21892100000008
        ]
      },
      "properties": {
        "OBJECTID": 280,
        "LakeSiteName": "Pine Lake",
        "County": "Kent",
        "SiteID": "WB-2278",
        "Staff1": "Eric Bacon",
        "Staff2": "Amanda Whitscell",
        "Staff3": null,
        "Affiliation": "SOM",
        "SiteVisitType": "vegetation survey",
        "Year": 2011,
        "Comments": null,
        "Longitude": -85.467365,
        "Latitude": 43.218921
      }
    },
    {
      "type": "Feature",
      "id": 281,
      "geometry": {
        "type": "Point",
        "coordinates": [
          -85.46736499999997,
          43.21892100000008
        ]
      },
      "properties": {
        "OBJECTID": 281,
        "LakeSiteName": "Pine Lake",
        "County": "Kent",
        "SiteID": "WB-2278",
        "Staff1": null,
        "Staff2": null,
        "Staff3": null,
        "Affiliation": "SOM",
        "SiteVisitType": "vegetation survey",
        "Year": 2012,
        "Comments": null,
        "Longitude": -85.467365,
        "Latitude": 43.218921
      }
    },
    {
      "type": "Feature",
      "id": 282,
      "geometry": {
        "type": "Point",
        "coordinates": [
          -85.46736499999997,
          43.21892100000008
        ]
      },
      "properties": {
        "OBJECTID": 282,
        "LakeSiteName": "Pine Lake",
        "County": "Kent",
        "SiteID": "WB-2278",
        "Staff1": null,
        "Staff2": null,
        "Staff3": null,
        "Affiliation": "SOM",
        "SiteVisitType": "vegetation survey",
        "Year": 2013,
        "Comments": null,
        "Longitude": -85.467365,
        "Latitude": 43.218921
      }
    },
    {
      "type": "Feature",
      "id": 283,
      "geometry": {
        "type": "Point",
        "coordinates": [
          -85.46736499999997,
          43.21892100000008
        ]
      },
      "properties": {
        "OBJECTID": 283,
        "LakeSiteName": "Pine Lake",
        "County": "Kent",
        "SiteID": "WB-2278",
        "Staff1": null,
        "Staff2": null,
        "Staff3": null,
        "Affiliation": "SOM",
        "SiteVisitType": "vegetation survey",
        "Year": 2015,
        "Comments": null,
        "Longitude": -85.467365,
        "Latitude": 43.218921
      }
    },
    {
      "type": "Feature",
      "id": 284,
      "geometry": {
        "type": "Point",
        "coordinates": [
          -85.47939799999995,
          42.88254900000004
        ]
      },
      "properties": {
        "OBJECTID": 284,
        "LakeSiteName": "Thornapple River (Cascade Township)",
        "County": "Kent",
        "SiteID": "WB-1165",
        "Staff1": "Ryan Crouch",
        "Staff2": "Lisa Huberty",
        "Staff3": "Isabel Latvaitis",
        "Affiliation": "ANC",
        "SiteVisitType": "vegetation survey",
        "Year": 2022,
        "Comments": null,
        "Longitude": -85.479398,
        "Latitude": 42.882549
      }
    },
    {
      "type": "Feature",
      "id": 285,
      "geometry": {
        "type": "Point",
        "coordinates": [
          -85.97452299999998,
          44.066009000000065
        ]
      },
      "properties": {
        "OBJECTID": 285,
        "LakeSiteName": "Loon Lake",
        "County": "Lake",
        "SiteID": "WB-1955",
        "Staff1": "Eric Bacon",
        "Staff2": "Laura Esman",
        "Staff3": null,
        "Affiliation": "SOM",
        "SiteVisitType": "vegetation survey",
        "Year": 2001,
        "Comments": null,
        "Longitude": -85.974523,
        "Latitude": 44.066009
      }
    },
    {
      "type": "Feature",
      "id": 286,
      "geometry": {
        "type": "Point",
        "coordinates": [
          -85.97452299999998,
          44.066009000000065
        ]
      },
      "properties": {
        "OBJECTID": 286,
        "LakeSiteName": "Loon Lake",
        "County": "Lake",
        "SiteID": "WB-1955",
        "Staff1": "Matt Preisser",
        "Staff2": "Laura Esman",
        "Staff3": "Lisa Huberty",
        "Affiliation": "SOM",
        "SiteVisitType": "vegetation survey",
        "Year": 2004,
        "Comments": null,
        "Longitude": -85.974523,
        "Latitude": 44.066009
      }
    },
    {
      "type": "Feature",
      "id": 287,
      "geometry": {
        "type": "Point",
        "coordinates": [
          -85.79616399999998,
          43.89472800000004
        ]
      },
      "properties": {
        "OBJECTID": 287,
        "LakeSiteName": "Paradise Lake",
        "County": "Lake",
        "SiteID": "WB-869",
        "Staff1": "Lisa Huberty",
        "Staff2": "Matt Preisser",
        "Staff3": "Laura Esman",
        "Affiliation": "SOM",
        "SiteVisitType": "vegetation survey",
        "Year": 2004,
        "Comments": null,
        "Longitude": -85.796164,
        "Latitude": 43.894728
      }
    },
    {
      "type": "Feature",
      "id": 288,
      "geometry": {
        "type": "Point",
        "coordinates": [
          -85.97790799999996,
          44.08262200000007
        ]
      },
      "properties": {
        "OBJECTID": 288,
        "LakeSiteName": "Big Bass Lake",
        "County": "Lake",
        "SiteID": "WB-2971",
        "Staff1": "Lisa Huberty",
        "Staff2": "Eric Bacon",
        "Staff3": "Ross Helmer",
        "Affiliation": "ANC",
        "SiteVisitType": "vegetation survey",
        "Year": 2022,
        "Comments": null,
        "Longitude": -85.977908,
        "Latitude": 44.082622
      }
    },
    {
      "type": "Feature",
      "id": 289,
      "geometry": {
        "type": "Point",
        "coordinates": [
          -83.32539999999995,
          42.95167800000007
        ]
      },
      "properties": {
        "OBJECTID": 289,
        "LakeSiteName": "Merritt Lake",
        "County": "Lapeer",
        "SiteID": "WB-1339",
        "Staff1": "Howard Wandell",
        "Staff2": null,
        "Staff3": null,
        "Affiliation": "SOM",
        "SiteVisitType": "vegetation survey",
        "Year": 1990,
        "Comments": null,
        "Longitude": -83.3254,
        "Latitude": 42.951678
      }
    },
    {
      "type": "Feature",
      "id": 290,
      "geometry": {
        "type": "Point",
        "coordinates": [
          -83.32539999999995,
          42.95167800000007
        ]
      },
      "properties": {
        "OBJECTID": 290,
        "LakeSiteName": "Merritt Lake",
        "County": "Lapeer",
        "SiteID": "WB-1339",
        "Staff1": "Dave Kenaga",
        "Staff2": null,
        "Staff3": null,
        "Affiliation": "SOM",
        "SiteVisitType": "vegetation survey",
        "Year": 1991,
        "Comments": null,
        "Longitude": -83.3254,
        "Latitude": 42.951678
      }
    },
    {
      "type": "Feature",
      "id": 291,
      "geometry": {
        "type": "Point",
        "coordinates": [
          -83.30307999999997,
          43.184060000000045
        ]
      },
      "properties": {
        "OBJECTID": 291,
        "LakeSiteName": "Barnes Lake",
        "County": "Lapeer",
        "SiteID": "WB-1548",
        "Staff1": "Brian Carley",
        "Staff2": "Dave Kenaga",
        "Staff3": null,
        "Affiliation": "SOM",
        "SiteVisitType": "vegetation survey",
        "Year": 1992,
        "Comments": null,
        "Longitude": -83.30308,
        "Latitude": 43.18406
      }
    },
    {
      "type": "Feature",
      "id": 292,
      "geometry": {
        "type": "Point",
        "coordinates": [
          -83.32539999999995,
          42.95167800000007
        ]
      },
      "properties": {
        "OBJECTID": 292,
        "LakeSiteName": "Merritt Lake",
        "County": "Lapeer",
        "SiteID": "WB-1339",
        "Staff1": "Dave Kenaga",
        "Staff2": null,
        "Staff3": null,
        "Affiliation": "SOM",
        "SiteVisitType": "vegetation survey",
        "Year": 1992,
        "Comments": null,
        "Longitude": -83.3254,
        "Latitude": 42.951678
      }
    },
    {
      "type": "Feature",
      "id": 293,
      "geometry": {
        "type": "Point",
        "coordinates": [
          -83.30307999999997,
          43.184060000000045
        ]
      },
      "properties": {
        "OBJECTID": 293,
        "LakeSiteName": "Barnes",
        "County": "Lapeer",
        "SiteID": "WB-1548",
        "Staff1": "Brian Carley",
        "Staff2": "Jeff Knox (AS)",
        "Staff3": null,
        "Affiliation": "SOM",
        "SiteVisitType": "vegetation survey",
        "Year": 1993,
        "Comments": null,
        "Longitude": -83.30308,
        "Latitude": 43.18406
      }
    },
    {
      "type": "Feature",
      "id": 294,
      "geometry": {
        "type": "Point",
        "coordinates": [
          -83.33271099999996,
          42.95915100000008
        ]
      },
      "properties": {
        "OBJECTID": 294,
        "LakeSiteName": "Lake Metamora",
        "County": "Lapeer",
        "SiteID": "WB-1483",
        "Staff1": "Dave Kenaga",
        "Staff2": null,
        "Staff3": null,
        "Affiliation": "SOM",
        "SiteVisitType": "vegetation survey",
        "Year": 1993,
        "Comments": null,
        "Longitude": -83.332711,
        "Latitude": 42.959151
      }
    },
    {
      "type": "Feature",
      "id": 295,
      "geometry": {
        "type": "Point",
        "coordinates": [
          -83.32539999999995,
          42.95167800000007
        ]
      },
      "properties": {
        "OBJECTID": 295,
        "LakeSiteName": "Merritt Lake",
        "County": "Lapeer",
        "SiteID": "WB-1339",
        "Staff1": "Dave Kenaga",
        "Staff2": null,
        "Staff3": null,
        "Affiliation": "SOM",
        "SiteVisitType": "vegetation survey",
        "Year": 1993,
        "Comments": null,
        "Longitude": -83.3254,
        "Latitude": 42.951678
      }
    },
    {
      "type": "Feature",
      "id": 296,
      "geometry": {
        "type": "Point",
        "coordinates": [
          -83.32539999999995,
          42.95167800000007
        ]
      },
      "properties": {
        "OBJECTID": 296,
        "LakeSiteName": "Merritt Lake",
        "County": "Lapeer",
        "SiteID": "WB-1339",
        "Staff1": "Dave Kenaga",
        "Staff2": "Ned Rathbun",
        "Staff3": "Doug Pullman (Aquest)",
        "Affiliation": "SOM",
        "SiteVisitType": "vegetation survey",
        "Year": 1994,
        "Comments": null,
        "Longitude": -83.3254,
        "Latitude": 42.951678
      }
    },
    {
      "type": "Feature",
      "id": 297,
      "geometry": {
        "type": "Point",
        "coordinates": [
          -83.30307999999997,
          43.184060000000045
        ]
      },
      "properties": {
        "OBJECTID": 297,
        "LakeSiteName": "Barnes Lake",
        "County": "Lapeer",
        "SiteID": "WB-1548",
        "Staff1": "Dave Kenaga",
        "Staff2": "Doug Pullman (Aquest)",
        "Staff3": null,
        "Affiliation": "SOM",
        "SiteVisitType": "vegetation survey",
        "Year": 1995,
        "Comments": null,
        "Longitude": -83.30308,
        "Latitude": 43.18406
      }
    },
    {
      "type": "Feature",
      "id": 298,
      "geometry": {
        "type": "Point",
        "coordinates": [
          -83.33271099999996,
          42.95915100000008
        ]
      },
      "properties": {
        "OBJECTID": 298,
        "LakeSiteName": "Lake Metamora",
        "County": "Lapeer",
        "SiteID": "WB-1483",
        "Staff1": "Dave Kenaga",
        "Staff2": null,
        "Staff3": null,
        "Affiliation": "SOM",
        "SiteVisitType": "vegetation survey",
        "Year": 1995,
        "Comments": null,
        "Longitude": -83.332711,
        "Latitude": 42.959151
      }
    },
    {
      "type": "Feature",
      "id": 299,
      "geometry": {
        "type": "Point",
        "coordinates": [
          -83.32539999999995,
          42.95167800000007
        ]
      },
      "properties": {
        "OBJECTID": 299,
        "LakeSiteName": "Merritt Lake",
        "County": "Lapeer",
        "SiteID": "WB-1339",
        "Staff1": "Dave Kenaga",
        "Staff2": "Dave Schipper",
        "Staff3": null,
        "Affiliation": "SOM",
        "SiteVisitType": "vegetation survey",
        "Year": 1995,
        "Comments": null,
        "Longitude": -83.3254,
        "Latitude": 42.951678
      }
    },
    {
      "type": "Feature",
      "id": 300,
      "geometry": {
        "type": "Point",
        "coordinates": [
          -83.34795899999995,
          42.94189300000005
        ]
      },
      "properties": {
        "OBJECTID": 300,
        "LakeSiteName": "Minnawanna Lake",
        "County": "Lapeer",
        "SiteID": "WB-2133",
        "Staff1": "Dave Kenaga",
        "Staff2": null,
        "Staff3": null,
        "Affiliation": "SOM",
        "SiteVisitType": "vegetation survey",
        "Year": 1995,
        "Comments": null,
        "Longitude": -83.347959,
        "Latitude": 42.941893
      }
    },
    {
      "type": "Feature",
      "id": 301,
      "geometry": {
        "type": "Point",
        "coordinates": [
          -83.32539999999995,
          42.95167800000007
        ]
      },
      "properties": {
        "OBJECTID": 301,
        "LakeSiteName": "Merritt Lake",
        "County": "Lapeer",
        "SiteID": "WB-1339",
        "Staff1": "Dave Kenaga",
        "Staff2": "Ned Rathbun",
        "Staff3": null,
        "Affiliation": "SOM",
        "SiteVisitType": "vegetation survey",
        "Year": 1996,
        "Comments": null,
        "Longitude": -83.3254,
        "Latitude": 42.951678
      }
    },
    {
      "type": "Feature",
      "id": 302,
      "geometry": {
        "type": "Point",
        "coordinates": [
          -83.34795899999995,
          42.94189300000005
        ]
      },
      "properties": {
        "OBJECTID": 302,
        "LakeSiteName": "Minnawanna Lake",
        "County": "Lapeer",
        "SiteID": "WB-2133",
        "Staff1": "Howard Wandell",
        "Staff2": "Dave Kenaga",
        "Staff3": "Ned Rathbun",
        "Affiliation": "SOM",
        "SiteVisitType": "vegetation survey",
        "Year": 1996,
        "Comments": null,
        "Longitude": -83.347959,
        "Latitude": 42.941893
      }
    },
    {
      "type": "Feature",
      "id": 303,
      "geometry": {
        "type": "Point",
        "coordinates": [
          -83.32539999999995,
          42.95167800000007
        ]
      },
      "properties": {
        "OBJECTID": 303,
        "LakeSiteName": "Merritt Lake",
        "County": "Lapeer",
        "SiteID": "WB-1339",
        "Staff1": "Dave Kenaga",
        "Staff2": null,
        "Staff3": null,
        "Affiliation": "SOM",
        "SiteVisitType": "vegetation survey",
        "Year": 1997,
        "Comments": null,
        "Longitude": -83.3254,
        "Latitude": 42.951678
      }
    },
    {
      "type": "Feature",
      "id": 304,
      "geometry": {
        "type": "Point",
        "coordinates": [
          -83.34795899999995,
          42.94189300000005
        ]
      },
      "properties": {
        "OBJECTID": 304,
        "LakeSiteName": "Minnawanna Lake",
        "County": "Lapeer",
        "SiteID": "WB-2133",
        "Staff1": "Dave Kenaga",
        "Staff2": "Dave Schipper",
        "Staff3": null,
        "Affiliation": "SOM",
        "SiteVisitType": "vegetation survey",
        "Year": 1997,
        "Comments": null,
        "Longitude": -83.347959,
        "Latitude": 42.941893
      }
    },
    {
      "type": "Feature",
      "id": 305,
      "geometry": {
        "type": "Point",
        "coordinates": [
          -83.39350599999995,
          43.08842800000008
        ]
      },
      "properties": {
        "OBJECTID": 305,
        "LakeSiteName": "Skinner Lake",
        "County": "Lapeer",
        "SiteID": "WB-1674",
        "Staff1": "Dave Kenaga",
        "Staff2": "Dave Schipper",
        "Staff3": null,
        "Affiliation": "SOM",
        "SiteVisitType": "vegetation survey",
        "Year": 1997,
        "Comments": null,
        "Longitude": -83.393506,
        "Latitude": 43.088428
      }
    },
    {
      "type": "Feature",
      "id": 306,
      "geometry": {
        "type": "Point",
        "coordinates": [
          -83.30291499999998,
          43.184971000000075
        ]
      },
      "properties": {
        "OBJECTID": 306,
        "LakeSiteName": "Barnes Lake",
        "County": "Lapeer",
        "SiteID": "WB-1548",
        "Staff1": "Dave Schipper",
        "Staff2": "Eric Bacon",
        "Staff3": null,
        "Affiliation": "SOM",
        "SiteVisitType": "vegetation survey",
        "Year": 1998,
        "Comments": null,
        "Longitude": -83.302915,
        "Latitude": 43.184971
      }
    },
    {
      "type": "Feature",
      "id": 307,
      "geometry": {
        "type": "Point",
        "coordinates": [
          -83.32539999999995,
          42.95167800000007
        ]
      },
      "properties": {
        "OBJECTID": 307,
        "LakeSiteName": "Merritt Lake",
        "County": "Lapeer",
        "SiteID": "WB-1339",
        "Staff1": "Dave Schipper",
        "Staff2": "Eric Bacon",
        "Staff3": "Gary Bower (Adept Aquatic)",
        "Affiliation": "SOM",
        "SiteVisitType": "vegetation survey",
        "Year": 1998,
        "Comments": null,
        "Longitude": -83.3254,
        "Latitude": 42.951678
      }
    },
    {
      "type": "Feature",
      "id": 308,
      "geometry": {
        "type": "Point",
        "coordinates": [
          -83.30307999999997,
          43.184060000000045
        ]
      },
      "properties": {
        "OBJECTID": 308,
        "LakeSiteName": "Barnes Lake",
        "County": "Lapeer",
        "SiteID": "WB-1548",
        "Staff1": "Eric Bacon",
        "Staff2": "Ryan Crouch",
        "Staff3": "Sarah Bowman",
        "Affiliation": "SOM",
        "SiteVisitType": "vegetation survey",
        "Year": 2019,
        "Comments": null,
        "Longitude": -83.30308,
        "Latitude": 43.18406
      }
    },
    {
      "type": "Feature",
      "id": 309,
      "geometry": {
        "type": "Point",
        "coordinates": [
          -84.30173399999995,
          41.897271000000046
        ]
      },
      "properties": {
        "OBJECTID": 309,
        "LakeSiteName": "Posey Lake",
        "County": "Lenawee",
        "SiteID": "WB-2975",
        "Staff1": "John Riley",
        "Staff2": "Eric Bacon",
        "Staff3": null,
        "Affiliation": "SOM",
        "SiteVisitType": "vegetation survey",
        "Year": 2009,
        "Comments": null,
        "Longitude": -84.301734,
        "Latitude": 41.897271
      }
    },
    {
      "type": "Feature",
      "id": 310,
      "geometry": {
        "type": "Point",
        "coordinates": [
          -84.28555899999998,
          42.04046200000005
        ]
      },
      "properties": {
        "OBJECTID": 310,
        "LakeSiteName": "South Lake",
        "County": "Lenawee",
        "SiteID": "WB-2969",
        "Staff1": "Brett Wiseley",
        "Staff2": "Lisa Huberty",
        "Staff3": null,
        "Affiliation": "SOM",
        "SiteVisitType": "vegetation survey",
        "Year": 2009,
        "Comments": null,
        "Longitude": -84.285559,
        "Latitude": 42.040462
      }
    },
    {
      "type": "Feature",
      "id": 311,
      "geometry": {
        "type": "Point",
        "coordinates": [
          -84.28796899999998,
          41.99206000000004
        ]
      },
      "properties": {
        "OBJECTID": 311,
        "LakeSiteName": "Devils Lake",
        "County": "Lenawee",
        "SiteID": "WB-278",
        "Staff1": "Eric Bacon",
        "Staff2": "Lisa Huberty",
        "Staff3": "Isabel Latvaitis",
        "Affiliation": "ANC",
        "SiteVisitType": "vegetation survey",
        "Year": 2022,
        "Comments": null,
        "Longitude": -84.287969,
        "Latitude": 41.99206
      }
    },
    {
      "type": "Feature",
      "id": 312,
      "geometry": {
        "type": "Point",
        "coordinates": [
          -83.91373699999997,
          42.611912000000075
        ]
      },
      "properties": {
        "OBJECTID": 312,
        "LakeSiteName": "Thompson Lake",
        "County": "Livingston",
        "SiteID": "WB-1523",
        "Staff1": "Maureen Hein",
        "Staff2": null,
        "Staff3": null,
        "Affiliation": "SOM",
        "SiteVisitType": "vegetation survey",
        "Year": 1986,
        "Comments": null,
        "Longitude": -83.913737,
        "Latitude": 42.611912
      }
    },
    {
      "type": "Feature",
      "id": 313,
      "geometry": {
        "type": "Point",
        "coordinates": [
          -83.99118299999998,
          42.427024000000074
        ]
      },
      "properties": {
        "OBJECTID": 313,
        "LakeSiteName": "Hiland Lake",
        "County": "Livingston",
        "SiteID": "WB-1705",
        "Staff1": "Dave Kenaga",
        "Staff2": "Bill Kraus (AMS)",
        "Staff3": null,
        "Affiliation": "SOM",
        "SiteVisitType": "vegetation survey",
        "Year": 1991,
        "Comments": null,
        "Longitude": -83.991183,
        "Latitude": 42.427024
      }
    },
    {
      "type": "Feature",
      "id": 314,
      "geometry": {
        "type": "Point",
        "coordinates": [
          -83.91373699999997,
          42.611912000000075
        ]
      },
      "properties": {
        "OBJECTID": 314,
        "LakeSiteName": "Thompson Lake",
        "County": "Livingston",
        "SiteID": "WB-1523",
        "Staff1": "Dave Kenaga",
        "Staff2": null,
        "Staff3": null,
        "Affiliation": "SOM",
        "SiteVisitType": "vegetation survey",
        "Year": 1991,
        "Comments": null,
        "Longitude": -83.913737,
        "Latitude": 42.611912
      }
    },
    {
      "type": "Feature",
      "id": 315,
      "geometry": {
        "type": "Point",
        "coordinates": [
          -83.75192999999996,
          42.515300000000025
        ]
      },
      "properties": {
        "OBJECTID": 315,
        "LakeSiteName": "Fonda Lake",
        "County": "Livingston",
        "SiteID": "WB-1504",
        "Staff1": "Dave Kenaga",
        "Staff2": "Dick Hinterman (ANPC)",
        "Staff3": null,
        "Affiliation": "SOM",
        "SiteVisitType": "vegetation survey",
        "Year": 1992,
        "Comments": null,
        "Longitude": -83.75193,
        "Latitude": 42.5153
      }
    },
    {
      "type": "Feature",
      "id": 316,
      "geometry": {
        "type": "Point",
        "coordinates": [
          -83.88332999999994,
          42.472500000000025
        ]
      },
      "properties": {
        "OBJECTID": 316,
        "LakeSiteName": "Rush Lake",
        "County": "Livingston",
        "SiteID": "WB-1547",
        "Staff1": "Dave Kenaga",
        "Staff2": null,
        "Staff3": null,
        "Affiliation": "SOM",
        "SiteVisitType": "vegetation survey",
        "Year": 1992,
        "Comments": null,
        "Longitude": -83.88333,
        "Latitude": 42.4725
      }
    },
    {
      "type": "Feature",
      "id": 317,
      "geometry": {
        "type": "Point",
        "coordinates": [
          -83.75192999999996,
          42.515300000000025
        ]
      },
      "properties": {
        "OBJECTID": 317,
        "LakeSiteName": "Fonda Lake",
        "County": "Livingston",
        "SiteID": "WB-1504",
        "Staff1": "Dave Kenaga",
        "Staff2": "Dick Hinterman (ANPC)",
        "Staff3": null,
        "Affiliation": "SOM",
        "SiteVisitType": "vegetation survey",
        "Year": 1993,
        "Comments": null,
        "Longitude": -83.75193,
        "Latitude": 42.5153
      }
    },
    {
      "type": "Feature",
      "id": 318,
      "geometry": {
        "type": "Point",
        "coordinates": [
          -83.90800999999999,
          42.53341000000006
        ]
      },
      "properties": {
        "OBJECTID": 318,
        "LakeSiteName": "Pardee Lake",
        "County": "Livingston",
        "SiteID": "WB-1846",
        "Staff1": "Dave Kenaga",
        "Staff2": "Scott Jorgensen (ATI)",
        "Staff3": null,
        "Affiliation": "SOM",
        "SiteVisitType": "vegetation survey",
        "Year": 1993,
        "Comments": null,
        "Longitude": -83.90801,
        "Latitude": 42.53341
      }
    },
    {
      "type": "Feature",
      "id": 319,
      "geometry": {
        "type": "Point",
        "coordinates": [
          -83.77957799999996,
          42.55498400000005
        ]
      },
      "properties": {
        "OBJECTID": 319,
        "LakeSiteName": "Woodland Lake",
        "County": "Livingston",
        "SiteID": "WB-1410",
        "Staff1": "Dave Kenaga",
        "Staff2": null,
        "Staff3": null,
        "Affiliation": "SOM",
        "SiteVisitType": "vegetation survey",
        "Year": 1993,
        "Comments": null,
        "Longitude": -83.779578,
        "Latitude": 42.554984
      }
    },
    {
      "type": "Feature",
      "id": 320,
      "geometry": {
        "type": "Point",
        "coordinates": [
          -83.74973899999998,
          42.76040800000004
        ]
      },
      "properties": {
        "OBJECTID": 320,
        "LakeSiteName": "Runyan Lake",
        "County": "Livingston",
        "SiteID": "WB-1560",
        "Staff1": "Ned Rathbun",
        "Staff2": null,
        "Staff3": null,
        "Affiliation": "SOM",
        "SiteVisitType": "vegetation survey",
        "Year": 1994,
        "Comments": null,
        "Longitude": -83.749739,
        "Latitude": 42.760408
      }
    },
    {
      "type": "Feature",
      "id": 321,
      "geometry": {
        "type": "Point",
        "coordinates": [
          -83.77957799999996,
          42.55498400000005
        ]
      },
      "properties": {
        "OBJECTID": 321,
        "LakeSiteName": "Woodland Lake",
        "County": "Livingston",
        "SiteID": "WB-1410",
        "Staff1": "Dave Kenaga",
        "Staff2": null,
        "Staff3": null,
        "Affiliation": "SOM",
        "SiteVisitType": "vegetation survey",
        "Year": 1994,
        "Comments": null,
        "Longitude": -83.779578,
        "Latitude": 42.554984
      }
    },
    {
      "type": "Feature",
      "id": 322,
      "geometry": {
        "type": "Point",
        "coordinates": [
          -83.91779999999994,
          42.53579000000008
        ]
      },
      "properties": {
        "OBJECTID": 322,
        "LakeSiteName": "Coon Lake",
        "County": "Livingston",
        "SiteID": "WB-1744",
        "Staff1": "Dave Kenaga",
        "Staff2": "Scott Jorgensen (ATI)",
        "Staff3": null,
        "Affiliation": "SOM",
        "SiteVisitType": "vegetation survey",
        "Year": 1995,
        "Comments": null,
        "Longitude": -83.9178,
        "Latitude": 42.53579
      }
    },
    {
      "type": "Feature",
      "id": 323,
      "geometry": {
        "type": "Point",
        "coordinates": [
          -83.75192999999996,
          42.515300000000025
        ]
      },
      "properties": {
        "OBJECTID": 323,
        "LakeSiteName": "Fonda Lake",
        "County": "Livingston",
        "SiteID": "WB-1504",
        "Staff1": "Dave Kenaga",
        "Staff2": "Ned Rathbun",
        "Staff3": "Scott Jorgensen (ATI)",
        "Affiliation": "SOM",
        "SiteVisitType": "vegetation survey",
        "Year": 1995,
        "Comments": null,
        "Longitude": -83.75193,
        "Latitude": 42.5153
      }
    },
    {
      "type": "Feature",
      "id": 324,
      "geometry": {
        "type": "Point",
        "coordinates": [
          -83.72703999999999,
          42.631620000000055
        ]
      },
      "properties": {
        "OBJECTID": 324,
        "LakeSiteName": "Handy Lake",
        "County": "Livingston",
        "SiteID": "WB-1787",
        "Staff1": "Dave Kenaga",
        "Staff2": null,
        "Staff3": null,
        "Affiliation": "SOM",
        "SiteVisitType": "vegetation survey",
        "Year": 1995,
        "Comments": null,
        "Longitude": -83.72704,
        "Latitude": 42.63162
      }
    },
    {
      "type": "Feature",
      "id": 325,
      "geometry": {
        "type": "Point",
        "coordinates": [
          -83.90800999999999,
          42.53341000000006
        ]
      },
      "properties": {
        "OBJECTID": 325,
        "LakeSiteName": "Pardee Lake",
        "County": "Livingston",
        "SiteID": "WB-1846",
        "Staff1": "Dave Kenaga",
        "Staff2": "Scott Jorgensen (ATI)",
        "Staff3": null,
        "Affiliation": "SOM",
        "SiteVisitType": "vegetation survey",
        "Year": 1995,
        "Comments": null,
        "Longitude": -83.90801,
        "Latitude": 42.53341
      }
    },
    {
      "type": "Feature",
      "id": 326,
      "geometry": {
        "type": "Point",
        "coordinates": [
          -83.77957799999996,
          42.55498400000005
        ]
      },
      "properties": {
        "OBJECTID": 326,
        "LakeSiteName": "Woodland Lake",
        "County": "Livingston",
        "SiteID": "WB-1410",
        "Staff1": "Dave Kenaga",
        "Staff2": null,
        "Staff3": null,
        "Affiliation": "SOM",
        "SiteVisitType": "vegetation survey",
        "Year": 1995,
        "Comments": null,
        "Longitude": -83.779578,
        "Latitude": 42.554984
      }
    },
    {
      "type": "Feature",
      "id": 327,
      "geometry": {
        "type": "Point",
        "coordinates": [
          -83.86171999999993,
          42.51639800000004
        ]
      },
      "properties": {
        "OBJECTID": 327,
        "LakeSiteName": "Chilson Pond",
        "County": "Livingston",
        "SiteID": "WB-533",
        "Staff1": "Dave Kenaga",
        "Staff2": null,
        "Staff3": null,
        "Affiliation": "SOM",
        "SiteVisitType": "vegetation survey",
        "Year": 1997,
        "Comments": null,
        "Longitude": -83.86172,
        "Latitude": 42.516398
      }
    },
    {
      "type": "Feature",
      "id": 328,
      "geometry": {
        "type": "Point",
        "coordinates": [
          -83.74510699999996,
          42.57374800000008
        ]
      },
      "properties": {
        "OBJECTID": 328,
        "LakeSiteName": "Shenandoah Pond",
        "County": "Livingston",
        "SiteID": "WB-2277",
        "Staff1": "Dave Kenaga",
        "Staff2": "Eric Bacon",
        "Staff3": null,
        "Affiliation": "SOM",
        "SiteVisitType": "vegetation survey",
        "Year": 1997,
        "Comments": null,
        "Longitude": -83.745107,
        "Latitude": 42.573748
      }
    },
    {
      "type": "Feature",
      "id": 329,
      "geometry": {
        "type": "Point",
        "coordinates": [
          -83.72248899999994,
          42.47777800000006
        ]
      },
      "properties": {
        "OBJECTID": 329,
        "LakeSiteName": "Silver Fox Lake",
        "County": "Livingston",
        "SiteID": "WB-2146",
        "Staff1": "Dave Schipper",
        "Staff2": "Ned Rathbun",
        "Staff3": "Scott Jorgensen (ATI)",
        "Affiliation": "SOM",
        "SiteVisitType": "vegetation survey",
        "Year": 1998,
        "Comments": null,
        "Longitude": -83.722489,
        "Latitude": 42.477778
      }
    },
    {
      "type": "Feature",
      "id": 330,
      "geometry": {
        "type": "Point",
        "coordinates": [
          -83.89420599999994,
          42.504316000000074
        ]
      },
      "properties": {
        "OBJECTID": 330,
        "LakeSiteName": "Chenango Lake",
        "County": "Livingston",
        "SiteID": "WB-1512",
        "Staff1": "Jeremie Wilson",
        "Staff2": "Laura Esman",
        "Staff3": null,
        "Affiliation": "SOM",
        "SiteVisitType": "vegetation survey",
        "Year": 2000,
        "Comments": null,
        "Longitude": -83.894206,
        "Latitude": 42.504316
      }
    },
    {
      "type": "Feature",
      "id": 331,
      "geometry": {
        "type": "Point",
        "coordinates": [
          -83.99118299999998,
          42.427024000000074
        ]
      },
      "properties": {
        "OBJECTID": 331,
        "LakeSiteName": "Hiland Lake",
        "County": "Livingston",
        "SiteID": "WB-1705",
        "Staff1": "Jeremie Wilson",
        "Staff2": "Laura Esman",
        "Staff3": null,
        "Affiliation": "SOM",
        "SiteVisitType": "vegetation survey",
        "Year": 2000,
        "Comments": null,
        "Longitude": -83.991183,
        "Latitude": 42.427024
      }
    },
    {
      "type": "Feature",
      "id": 332,
      "geometry": {
        "type": "Point",
        "coordinates": [
          -83.77957799999996,
          42.55498400000005
        ]
      },
      "properties": {
        "OBJECTID": 332,
        "LakeSiteName": "Woodland Lake",
        "County": "Livingston",
        "SiteID": "WB-1410",
        "Staff1": "Jeremie Wilson",
        "Staff2": "Laura Esman",
        "Staff3": null,
        "Affiliation": "SOM",
        "SiteVisitType": "vegetation survey",
        "Year": 2000,
        "Comments": null,
        "Longitude": -83.779578,
        "Latitude": 42.554984
      }
    },
    {
      "type": "Feature",
      "id": 333,
      "geometry": {
        "type": "Point",
        "coordinates": [
          -83.90800999999999,
          42.53341000000006
        ]
      },
      "properties": {
        "OBJECTID": 333,
        "LakeSiteName": "Pardee",
        "County": "Livingston",
        "SiteID": "WB-1846",
        "Staff1": "Jeremie Wilson",
        "Staff2": "Laura Esman",
        "Staff3": null,
        "Affiliation": "SOM",
        "SiteVisitType": "vegetation survey",
        "Year": 2001,
        "Comments": null,
        "Longitude": -83.90801,
        "Latitude": 42.53341
      }
    },
    {
      "type": "Feature",
      "id": 334,
      "geometry": {
        "type": "Point",
        "coordinates": [
          -83.88332999999994,
          42.472500000000025
        ]
      },
      "properties": {
        "OBJECTID": 334,
        "LakeSiteName": "Rush Lake",
        "County": "Livingston",
        "SiteID": "WB-1547",
        "Staff1": "Eric Bacon",
        "Staff2": "Paul Hausler (Progressive AE)",
        "Staff3": null,
        "Affiliation": "SOM",
        "SiteVisitType": "vegetation survey",
        "Year": 2001,
        "Comments": null,
        "Longitude": -83.88333,
        "Latitude": 42.4725
      }
    },
    {
      "type": "Feature",
      "id": 335,
      "geometry": {
        "type": "Point",
        "coordinates": [
          -83.72572999999994,
          42.694540000000075
        ]
      },
      "properties": {
        "OBJECTID": 335,
        "LakeSiteName": "Tyrone Lake",
        "County": "Livingston",
        "SiteID": "WB-1606",
        "Staff1": "Ned Rathbun",
        "Staff2": "Derek Brookshire (ANPC)",
        "Staff3": null,
        "Affiliation": "SOM",
        "SiteVisitType": "vegetation survey",
        "Year": 2001,
        "Comments": null,
        "Longitude": -83.72573,
        "Latitude": 42.69454
      }
    },
    {
      "type": "Feature",
      "id": 336,
      "geometry": {
        "type": "Point",
        "coordinates": [
          -83.75270999999998,
          42.429850000000044
        ]
      },
      "properties": {
        "OBJECTID": 336,
        "LakeSiteName": "Whitmore Lake",
        "County": "Livingston",
        "SiteID": "WB-2180",
        "Staff1": "Laura Esman",
        "Staff2": "Eric Bacon",
        "Staff3": null,
        "Affiliation": "SOM",
        "SiteVisitType": "vegetation survey",
        "Year": 2003,
        "Comments": null,
        "Longitude": -83.75271,
        "Latitude": 42.42985
      }
    },
    {
      "type": "Feature",
      "id": 337,
      "geometry": {
        "type": "Point",
        "coordinates": [
          -83.86690499999997,
          42.69704100000007
        ]
      },
      "properties": {
        "OBJECTID": 337,
        "LakeSiteName": "Fausett Lake",
        "County": "Livingston",
        "SiteID": "WB-5369",
        "Staff1": "Eric Bacon",
        "Staff2": "Jessica Schultz",
        "Staff3": null,
        "Affiliation": "SOM",
        "SiteVisitType": "vegetation survey",
        "Year": 2004,
        "Comments": null,
        "Longitude": -83.866905,
        "Latitude": 42.697041
      }
    },
    {
      "type": "Feature",
      "id": 338,
      "geometry": {
        "type": "Point",
        "coordinates": [
          -83.75270999999998,
          42.429850000000044
        ]
      },
      "properties": {
        "OBJECTID": 338,
        "LakeSiteName": "Whitmore Lake",
        "County": "Livingston",
        "SiteID": "WB-2180",
        "Staff1": "Jessica Schultz",
        "Staff2": "Eric Bacon",
        "Staff3": "Julie Sims",
        "Affiliation": "SOM",
        "SiteVisitType": "vegetation survey",
        "Year": 2004,
        "Comments": null,
        "Longitude": -83.75271,
        "Latitude": 42.42985
      }
    },
    {
      "type": "Feature",
      "id": 339,
      "geometry": {
        "type": "Point",
        "coordinates": [
          -83.77957799999996,
          42.55498400000005
        ]
      },
      "properties": {
        "OBJECTID": 339,
        "LakeSiteName": "Woodland Lake",
        "County": "Livingston",
        "SiteID": "WB-1410",
        "Staff1": "Eric Bacon",
        "Staff2": "Jessica Schultz",
        "Staff3": null,
        "Affiliation": "SOM",
        "SiteVisitType": "vegetation survey",
        "Year": 2004,
        "Comments": null,
        "Longitude": -83.779578,
        "Latitude": 42.554984
      }
    },
    {
      "type": "Feature",
      "id": 340,
      "geometry": {
        "type": "Point",
        "coordinates": [
          -83.89511499999998,
          42.601852000000065
        ]
      },
      "properties": {
        "OBJECTID": 340,
        "LakeSiteName": "Earl Lake",
        "County": "Livingston",
        "SiteID": "WB-1510",
        "Staff1": "Eric Bacon",
        "Staff2": "Laura Esman",
        "Staff3": null,
        "Affiliation": "SOM",
        "SiteVisitType": "vegetation survey",
        "Year": 2005,
        "Comments": null,
        "Longitude": -83.895115,
        "Latitude": 42.601852
      }
    },
    {
      "type": "Feature",
      "id": 341,
      "geometry": {
        "type": "Point",
        "coordinates": [
          -83.77957799999996,
          42.55498400000005
        ]
      },
      "properties": {
        "OBJECTID": 341,
        "LakeSiteName": "Woodland Lake",
        "County": "Livingston",
        "SiteID": "WB-1410",
        "Staff1": "Laura Esman",
        "Staff2": "Lisa Huberty",
        "Staff3": null,
        "Affiliation": "SOM",
        "SiteVisitType": "vegetation survey",
        "Year": 2005,
        "Comments": "Partial vegetation survey",
        "Longitude": -83.779578,
        "Latitude": 42.554984
      }
    },
    {
      "type": "Feature",
      "id": 342,
      "geometry": {
        "type": "Point",
        "coordinates": [
          -83.91779999999994,
          42.53579000000008
        ]
      },
      "properties": {
        "OBJECTID": 342,
        "LakeSiteName": "Coon Lake",
        "County": "Livingston",
        "SiteID": "WB-1744",
        "Staff1": "Lisa Huberty",
        "Staff2": null,
        "Staff3": null,
        "Affiliation": "SOM",
        "SiteVisitType": "vegetation survey",
        "Year": 2006,
        "Comments": null,
        "Longitude": -83.9178,
        "Latitude": 42.53579
      }
    },
    {
      "type": "Feature",
      "id": 343,
      "geometry": {
        "type": "Point",
        "coordinates": [
          -83.91320999999994,
          42.42716000000007
        ]
      },
      "properties": {
        "OBJECTID": 343,
        "LakeSiteName": "Portage Lake",
        "County": "Livingston",
        "SiteID": "WB-35",
        "Staff1": "Eric Bacon",
        "Staff2": "Lisa Huberty",
        "Staff3": "Marisa Burghdoff",
        "Affiliation": "SOM",
        "SiteVisitType": "vegetation survey",
        "Year": 2006,
        "Comments": null,
        "Longitude": -83.91321,
        "Latitude": 42.42716
      }
    },
    {
      "type": "Feature",
      "id": 344,
      "geometry": {
        "type": "Point",
        "coordinates": [
          -83.74083899999994,
          42.62804100000005
        ]
      },
      "properties": {
        "OBJECTID": 344,
        "LakeSiteName": "Round Lake",
        "County": "Livingston",
        "SiteID": "WB-1675",
        "Staff1": "Lisa Huberty",
        "Staff2": null,
        "Staff3": null,
        "Affiliation": "SOM",
        "SiteVisitType": "vegetation survey",
        "Year": 2006,
        "Comments": null,
        "Longitude": -83.740839,
        "Latitude": 42.628041
      }
    },
    {
      "type": "Feature",
      "id": 345,
      "geometry": {
        "type": "Point",
        "coordinates": [
          -83.79197199999999,
          42.57967700000006
        ]
      },
      "properties": {
        "OBJECTID": 345,
        "LakeSiteName": "Clark Lake",
        "County": "Livingston",
        "SiteID": "WB-2284",
        "Staff1": "Lisa Huberty",
        "Staff2": "Eric Bacon",
        "Staff3": null,
        "Affiliation": "SOM",
        "SiteVisitType": "vegetation survey",
        "Year": 2015,
        "Comments": "Assess aquatic plant community following complaint of poor condition",
        "Longitude": -83.791972,
        "Latitude": 42.579677
      }
    },
    {
      "type": "Feature",
      "id": 346,
      "geometry": {
        "type": "Point",
        "coordinates": [
          -83.79197199999999,
          42.57967700000006
        ]
      },
      "properties": {
        "OBJECTID": 346,
        "LakeSiteName": "Clark Lake",
        "County": "Livingston",
        "SiteID": "WB-2284",
        "Staff1": "Eric Bacon",
        "Staff2": "Ryan Crouch",
        "Staff3": "Amanda Bosak",
        "Affiliation": "SOM",
        "SiteVisitType": "vegetation survey",
        "Year": 2016,
        "Comments": "Document plant community following 2015 assessment",
        "Longitude": -83.791972,
        "Latitude": 42.579677
      }
    },
    {
      "type": "Feature",
      "id": 347,
      "geometry": {
        "type": "Point",
        "coordinates": [
          -83.99059999999997,
          42.530500000000075
        ]
      },
      "properties": {
        "OBJECTID": 347,
        "LakeSiteName": "Cedar Lake",
        "County": "Livingston",
        "SiteID": "WB-1863",
        "Staff1": "Lisa Huberty",
        "Staff2": "Ryan Crouch",
        "Staff3": "Mark Huffsmith",
        "Affiliation": "SOM",
        "SiteVisitType": "vegetation survey",
        "Year": 2021,
        "Comments": null,
        "Longitude": -83.9906,
        "Latitude": 42.5305
      }
    },
    {
      "type": "Feature",
      "id": 348,
      "geometry": {
        "type": "Point",
        "coordinates": [
          -83.99059999999997,
          42.530500000000075
        ]
      },
      "properties": {
        "OBJECTID": 348,
        "LakeSiteName": "Cedar Lake",
        "County": "Livingston",
        "SiteID": "WB-1863",
        "Staff1": "Eric Bacon",
        "Staff2": "Ryan Crouch",
        "Staff3": "Lisa Huberty",
        "Affiliation": "SOM",
        "SiteVisitType": "vegetation survey",
        "Year": 2021,
        "Comments": null,
        "Longitude": -83.9906,
        "Latitude": 42.5305
      }
    },
    {
      "type": "Feature",
      "id": 349,
      "geometry": {
        "type": "Point",
        "coordinates": [
          -83.75189999999998,
          42.515300000000025
        ]
      },
      "properties": {
        "OBJECTID": 349,
        "LakeSiteName": "Fonda Lake",
        "County": "Livingston",
        "SiteID": "WB-1504",
        "Staff1": "Eric Bacon",
        "Staff2": "Lisa Huberty",
        "Staff3": "Mark Huffsmith",
        "Affiliation": "SOM",
        "SiteVisitType": "vegetation survey",
        "Year": 2021,
        "Comments": null,
        "Longitude": -83.7519,
        "Latitude": 42.5153
      }
    },
    {
      "type": "Feature",
      "id": 350,
      "geometry": {
        "type": "Point",
        "coordinates": [
          -83.73779999999994,
          42.619777000000056
        ]
      },
      "properties": {
        "OBJECTID": 350,
        "LakeSiteName": "Long Lake",
        "County": "Livingston",
        "SiteID": "WB-1872",
        "Staff1": "Ryan Crouch",
        "Staff2": "Eric Bacon",
        "Staff3": "Vincent Josik",
        "Affiliation": "ANC",
        "SiteVisitType": "vegetation survey",
        "Year": 2023,
        "Comments": null,
        "Longitude": -83.7378,
        "Latitude": 42.619777
      }
    },
    {
      "type": "Feature",
      "id": 351,
      "geometry": {
        "type": "Point",
        "coordinates": [
          -83.88332999999994,
          42.472500000000025
        ]
      },
      "properties": {
        "OBJECTID": 351,
        "LakeSiteName": "Rush Lake",
        "County": "Livingston",
        "SiteID": "WB-1547",
        "Staff1": "Eric Bacon",
        "Staff2": "Ryan Crouch",
        "Staff3": "Mark Huffsmith",
        "Affiliation": "ANC",
        "SiteVisitType": "vegetation survey",
        "Year": 2023,
        "Comments": null,
        "Longitude": -83.88333,
        "Latitude": 42.4725
      }
    },
    {
      "type": "Feature",
      "id": 352,
      "geometry": {
        "type": "Point",
        "coordinates": [
          -85.32714999999996,
          46.69926000000004
        ]
      },
      "properties": {
        "OBJECTID": 352,
        "LakeSiteName": "Bodi Lake",
        "County": "Luce",
        "SiteID": "WB-6160",
        "Staff1": "Michigan State University",
        "Staff2": null,
        "Staff3": null,
        "Affiliation": "MSU",
        "SiteVisitType": "vegetation survey",
        "Year": 2023,
        "Comments": null,
        "Longitude": -85.32715,
        "Latitude": 46.69926
      }
    },
    {
      "type": "Feature",
      "id": 353,
      "geometry": {
        "type": "Point",
        "coordinates": [
          -85.24540599999995,
          46.62061200000005
        ]
      },
      "properties": {
        "OBJECTID": 353,
        "LakeSiteName": "Clark Lake",
        "County": "Luce",
        "SiteID": "WB-6161",
        "Staff1": "Michigan State University",
        "Staff2": null,
        "Staff3": null,
        "Affiliation": "MSU",
        "SiteVisitType": "vegetation survey",
        "Year": 2023,
        "Comments": null,
        "Longitude": -85.245406,
        "Latitude": 46.620612
      }
    },
    {
      "type": "Feature",
      "id": 354,
      "geometry": {
        "type": "Point",
        "coordinates": [
          -85.35306099999997,
          46.69535900000005
        ]
      },
      "properties": {
        "OBJECTID": 354,
        "LakeSiteName": "Culhane Lake",
        "County": "Luce",
        "SiteID": "WB-6163",
        "Staff1": "Michigan State University",
        "Staff2": null,
        "Staff3": null,
        "Affiliation": "MSU",
        "SiteVisitType": "vegetation survey",
        "Year": 2023,
        "Comments": null,
        "Longitude": -85.353061,
        "Latitude": 46.695359
      }
    },
    {
      "type": "Feature",
      "id": 355,
      "geometry": {
        "type": "Point",
        "coordinates": [
          -85.65497099999999,
          46.305705000000046
        ]
      },
      "properties": {
        "OBJECTID": 355,
        "LakeSiteName": "East Lake",
        "County": "Luce",
        "SiteID": "WB-2167",
        "Staff1": "Michigan State University",
        "Staff2": null,
        "Staff3": null,
        "Affiliation": "MSU",
        "SiteVisitType": "vegetation survey",
        "Year": 2023,
        "Comments": null,
        "Longitude": -85.654971,
        "Latitude": 46.305705
      }
    },
    {
      "type": "Feature",
      "id": 356,
      "geometry": {
        "type": "Point",
        "coordinates": [
          -85.59683599999994,
          46.63068500000003
        ]
      },
      "properties": {
        "OBJECTID": 356,
        "LakeSiteName": "Perch Lake",
        "County": "Luce",
        "SiteID": "WB-6190",
        "Staff1": "Michigan State University",
        "Staff2": null,
        "Staff3": null,
        "Affiliation": "MSU",
        "SiteVisitType": "vegetation survey",
        "Year": 2023,
        "Comments": null,
        "Longitude": -85.596836,
        "Latitude": 46.630685
      }
    },
    {
      "type": "Feature",
      "id": 357,
      "geometry": {
        "type": "Point",
        "coordinates": [
          -85.40909299999998,
          46.64276600000005
        ]
      },
      "properties": {
        "OBJECTID": 357,
        "LakeSiteName": "Pike Lake",
        "County": "Luce",
        "SiteID": "WB-6192",
        "Staff1": "Michigan State University",
        "Staff2": null,
        "Staff3": null,
        "Affiliation": "MSU",
        "SiteVisitType": "vegetation survey",
        "Year": 2023,
        "Comments": null,
        "Longitude": -85.409093,
        "Latitude": 46.642766
      }
    },
    {
      "type": "Feature",
      "id": 358,
      "geometry": {
        "type": "Point",
        "coordinates": [
          -85.53301999999996,
          46.30839600000007
        ]
      },
      "properties": {
        "OBJECTID": 358,
        "LakeSiteName": "Twin Lake",
        "County": "Luce",
        "SiteID": "WB-6215",
        "Staff1": "Michigan State University",
        "Staff2": null,
        "Staff3": null,
        "Affiliation": "MSU",
        "SiteVisitType": "vegetation survey",
        "Year": 2023,
        "Comments": null,
        "Longitude": -85.53302,
        "Latitude": 46.308396
      }
    },
    {
      "type": "Feature",
      "id": 359,
      "geometry": {
        "type": "Point",
        "coordinates": [
          -84.36034199999995,
          45.99542300000007
        ]
      },
      "properties": {
        "OBJECTID": 359,
        "LakeSiteName": "Lake Huron (Cedarville Bay)",
        "County": "Mackinac",
        "SiteID": "WB-7-112",
        "Staff1": "Laura Esman",
        "Staff2": "Eric Bacon",
        "Staff3": null,
        "Affiliation": "SOM",
        "SiteVisitType": "vegetation survey",
        "Year": 2003,
        "Comments": null,
        "Longitude": -84.360342,
        "Latitude": 45.995423
      }
    },
    {
      "type": "Feature",
      "id": 360,
      "geometry": {
        "type": "Point",
        "coordinates": [
          -85.77475499999997,
          46.16591400000004
        ]
      },
      "properties": {
        "OBJECTID": 360,
        "LakeSiteName": "South Manistique Lake",
        "County": "Mackinac",
        "SiteID": "WB-429",
        "Staff1": "Eric Bacon",
        "Staff2": "Laura Esman",
        "Staff3": null,
        "Affiliation": "SOM",
        "SiteVisitType": "vegetation survey",
        "Year": 2003,
        "Comments": null,
        "Longitude": -85.774755,
        "Latitude": 46.165914
      }
    },
    {
      "type": "Feature",
      "id": 361,
      "geometry": {
        "type": "Point",
        "coordinates": [
          -83.07613999999995,
          42.67190800000003
        ]
      },
      "properties": {
        "OBJECTID": 361,
        "LakeSiteName": "Clear Spring Lake",
        "County": "Macomb",
        "SiteID": "WB-74",
        "Staff1": "Dave Kenaga",
        "Staff2": null,
        "Staff3": null,
        "Affiliation": "SOM",
        "SiteVisitType": "vegetation survey",
        "Year": 1992,
        "Comments": null,
        "Longitude": -83.07614,
        "Latitude": 42.671908
      }
    },
    {
      "type": "Feature",
      "id": 362,
      "geometry": {
        "type": "Point",
        "coordinates": [
          -83.07829999999996,
          42.730030000000056
        ]
      },
      "properties": {
        "OBJECTID": 362,
        "LakeSiteName": "Stony Creek Lake",
        "County": "Macomb",
        "SiteID": "WB-1593",
        "Staff1": "Dave Kenaga",
        "Staff2": "Dave Schipper",
        "Staff3": null,
        "Affiliation": "SOM",
        "SiteVisitType": "vegetation survey",
        "Year": 1997,
        "Comments": null,
        "Longitude": -83.0783,
        "Latitude": 42.73003
      }
    },
    {
      "type": "Feature",
      "id": 363,
      "geometry": {
        "type": "Point",
        "coordinates": [
          -82.98298399999999,
          42.679895000000045
        ]
      },
      "properties": {
        "OBJECTID": 363,
        "LakeSiteName": "Royal Forest Lake",
        "County": "Macomb",
        "SiteID": "WB-2263",
        "Staff1": "Jessica Schultz",
        "Staff2": "Matt Preisser",
        "Staff3": null,
        "Affiliation": "SOM",
        "SiteVisitType": "vegetation survey",
        "Year": 2004,
        "Comments": null,
        "Longitude": -82.982984,
        "Latitude": 42.679895
      }
    },
    {
      "type": "Feature",
      "id": 364,
      "geometry": {
        "type": "Point",
        "coordinates": [
          -83.07829999999996,
          42.730030000000056
        ]
      },
      "properties": {
        "OBJECTID": 364,
        "LakeSiteName": "Stony Creek Lake",
        "County": "Macomb",
        "SiteID": "WB-1593",
        "Staff1": "Eric Bacon",
        "Staff2": "Ryan Crouch",
        "Staff3": "Amanda Bosak",
        "Affiliation": "SOM",
        "SiteVisitType": "vegetation survey",
        "Year": 2018,
        "Comments": "visit sites in LEMU",
        "Longitude": -83.0783,
        "Latitude": 42.73003
      }
    },
    {
      "type": "Feature",
      "id": 365,
      "geometry": {
        "type": "Point",
        "coordinates": [
          -86.12319999999994,
          44.345660000000066
        ]
      },
      "properties": {
        "OBJECTID": 365,
        "LakeSiteName": "Chief Lake",
        "County": "Manistee",
        "SiteID": "WB-2115",
        "Staff1": "Eric Bacon",
        "Staff2": "Brett Wiseley",
        "Staff3": null,
        "Affiliation": "SOM",
        "SiteVisitType": "vegetation survey",
        "Year": 2007,
        "Comments": null,
        "Longitude": -86.1232,
        "Latitude": 44.34566
      }
    },
    {
      "type": "Feature",
      "id": 366,
      "geometry": {
        "type": "Point",
        "coordinates": [
          -86.12319999999994,
          44.345660000000066
        ]
      },
      "properties": {
        "OBJECTID": 366,
        "LakeSiteName": "Chief Lake",
        "County": "Manistee",
        "SiteID": "WB-2515",
        "Staff1": "Eric Bacon",
        "Staff2": "Ryan Crouch",
        "Staff3": "Chris Riley (US Forest Service)",
        "Affiliation": "SOM",
        "SiteVisitType": "vegetation survey",
        "Year": 2019,
        "Comments": "Plant community assessment / Forest Service concerns",
        "Longitude": -86.1232,
        "Latitude": 44.34566
      }
    },
    {
      "type": "Feature",
      "id": 367,
      "geometry": {
        "type": "Point",
        "coordinates": [
          -86.24479899999994,
          43.85865600000005
        ]
      },
      "properties": {
        "OBJECTID": 367,
        "LakeSiteName": "Pleiness Lake",
        "County": "Mason",
        "SiteID": "WB-1393",
        "Staff1": "Dave Kenaga",
        "Staff2": "Doug Pullman (Aquest)",
        "Staff3": null,
        "Affiliation": "SOM",
        "SiteVisitType": "vegetation survey",
        "Year": 1993,
        "Comments": null,
        "Longitude": -86.244799,
        "Latitude": 43.858656
      }
    },
    {
      "type": "Feature",
      "id": 368,
      "geometry": {
        "type": "Point",
        "coordinates": [
          -86.24479899999994,
          43.85865600000005
        ]
      },
      "properties": {
        "OBJECTID": 368,
        "LakeSiteName": "Pleiness Lake",
        "County": "Mason",
        "SiteID": "WB-1393",
        "Staff1": "Dave Kenaga",
        "Staff2": "Doug Pullman (Aquest)",
        "Staff3": null,
        "Affiliation": "SOM",
        "SiteVisitType": "vegetation survey",
        "Year": 1994,
        "Comments": null,
        "Longitude": -86.244799,
        "Latitude": 43.858656
      }
    },
    {
      "type": "Feature",
      "id": 369,
      "geometry": {
        "type": "Point",
        "coordinates": [
          -86.41333999999995,
          43.83160000000004
        ]
      },
      "properties": {
        "OBJECTID": 369,
        "LakeSiteName": "Bass Lake",
        "County": "Mason",
        "SiteID": "WB-1702",
        "Staff1": "Eric Bacon",
        "Staff2": "Derek Brookshire (ANPC)",
        "Staff3": null,
        "Affiliation": "SOM",
        "SiteVisitType": "vegetation survey",
        "Year": 1999,
        "Comments": null,
        "Longitude": -86.41334,
        "Latitude": 43.8316
      }
    },
    {
      "type": "Feature",
      "id": 370,
      "geometry": {
        "type": "Point",
        "coordinates": [
          -86.41333999999995,
          43.83160000000004
        ]
      },
      "properties": {
        "OBJECTID": 370,
        "LakeSiteName": "Bass Lake",
        "County": "Mason",
        "SiteID": "WB-1702",
        "Staff1": "Eric Bacon",
        "Staff2": "Laura Esman",
        "Staff3": "Derek Brookshire (ANPC)",
        "Affiliation": "SOM",
        "SiteVisitType": "vegetation survey",
        "Year": 2000,
        "Comments": null,
        "Longitude": -86.41334,
        "Latitude": 43.8316
      }
    },
    {
      "type": "Feature",
      "id": 371,
      "geometry": {
        "type": "Point",
        "coordinates": [
          -86.41333999999995,
          43.83160000000004
        ]
      },
      "properties": {
        "OBJECTID": 371,
        "LakeSiteName": "Bass Lake",
        "County": "Mason",
        "SiteID": "WB-1702",
        "Staff1": "Eric Bacon",
        "Staff2": "Derek Brookshire (ANPC)",
        "Staff3": null,
        "Affiliation": "SOM",
        "SiteVisitType": "vegetation survey",
        "Year": 2001,
        "Comments": null,
        "Longitude": -86.41334,
        "Latitude": 43.8316
      }
    },
    {
      "type": "Feature",
      "id": 372,
      "geometry": {
        "type": "Point",
        "coordinates": [
          -86.17521499999998,
          44.08146500000004
        ]
      },
      "properties": {
        "OBJECTID": 372,
        "LakeSiteName": "Gun Lake",
        "County": "Mason",
        "SiteID": "WB-103",
        "Staff1": "Eric Bacon",
        "Staff2": "Ralph Bednarz",
        "Staff3": null,
        "Affiliation": "SOM",
        "SiteVisitType": "vegetation survey",
        "Year": 2001,
        "Comments": null,
        "Longitude": -86.175215,
        "Latitude": 44.081465
      }
    },
    {
      "type": "Feature",
      "id": 373,
      "geometry": {
        "type": "Point",
        "coordinates": [
          -86.41333999999995,
          43.83160000000004
        ]
      },
      "properties": {
        "OBJECTID": 373,
        "LakeSiteName": "Bass Lake",
        "County": "Mason",
        "SiteID": "WB-1702",
        "Staff1": "Eric Bacon",
        "Staff2": "Derek Brookshire (ANPC)",
        "Staff3": null,
        "Affiliation": "SOM",
        "SiteVisitType": "vegetation survey",
        "Year": 2002,
        "Comments": null,
        "Longitude": -86.41334,
        "Latitude": 43.8316
      }
    },
    {
      "type": "Feature",
      "id": 374,
      "geometry": {
        "type": "Point",
        "coordinates": [
          -86.41333999999995,
          43.83160000000004
        ]
      },
      "properties": {
        "OBJECTID": 374,
        "LakeSiteName": "Bass Lake",
        "County": "Mason",
        "SiteID": "WB-1702",
        "Staff1": "Eric Bacon",
        "Staff2": "Ryan Crouch",
        "Staff3": null,
        "Affiliation": "SOM",
        "SiteVisitType": "vegetation survey",
        "Year": 2017,
        "Comments": "Assessment of offshore native treatment",
        "Longitude": -86.41334,
        "Latitude": 43.8316
      }
    },
    {
      "type": "Feature",
      "id": 375,
      "geometry": {
        "type": "Point",
        "coordinates": [
          -86.32335899999998,
          43.98343700000004
        ]
      },
      "properties": {
        "OBJECTID": 375,
        "LakeSiteName": "Hackert Lake",
        "County": "Mason",
        "SiteID": "WB-341",
        "Staff1": "Lisa Huberty",
        "Staff2": "Eric Bacon",
        "Staff3": "Nathaniel Shuff",
        "Affiliation": "ANC",
        "SiteVisitType": "vegetation survey",
        "Year": 2022,
        "Comments": null,
        "Longitude": -86.323359,
        "Latitude": 43.983437
      }
    },
    {
      "type": "Feature",
      "id": 376,
      "geometry": {
        "type": "Point",
        "coordinates": [
          -86.09123699999998,
          43.95670300000006
        ]
      },
      "properties": {
        "OBJECTID": 376,
        "LakeSiteName": "Long Lake",
        "County": "Mason",
        "SiteID": "WB-2426",
        "Staff1": "Eric Bacon",
        "Staff2": "Mark Huffsmith",
        "Staff3": "Lisa Huberty",
        "Affiliation": "ANC",
        "SiteVisitType": "vegetation survey",
        "Year": 2023,
        "Comments": null,
        "Longitude": -86.091237,
        "Latitude": 43.956703
      }
    },
    {
      "type": "Feature",
      "id": 377,
      "geometry": {
        "type": "Point",
        "coordinates": [
          -85.39325099999996,
          43.678937000000076
        ]
      },
      "properties": {
        "OBJECTID": 377,
        "LakeSiteName": "Clear Lake",
        "County": "Mecosta",
        "SiteID": "WB-2952",
        "Staff1": "Ryan Crouch",
        "Staff2": "Eric Bacon",
        "Staff3": "Sara Thoma",
        "Affiliation": "SOM",
        "SiteVisitType": "vegetation survey",
        "Year": 2016,
        "Comments": "Document plant community; first year of permitted treatments",
        "Longitude": -85.393251,
        "Latitude": 43.678937
      }
    },
    {
      "type": "Feature",
      "id": 378,
      "geometry": {
        "type": "Point",
        "coordinates": [
          -85.19890999999996,
          43.71683000000007
        ]
      },
      "properties": {
        "OBJECTID": 378,
        "LakeSiteName": "Tubbs Lake",
        "County": "Mecosta",
        "SiteID": "WB-1859",
        "Staff1": "Eric Bacon",
        "Staff2": "Ryan Crouch",
        "Staff3": "Joshua Beaulaurier (LRBOI) ",
        "Affiliation": "SOM",
        "SiteVisitType": "vegetation survey",
        "Year": 2019,
        "Comments": "Wild rice assessment",
        "Longitude": -85.19891,
        "Latitude": 43.71683
      }
    },
    {
      "type": "Feature",
      "id": 379,
      "geometry": {
        "type": "Point",
        "coordinates": [
          -85.29736699999995,
          43.754279000000054
        ]
      },
      "properties": {
        "OBJECTID": 379,
        "LakeSiteName": "Chippewa Lake",
        "County": "Mecosta",
        "SiteID": "WB-211",
        "Staff1": "Ryan Crouch",
        "Staff2": "Eric Bacon",
        "Staff3": "Matt Mulford",
        "Affiliation": "ANC",
        "SiteVisitType": "vegetation survey",
        "Year": 2023,
        "Comments": null,
        "Longitude": -85.297367,
        "Latitude": 43.754279
      }
    },
    {
      "type": "Feature",
      "id": 380,
      "geometry": {
        "type": "Point",
        "coordinates": [
          -87.61352599999998,
          45.71276300000005
        ]
      },
      "properties": {
        "OBJECTID": 380,
        "LakeSiteName": "Hermansville Lake",
        "County": "Menominee",
        "SiteID": "WB-1026",
        "Staff1": "Eric Bacon",
        "Staff2": "Jessica Koerner",
        "Staff3": null,
        "Affiliation": "SOM",
        "SiteVisitType": "vegetation survey",
        "Year": 2005,
        "Comments": null,
        "Longitude": -87.613526,
        "Latitude": 45.712763
      }
    },
    {
      "type": "Feature",
      "id": 381,
      "geometry": {
        "type": "Point",
        "coordinates": [
          -87.75719799999996,
          45.452342000000044
        ]
      },
      "properties": {
        "OBJECTID": 381,
        "LakeSiteName": "Lake Mary",
        "County": "Menominee",
        "SiteID": "WB-711",
        "Staff1": "Eric Bacon",
        "Staff2": "John Riley",
        "Staff3": null,
        "Affiliation": "SOM",
        "SiteVisitType": "vegetation survey",
        "Year": 2008,
        "Comments": null,
        "Longitude": -87.757198,
        "Latitude": 45.452342
      }
    },
    {
      "type": "Feature",
      "id": 382,
      "geometry": {
        "type": "Point",
        "coordinates": [
          -84.37676499999998,
          43.690203000000054
        ]
      },
      "properties": {
        "OBJECTID": 382,
        "LakeSiteName": "Sanford Lake",
        "County": "Midland",
        "SiteID": "WB-1954",
        "Staff1": "Eric Bacon",
        "Staff2": "Paul Hausler (Progressive AE)",
        "Staff3": null,
        "Affiliation": "SOM",
        "SiteVisitType": "vegetation survey",
        "Year": 2003,
        "Comments": null,
        "Longitude": -84.376765,
        "Latitude": 43.690203
      }
    },
    {
      "type": "Feature",
      "id": 383,
      "geometry": {
        "type": "Point",
        "coordinates": [
          -84.37676499999998,
          43.690203000000054
        ]
      },
      "properties": {
        "OBJECTID": 383,
        "LakeSiteName": "Sanford Lake",
        "County": "Midland",
        "SiteID": "WB-1954",
        "Staff1": "Eric Bacon",
        "Staff2": "Ryan Crouch",
        "Staff3": null,
        "Affiliation": "SOM",
        "SiteVisitType": "vegetation survey",
        "Year": 2017,
        "Comments": "Partial survey to respond to stakeholder complaint",
        "Longitude": -84.376765,
        "Latitude": 43.690203
      }
    },
    {
      "type": "Feature",
      "id": 384,
      "geometry": {
        "type": "Point",
        "coordinates": [
          -85.28575299999994,
          44.33567400000004
        ]
      },
      "properties": {
        "OBJECTID": 384,
        "LakeSiteName": "Crooked Lake",
        "County": "Missaukee",
        "SiteID": "WB-1671",
        "Staff1": "Eric Bacon",
        "Staff2": "Jeremie Wilson",
        "Staff3": null,
        "Affiliation": "SOM",
        "SiteVisitType": "vegetation survey",
        "Year": 1999,
        "Comments": null,
        "Longitude": -85.285753,
        "Latitude": 44.335674
      }
    },
    {
      "type": "Feature",
      "id": 385,
      "geometry": {
        "type": "Point",
        "coordinates": [
          -85.23809999999997,
          44.32370000000003
        ]
      },
      "properties": {
        "OBJECTID": 385,
        "LakeSiteName": "Lake Missaukee",
        "County": "Missaukee",
        "SiteID": "WB-376",
        "Staff1": "Ryan Crouch",
        "Staff2": "Mark Huffsmith",
        "Staff3": "Glen Schmit",
        "Affiliation": "ANC",
        "SiteVisitType": "vegetation survey",
        "Year": 2022,
        "Comments": null,
        "Longitude": -85.2381,
        "Latitude": 44.3237
      }
    },
    {
      "type": "Feature",
      "id": 386,
      "geometry": {
        "type": "Point",
        "coordinates": [
          -85.26637699999998,
          43.44354700000008
        ]
      },
      "properties": {
        "OBJECTID": 386,
        "LakeSiteName": "Tamarack Lake",
        "County": "Montcalm",
        "SiteID": "WB-1511",
        "Staff1": "Dave Kenaga",
        "Staff2": "Amy Hilt",
        "Staff3": null,
        "Affiliation": "SOM",
        "SiteVisitType": "vegetation survey",
        "Year": 1992,
        "Comments": null,
        "Longitude": -85.266377,
        "Latitude": 43.443547
      }
    },
    {
      "type": "Feature",
      "id": 387,
      "geometry": {
        "type": "Point",
        "coordinates": [
          -85.26637699999998,
          43.44354700000008
        ]
      },
      "properties": {
        "OBJECTID": 387,
        "LakeSiteName": "Tamarack Lake",
        "County": "Montcalm",
        "SiteID": "WB-1511",
        "Staff1": "Dave Kenaga",
        "Staff2": null,
        "Staff3": null,
        "Affiliation": "SOM",
        "SiteVisitType": "vegetation survey",
        "Year": 1993,
        "Comments": null,
        "Longitude": -85.266377,
        "Latitude": 43.443547
      }
    },
    {
      "type": "Feature",
      "id": 388,
      "geometry": {
        "type": "Point",
        "coordinates": [
          -85.35688099999999,
          43.355053000000055
        ]
      },
      "properties": {
        "OBJECTID": 388,
        "LakeSiteName": "Cowden Lake",
        "County": "Montcalm",
        "SiteID": "WB-1568",
        "Staff1": "Dave Kenaga",
        "Staff2": "Amy Hilt",
        "Staff3": null,
        "Affiliation": "SOM",
        "SiteVisitType": "vegetation survey",
        "Year": 1994,
        "Comments": null,
        "Longitude": -85.356881,
        "Latitude": 43.355053
      }
    },
    {
      "type": "Feature",
      "id": 389,
      "geometry": {
        "type": "Point",
        "coordinates": [
          -85.26637699999998,
          43.44354700000008
        ]
      },
      "properties": {
        "OBJECTID": 389,
        "LakeSiteName": "Tamarack Lake",
        "County": "Montcalm",
        "SiteID": "WB-1511",
        "Staff1": "Dave Kenaga",
        "Staff2": "Amy Hilt",
        "Staff3": null,
        "Affiliation": "SOM",
        "SiteVisitType": "vegetation survey",
        "Year": 1994,
        "Comments": null,
        "Longitude": -85.266377,
        "Latitude": 43.443547
      }
    },
    {
      "type": "Feature",
      "id": 390,
      "geometry": {
        "type": "Point",
        "coordinates": [
          -85.36901399999994,
          43.38413900000006
        ]
      },
      "properties": {
        "OBJECTID": 390,
        "LakeSiteName": "Winfield Lake",
        "County": "Montcalm",
        "SiteID": "WB-1726",
        "Staff1": "Ralph Bednarz",
        "Staff2": null,
        "Staff3": null,
        "Affiliation": "SOM",
        "SiteVisitType": "vegetation survey",
        "Year": 1994,
        "Comments": null,
        "Longitude": -85.369014,
        "Latitude": 43.384139
      }
    },
    {
      "type": "Feature",
      "id": 391,
      "geometry": {
        "type": "Point",
        "coordinates": [
          -85.35688099999999,
          43.355053000000055
        ]
      },
      "properties": {
        "OBJECTID": 391,
        "LakeSiteName": "Cowden Lake",
        "County": "Montcalm",
        "SiteID": "WB-1568",
        "Staff1": "Dave Kenaga",
        "Staff2": null,
        "Staff3": null,
        "Affiliation": "SOM",
        "SiteVisitType": "vegetation survey",
        "Year": 1995,
        "Comments": null,
        "Longitude": -85.356881,
        "Latitude": 43.355053
      }
    },
    {
      "type": "Feature",
      "id": 392,
      "geometry": {
        "type": "Point",
        "coordinates": [
          -85.26637699999998,
          43.44354700000008
        ]
      },
      "properties": {
        "OBJECTID": 392,
        "LakeSiteName": "Tamarack Lake",
        "County": "Montcalm",
        "SiteID": "WB-1511",
        "Staff1": "Dave Kenaga",
        "Staff2": "Howard Wandell",
        "Staff3": null,
        "Affiliation": "SOM",
        "SiteVisitType": "vegetation survey",
        "Year": 1995,
        "Comments": null,
        "Longitude": -85.266377,
        "Latitude": 43.443547
      }
    },
    {
      "type": "Feature",
      "id": 393,
      "geometry": {
        "type": "Point",
        "coordinates": [
          -85.36901399999994,
          43.38413900000006
        ]
      },
      "properties": {
        "OBJECTID": 393,
        "LakeSiteName": "Winfield Lake",
        "County": "Montcalm",
        "SiteID": "WB-1726",
        "Staff1": "Howard Wandell",
        "Staff2": null,
        "Staff3": null,
        "Affiliation": "SOM",
        "SiteVisitType": "vegetation survey",
        "Year": 1995,
        "Comments": null,
        "Longitude": -85.369014,
        "Latitude": 43.384139
      }
    },
    {
      "type": "Feature",
      "id": 394,
      "geometry": {
        "type": "Point",
        "coordinates": [
          -85.26637699999998,
          43.44354700000008
        ]
      },
      "properties": {
        "OBJECTID": 394,
        "LakeSiteName": "Tamarack Lake",
        "County": "Montcalm",
        "SiteID": "WB-1511",
        "Staff1": "Dave Kenaga",
        "Staff2": "Howard Wandell",
        "Staff3": null,
        "Affiliation": "SOM",
        "SiteVisitType": "vegetation survey",
        "Year": 1996,
        "Comments": null,
        "Longitude": -85.266377,
        "Latitude": 43.443547
      }
    },
    {
      "type": "Feature",
      "id": 395,
      "geometry": {
        "type": "Point",
        "coordinates": [
          -85.19040899999999,
          43.308192000000076
        ]
      },
      "properties": {
        "OBJECTID": 395,
        "LakeSiteName": "Clifford Lake",
        "County": "Montcalm",
        "SiteID": "WB-2286",
        "Staff1": "Dave Kenaga",
        "Staff2": "Dave Schipper",
        "Staff3": null,
        "Affiliation": "SOM",
        "SiteVisitType": "vegetation survey",
        "Year": 1997,
        "Comments": null,
        "Longitude": -85.190409,
        "Latitude": 43.308192
      }
    },
    {
      "type": "Feature",
      "id": 396,
      "geometry": {
        "type": "Point",
        "coordinates": [
          -85.35688099999999,
          43.355053000000055
        ]
      },
      "properties": {
        "OBJECTID": 396,
        "LakeSiteName": "Cowden Lake",
        "County": "Montcalm",
        "SiteID": "WB-1568",
        "Staff1": "Dave Kenaga",
        "Staff2": "Dave Schipper",
        "Staff3": null,
        "Affiliation": "SOM",
        "SiteVisitType": "vegetation survey",
        "Year": 1997,
        "Comments": null,
        "Longitude": -85.356881,
        "Latitude": 43.355053
      }
    },
    {
      "type": "Feature",
      "id": 397,
      "geometry": {
        "type": "Point",
        "coordinates": [
          -85.04525299999995,
          43.230665000000045
        ]
      },
      "properties": {
        "OBJECTID": 397,
        "LakeSiteName": "Holland Lake",
        "County": "Montcalm",
        "SiteID": "WB-1402",
        "Staff1": "Dave Kenaga",
        "Staff2": "Dave Schipper",
        "Staff3": null,
        "Affiliation": "SOM",
        "SiteVisitType": "vegetation survey",
        "Year": 1997,
        "Comments": null,
        "Longitude": -85.045253,
        "Latitude": 43.230665
      }
    },
    {
      "type": "Feature",
      "id": 398,
      "geometry": {
        "type": "Point",
        "coordinates": [
          -85.26637699999998,
          43.44354700000008
        ]
      },
      "properties": {
        "OBJECTID": 398,
        "LakeSiteName": "Tamarack Lake",
        "County": "Montcalm",
        "SiteID": "WB-1511",
        "Staff1": "Dave Kenaga",
        "Staff2": "Ned Rathbun",
        "Staff3": "Dave Schipper",
        "Affiliation": "SOM",
        "SiteVisitType": "vegetation survey",
        "Year": 1997,
        "Comments": null,
        "Longitude": -85.266377,
        "Latitude": 43.443547
      }
    },
    {
      "type": "Feature",
      "id": 399,
      "geometry": {
        "type": "Point",
        "coordinates": [
          -85.35688099999999,
          43.355053000000055
        ]
      },
      "properties": {
        "OBJECTID": 399,
        "LakeSiteName": "Cowden Lake",
        "County": "Montcalm",
        "SiteID": "WB-1568",
        "Staff1": "Ned Rathbun",
        "Staff2": "Eric Bacon",
        "Staff3": null,
        "Affiliation": "SOM",
        "SiteVisitType": "vegetation survey",
        "Year": 1998,
        "Comments": null,
        "Longitude": -85.356881,
        "Latitude": 43.355053
      }
    },
    {
      "type": "Feature",
      "id": 400,
      "geometry": {
        "type": "Point",
        "coordinates": [
          -85.00245899999999,
          43.23710500000004
        ]
      },
      "properties": {
        "OBJECTID": 400,
        "LakeSiteName": "Crooked Lake",
        "County": "Montcalm",
        "SiteID": "WB-2429",
        "Staff1": "Ned Rathbun",
        "Staff2": "Eric Bacon",
        "Staff3": null,
        "Affiliation": "SOM",
        "SiteVisitType": "vegetation survey",
        "Year": 1998,
        "Comments": null,
        "Longitude": -85.002459,
        "Latitude": 43.237105
      }
    },
    {
      "type": "Feature",
      "id": 401,
      "geometry": {
        "type": "Point",
        "coordinates": [
          -84.87732399999999,
          43.26918000000006
        ]
      },
      "properties": {
        "OBJECTID": 401,
        "LakeSiteName": "Duck Lake",
        "County": "Montcalm",
        "SiteID": "WB-1569",
        "Staff1": "Ned Rathbun",
        "Staff2": "Eric Bacon",
        "Staff3": null,
        "Affiliation": "SOM",
        "SiteVisitType": "vegetation survey",
        "Year": 1998,
        "Comments": null,
        "Longitude": -84.877324,
        "Latitude": 43.26918
      }
    },
    {
      "type": "Feature",
      "id": 402,
      "geometry": {
        "type": "Point",
        "coordinates": [
          -85.19040899999999,
          43.308192000000076
        ]
      },
      "properties": {
        "OBJECTID": 402,
        "LakeSiteName": "Clifford Lake",
        "County": "Montcalm",
        "SiteID": "WB-2286",
        "Staff1": "Laura Esman",
        "Staff2": "Eric Bacon",
        "Staff3": null,
        "Affiliation": "SOM",
        "SiteVisitType": "vegetation survey",
        "Year": 1999,
        "Comments": null,
        "Longitude": -85.190409,
        "Latitude": 43.308192
      }
    },
    {
      "type": "Feature",
      "id": 403,
      "geometry": {
        "type": "Point",
        "coordinates": [
          -85.36901399999994,
          43.38413900000006
        ]
      },
      "properties": {
        "OBJECTID": 403,
        "LakeSiteName": "Winfield Lake",
        "County": "Montcalm",
        "SiteID": "WB-1726",
        "Staff1": "Laura Esman",
        "Staff2": "Eric Bacon",
        "Staff3": null,
        "Affiliation": "SOM",
        "SiteVisitType": "vegetation survey",
        "Year": 2000,
        "Comments": "Partial vegetation survey",
        "Longitude": -85.369014,
        "Latitude": 43.384139
      }
    },
    {
      "type": "Feature",
      "id": 404,
      "geometry": {
        "type": "Point",
        "coordinates": [
          -85.36901399999994,
          43.38413900000006
        ]
      },
      "properties": {
        "OBJECTID": 404,
        "LakeSiteName": "Winfield Lake",
        "County": "Montcalm",
        "SiteID": "WB-1726",
        "Staff1": "Jeremie Wilson",
        "Staff2": "Laura Esman",
        "Staff3": null,
        "Affiliation": "SOM",
        "SiteVisitType": "vegetation survey",
        "Year": 2001,
        "Comments": null,
        "Longitude": -85.369014,
        "Latitude": 43.384139
      }
    },
    {
      "type": "Feature",
      "id": 405,
      "geometry": {
        "type": "Point",
        "coordinates": [
          -85.16700699999996,
          43.29451700000004
        ]
      },
      "properties": {
        "OBJECTID": 405,
        "LakeSiteName": "Dickerson Lake",
        "County": "Montcalm",
        "SiteID": "WB-273",
        "Staff1": "Eric Bacon",
        "Staff2": "Laura Esman",
        "Staff3": null,
        "Affiliation": "SOM",
        "SiteVisitType": "vegetation survey",
        "Year": 2002,
        "Comments": null,
        "Longitude": -85.167007,
        "Latitude": 43.294517
      }
    },
    {
      "type": "Feature",
      "id": 406,
      "geometry": {
        "type": "Point",
        "coordinates": [
          -85.19040899999999,
          43.308192000000076
        ]
      },
      "properties": {
        "OBJECTID": 406,
        "LakeSiteName": "Clifford Lake",
        "County": "Montcalm",
        "SiteID": "WB-2286",
        "Staff1": "Laura Esman",
        "Staff2": "Eric Bacon",
        "Staff3": null,
        "Affiliation": "SOM",
        "SiteVisitType": "vegetation survey",
        "Year": 2003,
        "Comments": null,
        "Longitude": -85.190409,
        "Latitude": 43.308192
      }
    },
    {
      "type": "Feature",
      "id": 407,
      "geometry": {
        "type": "Point",
        "coordinates": [
          -85.18980099999999,
          43.38083500000005
        ]
      },
      "properties": {
        "OBJECTID": 407,
        "LakeSiteName": "Lake Montcalm",
        "County": "Montcalm",
        "SiteID": "WB-1698",
        "Staff1": "Eric Bacon",
        "Staff2": "Matt Preisser",
        "Staff3": null,
        "Affiliation": "SOM",
        "SiteVisitType": "vegetation survey",
        "Year": 2003,
        "Comments": null,
        "Longitude": -85.189801,
        "Latitude": 43.380835
      }
    },
    {
      "type": "Feature",
      "id": 408,
      "geometry": {
        "type": "Point",
        "coordinates": [
          -85.30666499999995,
          43.33082200000007
        ]
      },
      "properties": {
        "OBJECTID": 408,
        "LakeSiteName": "Rainbow Lake",
        "County": "Montcalm",
        "SiteID": "WB-891",
        "Staff1": "Eric Bacon",
        "Staff2": "Matt Preisser",
        "Staff3": null,
        "Affiliation": "SOM",
        "SiteVisitType": "vegetation survey",
        "Year": 2003,
        "Comments": null,
        "Longitude": -85.306665,
        "Latitude": 43.330822
      }
    },
    {
      "type": "Feature",
      "id": 409,
      "geometry": {
        "type": "Point",
        "coordinates": [
          -85.12739699999997,
          43.27366200000006
        ]
      },
      "properties": {
        "OBJECTID": 409,
        "LakeSiteName": "Derby Lake",
        "County": "Montcalm",
        "SiteID": "WB-2359",
        "Staff1": "Matt Preisser",
        "Staff2": "Julie Sims",
        "Staff3": null,
        "Affiliation": "SOM",
        "SiteVisitType": "vegetation survey",
        "Year": 2004,
        "Comments": null,
        "Longitude": -85.127397,
        "Latitude": 43.273662
      }
    },
    {
      "type": "Feature",
      "id": 410,
      "geometry": {
        "type": "Point",
        "coordinates": [
          -85.04525299999995,
          43.230665000000045
        ]
      },
      "properties": {
        "OBJECTID": 410,
        "LakeSiteName": "Holland Lake",
        "County": "Montcalm",
        "SiteID": "WB-1402",
        "Staff1": "Eric Bacon",
        "Staff2": "Laura Esman",
        "Staff3": "Jessica Schultz",
        "Affiliation": "SOM",
        "SiteVisitType": "vegetation survey",
        "Year": 2004,
        "Comments": null,
        "Longitude": -85.045253,
        "Latitude": 43.230665
      }
    },
    {
      "type": "Feature",
      "id": 411,
      "geometry": {
        "type": "Point",
        "coordinates": [
          -85.13866099999996,
          43.280958000000055
        ]
      },
      "properties": {
        "OBJECTID": 411,
        "LakeSiteName": "Nevins Lake",
        "County": "Montcalm",
        "SiteID": "WB-2068",
        "Staff1": "Julie Sims",
        "Staff2": "Matt Preisser",
        "Staff3": null,
        "Affiliation": "SOM",
        "SiteVisitType": "vegetation survey",
        "Year": 2004,
        "Comments": null,
        "Longitude": -85.138661,
        "Latitude": 43.280958
      }
    },
    {
      "type": "Feature",
      "id": 412,
      "geometry": {
        "type": "Point",
        "coordinates": [
          -85.43347299999994,
          43.42071400000003
        ]
      },
      "properties": {
        "OBJECTID": 412,
        "LakeSiteName": "Indian Lake",
        "County": "Montcalm",
        "SiteID": "WB-1478",
        "Staff1": "Laura Esman",
        "Staff2": "Julie Sims",
        "Staff3": null,
        "Affiliation": "SOM",
        "SiteVisitType": "vegetation survey",
        "Year": 2005,
        "Comments": null,
        "Longitude": -85.433473,
        "Latitude": 43.420714
      }
    },
    {
      "type": "Feature",
      "id": 413,
      "geometry": {
        "type": "Point",
        "coordinates": [
          -85.26637699999998,
          43.44354700000008
        ]
      },
      "properties": {
        "OBJECTID": 413,
        "LakeSiteName": "Tamarack Lake",
        "County": "Montcalm",
        "SiteID": "WB-1511",
        "Staff1": "Julie Sims",
        "Staff2": "Laura Esman",
        "Staff3": null,
        "Affiliation": "SOM",
        "SiteVisitType": "vegetation survey",
        "Year": 2005,
        "Comments": null,
        "Longitude": -85.266377,
        "Latitude": 43.443547
      }
    },
    {
      "type": "Feature",
      "id": 414,
      "geometry": {
        "type": "Point",
        "coordinates": [
          -85.26988299999994,
          43.16366500000004
        ]
      },
      "properties": {
        "OBJECTID": 414,
        "LakeSiteName": "Baldwin Lake",
        "County": "Montcalm",
        "SiteID": "WB-3974",
        "Staff1": "Laura Esman",
        "Staff2": "Matt Preisser",
        "Staff3": null,
        "Affiliation": "SOM",
        "SiteVisitType": "vegetation survey",
        "Year": 2006,
        "Comments": null,
        "Longitude": -85.269883,
        "Latitude": 43.163665
      }
    },
    {
      "type": "Feature",
      "id": 415,
      "geometry": {
        "type": "Point",
        "coordinates": [
          -85.30666499999995,
          43.33082200000007
        ]
      },
      "properties": {
        "OBJECTID": 415,
        "LakeSiteName": "Rainbow Lake",
        "County": "Montcalm",
        "SiteID": "WB-891",
        "Staff1": "Ryan Crouch",
        "Staff2": "Eric Bacon",
        "Staff3": null,
        "Affiliation": "SOM",
        "SiteVisitType": "vegetation survey",
        "Year": 2017,
        "Comments": "Assessment of lake selected randomly",
        "Longitude": -85.306665,
        "Latitude": 43.330822
      }
    },
    {
      "type": "Feature",
      "id": 416,
      "geometry": {
        "type": "Point",
        "coordinates": [
          -85.36901399999994,
          43.38413900000006
        ]
      },
      "properties": {
        "OBJECTID": 416,
        "LakeSiteName": "Winfield Lake",
        "County": "Montcalm",
        "SiteID": "WB-1726",
        "Staff1": "Ryan Crouch",
        "Staff2": "Sara Thoma",
        "Staff3": "Bob Sweet",
        "Affiliation": "SOM",
        "SiteVisitType": "vegetation survey",
        "Year": 2017,
        "Comments": "Historic issues with native plant diversity",
        "Longitude": -85.369014,
        "Latitude": 43.384139
      }
    },
    {
      "type": "Feature",
      "id": 417,
      "geometry": {
        "type": "Point",
        "coordinates": [
          -84.93219999999997,
          43.263100000000065
        ]
      },
      "properties": {
        "OBJECTID": 417,
        "LakeSiteName": "Crystal Lake",
        "County": "Montcalm",
        "SiteID": "WB-107",
        "Staff1": "Ryan Crouch",
        "Staff2": "Lisa Huberty",
        "Staff3": "Tom Braum",
        "Affiliation": "SOM",
        "SiteVisitType": "vegetation survey",
        "Year": 2019,
        "Comments": "Plant community assessment",
        "Longitude": -84.9322,
        "Latitude": 43.2631
      }
    },
    {
      "type": "Feature",
      "id": 418,
      "geometry": {
        "type": "Point",
        "coordinates": [
          -85.07681099999996,
          43.20924800000006
        ]
      },
      "properties": {
        "OBJECTID": 418,
        "LakeSiteName": "Pearl Lake",
        "County": "Montcalm",
        "SiteID": "WB-1983",
        "Staff1": "Eric Bacon",
        "Staff2": "Ryan Crouch",
        "Staff3": "Bill Keiper",
        "Affiliation": "SOM",
        "SiteVisitType": "vegetation survey",
        "Year": 2021,
        "Comments": null,
        "Longitude": -85.076811,
        "Latitude": 43.209248
      }
    },
    {
      "type": "Feature",
      "id": 419,
      "geometry": {
        "type": "Point",
        "coordinates": [
          -84.18033999999994,
          45.12472400000007
        ]
      },
      "properties": {
        "OBJECTID": 419,
        "LakeSiteName": "Clear Lake",
        "County": "Montmorency",
        "SiteID": "WB-6162",
        "Staff1": "Michigan State University",
        "Staff2": null,
        "Staff3": null,
        "Affiliation": "MSU",
        "SiteVisitType": "vegetation survey",
        "Year": 2023,
        "Comments": null,
        "Longitude": -84.18034,
        "Latitude": 45.124724
      }
    },
    {
      "type": "Feature",
      "id": 420,
      "geometry": {
        "type": "Point",
        "coordinates": [
          -83.90617099999997,
          45.05901000000006
        ]
      },
      "properties": {
        "OBJECTID": 420,
        "LakeSiteName": "Hillman Pond",
        "County": "Montmorency",
        "SiteID": "WB-6168",
        "Staff1": "Michigan State University",
        "Staff2": null,
        "Staff3": null,
        "Affiliation": "MSU",
        "SiteVisitType": "vegetation survey",
        "Year": 2023,
        "Comments": null,
        "Longitude": -83.906171,
        "Latitude": 45.05901
      }
    },
    {
      "type": "Feature",
      "id": 421,
      "geometry": {
        "type": "Point",
        "coordinates": [
          -83.97320599999995,
          45.12406200000004
        ]
      },
      "properties": {
        "OBJECTID": 421,
        "LakeSiteName": "Long Lake",
        "County": "Montmorency",
        "SiteID": "WB-6186",
        "Staff1": "Michigan State University",
        "Staff2": null,
        "Staff3": null,
        "Affiliation": "MSU",
        "SiteVisitType": "vegetation survey",
        "Year": 2023,
        "Comments": null,
        "Longitude": -83.973206,
        "Latitude": 45.124062
      }
    },
    {
      "type": "Feature",
      "id": 422,
      "geometry": {
        "type": "Point",
        "coordinates": [
          -86.10166499999997,
          43.25777900000003
        ]
      },
      "properties": {
        "OBJECTID": 422,
        "LakeSiteName": "Wolf Lake",
        "County": "Muskegon",
        "SiteID": "WB-1497",
        "Staff1": "Dave Kenaga",
        "Staff2": null,
        "Staff3": null,
        "Affiliation": "SOM",
        "SiteVisitType": "vegetation survey",
        "Year": 1991,
        "Comments": null,
        "Longitude": -86.101665,
        "Latitude": 43.257779
      }
    },
    {
      "type": "Feature",
      "id": 423,
      "geometry": {
        "type": "Point",
        "coordinates": [
          -86.17243599999995,
          43.36859400000003
        ]
      },
      "properties": {
        "OBJECTID": 423,
        "LakeSiteName": "Twin Lake",
        "County": "Muskegon",
        "SiteID": "WB-2226",
        "Staff1": "Dave Kenaga",
        "Staff2": null,
        "Staff3": null,
        "Affiliation": "SOM",
        "SiteVisitType": "vegetation survey",
        "Year": 1997,
        "Comments": null,
        "Longitude": -86.172436,
        "Latitude": 43.368594
      }
    },
    {
      "type": "Feature",
      "id": 424,
      "geometry": {
        "type": "Point",
        "coordinates": [
          -86.10166499999997,
          43.25777900000003
        ]
      },
      "properties": {
        "OBJECTID": 424,
        "LakeSiteName": "Wolf Lake",
        "County": "Muskegon",
        "SiteID": "WB-1497",
        "Staff1": "Laura Esman",
        "Staff2": "Jeremie Wilson",
        "Staff3": null,
        "Affiliation": "SOM",
        "SiteVisitType": "vegetation survey",
        "Year": 1999,
        "Comments": null,
        "Longitude": -86.101665,
        "Latitude": 43.257779
      }
    },
    {
      "type": "Feature",
      "id": 425,
      "geometry": {
        "type": "Point",
        "coordinates": [
          -86.20674399999996,
          43.45523700000007
        ]
      },
      "properties": {
        "OBJECTID": 425,
        "LakeSiteName": "Big Blue Lake",
        "County": "Muskegon",
        "SiteID": "WB-1316",
        "Staff1": "Matt Preisser",
        "Staff2": "John Riley",
        "Staff3": null,
        "Affiliation": "SOM",
        "SiteVisitType": "vegetation survey",
        "Year": 2007,
        "Comments": null,
        "Longitude": -86.206744,
        "Latitude": 43.455237
      }
    },
    {
      "type": "Feature",
      "id": 426,
      "geometry": {
        "type": "Point",
        "coordinates": [
          -85.81013799999994,
          43.25758600000006
        ]
      },
      "properties": {
        "OBJECTID": 426,
        "LakeSiteName": "Half Moon Lake",
        "County": "Muskegon",
        "SiteID": "WB-2536",
        "Staff1": "Matt Preisser",
        "Staff2": "Lisa Huberty",
        "Staff3": null,
        "Affiliation": "SOM",
        "SiteVisitType": "vegetation survey",
        "Year": 2007,
        "Comments": null,
        "Longitude": -85.810138,
        "Latitude": 43.257586
      }
    },
    {
      "type": "Feature",
      "id": 427,
      "geometry": {
        "type": "Point",
        "coordinates": [
          -85.76869099999999,
          43.38626300000004
        ]
      },
      "properties": {
        "OBJECTID": 427,
        "LakeSiteName": "Hess Lake",
        "County": "Newaygo",
        "SiteID": "WB-1417",
        "Staff1": "Dave Kenaga",
        "Staff2": "Rich O'Neal (DNR)",
        "Staff3": null,
        "Affiliation": "SOM",
        "SiteVisitType": "vegetation survey",
        "Year": 1992,
        "Comments": null,
        "Longitude": -85.768691,
        "Latitude": 43.386263
      }
    },
    {
      "type": "Feature",
      "id": 428,
      "geometry": {
        "type": "Point",
        "coordinates": [
          -85.85443099999998,
          43.53150500000004
        ]
      },
      "properties": {
        "OBJECTID": 428,
        "LakeSiteName": "Robinson Lake",
        "County": "Newaygo",
        "SiteID": "WB-2164",
        "Staff1": "Dave Kenaga",
        "Staff2": "Rich O'Neal (DNR)",
        "Staff3": null,
        "Affiliation": "SOM",
        "SiteVisitType": "vegetation survey",
        "Year": 1992,
        "Comments": null,
        "Longitude": -85.854431,
        "Latitude": 43.531505
      }
    },
    {
      "type": "Feature",
      "id": 429,
      "geometry": {
        "type": "Point",
        "coordinates": [
          -85.76869099999999,
          43.38626300000004
        ]
      },
      "properties": {
        "OBJECTID": 429,
        "LakeSiteName": "Hess Lake",
        "County": "Newaygo",
        "SiteID": "WB-1417",
        "Staff1": "Howard Wandell",
        "Staff2": null,
        "Staff3": null,
        "Affiliation": "SOM",
        "SiteVisitType": "vegetation survey",
        "Year": 1996,
        "Comments": null,
        "Longitude": -85.768691,
        "Latitude": 43.386263
      }
    },
    {
      "type": "Feature",
      "id": 430,
      "geometry": {
        "type": "Point",
        "coordinates": [
          -85.82609999999994,
          43.455700000000036
        ]
      },
      "properties": {
        "OBJECTID": 430,
        "LakeSiteName": "Kimball Lake",
        "County": "Newaygo",
        "SiteID": "WB-1416",
        "Staff1": "Dave Kenaga",
        "Staff2": "Dave Schipper",
        "Staff3": null,
        "Affiliation": "SOM",
        "SiteVisitType": "vegetation survey",
        "Year": 1997,
        "Comments": null,
        "Longitude": -85.8261,
        "Latitude": 43.4557
      }
    },
    {
      "type": "Feature",
      "id": 431,
      "geometry": {
        "type": "Point",
        "coordinates": [
          -85.90536399999996,
          43.72646700000007
        ]
      },
      "properties": {
        "OBJECTID": 431,
        "LakeSiteName": "Nichols Lake",
        "County": "Newaygo",
        "SiteID": "WB-2073",
        "Staff1": "Dave Kenaga",
        "Staff2": "Rich O'Neal (DNR)",
        "Staff3": null,
        "Affiliation": "SOM",
        "SiteVisitType": "vegetation survey",
        "Year": 1997,
        "Comments": null,
        "Longitude": -85.905364,
        "Latitude": 43.726467
      }
    },
    {
      "type": "Feature",
      "id": 432,
      "geometry": {
        "type": "Point",
        "coordinates": [
          -85.80952899999994,
          43.45743100000004
        ]
      },
      "properties": {
        "OBJECTID": 432,
        "LakeSiteName": "Pickerel Lake",
        "County": "Newaygo",
        "SiteID": "WB-1037",
        "Staff1": "Dave Kenaga",
        "Staff2": "Dave Schipper",
        "Staff3": null,
        "Affiliation": "SOM",
        "SiteVisitType": "vegetation survey",
        "Year": 1997,
        "Comments": null,
        "Longitude": -85.809529,
        "Latitude": 43.457431
      }
    },
    {
      "type": "Feature",
      "id": 433,
      "geometry": {
        "type": "Point",
        "coordinates": [
          -85.85443099999998,
          43.53150500000004
        ]
      },
      "properties": {
        "OBJECTID": 433,
        "LakeSiteName": "Robinson Lake",
        "County": "Newaygo",
        "SiteID": "WB-2164",
        "Staff1": "Dave Kenaga",
        "Staff2": "Rich O'Neal (DNR)",
        "Staff3": null,
        "Affiliation": "SOM",
        "SiteVisitType": "vegetation survey",
        "Year": 1997,
        "Comments": null,
        "Longitude": -85.854431,
        "Latitude": 43.531505
      }
    },
    {
      "type": "Feature",
      "id": 434,
      "geometry": {
        "type": "Point",
        "coordinates": [
          -85.75048799999996,
          43.396420000000035
        ]
      },
      "properties": {
        "OBJECTID": 434,
        "LakeSiteName": "Brooks Lake",
        "County": "Newaygo",
        "SiteID": "WB-1363",
        "Staff1": "Jeremie Wilson",
        "Staff2": "Laura Esman",
        "Staff3": null,
        "Affiliation": "SOM",
        "SiteVisitType": "vegetation survey",
        "Year": 1999,
        "Comments": null,
        "Longitude": -85.750488,
        "Latitude": 43.39642
      }
    },
    {
      "type": "Feature",
      "id": 435,
      "geometry": {
        "type": "Point",
        "coordinates": [
          -85.58285599999994,
          43.320981000000074
        ]
      },
      "properties": {
        "OBJECTID": 435,
        "LakeSiteName": "Englewright Lake",
        "County": "Newaygo",
        "SiteID": "WB-1608",
        "Staff1": "Eric Bacon",
        "Staff2": "Laura Esman",
        "Staff3": null,
        "Affiliation": "SOM",
        "SiteVisitType": "vegetation survey",
        "Year": 2000,
        "Comments": null,
        "Longitude": -85.582856,
        "Latitude": 43.320981
      }
    },
    {
      "type": "Feature",
      "id": 436,
      "geometry": {
        "type": "Point",
        "coordinates": [
          -85.90536399999996,
          43.72646700000007
        ]
      },
      "properties": {
        "OBJECTID": 436,
        "LakeSiteName": "Nichols Lake",
        "County": "Newaygo",
        "SiteID": "WB-2073",
        "Staff1": "Eric Bacon",
        "Staff2": "Laura Esman",
        "Staff3": null,
        "Affiliation": "SOM",
        "SiteVisitType": "vegetation survey",
        "Year": 2000,
        "Comments": null,
        "Longitude": -85.905364,
        "Latitude": 43.726467
      }
    },
    {
      "type": "Feature",
      "id": 437,
      "geometry": {
        "type": "Point",
        "coordinates": [
          -85.81759599999998,
          43.60474100000005
        ]
      },
      "properties": {
        "OBJECTID": 437,
        "LakeSiteName": "Diamond Lake",
        "County": "Newaygo",
        "SiteID": "WB-1742",
        "Staff1": "Laura Esman",
        "Staff2": "Jeremie Wilson",
        "Staff3": null,
        "Affiliation": "SOM",
        "SiteVisitType": "vegetation survey",
        "Year": 2001,
        "Comments": null,
        "Longitude": -85.817596,
        "Latitude": 43.604741
      }
    },
    {
      "type": "Feature",
      "id": 438,
      "geometry": {
        "type": "Point",
        "coordinates": [
          -85.90536399999996,
          43.72646700000007
        ]
      },
      "properties": {
        "OBJECTID": 438,
        "LakeSiteName": "Nichols Lake",
        "County": "Newaygo",
        "SiteID": "WB-2073",
        "Staff1": "Jeremie Wilson",
        "Staff2": "Laura Esman",
        "Staff3": null,
        "Affiliation": "SOM",
        "SiteVisitType": "vegetation survey",
        "Year": 2001,
        "Comments": null,
        "Longitude": -85.905364,
        "Latitude": 43.726467
      }
    },
    {
      "type": "Feature",
      "id": 439,
      "geometry": {
        "type": "Point",
        "coordinates": [
          -85.86531199999996,
          43.50583400000005
        ]
      },
      "properties": {
        "OBJECTID": 439,
        "LakeSiteName": "Crystal Lake",
        "County": "Newaygo",
        "SiteID": "WB-650",
        "Staff1": "Matt Preisser",
        "Staff2": "Laura Esman",
        "Staff3": null,
        "Affiliation": "SOM",
        "SiteVisitType": "vegetation survey",
        "Year": 2003,
        "Comments": null,
        "Longitude": -85.865312,
        "Latitude": 43.505834
      }
    },
    {
      "type": "Feature",
      "id": 440,
      "geometry": {
        "type": "Point",
        "coordinates": [
          -85.85443099999998,
          43.53150500000004
        ]
      },
      "properties": {
        "OBJECTID": 440,
        "LakeSiteName": "Robinson Lake",
        "County": "Newaygo",
        "SiteID": "WB-2164",
        "Staff1": "Jessica Koerner",
        "Staff2": "Julie Sims",
        "Staff3": "Kim Manning",
        "Affiliation": "SOM",
        "SiteVisitType": "vegetation survey",
        "Year": 2005,
        "Comments": null,
        "Longitude": -85.854431,
        "Latitude": 43.531505
      }
    },
    {
      "type": "Feature",
      "id": 441,
      "geometry": {
        "type": "Point",
        "coordinates": [
          -85.80723799999998,
          43.45700700000003
        ]
      },
      "properties": {
        "OBJECTID": 441,
        "LakeSiteName": "Pickerel Lake",
        "County": "Newaygo",
        "SiteID": "WB-1037",
        "Staff1": "Lisa Huberty",
        "Staff2": "John Riley",
        "Staff3": null,
        "Affiliation": "SOM",
        "SiteVisitType": "vegetation survey",
        "Year": 2008,
        "Comments": null,
        "Longitude": -85.807238,
        "Latitude": 43.457007
      }
    },
    {
      "type": "Feature",
      "id": 442,
      "geometry": {
        "type": "Point",
        "coordinates": [
          -85.80450199999996,
          43.34123900000003
        ]
      },
      "properties": {
        "OBJECTID": 442,
        "LakeSiteName": "Blanch Lake",
        "County": "Newaygo",
        "SiteID": "WB-3319",
        "Staff1": "Tom Alwin",
        "Staff2": "Lisa Huberty",
        "Staff3": null,
        "Affiliation": "SOM",
        "SiteVisitType": "vegetation survey",
        "Year": 2011,
        "Comments": null,
        "Longitude": -85.804502,
        "Latitude": 43.341239
      }
    },
    {
      "type": "Feature",
      "id": 443,
      "geometry": {
        "type": "Point",
        "coordinates": [
          -85.84115999999995,
          43.78300000000007
        ]
      },
      "properties": {
        "OBJECTID": 443,
        "LakeSiteName": "Pickerel Lake",
        "County": "Newaygo",
        "SiteID": "WB-1037",
        "Staff1": "Tom Alwin",
        "Staff2": "Eric Bacon",
        "Staff3": "Amanda Whitscell",
        "Affiliation": "SOM",
        "SiteVisitType": "vegetation survey",
        "Year": 2011,
        "Comments": null,
        "Longitude": -85.84116,
        "Latitude": 43.783
      }
    },
    {
      "type": "Feature",
      "id": 444,
      "geometry": {
        "type": "Point",
        "coordinates": [
          -85.75048799999996,
          43.396420000000035
        ]
      },
      "properties": {
        "OBJECTID": 444,
        "LakeSiteName": "Brooks Lake",
        "County": "Newaygo",
        "SiteID": "WB-1363",
        "Staff1": "Eric Bacon",
        "Staff2": "Amanda Whitscell",
        "Staff3": null,
        "Affiliation": "SOM",
        "SiteVisitType": "vegetation survey",
        "Year": 2012,
        "Comments": "Concerns by DNR Fisheries and lake resident of lack of aquatic vegetation following fluridone treatment",
        "Longitude": -85.750488,
        "Latitude": 43.39642
      }
    },
    {
      "type": "Feature",
      "id": 445,
      "geometry": {
        "type": "Point",
        "coordinates": [
          -85.75259999999997,
          43.39680000000004
        ]
      },
      "properties": {
        "OBJECTID": 445,
        "LakeSiteName": "Brooks Lake",
        "County": "Newaygo",
        "SiteID": "WB-1363",
        "Staff1": "Ryan Crouch",
        "Staff2": "Sara Thoma",
        "Staff3": null,
        "Affiliation": "SOM",
        "SiteVisitType": "vegetation survey",
        "Year": 2017,
        "Comments": "Issues with native plant diversity and densities in past years",
        "Longitude": -85.7526,
        "Latitude": 43.3968
      }
    },
    {
      "type": "Feature",
      "id": 446,
      "geometry": {
        "type": "Point",
        "coordinates": [
          -85.96775699999995,
          43.44963300000006
        ]
      },
      "properties": {
        "OBJECTID": 446,
        "LakeSiteName": "Fremont Lake",
        "County": "Newaygo",
        "SiteID": "WB-3060",
        "Staff1": "Ryan Crouch",
        "Staff2": "Eric Bacon",
        "Staff3": "Glen Schmitt",
        "Affiliation": "SOM",
        "SiteVisitType": "vegetation survey",
        "Year": 2017,
        "Comments": "Historical issue with native plant diversity",
        "Longitude": -85.967757,
        "Latitude": 43.449633
      }
    },
    {
      "type": "Feature",
      "id": 447,
      "geometry": {
        "type": "Point",
        "coordinates": [
          -85.80723799999998,
          43.45700700000003
        ]
      },
      "properties": {
        "OBJECTID": 447,
        "LakeSiteName": "Pickerel Lake",
        "County": "Newaygo",
        "SiteID": "WB-1037",
        "Staff1": "Ryan Crouch",
        "Staff2": "Sara Thoma",
        "Staff3": "Marcy Knoll-Wilmes",
        "Affiliation": "SOM",
        "SiteVisitType": "vegetation survey",
        "Year": 2018,
        "Comments": "Fisheries concerns",
        "Longitude": -85.807238,
        "Latitude": 43.457007
      }
    },
    {
      "type": "Feature",
      "id": 448,
      "geometry": {
        "type": "Point",
        "coordinates": [
          -85.85399999999998,
          43.532200000000046
        ]
      },
      "properties": {
        "OBJECTID": 448,
        "LakeSiteName": "Robinson Lake",
        "County": "Newaygo",
        "SiteID": "WB-2164",
        "Staff1": "Ryan Crouch",
        "Staff2": "Lisa Huberty",
        "Staff3": "Jack Farelly",
        "Affiliation": "SOM",
        "SiteVisitType": "vegetation survey",
        "Year": 2018,
        "Comments": "Fisheries, T/E Concerns",
        "Longitude": -85.854,
        "Latitude": 43.5322
      }
    },
    {
      "type": "Feature",
      "id": 449,
      "geometry": {
        "type": "Point",
        "coordinates": [
          -85.75259999999997,
          43.39680000000004
        ]
      },
      "properties": {
        "OBJECTID": 449,
        "LakeSiteName": "Brooks Lake",
        "County": "Newaygo",
        "SiteID": "WB-1363",
        "Staff1": "Mark Huffsmith",
        "Staff2": "Lisa Huberty",
        "Staff3": "Eric Bacon",
        "Affiliation": "SOM",
        "SiteVisitType": "vegetation survey",
        "Year": 2021,
        "Comments": null,
        "Longitude": -85.7526,
        "Latitude": 43.3968
      }
    },
    {
      "type": "Feature",
      "id": 450,
      "geometry": {
        "type": "Point",
        "coordinates": [
          -85.76868999999994,
          43.38626000000005
        ]
      },
      "properties": {
        "OBJECTID": 450,
        "LakeSiteName": "Hess Lake",
        "County": "Newaygo",
        "SiteID": "WB-1417",
        "Staff1": "Eric Bacon",
        "Staff2": "Ryan Crouch",
        "Staff3": "Mark Huffsmith",
        "Affiliation": "SOM",
        "SiteVisitType": "vegetation survey",
        "Year": 2021,
        "Comments": null,
        "Longitude": -85.76869,
        "Latitude": 43.38626
      }
    },
    {
      "type": "Feature",
      "id": 451,
      "geometry": {
        "type": "Point",
        "coordinates": [
          -83.41189999999995,
          42.70455000000004
        ]
      },
      "properties": {
        "OBJECTID": 451,
        "LakeSiteName": "Van Norman Lake",
        "County": "Oakland",
        "SiteID": "WB-1422",
        "Staff1": "Howard Wandell",
        "Staff2": null,
        "Staff3": null,
        "Affiliation": "SOM",
        "SiteVisitType": "vegetation survey",
        "Year": 1987,
        "Comments": null,
        "Longitude": -83.4119,
        "Latitude": 42.70455
      }
    },
    {
      "type": "Feature",
      "id": 452,
      "geometry": {
        "type": "Point",
        "coordinates": [
          -83.45873899999998,
          42.58240900000004
        ]
      },
      "properties": {
        "OBJECTID": 452,
        "LakeSiteName": "Lower Straits Lake",
        "County": "Oakland",
        "SiteID": "WB-1861",
        "Staff1": "Dave Kenaga",
        "Staff2": "Doug Pullman (Aquest)",
        "Staff3": null,
        "Affiliation": "SOM",
        "SiteVisitType": "vegetation survey",
        "Year": 1991,
        "Comments": null,
        "Longitude": -83.458739,
        "Latitude": 42.582409
      }
    },
    {
      "type": "Feature",
      "id": 453,
      "geometry": {
        "type": "Point",
        "coordinates": [
          -83.46172599999994,
          42.668949000000055
        ]
      },
      "properties": {
        "OBJECTID": 453,
        "LakeSiteName": "Pontiac Lake",
        "County": "Oakland",
        "SiteID": "WB-1399",
        "Staff1": "Dave Kenaga",
        "Staff2": null,
        "Staff3": null,
        "Affiliation": "SOM",
        "SiteVisitType": "vegetation survey",
        "Year": 1991,
        "Comments": null,
        "Longitude": -83.461726,
        "Latitude": 42.668949
      }
    },
    {
      "type": "Feature",
      "id": 454,
      "geometry": {
        "type": "Point",
        "coordinates": [
          -83.63388899999995,
          42.67440200000004
        ]
      },
      "properties": {
        "OBJECTID": 454,
        "LakeSiteName": "Charlick Lake",
        "County": "Oakland",
        "SiteID": "WB-1952",
        "Staff1": "Dave Kenaga",
        "Staff2": "Scott Jorgensen (ATI)",
        "Staff3": null,
        "Affiliation": "SOM",
        "SiteVisitType": "vegetation survey",
        "Year": 1992,
        "Comments": null,
        "Longitude": -83.633889,
        "Latitude": 42.674402
      }
    },
    {
      "type": "Feature",
      "id": 455,
      "geometry": {
        "type": "Point",
        "coordinates": [
          -83.49083299999995,
          42.76544800000005
        ]
      },
      "properties": {
        "OBJECTID": 455,
        "LakeSiteName": "Dixie Lake",
        "County": "Oakland",
        "SiteID": "WB-1423",
        "Staff1": "Dave Kenaga",
        "Staff2": "Ned Rathbun",
        "Staff3": "Paul Hausler (Progressive AE)",
        "Affiliation": "SOM",
        "SiteVisitType": "vegetation survey",
        "Year": 1992,
        "Comments": null,
        "Longitude": -83.490833,
        "Latitude": 42.765448
      }
    },
    {
      "type": "Feature",
      "id": 456,
      "geometry": {
        "type": "Point",
        "coordinates": [
          -83.12150599999995,
          42.60959400000007
        ]
      },
      "properties": {
        "OBJECTID": 456,
        "LakeSiteName": "Highland Lake",
        "County": "Oakland",
        "SiteID": "WB-1384",
        "Staff1": "Dave Kenaga",
        "Staff2": null,
        "Staff3": null,
        "Affiliation": "SOM",
        "SiteVisitType": "vegetation survey",
        "Year": 1992,
        "Comments": null,
        "Longitude": -83.121506,
        "Latitude": 42.609594
      }
    },
    {
      "type": "Feature",
      "id": 457,
      "geometry": {
        "type": "Point",
        "coordinates": [
          -83.46172599999994,
          42.668949000000055
        ]
      },
      "properties": {
        "OBJECTID": 457,
        "LakeSiteName": "Pontiac Lake",
        "County": "Oakland",
        "SiteID": "WB-1399",
        "Staff1": "Dave Kenaga",
        "Staff2": null,
        "Staff3": null,
        "Affiliation": "SOM",
        "SiteVisitType": "vegetation survey",
        "Year": 1992,
        "Comments": null,
        "Longitude": -83.461726,
        "Latitude": 42.668949
      }
    },
    {
      "type": "Feature",
      "id": 458,
      "geometry": {
        "type": "Point",
        "coordinates": [
          -83.31939999999997,
          42.595390000000066
        ]
      },
      "properties": {
        "OBJECTID": 458,
        "LakeSiteName": "Upper Long Lake",
        "County": "Oakland",
        "SiteID": "WB-1545",
        "Staff1": "Dave Kenaga",
        "Staff2": null,
        "Staff3": null,
        "Affiliation": "SOM",
        "SiteVisitType": "vegetation survey",
        "Year": 1992,
        "Comments": null,
        "Longitude": -83.3194,
        "Latitude": 42.59539
      }
    },
    {
      "type": "Feature",
      "id": 459,
      "geometry": {
        "type": "Point",
        "coordinates": [
          -83.56536999999997,
          42.66677500000003
        ]
      },
      "properties": {
        "OBJECTID": 459,
        "LakeSiteName": "White Lake",
        "County": "Oakland",
        "SiteID": "WB-1398",
        "Staff1": "Dave Kenaga",
        "Staff2": "Ernie Maier (ELM)",
        "Staff3": null,
        "Affiliation": "SOM",
        "SiteVisitType": "vegetation survey",
        "Year": 1992,
        "Comments": null,
        "Longitude": -83.56537,
        "Latitude": 42.666775
      }
    },
    {
      "type": "Feature",
      "id": 460,
      "geometry": {
        "type": "Point",
        "coordinates": [
          -83.63113499999997,
          42.670341000000064
        ]
      },
      "properties": {
        "OBJECTID": 460,
        "LakeSiteName": "Woodruff Lake",
        "County": "Oakland",
        "SiteID": "WB-1818",
        "Staff1": "Dave Kenaga",
        "Staff2": null,
        "Staff3": null,
        "Affiliation": "SOM",
        "SiteVisitType": "vegetation survey",
        "Year": 1992,
        "Comments": null,
        "Longitude": -83.631135,
        "Latitude": 42.670341
      }
    },
    {
      "type": "Feature",
      "id": 461,
      "geometry": {
        "type": "Point",
        "coordinates": [
          -83.49083299999995,
          42.76544800000005
        ]
      },
      "properties": {
        "OBJECTID": 461,
        "LakeSiteName": "Dixie Lake",
        "County": "Oakland",
        "SiteID": "WB-1423",
        "Staff1": "Dave Kenaga",
        "Staff2": "Ned Rathbun",
        "Staff3": "Paul Hausler (Progressive AE)",
        "Affiliation": "SOM",
        "SiteVisitType": "vegetation survey",
        "Year": 1993,
        "Comments": null,
        "Longitude": -83.490833,
        "Latitude": 42.765448
      }
    },
    {
      "type": "Feature",
      "id": 462,
      "geometry": {
        "type": "Point",
        "coordinates": [
          -83.58913999999999,
          42.674352000000056
        ]
      },
      "properties": {
        "OBJECTID": 462,
        "LakeSiteName": "Duck Lake (Highland Twp)",
        "County": "Oakland",
        "SiteID": "WB-60",
        "Staff1": "Dave Kenaga",
        "Staff2": "Doug Pullman (Aquest)",
        "Staff3": "Dick Pinagel (AWC)",
        "Affiliation": "SOM",
        "SiteVisitType": "vegetation survey",
        "Year": 1993,
        "Comments": null,
        "Longitude": -83.58914,
        "Latitude": 42.674352
      }
    },
    {
      "type": "Feature",
      "id": 463,
      "geometry": {
        "type": "Point",
        "coordinates": [
          -83.26943599999998,
          42.76843700000006
        ]
      },
      "properties": {
        "OBJECTID": 463,
        "LakeSiteName": "Elkhorn Lake",
        "County": "Oakland",
        "SiteID": "WB-1570",
        "Staff1": "Dave Kenaga",
        "Staff2": "Jeff Knox (AS)",
        "Staff3": null,
        "Affiliation": "SOM",
        "SiteVisitType": "vegetation survey",
        "Year": 1993,
        "Comments": null,
        "Longitude": -83.269436,
        "Latitude": 42.768437
      }
    },
    {
      "type": "Feature",
      "id": 464,
      "geometry": {
        "type": "Point",
        "coordinates": [
          -83.53983999999997,
          42.66861400000005
        ]
      },
      "properties": {
        "OBJECTID": 464,
        "LakeSiteName": "Grass Lake",
        "County": "Oakland",
        "SiteID": "WB-1343",
        "Staff1": "Dave Kenaga",
        "Staff2": null,
        "Staff3": null,
        "Affiliation": "SOM",
        "SiteVisitType": "vegetation survey",
        "Year": 1993,
        "Comments": null,
        "Longitude": -83.53984,
        "Latitude": 42.668614
      }
    },
    {
      "type": "Feature",
      "id": 465,
      "geometry": {
        "type": "Point",
        "coordinates": [
          -83.43088599999999,
          42.82191000000006
        ]
      },
      "properties": {
        "OBJECTID": 465,
        "LakeSiteName": "Lake Louise",
        "County": "Oakland",
        "SiteID": "WB-1520",
        "Staff1": "Brian Carley",
        "Staff2": null,
        "Staff3": null,
        "Affiliation": "SOM",
        "SiteVisitType": "vegetation survey",
        "Year": 1993,
        "Comments": null,
        "Longitude": -83.430886,
        "Latitude": 42.82191
      }
    },
    {
      "type": "Feature",
      "id": 466,
      "geometry": {
        "type": "Point",
        "coordinates": [
          -83.55011199999996,
          42.58866800000004
        ]
      },
      "properties": {
        "OBJECTID": 466,
        "LakeSiteName": "Lake Sherwood",
        "County": "Oakland",
        "SiteID": "WB-1508",
        "Staff1": "Brian Carley",
        "Staff2": null,
        "Staff3": null,
        "Affiliation": "SOM",
        "SiteVisitType": "vegetation survey",
        "Year": 1993,
        "Comments": null,
        "Longitude": -83.550112,
        "Latitude": 42.588668
      }
    },
    {
      "type": "Feature",
      "id": 467,
      "geometry": {
        "type": "Point",
        "coordinates": [
          -83.45873899999998,
          42.58240900000004
        ]
      },
      "properties": {
        "OBJECTID": 467,
        "LakeSiteName": "Lower Straits Lake",
        "County": "Oakland",
        "SiteID": "WB-1861",
        "Staff1": "Dave Kenaga",
        "Staff2": "Doug Pullman (Aquest)",
        "Staff3": null,
        "Affiliation": "SOM",
        "SiteVisitType": "vegetation survey",
        "Year": 1993,
        "Comments": null,
        "Longitude": -83.458739,
        "Latitude": 42.582409
      }
    },
    {
      "type": "Feature",
      "id": 468,
      "geometry": {
        "type": "Point",
        "coordinates": [
          -83.46172599999994,
          42.668949000000055
        ]
      },
      "properties": {
        "OBJECTID": 468,
        "LakeSiteName": "Pontiac Lake",
        "County": "Oakland",
        "SiteID": "WB-1399",
        "Staff1": "Dave Kenaga",
        "Staff2": null,
        "Staff3": null,
        "Affiliation": "SOM",
        "SiteVisitType": "vegetation survey",
        "Year": 1993,
        "Comments": null,
        "Longitude": -83.461726,
        "Latitude": 42.668949
      }
    },
    {
      "type": "Feature",
      "id": 469,
      "geometry": {
        "type": "Point",
        "coordinates": [
          -83.47159999999997,
          42.61930000000007
        ]
      },
      "properties": {
        "OBJECTID": 469,
        "LakeSiteName": "Round Lake (White Lake Twp)",
        "County": "Oakland",
        "SiteID": "WB-37",
        "Staff1": "Dave Kenaga",
        "Staff2": "Doug Pullman (Aquest)",
        "Staff3": null,
        "Affiliation": "SOM",
        "SiteVisitType": "vegetation survey",
        "Year": 1993,
        "Comments": null,
        "Longitude": -83.4716,
        "Latitude": 42.6193
      }
    },
    {
      "type": "Feature",
      "id": 470,
      "geometry": {
        "type": "Point",
        "coordinates": [
          -83.47915999999998,
          42.762060000000076
        ]
      },
      "properties": {
        "OBJECTID": 470,
        "LakeSiteName": "Susin Lake",
        "County": "Oakland",
        "SiteID": "WB-1588",
        "Staff1": "Dave Kenaga",
        "Staff2": "Ernie Maier (ELM)",
        "Staff3": null,
        "Affiliation": "SOM",
        "SiteVisitType": "vegetation survey",
        "Year": 1993,
        "Comments": null,
        "Longitude": -83.47916,
        "Latitude": 42.76206
      }
    },
    {
      "type": "Feature",
      "id": 471,
      "geometry": {
        "type": "Point",
        "coordinates": [
          -83.67767999999995,
          42.71657600000003
        ]
      },
      "properties": {
        "OBJECTID": 471,
        "LakeSiteName": "Tipsico Lake",
        "County": "Oakland",
        "SiteID": "WB-1870",
        "Staff1": "Dave Kenaga",
        "Staff2": "Brian Carley",
        "Staff3": "Doug Pullman (Aquest)",
        "Affiliation": "SOM",
        "SiteVisitType": "vegetation survey",
        "Year": 1993,
        "Comments": null,
        "Longitude": -83.67768,
        "Latitude": 42.716576
      }
    },
    {
      "type": "Feature",
      "id": 472,
      "geometry": {
        "type": "Point",
        "coordinates": [
          -83.31939999999997,
          42.595390000000066
        ]
      },
      "properties": {
        "OBJECTID": 472,
        "LakeSiteName": "Upper Long Lake",
        "County": "Oakland",
        "SiteID": "WB-1545",
        "Staff1": "Dave Kenaga",
        "Staff2": "Ernie Maier (ELM)",
        "Staff3": null,
        "Affiliation": "SOM",
        "SiteVisitType": "vegetation survey",
        "Year": 1993,
        "Comments": null,
        "Longitude": -83.3194,
        "Latitude": 42.59539
      }
    },
    {
      "type": "Feature",
      "id": 473,
      "geometry": {
        "type": "Point",
        "coordinates": [
          -83.34849799999995,
          42.76256500000005
        ]
      },
      "properties": {
        "OBJECTID": 473,
        "LakeSiteName": "Walters Lake",
        "County": "Oakland",
        "SiteID": "WB-1567",
        "Staff1": "Dave Kenaga",
        "Staff2": "Bill Kraus (AMS)",
        "Staff3": null,
        "Affiliation": "SOM",
        "SiteVisitType": "vegetation survey",
        "Year": 1993,
        "Comments": null,
        "Longitude": -83.348498,
        "Latitude": 42.762565
      }
    },
    {
      "type": "Feature",
      "id": 474,
      "geometry": {
        "type": "Point",
        "coordinates": [
          -83.56536999999997,
          42.66677500000003
        ]
      },
      "properties": {
        "OBJECTID": 474,
        "LakeSiteName": "White Lake",
        "County": "Oakland",
        "SiteID": "WB-1398",
        "Staff1": "Dave Kenaga",
        "Staff2": "Doug Pullman (Aquest)",
        "Staff3": "Ernie Maier (ELM)",
        "Affiliation": "SOM",
        "SiteVisitType": "vegetation survey",
        "Year": 1993,
        "Comments": null,
        "Longitude": -83.56537,
        "Latitude": 42.666775
      }
    },
    {
      "type": "Feature",
      "id": 475,
      "geometry": {
        "type": "Point",
        "coordinates": [
          -83.49048599999998,
          42.554392000000064
        ]
      },
      "properties": {
        "OBJECTID": 475,
        "LakeSiteName": "Wolverine Lake",
        "County": "Oakland",
        "SiteID": "WB-1647",
        "Staff1": "Dave Kenaga",
        "Staff2": "Liz Hay",
        "Staff3": "Doug Pullman (Aquest)",
        "Affiliation": "SOM",
        "SiteVisitType": "vegetation survey",
        "Year": 1993,
        "Comments": null,
        "Longitude": -83.490486,
        "Latitude": 42.554392
      }
    },
    {
      "type": "Feature",
      "id": 476,
      "geometry": {
        "type": "Point",
        "coordinates": [
          -83.49083299999995,
          42.76544800000005
        ]
      },
      "properties": {
        "OBJECTID": 476,
        "LakeSiteName": "Dixie Lake",
        "County": "Oakland",
        "SiteID": "WB-1423",
        "Staff1": "Dave Kenaga",
        "Staff2": "Ned Rathbun",
        "Staff3": "Paul Hausler (Progressive AE)",
        "Affiliation": "SOM",
        "SiteVisitType": "vegetation survey",
        "Year": 1994,
        "Comments": null,
        "Longitude": -83.490833,
        "Latitude": 42.765448
      }
    },
    {
      "type": "Feature",
      "id": 477,
      "geometry": {
        "type": "Point",
        "coordinates": [
          -83.26943599999998,
          42.76843700000006
        ]
      },
      "properties": {
        "OBJECTID": 477,
        "LakeSiteName": "Elkhorn Lake",
        "County": "Oakland",
        "SiteID": "WB-1570",
        "Staff1": "Dave Kenaga",
        "Staff2": null,
        "Staff3": null,
        "Affiliation": "SOM",
        "SiteVisitType": "vegetation survey",
        "Year": 1994,
        "Comments": null,
        "Longitude": -83.269436,
        "Latitude": 42.768437
      }
    },
    {
      "type": "Feature",
      "id": 478,
      "geometry": {
        "type": "Point",
        "coordinates": [
          -83.43088599999999,
          42.82191000000006
        ]
      },
      "properties": {
        "OBJECTID": 478,
        "LakeSiteName": "Lake Louise",
        "County": "Oakland",
        "SiteID": "WB-1520",
        "Staff1": "Dave Kenaga",
        "Staff2": "Paul Hausler (Progressive AE)",
        "Staff3": null,
        "Affiliation": "SOM",
        "SiteVisitType": "vegetation survey",
        "Year": 1994,
        "Comments": null,
        "Longitude": -83.430886,
        "Latitude": 42.82191
      }
    },
    {
      "type": "Feature",
      "id": 479,
      "geometry": {
        "type": "Point",
        "coordinates": [
          -83.46172599999994,
          42.668949000000055
        ]
      },
      "properties": {
        "OBJECTID": 479,
        "LakeSiteName": "Pontiac Lake",
        "County": "Oakland",
        "SiteID": "WB-1399",
        "Staff1": "Dave Kenaga",
        "Staff2": null,
        "Staff3": null,
        "Affiliation": "SOM",
        "SiteVisitType": "vegetation survey",
        "Year": 1994,
        "Comments": null,
        "Longitude": -83.461726,
        "Latitude": 42.668949
      }
    },
    {
      "type": "Feature",
      "id": 480,
      "geometry": {
        "type": "Point",
        "coordinates": [
          -83.47159999999997,
          42.61930000000007
        ]
      },
      "properties": {
        "OBJECTID": 480,
        "LakeSiteName": "Round Lake (White Lake Twp)",
        "County": "Oakland",
        "SiteID": "WB-37",
        "Staff1": "Dave Kenaga",
        "Staff2": null,
        "Staff3": null,
        "Affiliation": "SOM",
        "SiteVisitType": "vegetation survey",
        "Year": 1994,
        "Comments": null,
        "Longitude": -83.4716,
        "Latitude": 42.6193
      }
    },
    {
      "type": "Feature",
      "id": 481,
      "geometry": {
        "type": "Point",
        "coordinates": [
          -83.67767999999995,
          42.71657600000003
        ]
      },
      "properties": {
        "OBJECTID": 481,
        "LakeSiteName": "Tipsico Lake",
        "County": "Oakland",
        "SiteID": "WB-1870",
        "Staff1": "Dave Kenaga",
        "Staff2": "Jeff Brauscheidel (DNR)",
        "Staff3": null,
        "Affiliation": "SOM",
        "SiteVisitType": "vegetation survey",
        "Year": 1994,
        "Comments": null,
        "Longitude": -83.67768,
        "Latitude": 42.716576
      }
    },
    {
      "type": "Feature",
      "id": 482,
      "geometry": {
        "type": "Point",
        "coordinates": [
          -83.31939999999997,
          42.595390000000066
        ]
      },
      "properties": {
        "OBJECTID": 482,
        "LakeSiteName": "Upper Long Lake",
        "County": "Oakland",
        "SiteID": "WB-1545",
        "Staff1": "Dave Kenaga",
        "Staff2": null,
        "Staff3": null,
        "Affiliation": "SOM",
        "SiteVisitType": "vegetation survey",
        "Year": 1994,
        "Comments": null,
        "Longitude": -83.3194,
        "Latitude": 42.59539
      }
    },
    {
      "type": "Feature",
      "id": 483,
      "geometry": {
        "type": "Point",
        "coordinates": [
          -83.34849799999995,
          42.76256500000005
        ]
      },
      "properties": {
        "OBJECTID": 483,
        "LakeSiteName": "Walters Lake",
        "County": "Oakland",
        "SiteID": "WB-1567",
        "Staff1": "Dave Kenaga",
        "Staff2": "Jeff Brauscheidel (DNR)",
        "Staff3": null,
        "Affiliation": "SOM",
        "SiteVisitType": "vegetation survey",
        "Year": 1994,
        "Comments": null,
        "Longitude": -83.348498,
        "Latitude": 42.762565
      }
    },
    {
      "type": "Feature",
      "id": 484,
      "geometry": {
        "type": "Point",
        "coordinates": [
          -83.45541999999995,
          42.76736000000005
        ]
      },
      "properties": {
        "OBJECTID": 484,
        "LakeSiteName": "Waumegah Lake",
        "County": "Oakland",
        "SiteID": "WB-1814",
        "Staff1": "Dave Kenaga",
        "Staff2": null,
        "Staff3": null,
        "Affiliation": "SOM",
        "SiteVisitType": "vegetation survey",
        "Year": 1994,
        "Comments": null,
        "Longitude": -83.45542,
        "Latitude": 42.76736
      }
    },
    {
      "type": "Feature",
      "id": 485,
      "geometry": {
        "type": "Point",
        "coordinates": [
          -83.56536999999997,
          42.66677500000003
        ]
      },
      "properties": {
        "OBJECTID": 485,
        "LakeSiteName": "White Lake",
        "County": "Oakland",
        "SiteID": "WB-1398",
        "Staff1": "Dave Kenaga",
        "Staff2": null,
        "Staff3": null,
        "Affiliation": "SOM",
        "SiteVisitType": "vegetation survey",
        "Year": 1994,
        "Comments": null,
        "Longitude": -83.56537,
        "Latitude": 42.666775
      }
    },
    {
      "type": "Feature",
      "id": 486,
      "geometry": {
        "type": "Point",
        "coordinates": [
          -83.29784099999995,
          42.55239400000005
        ]
      },
      "properties": {
        "OBJECTID": 486,
        "LakeSiteName": "Wing Lake",
        "County": "Oakland",
        "SiteID": "WB-1961",
        "Staff1": "Dave Schipper",
        "Staff2": null,
        "Staff3": null,
        "Affiliation": "SOM",
        "SiteVisitType": "vegetation survey",
        "Year": 1994,
        "Comments": null,
        "Longitude": -83.297841,
        "Latitude": 42.552394
      }
    },
    {
      "type": "Feature",
      "id": 487,
      "geometry": {
        "type": "Point",
        "coordinates": [
          -83.49048599999998,
          42.554392000000064
        ]
      },
      "properties": {
        "OBJECTID": 487,
        "LakeSiteName": "Wolverine Lake",
        "County": "Oakland",
        "SiteID": "WB-1647",
        "Staff1": "Dave Kenaga",
        "Staff2": "Liz Hay",
        "Staff3": "Doug Pullman (Aquest)",
        "Affiliation": "SOM",
        "SiteVisitType": "vegetation survey",
        "Year": 1994,
        "Comments": null,
        "Longitude": -83.490486,
        "Latitude": 42.554392
      }
    },
    {
      "type": "Feature",
      "id": 488,
      "geometry": {
        "type": "Point",
        "coordinates": [
          -83.67578299999997,
          42.811443000000054
        ]
      },
      "properties": {
        "OBJECTID": 488,
        "LakeSiteName": "Big Seven Lake",
        "County": "Oakland",
        "SiteID": "(none)",
        "Staff1": "Dave Kenaga",
        "Staff2": null,
        "Staff3": null,
        "Affiliation": "SOM",
        "SiteVisitType": "vegetation survey",
        "Year": 1995,
        "Comments": null,
        "Longitude": -83.675783,
        "Latitude": 42.811443
      }
    },
    {
      "type": "Feature",
      "id": 489,
      "geometry": {
        "type": "Point",
        "coordinates": [
          -83.63388899999995,
          42.67440200000004
        ]
      },
      "properties": {
        "OBJECTID": 489,
        "LakeSiteName": "Charlick Lake",
        "County": "Oakland",
        "SiteID": "WB-1952",
        "Staff1": "Dave Kenaga",
        "Staff2": "Ned Rathbun",
        "Staff3": "Scott Jorgensen (ATI)",
        "Affiliation": "SOM",
        "SiteVisitType": "vegetation survey",
        "Year": 1995,
        "Comments": null,
        "Longitude": -83.633889,
        "Latitude": 42.674402
      }
    },
    {
      "type": "Feature",
      "id": 490,
      "geometry": {
        "type": "Point",
        "coordinates": [
          -83.49083299999995,
          42.76544800000005
        ]
      },
      "properties": {
        "OBJECTID": 490,
        "LakeSiteName": "Dixie Lake",
        "County": "Oakland",
        "SiteID": "WB-1423",
        "Staff1": "Ned Rathbun",
        "Staff2": "Dave Kenaga",
        "Staff3": "Paul Hausler (Progressive AE)",
        "Affiliation": "SOM",
        "SiteVisitType": "vegetation survey",
        "Year": 1995,
        "Comments": null,
        "Longitude": -83.490833,
        "Latitude": 42.765448
      }
    },
    {
      "type": "Feature",
      "id": 491,
      "geometry": {
        "type": "Point",
        "coordinates": [
          -83.58913999999999,
          42.674352000000056
        ]
      },
      "properties": {
        "OBJECTID": 491,
        "LakeSiteName": "Duck Lake (Highland Twp)",
        "County": "Oakland",
        "SiteID": "WB-60",
        "Staff1": "Dave Kenaga",
        "Staff2": null,
        "Staff3": null,
        "Affiliation": "SOM",
        "SiteVisitType": "vegetation survey",
        "Year": 1995,
        "Comments": null,
        "Longitude": -83.58914,
        "Latitude": 42.674352
      }
    },
    {
      "type": "Feature",
      "id": 492,
      "geometry": {
        "type": "Point",
        "coordinates": [
          -83.26943599999998,
          42.76843700000006
        ]
      },
      "properties": {
        "OBJECTID": 492,
        "LakeSiteName": "Elkhorn Lake",
        "County": "Oakland",
        "SiteID": "WB-1570",
        "Staff1": "Dave Kenaga",
        "Staff2": null,
        "Staff3": null,
        "Affiliation": "SOM",
        "SiteVisitType": "vegetation survey",
        "Year": 1995,
        "Comments": null,
        "Longitude": -83.269436,
        "Latitude": 42.768437
      }
    },
    {
      "type": "Feature",
      "id": 493,
      "geometry": {
        "type": "Point",
        "coordinates": [
          -83.12150599999995,
          42.60959400000007
        ]
      },
      "properties": {
        "OBJECTID": 493,
        "LakeSiteName": "Highland Lake",
        "County": "Oakland",
        "SiteID": "WB-1384",
        "Staff1": "Dave Kenaga",
        "Staff2": null,
        "Staff3": null,
        "Affiliation": "SOM",
        "SiteVisitType": "vegetation survey",
        "Year": 1995,
        "Comments": null,
        "Longitude": -83.121506,
        "Latitude": 42.609594
      }
    },
    {
      "type": "Feature",
      "id": 494,
      "geometry": {
        "type": "Point",
        "coordinates": [
          -83.54295499999995,
          42.614531000000056
        ]
      },
      "properties": {
        "OBJECTID": 494,
        "LakeSiteName": "Lake Ona",
        "County": "Oakland",
        "SiteID": "WB-1639",
        "Staff1": "Dave Kenaga",
        "Staff2": null,
        "Staff3": null,
        "Affiliation": "SOM",
        "SiteVisitType": "vegetation survey",
        "Year": 1995,
        "Comments": null,
        "Longitude": -83.542955,
        "Latitude": 42.614531
      }
    },
    {
      "type": "Feature",
      "id": 495,
      "geometry": {
        "type": "Point",
        "coordinates": [
          -83.22530699999999,
          42.73998500000005
        ]
      },
      "properties": {
        "OBJECTID": 495,
        "LakeSiteName": "Lower Trout Lake",
        "County": "Oakland",
        "SiteID": "WB-3190",
        "Staff1": "Dave Kenaga",
        "Staff2": null,
        "Staff3": null,
        "Affiliation": "SOM",
        "SiteVisitType": "vegetation survey",
        "Year": 1995,
        "Comments": null,
        "Longitude": -83.225307,
        "Latitude": 42.739985
      }
    },
    {
      "type": "Feature",
      "id": 496,
      "geometry": {
        "type": "Point",
        "coordinates": [
          -83.41613999999998,
          42.60488000000004
        ]
      },
      "properties": {
        "OBJECTID": 496,
        "LakeSiteName": "Marion Lake",
        "County": "Oakland",
        "SiteID": "WB-1834",
        "Staff1": "Dave Kenaga",
        "Staff2": null,
        "Staff3": null,
        "Affiliation": "SOM",
        "SiteVisitType": "vegetation survey",
        "Year": 1995,
        "Comments": null,
        "Longitude": -83.41614,
        "Latitude": 42.60488
      }
    },
    {
      "type": "Feature",
      "id": 497,
      "geometry": {
        "type": "Point",
        "coordinates": [
          -83.31327999999996,
          42.539900000000046
        ]
      },
      "properties": {
        "OBJECTID": 497,
        "LakeSiteName": "Meadow Lake",
        "County": "Oakland",
        "SiteID": "WB-1589",
        "Staff1": "Dave Kenaga",
        "Staff2": null,
        "Staff3": null,
        "Affiliation": "SOM",
        "SiteVisitType": "vegetation survey",
        "Year": 1995,
        "Comments": null,
        "Longitude": -83.31328,
        "Latitude": 42.5399
      }
    },
    {
      "type": "Feature",
      "id": 498,
      "geometry": {
        "type": "Point",
        "coordinates": [
          -83.43594099999996,
          42.64125500000006
        ]
      },
      "properties": {
        "OBJECTID": 498,
        "LakeSiteName": "Pleasant Lake",
        "County": "Oakland",
        "SiteID": "WB-100",
        "Staff1": "Ned Rathbun",
        "Staff2": null,
        "Staff3": null,
        "Affiliation": "SOM",
        "SiteVisitType": "vegetation survey",
        "Year": 1995,
        "Comments": null,
        "Longitude": -83.435941,
        "Latitude": 42.641255
      }
    },
    {
      "type": "Feature",
      "id": 499,
      "geometry": {
        "type": "Point",
        "coordinates": [
          -83.46172599999994,
          42.668949000000055
        ]
      },
      "properties": {
        "OBJECTID": 499,
        "LakeSiteName": "Pontiac Lake",
        "County": "Oakland",
        "SiteID": "WB-1399",
        "Staff1": "Dave Kenaga",
        "Staff2": null,
        "Staff3": null,
        "Affiliation": "SOM",
        "SiteVisitType": "vegetation survey",
        "Year": 1995,
        "Comments": null,
        "Longitude": -83.461726,
        "Latitude": 42.668949
      }
    },
    {
      "type": "Feature",
      "id": 500,
      "geometry": {
        "type": "Point",
        "coordinates": [
          -83.47159999999997,
          42.61930000000007
        ]
      },
      "properties": {
        "OBJECTID": 500,
        "LakeSiteName": "Round Lake (White Lake Twp)",
        "County": "Oakland",
        "SiteID": "WB-37",
        "Staff1": "Dave Kenaga",
        "Staff2": "Ned Rathbun",
        "Staff3": "Eric Bacon",
        "Affiliation": "SOM",
        "SiteVisitType": "vegetation survey",
        "Year": 1995,
        "Comments": "Treatment observation",
        "Longitude": -83.4716,
        "Latitude": 42.6193
      }
    },
    {
      "type": "Feature",
      "id": 501,
      "geometry": {
        "type": "Point",
        "coordinates": [
          -83.35257499999994,
          42.669575000000066
        ]
      },
      "properties": {
        "OBJECTID": 501,
        "LakeSiteName": "Scott Lake",
        "County": "Oakland",
        "SiteID": "WB-1460",
        "Staff1": "Ned Rathbun",
        "Staff2": "Dave Schipper",
        "Staff3": null,
        "Affiliation": "SOM",
        "SiteVisitType": "vegetation survey",
        "Year": 1995,
        "Comments": null,
        "Longitude": -83.352575,
        "Latitude": 42.669575
      }
    },
    {
      "type": "Feature",
      "id": 502,
      "geometry": {
        "type": "Point",
        "coordinates": [
          -83.47915999999998,
          42.762060000000076
        ]
      },
      "properties": {
        "OBJECTID": 502,
        "LakeSiteName": "Susin Lake",
        "County": "Oakland",
        "SiteID": "WB-1588",
        "Staff1": "Dave Kenaga",
        "Staff2": "Ned Rathbun",
        "Staff3": "Paul Hausler (Progressive AE)",
        "Affiliation": "SOM",
        "SiteVisitType": "vegetation survey",
        "Year": 1995,
        "Comments": null,
        "Longitude": -83.47916,
        "Latitude": 42.76206
      }
    },
    {
      "type": "Feature",
      "id": 503,
      "geometry": {
        "type": "Point",
        "coordinates": [
          -83.67767999999995,
          42.71657600000003
        ]
      },
      "properties": {
        "OBJECTID": 503,
        "LakeSiteName": "Tipsico Lake",
        "County": "Oakland",
        "SiteID": "WB-1870",
        "Staff1": "Dave Kenaga",
        "Staff2": null,
        "Staff3": null,
        "Affiliation": "SOM",
        "SiteVisitType": "vegetation survey",
        "Year": 1995,
        "Comments": null,
        "Longitude": -83.67768,
        "Latitude": 42.716576
      }
    },
    {
      "type": "Feature",
      "id": 504,
      "geometry": {
        "type": "Point",
        "coordinates": [
          -83.31939999999997,
          42.595390000000066
        ]
      },
      "properties": {
        "OBJECTID": 504,
        "LakeSiteName": "Upper Long Lake",
        "County": "Oakland",
        "SiteID": "WB-1545",
        "Staff1": "Dave Kenaga",
        "Staff2": null,
        "Staff3": null,
        "Affiliation": "SOM",
        "SiteVisitType": "vegetation survey",
        "Year": 1995,
        "Comments": null,
        "Longitude": -83.3194,
        "Latitude": 42.59539
      }
    },
    {
      "type": "Feature",
      "id": 505,
      "geometry": {
        "type": "Point",
        "coordinates": [
          -83.34849799999995,
          42.76256500000005
        ]
      },
      "properties": {
        "OBJECTID": 505,
        "LakeSiteName": "Walters Lake",
        "County": "Oakland",
        "SiteID": "WB-1567",
        "Staff1": "Dave Kenaga",
        "Staff2": "Ned Rathbun",
        "Staff3": "Paul Hausler (Progressive AE)",
        "Affiliation": "SOM",
        "SiteVisitType": "vegetation survey",
        "Year": 1995,
        "Comments": null,
        "Longitude": -83.348498,
        "Latitude": 42.762565
      }
    },
    {
      "type": "Feature",
      "id": 506,
      "geometry": {
        "type": "Point",
        "coordinates": [
          -83.56536999999997,
          42.66677500000003
        ]
      },
      "properties": {
        "OBJECTID": 506,
        "LakeSiteName": "White Lake",
        "County": "Oakland",
        "SiteID": "WB-1398",
        "Staff1": "Dave Kenaga",
        "Staff2": "Ned Rathbun",
        "Staff3": null,
        "Affiliation": "SOM",
        "SiteVisitType": "vegetation survey",
        "Year": 1995,
        "Comments": null,
        "Longitude": -83.56537,
        "Latitude": 42.666775
      }
    },
    {
      "type": "Feature",
      "id": 507,
      "geometry": {
        "type": "Point",
        "coordinates": [
          -83.49048599999998,
          42.554392000000064
        ]
      },
      "properties": {
        "OBJECTID": 507,
        "LakeSiteName": "Wolverine Lake",
        "County": "Oakland",
        "SiteID": "WB-1647",
        "Staff1": "Dave Kenaga",
        "Staff2": "Doug Pullman (Aquest)",
        "Staff3": null,
        "Affiliation": "SOM",
        "SiteVisitType": "vegetation survey",
        "Year": 1995,
        "Comments": null,
        "Longitude": -83.490486,
        "Latitude": 42.554392
      }
    },
    {
      "type": "Feature",
      "id": 508,
      "geometry": {
        "type": "Point",
        "coordinates": [
          -83.49083299999995,
          42.76544800000005
        ]
      },
      "properties": {
        "OBJECTID": 508,
        "LakeSiteName": "Dixie Lake",
        "County": "Oakland",
        "SiteID": "WB-1423",
        "Staff1": "Dave Kenaga",
        "Staff2": "Howard Wandell",
        "Staff3": "Paul Hausler (Progressive AE)",
        "Affiliation": "SOM",
        "SiteVisitType": "vegetation survey",
        "Year": 1996,
        "Comments": null,
        "Longitude": -83.490833,
        "Latitude": 42.765448
      }
    },
    {
      "type": "Feature",
      "id": 509,
      "geometry": {
        "type": "Point",
        "coordinates": [
          -83.58913999999999,
          42.674352000000056
        ]
      },
      "properties": {
        "OBJECTID": 509,
        "LakeSiteName": "Duck Lake (Highland Twp)",
        "County": "Oakland",
        "SiteID": "WB-60",
        "Staff1": "Ned Rathbun",
        "Staff2": "Eric Bacon",
        "Staff3": null,
        "Affiliation": "SOM",
        "SiteVisitType": "vegetation survey",
        "Year": 1996,
        "Comments": null,
        "Longitude": -83.58914,
        "Latitude": 42.674352
      }
    },
    {
      "type": "Feature",
      "id": 510,
      "geometry": {
        "type": "Point",
        "coordinates": [
          -83.12150599999995,
          42.60959400000007
        ]
      },
      "properties": {
        "OBJECTID": 510,
        "LakeSiteName": "Highland Lake",
        "County": "Oakland",
        "SiteID": "WB-1384",
        "Staff1": "Dave Kenaga",
        "Staff2": "Ned Rathbun",
        "Staff3": null,
        "Affiliation": "SOM",
        "SiteVisitType": "vegetation survey",
        "Year": 1996,
        "Comments": null,
        "Longitude": -83.121506,
        "Latitude": 42.609594
      }
    },
    {
      "type": "Feature",
      "id": 511,
      "geometry": {
        "type": "Point",
        "coordinates": [
          -83.64213999999998,
          42.66931900000003
        ]
      },
      "properties": {
        "OBJECTID": 511,
        "LakeSiteName": "Kellogg Lake",
        "County": "Oakland",
        "SiteID": "WB-2403",
        "Staff1": "Dave Kenaga",
        "Staff2": "Ned Rathbun",
        "Staff3": null,
        "Affiliation": "SOM",
        "SiteVisitType": "vegetation survey",
        "Year": 1996,
        "Comments": null,
        "Longitude": -83.64214,
        "Latitude": 42.669319
      }
    },
    {
      "type": "Feature",
      "id": 512,
      "geometry": {
        "type": "Point",
        "coordinates": [
          -83.43088599999999,
          42.82191000000006
        ]
      },
      "properties": {
        "OBJECTID": 512,
        "LakeSiteName": "Lake Louise",
        "County": "Oakland",
        "SiteID": "WB-1520",
        "Staff1": "Ned Rathbun",
        "Staff2": "Eric Bacon",
        "Staff3": null,
        "Affiliation": "SOM",
        "SiteVisitType": "vegetation survey",
        "Year": 1996,
        "Comments": null,
        "Longitude": -83.430886,
        "Latitude": 42.82191
      }
    },
    {
      "type": "Feature",
      "id": 513,
      "geometry": {
        "type": "Point",
        "coordinates": [
          -83.24278999999996,
          42.82020700000004
        ]
      },
      "properties": {
        "OBJECTID": 513,
        "LakeSiteName": "Oxford Lake",
        "County": "Oakland",
        "SiteID": "WB-1832",
        "Staff1": "Dave Schipper",
        "Staff2": "Eric Bacon",
        "Staff3": null,
        "Affiliation": "SOM",
        "SiteVisitType": "vegetation survey",
        "Year": 1996,
        "Comments": null,
        "Longitude": -83.24279,
        "Latitude": 42.820207
      }
    },
    {
      "type": "Feature",
      "id": 514,
      "geometry": {
        "type": "Point",
        "coordinates": [
          -83.46172599999994,
          42.668949000000055
        ]
      },
      "properties": {
        "OBJECTID": 514,
        "LakeSiteName": "Pontiac Lake",
        "County": "Oakland",
        "SiteID": "WB-1399",
        "Staff1": "Dave Schipper",
        "Staff2": "Dave Kenaga",
        "Staff3": "Ned Rathbun",
        "Affiliation": "SOM",
        "SiteVisitType": "vegetation survey",
        "Year": 1996,
        "Comments": null,
        "Longitude": -83.461726,
        "Latitude": 42.668949
      }
    },
    {
      "type": "Feature",
      "id": 515,
      "geometry": {
        "type": "Point",
        "coordinates": [
          -83.47159999999997,
          42.61930000000007
        ]
      },
      "properties": {
        "OBJECTID": 515,
        "LakeSiteName": "Round Lake (White Lake Twp)",
        "County": "Oakland",
        "SiteID": "WB-37",
        "Staff1": "Dave Kenaga",
        "Staff2": null,
        "Staff3": null,
        "Affiliation": "SOM",
        "SiteVisitType": "vegetation survey",
        "Year": 1996,
        "Comments": null,
        "Longitude": -83.4716,
        "Latitude": 42.6193
      }
    },
    {
      "type": "Feature",
      "id": 516,
      "geometry": {
        "type": "Point",
        "coordinates": [
          -83.64154599999995,
          42.67430800000005
        ]
      },
      "properties": {
        "OBJECTID": 516,
        "LakeSiteName": "Taggett Lake",
        "County": "Oakland",
        "SiteID": "WB-1639",
        "Staff1": "Dave Kenaga",
        "Staff2": "Ned Rathbun",
        "Staff3": null,
        "Affiliation": "SOM",
        "SiteVisitType": "vegetation survey",
        "Year": 1996,
        "Comments": null,
        "Longitude": -83.641546,
        "Latitude": 42.674308
      }
    },
    {
      "type": "Feature",
      "id": 517,
      "geometry": {
        "type": "Point",
        "coordinates": [
          -83.31939999999997,
          42.595390000000066
        ]
      },
      "properties": {
        "OBJECTID": 517,
        "LakeSiteName": "Upper Long Lake",
        "County": "Oakland",
        "SiteID": "WB-1545",
        "Staff1": "Dave Kenaga",
        "Staff2": "Ned Rathbun",
        "Staff3": null,
        "Affiliation": "SOM",
        "SiteVisitType": "vegetation survey",
        "Year": 1996,
        "Comments": null,
        "Longitude": -83.3194,
        "Latitude": 42.59539
      }
    },
    {
      "type": "Feature",
      "id": 518,
      "geometry": {
        "type": "Point",
        "coordinates": [
          -83.56536999999997,
          42.66677500000003
        ]
      },
      "properties": {
        "OBJECTID": 518,
        "LakeSiteName": "White Lake",
        "County": "Oakland",
        "SiteID": "WB-1398",
        "Staff1": "Dave Kenaga",
        "Staff2": null,
        "Staff3": null,
        "Affiliation": "SOM",
        "SiteVisitType": "vegetation survey",
        "Year": 1996,
        "Comments": null,
        "Longitude": -83.56537,
        "Latitude": 42.666775
      }
    },
    {
      "type": "Feature",
      "id": 519,
      "geometry": {
        "type": "Point",
        "coordinates": [
          -83.67578299999997,
          42.811443000000054
        ]
      },
      "properties": {
        "OBJECTID": 519,
        "LakeSiteName": "Big Seven Lake",
        "County": "Oakland",
        "SiteID": "(none)",
        "Staff1": "Dave Kenaga",
        "Staff2": null,
        "Staff3": null,
        "Affiliation": "SOM",
        "SiteVisitType": "vegetation survey",
        "Year": 1997,
        "Comments": null,
        "Longitude": -83.675783,
        "Latitude": 42.811443
      }
    },
    {
      "type": "Feature",
      "id": 520,
      "geometry": {
        "type": "Point",
        "coordinates": [
          -83.49083299999995,
          42.76544800000005
        ]
      },
      "properties": {
        "OBJECTID": 520,
        "LakeSiteName": "Dixie Lake",
        "County": "Oakland",
        "SiteID": "WB-1423",
        "Staff1": "Dave Kenaga",
        "Staff2": "Dave Schipper",
        "Staff3": "Paul Hausler (Progressive AE)",
        "Affiliation": "SOM",
        "SiteVisitType": "vegetation survey",
        "Year": 1997,
        "Comments": null,
        "Longitude": -83.490833,
        "Latitude": 42.765448
      }
    },
    {
      "type": "Feature",
      "id": 521,
      "geometry": {
        "type": "Point",
        "coordinates": [
          -83.58913999999999,
          42.674352000000056
        ]
      },
      "properties": {
        "OBJECTID": 521,
        "LakeSiteName": "Duck Lake (Highland Twp)",
        "County": "Oakland",
        "SiteID": "WB-60",
        "Staff1": "Dave Kenaga",
        "Staff2": null,
        "Staff3": null,
        "Affiliation": "SOM",
        "SiteVisitType": "vegetation survey",
        "Year": 1997,
        "Comments": null,
        "Longitude": -83.58914,
        "Latitude": 42.674352
      }
    },
    {
      "type": "Feature",
      "id": 522,
      "geometry": {
        "type": "Point",
        "coordinates": [
          -83.27397799999994,
          42.798640000000034
        ]
      },
      "properties": {
        "OBJECTID": 522,
        "LakeSiteName": "Duck Lake (Orion Twp)",
        "County": "Oakland",
        "SiteID": "WB-2179",
        "Staff1": "Dave Kenaga",
        "Staff2": "Ned Rathbun",
        "Staff3": "Scott Jorgensen (ATI)",
        "Affiliation": "SOM",
        "SiteVisitType": "vegetation survey",
        "Year": 1997,
        "Comments": null,
        "Longitude": -83.273978,
        "Latitude": 42.79864
      }
    },
    {
      "type": "Feature",
      "id": 523,
      "geometry": {
        "type": "Point",
        "coordinates": [
          -83.46172599999994,
          42.668949000000055
        ]
      },
      "properties": {
        "OBJECTID": 523,
        "LakeSiteName": "Pontiac Lake",
        "County": "Oakland",
        "SiteID": "WB-1399",
        "Staff1": "Dave Kenaga",
        "Staff2": "Maureen Houghton",
        "Staff3": "Eric Bacon",
        "Affiliation": "SOM",
        "SiteVisitType": "vegetation survey",
        "Year": 1997,
        "Comments": null,
        "Longitude": -83.461726,
        "Latitude": 42.668949
      }
    },
    {
      "type": "Feature",
      "id": 524,
      "geometry": {
        "type": "Point",
        "coordinates": [
          -83.31939999999997,
          42.595390000000066
        ]
      },
      "properties": {
        "OBJECTID": 524,
        "LakeSiteName": "Upper Long Lake",
        "County": "Oakland",
        "SiteID": "WB-1545",
        "Staff1": "Dave Kenaga",
        "Staff2": "Ned Rathbun",
        "Staff3": "Dave Schipper",
        "Affiliation": "SOM",
        "SiteVisitType": "vegetation survey",
        "Year": 1997,
        "Comments": null,
        "Longitude": -83.3194,
        "Latitude": 42.59539
      }
    },
    {
      "type": "Feature",
      "id": 525,
      "geometry": {
        "type": "Point",
        "coordinates": [
          -83.49048599999998,
          42.554392000000064
        ]
      },
      "properties": {
        "OBJECTID": 525,
        "LakeSiteName": "Wolverine Lake",
        "County": "Oakland",
        "SiteID": "WB-1647",
        "Staff1": "Dave Kenaga",
        "Staff2": "Dave Schipper",
        "Staff3": null,
        "Affiliation": "SOM",
        "SiteVisitType": "vegetation survey",
        "Year": 1997,
        "Comments": null,
        "Longitude": -83.490486,
        "Latitude": 42.554392
      }
    },
    {
      "type": "Feature",
      "id": 526,
      "geometry": {
        "type": "Point",
        "coordinates": [
          -83.30220399999996,
          42.820753000000025
        ]
      },
      "properties": {
        "OBJECTID": 526,
        "LakeSiteName": "Lake Mickelson",
        "County": "Oakland",
        "SiteID": "WB-1748",
        "Staff1": "Eric Bacon",
        "Staff2": null,
        "Staff3": null,
        "Affiliation": "SOM",
        "SiteVisitType": "vegetation survey",
        "Year": 1998,
        "Comments": null,
        "Longitude": -83.302204,
        "Latitude": 42.820753
      }
    },
    {
      "type": "Feature",
      "id": 527,
      "geometry": {
        "type": "Point",
        "coordinates": [
          -83.46172599999994,
          42.668949000000055
        ]
      },
      "properties": {
        "OBJECTID": 527,
        "LakeSiteName": "Pontiac Lake",
        "County": "Oakland",
        "SiteID": "WB-1399",
        "Staff1": "Dave Schipper",
        "Staff2": "Eric Bacon",
        "Staff3": null,
        "Affiliation": "SOM",
        "SiteVisitType": "vegetation survey",
        "Year": 1998,
        "Comments": null,
        "Longitude": -83.461726,
        "Latitude": 42.668949
      }
    },
    {
      "type": "Feature",
      "id": 528,
      "geometry": {
        "type": "Point",
        "coordinates": [
          -83.65270599999997,
          42.591942000000074
        ]
      },
      "properties": {
        "OBJECTID": 528,
        "LakeSiteName": "Sears Lake",
        "County": "Oakland",
        "SiteID": "WB-1942",
        "Staff1": "Dave Schipper",
        "Staff2": "Ned Rathbun",
        "Staff3": "Ernie Maier (ELM)",
        "Affiliation": "SOM",
        "SiteVisitType": "vegetation survey",
        "Year": 1998,
        "Comments": null,
        "Longitude": -83.652706,
        "Latitude": 42.591942
      }
    },
    {
      "type": "Feature",
      "id": 529,
      "geometry": {
        "type": "Point",
        "coordinates": [
          -83.31939999999997,
          42.595390000000066
        ]
      },
      "properties": {
        "OBJECTID": 529,
        "LakeSiteName": "Upper Long Lake",
        "County": "Oakland",
        "SiteID": "WB-1545",
        "Staff1": "Dave Schipper",
        "Staff2": "Eric Bacon",
        "Staff3": null,
        "Affiliation": "SOM",
        "SiteVisitType": "vegetation survey",
        "Year": 1998,
        "Comments": null,
        "Longitude": -83.3194,
        "Latitude": 42.59539
      }
    },
    {
      "type": "Feature",
      "id": 530,
      "geometry": {
        "type": "Point",
        "coordinates": [
          -83.63113499999997,
          42.670341000000064
        ]
      },
      "properties": {
        "OBJECTID": 530,
        "LakeSiteName": "Woodruff Lake",
        "County": "Oakland",
        "SiteID": "WB-1818",
        "Staff1": "Dave Kenaga",
        "Staff2": null,
        "Staff3": null,
        "Affiliation": "SOM",
        "SiteVisitType": "vegetation survey",
        "Year": 1998,
        "Comments": null,
        "Longitude": -83.631135,
        "Latitude": 42.670341
      }
    },
    {
      "type": "Feature",
      "id": 531,
      "geometry": {
        "type": "Point",
        "coordinates": [
          -83.66027599999995,
          42.52457300000003
        ]
      },
      "properties": {
        "OBJECTID": 531,
        "LakeSiteName": "Kent Lake",
        "County": "Oakland",
        "SiteID": "WB-1592",
        "Staff1": "Eric Bacon",
        "Staff2": "Jeremie Wilson",
        "Staff3": null,
        "Affiliation": "SOM",
        "SiteVisitType": "vegetation survey",
        "Year": 1999,
        "Comments": null,
        "Longitude": -83.660276,
        "Latitude": 42.524573
      }
    },
    {
      "type": "Feature",
      "id": 532,
      "geometry": {
        "type": "Point",
        "coordinates": [
          -83.56536999999997,
          42.66677500000003
        ]
      },
      "properties": {
        "OBJECTID": 532,
        "LakeSiteName": "White Lake",
        "County": "Oakland",
        "SiteID": "WB-1398",
        "Staff1": "Eric Bacon",
        "Staff2": "Laura Esman",
        "Staff3": "Dick Pinagel (AWC)",
        "Affiliation": "SOM",
        "SiteVisitType": "vegetation survey",
        "Year": 1999,
        "Comments": null,
        "Longitude": -83.56537,
        "Latitude": 42.666775
      }
    },
    {
      "type": "Feature",
      "id": 533,
      "geometry": {
        "type": "Point",
        "coordinates": [
          -83.49048599999998,
          42.554392000000064
        ]
      },
      "properties": {
        "OBJECTID": 533,
        "LakeSiteName": "Wolverine Lake",
        "County": "Oakland",
        "SiteID": "WB-1647",
        "Staff1": "Jeremie Wilson",
        "Staff2": "Laura Esman",
        "Staff3": null,
        "Affiliation": "SOM",
        "SiteVisitType": "vegetation survey",
        "Year": 1999,
        "Comments": null,
        "Longitude": -83.490486,
        "Latitude": 42.554392
      }
    },
    {
      "type": "Feature",
      "id": 534,
      "geometry": {
        "type": "Point",
        "coordinates": [
          -83.48107399999998,
          42.62983500000007
        ]
      },
      "properties": {
        "OBJECTID": 534,
        "LakeSiteName": "Cedar Island Lake",
        "County": "Oakland",
        "SiteID": "WB-108",
        "Staff1": "Eric Bacon",
        "Staff2": "Laura Esman",
        "Staff3": null,
        "Affiliation": "SOM",
        "SiteVisitType": "vegetation survey",
        "Year": 2000,
        "Comments": null,
        "Longitude": -83.481074,
        "Latitude": 42.629835
      }
    },
    {
      "type": "Feature",
      "id": 535,
      "geometry": {
        "type": "Point",
        "coordinates": [
          -83.26952599999998,
          42.77799500000003
        ]
      },
      "properties": {
        "OBJECTID": 535,
        "LakeSiteName": "Lake Orion (Marina Park Estates)",
        "County": "Oakland",
        "SiteID": "WB-1571",
        "Staff1": "Eric Bacon",
        "Staff2": "Jeremie Wilson",
        "Staff3": null,
        "Affiliation": "SOM",
        "SiteVisitType": "vegetation survey",
        "Year": 2000,
        "Comments": null,
        "Longitude": -83.269526,
        "Latitude": 42.777995
      }
    },
    {
      "type": "Feature",
      "id": 536,
      "geometry": {
        "type": "Point",
        "coordinates": [
          -83.56536999999997,
          42.66677500000003
        ]
      },
      "properties": {
        "OBJECTID": 536,
        "LakeSiteName": "White Lake",
        "County": "Oakland",
        "SiteID": "WB-1398",
        "Staff1": "Laura Esman",
        "Staff2": "Jeremie Wilson",
        "Staff3": null,
        "Affiliation": "SOM",
        "SiteVisitType": "vegetation survey",
        "Year": 2000,
        "Comments": null,
        "Longitude": -83.56537,
        "Latitude": 42.666775
      }
    },
    {
      "type": "Feature",
      "id": 537,
      "geometry": {
        "type": "Point",
        "coordinates": [
          -83.49048599999998,
          42.554392000000064
        ]
      },
      "properties": {
        "OBJECTID": 537,
        "LakeSiteName": "Wolverine Lake",
        "County": "Oakland",
        "SiteID": "WB-1647",
        "Staff1": "Jeremie Wilson",
        "Staff2": "Ned Rathbun",
        "Staff3": null,
        "Affiliation": "SOM",
        "SiteVisitType": "vegetation survey",
        "Year": 2000,
        "Comments": null,
        "Longitude": -83.490486,
        "Latitude": 42.554392
      }
    },
    {
      "type": "Feature",
      "id": 538,
      "geometry": {
        "type": "Point",
        "coordinates": [
          -83.58913999999999,
          42.674352000000056
        ]
      },
      "properties": {
        "OBJECTID": 538,
        "LakeSiteName": "Duck Lake (Highland Twp)",
        "County": "Oakland",
        "SiteID": "WB-60",
        "Staff1": "Laura Esman",
        "Staff2": "Rebecca Harry",
        "Staff3": null,
        "Affiliation": "SOM",
        "SiteVisitType": "vegetation survey",
        "Year": 2001,
        "Comments": null,
        "Longitude": -83.58914,
        "Latitude": 42.674352
      }
    },
    {
      "type": "Feature",
      "id": 539,
      "geometry": {
        "type": "Point",
        "coordinates": [
          -83.53983999999997,
          42.66861400000005
        ]
      },
      "properties": {
        "OBJECTID": 539,
        "LakeSiteName": "Grass Lake",
        "County": "Oakland",
        "SiteID": "WB-1343",
        "Staff1": "Laura Esman",
        "Staff2": "Eric Bacon",
        "Staff3": null,
        "Affiliation": "SOM",
        "SiteVisitType": "vegetation survey",
        "Year": 2001,
        "Comments": null,
        "Longitude": -83.53984,
        "Latitude": 42.668614
      }
    },
    {
      "type": "Feature",
      "id": 540,
      "geometry": {
        "type": "Point",
        "coordinates": [
          -83.53983999999997,
          42.66861400000005
        ]
      },
      "properties": {
        "OBJECTID": 540,
        "LakeSiteName": "Grass Lake",
        "County": "Oakland",
        "SiteID": "WB-1343",
        "Staff1": "Laura Esman",
        "Staff2": "Eric Bacon",
        "Staff3": null,
        "Affiliation": "SOM",
        "SiteVisitType": "vegetation survey",
        "Year": 2002,
        "Comments": null,
        "Longitude": -83.53984,
        "Latitude": 42.668614
      }
    },
    {
      "type": "Feature",
      "id": 541,
      "geometry": {
        "type": "Point",
        "coordinates": [
          -83.45541999999995,
          42.76736000000005
        ]
      },
      "properties": {
        "OBJECTID": 541,
        "LakeSiteName": "Waumegah Lake",
        "County": "Oakland",
        "SiteID": "WB-1814",
        "Staff1": "Laura Esman",
        "Staff2": "Eric Bacon",
        "Staff3": null,
        "Affiliation": "SOM",
        "SiteVisitType": "vegetation survey",
        "Year": 2002,
        "Comments": null,
        "Longitude": -83.45542,
        "Latitude": 42.76736
      }
    },
    {
      "type": "Feature",
      "id": 542,
      "geometry": {
        "type": "Point",
        "coordinates": [
          -83.45541999999995,
          42.76736000000005
        ]
      },
      "properties": {
        "OBJECTID": 542,
        "LakeSiteName": "Waumegah Lake",
        "County": "Oakland",
        "SiteID": "WB-1814",
        "Staff1": "Eric Bacon",
        "Staff2": "Laura Esman",
        "Staff3": null,
        "Affiliation": "SOM",
        "SiteVisitType": "vegetation survey",
        "Year": 2003,
        "Comments": null,
        "Longitude": -83.45542,
        "Latitude": 42.76736
      }
    },
    {
      "type": "Feature",
      "id": 543,
      "geometry": {
        "type": "Point",
        "coordinates": [
          -83.11507999999998,
          42.61503000000005
        ]
      },
      "properties": {
        "OBJECTID": 543,
        "LakeSiteName": "Emerald Lake",
        "County": "Oakland",
        "SiteID": "WB-1456",
        "Staff1": "Laura Esman",
        "Staff2": "Matt Preisser",
        "Staff3": null,
        "Affiliation": "SOM",
        "SiteVisitType": "vegetation survey",
        "Year": 2004,
        "Comments": null,
        "Longitude": -83.11508,
        "Latitude": 42.61503
      }
    },
    {
      "type": "Feature",
      "id": 544,
      "geometry": {
        "type": "Point",
        "coordinates": [
          -83.35908999999998,
          42.57142900000008
        ]
      },
      "properties": {
        "OBJECTID": 544,
        "LakeSiteName": "Lone Pine Villas Pond",
        "County": "Oakland",
        "SiteID": "WB-1718",
        "Staff1": "Matt Preisser",
        "Staff2": "Eric Bacon",
        "Staff3": "Laura Esman",
        "Affiliation": "SOM",
        "SiteVisitType": "vegetation survey",
        "Year": 2004,
        "Comments": null,
        "Longitude": -83.35909,
        "Latitude": 42.571429
      }
    },
    {
      "type": "Feature",
      "id": 545,
      "geometry": {
        "type": "Point",
        "coordinates": [
          -83.23226599999998,
          42.58777300000003
        ]
      },
      "properties": {
        "OBJECTID": 545,
        "LakeSiteName": "Vhay Lake",
        "County": "Oakland",
        "SiteID": "WB-1535",
        "Staff1": "Matt Preisser",
        "Staff2": "Laura Esman",
        "Staff3": null,
        "Affiliation": "SOM",
        "SiteVisitType": "vegetation survey",
        "Year": 2004,
        "Comments": null,
        "Longitude": -83.232266,
        "Latitude": 42.587773
      }
    },
    {
      "type": "Feature",
      "id": 546,
      "geometry": {
        "type": "Point",
        "coordinates": [
          -83.12150599999995,
          42.60959400000007
        ]
      },
      "properties": {
        "OBJECTID": 546,
        "LakeSiteName": "Walker Lake",
        "County": "Oakland",
        "SiteID": "WB-1752",
        "Staff1": "Matt Preisser",
        "Staff2": "Laura Esman",
        "Staff3": null,
        "Affiliation": "SOM",
        "SiteVisitType": "vegetation survey",
        "Year": 2004,
        "Comments": null,
        "Longitude": -83.121506,
        "Latitude": 42.609594
      }
    },
    {
      "type": "Feature",
      "id": 547,
      "geometry": {
        "type": "Point",
        "coordinates": [
          -83.42304699999994,
          42.67554700000005
        ]
      },
      "properties": {
        "OBJECTID": 547,
        "LakeSiteName": "Williams Lake",
        "County": "Oakland",
        "SiteID": "WB-1892",
        "Staff1": "Jessica Schultz",
        "Staff2": "Laura Esman",
        "Staff3": null,
        "Affiliation": "SOM",
        "SiteVisitType": "vegetation survey",
        "Year": 2004,
        "Comments": null,
        "Longitude": -83.423047,
        "Latitude": 42.675547
      }
    },
    {
      "type": "Feature",
      "id": 548,
      "geometry": {
        "type": "Point",
        "coordinates": [
          -83.58913999999999,
          42.674352000000056
        ]
      },
      "properties": {
        "OBJECTID": 548,
        "LakeSiteName": "Duck Lake (Highland Twp)",
        "County": "Oakland",
        "SiteID": "WB-60",
        "Staff1": "Julie Sims",
        "Staff2": "Laura Esman",
        "Staff3": null,
        "Affiliation": "SOM",
        "SiteVisitType": "vegetation survey",
        "Year": 2005,
        "Comments": "Informal vegetation survey",
        "Longitude": -83.58914,
        "Latitude": 42.674352
      }
    },
    {
      "type": "Feature",
      "id": 549,
      "geometry": {
        "type": "Point",
        "coordinates": [
          -83.55011199999996,
          42.58866800000004
        ]
      },
      "properties": {
        "OBJECTID": 549,
        "LakeSiteName": "Lake Sherwood",
        "County": "Oakland",
        "SiteID": "WB-1508",
        "Staff1": "Laura Esman",
        "Staff2": "Matt Preisser",
        "Staff3": null,
        "Affiliation": "SOM",
        "SiteVisitType": "vegetation survey",
        "Year": 2005,
        "Comments": "Partial vegetation survey",
        "Longitude": -83.550112,
        "Latitude": 42.588668
      }
    },
    {
      "type": "Feature",
      "id": 550,
      "geometry": {
        "type": "Point",
        "coordinates": [
          -83.51754299999999,
          42.63988800000004
        ]
      },
      "properties": {
        "OBJECTID": 550,
        "LakeSiteName": "Neva Lake",
        "County": "Oakland",
        "SiteID": "WB-1582",
        "Staff1": "Laura Esman",
        "Staff2": "Eric Bacon",
        "Staff3": "Dan Rockafellow",
        "Affiliation": "SOM",
        "SiteVisitType": "vegetation survey",
        "Year": 2005,
        "Comments": null,
        "Longitude": -83.517543,
        "Latitude": 42.639888
      }
    },
    {
      "type": "Feature",
      "id": 551,
      "geometry": {
        "type": "Point",
        "coordinates": [
          -83.36233999999996,
          42.70062600000006
        ]
      },
      "properties": {
        "OBJECTID": 551,
        "LakeSiteName": "Lake Oakland",
        "County": "Oakland",
        "SiteID": "WB-1752",
        "Staff1": "Jessica Koerner",
        "Staff2": "Eric Bacon",
        "Staff3": null,
        "Affiliation": "SOM",
        "SiteVisitType": "vegetation survey",
        "Year": 2006,
        "Comments": null,
        "Longitude": -83.36234,
        "Latitude": 42.700626
      }
    },
    {
      "type": "Feature",
      "id": 552,
      "geometry": {
        "type": "Point",
        "coordinates": [
          -83.63113499999997,
          42.670341000000064
        ]
      },
      "properties": {
        "OBJECTID": 552,
        "LakeSiteName": "Woodruff Lake",
        "County": "Oakland",
        "SiteID": "WB-1818",
        "Staff1": "Eric Bacon",
        "Staff2": "Lisa Huberty",
        "Staff3": null,
        "Affiliation": "SOM",
        "SiteVisitType": "vegetation survey",
        "Year": 2006,
        "Comments": null,
        "Longitude": -83.631135,
        "Latitude": 42.670341
      }
    },
    {
      "type": "Feature",
      "id": 553,
      "geometry": {
        "type": "Point",
        "coordinates": [
          -83.55381799999998,
          42.61997300000007
        ]
      },
      "properties": {
        "OBJECTID": 553,
        "LakeSiteName": "Upper Lake Sherwood",
        "County": "Oakland",
        "SiteID": "WB-1563",
        "Staff1": "Brett Wiseley",
        "Staff2": "John Riley",
        "Staff3": null,
        "Affiliation": "SOM",
        "SiteVisitType": "vegetation survey",
        "Year": 2007,
        "Comments": null,
        "Longitude": -83.553818,
        "Latitude": 42.619973
      }
    },
    {
      "type": "Feature",
      "id": 554,
      "geometry": {
        "type": "Point",
        "coordinates": [
          -83.45541999999995,
          42.76736000000005
        ]
      },
      "properties": {
        "OBJECTID": 554,
        "LakeSiteName": "Waumegah Lake",
        "County": "Oakland",
        "SiteID": "WB-1814",
        "Staff1": "John Riley",
        "Staff2": "Eric Bacon",
        "Staff3": null,
        "Affiliation": "SOM",
        "SiteVisitType": "vegetation survey",
        "Year": 2007,
        "Comments": null,
        "Longitude": -83.45542,
        "Latitude": 42.76736
      }
    },
    {
      "type": "Feature",
      "id": 555,
      "geometry": {
        "type": "Point",
        "coordinates": [
          -83.48107399999998,
          42.62983500000007
        ]
      },
      "properties": {
        "OBJECTID": 555,
        "LakeSiteName": "Cedar Island Lake",
        "County": "Oakland",
        "SiteID": "WB-108",
        "Staff1": "Eric Bacon",
        "Staff2": "Matt Preisser",
        "Staff3": null,
        "Affiliation": "SOM",
        "SiteVisitType": "vegetation survey",
        "Year": 2009,
        "Comments": null,
        "Longitude": -83.481074,
        "Latitude": 42.629835
      }
    },
    {
      "type": "Feature",
      "id": 556,
      "geometry": {
        "type": "Point",
        "coordinates": [
          -83.45541999999995,
          42.76736000000005
        ]
      },
      "properties": {
        "OBJECTID": 556,
        "LakeSiteName": "Waumegah Lake",
        "County": "Oakland",
        "SiteID": "WB1814",
        "Staff1": "Brett Wiseley",
        "Staff2": "John Riley",
        "Staff3": null,
        "Affiliation": "SOM",
        "SiteVisitType": "vegetation survey",
        "Year": 2009,
        "Comments": null,
        "Longitude": -83.45542,
        "Latitude": 42.76736
      }
    },
    {
      "type": "Feature",
      "id": 557,
      "geometry": {
        "type": "Point",
        "coordinates": [
          -83.47946099999996,
          42.63014500000003
        ]
      },
      "properties": {
        "OBJECTID": 557,
        "LakeSiteName": "Cedar Island Lake",
        "County": "Oakland",
        "SiteID": "WB-108",
        "Staff1": "Eric Bacon",
        "Staff2": "Amanda Whitscell",
        "Staff3": null,
        "Affiliation": "SOM",
        "SiteVisitType": "vegetation survey",
        "Year": 2013,
        "Comments": "Document plant community and conditions in canals and bays of the lake; Concerns by DNR Fisheries of habitat loss",
        "Longitude": -83.479461,
        "Latitude": 42.630145
      }
    },
    {
      "type": "Feature",
      "id": 558,
      "geometry": {
        "type": "Point",
        "coordinates": [
          -83.38619999999997,
          42.64250000000004
        ]
      },
      "properties": {
        "OBJECTID": 558,
        "LakeSiteName": "Crescent Lake",
        "County": "Oakland",
        "SiteID": "WB-3590",
        "Staff1": "Eric Bacon",
        "Staff2": "Ryan Crouch",
        "Staff3": "Sara Thoma",
        "Affiliation": "SOM",
        "SiteVisitType": "vegetation survey",
        "Year": 2018,
        "Comments": "visit sites in LEMU",
        "Longitude": -83.3862,
        "Latitude": 42.6425
      }
    },
    {
      "type": "Feature",
      "id": 559,
      "geometry": {
        "type": "Point",
        "coordinates": [
          -83.34013999999996,
          42.69075000000004
        ]
      },
      "properties": {
        "OBJECTID": 559,
        "LakeSiteName": "Mohawk-Wormer Lake",
        "County": "Oakland",
        "SiteID": "WB-2457",
        "Staff1": "Lisa Huberty",
        "Staff2": "Ryan Crouch",
        "Staff3": "Nadia Affes",
        "Affiliation": "SOM",
        "SiteVisitType": "vegetation survey",
        "Year": 2019,
        "Comments": "Assessment of vegetation community",
        "Longitude": -83.34014,
        "Latitude": 42.69075
      }
    },
    {
      "type": "Feature",
      "id": 560,
      "geometry": {
        "type": "Point",
        "coordinates": [
          -83.52816999999999,
          42.812470000000076
        ]
      },
      "properties": {
        "OBJECTID": 560,
        "LakeSiteName": "Heron Lake",
        "County": "Oakland",
        "SiteID": "WB-5744",
        "Staff1": "Eric Bacon",
        "Staff2": "Mark Huffsmith",
        "Staff3": "Jessica DiMilia",
        "Affiliation": "ANC",
        "SiteVisitType": "vegetation survey",
        "Year": 2022,
        "Comments": null,
        "Longitude": -83.52817,
        "Latitude": 42.81247
      }
    },
    {
      "type": "Feature",
      "id": 561,
      "geometry": {
        "type": "Point",
        "coordinates": [
          -83.36233999999996,
          42.70062600000006
        ]
      },
      "properties": {
        "OBJECTID": 561,
        "LakeSiteName": "Lake Oakland",
        "County": "Oakland",
        "SiteID": "WB-1752",
        "Staff1": "Ryan Crouch",
        "Staff2": "Mark Huffsmith",
        "Staff3": "Cleyo Harris",
        "Affiliation": "ANC",
        "SiteVisitType": "vegetation survey",
        "Year": 2022,
        "Comments": null,
        "Longitude": -83.36234,
        "Latitude": 42.700626
      }
    },
    {
      "type": "Feature",
      "id": 562,
      "geometry": {
        "type": "Point",
        "coordinates": [
          -83.25680999999997,
          42.77968800000008
        ]
      },
      "properties": {
        "OBJECTID": 562,
        "LakeSiteName": "Lake Orion",
        "County": "Oakland",
        "SiteID": "WB-1571",
        "Staff1": "Ryan Crouch",
        "Staff2": "Eric Bacon",
        "Staff3": "Joshua Allison",
        "Affiliation": "ANC",
        "SiteVisitType": "vegetation survey",
        "Year": 2023,
        "Comments": null,
        "Longitude": -83.25681,
        "Latitude": 42.779688
      }
    },
    {
      "type": "Feature",
      "id": 563,
      "geometry": {
        "type": "Point",
        "coordinates": [
          -83.34251099999994,
          42.59087800000003
        ]
      },
      "properties": {
        "OBJECTID": 563,
        "LakeSiteName": "Pine Lake",
        "County": "Oakland",
        "SiteID": "WB-869",
        "Staff1": "Ryan Crouch",
        "Staff2": "Mark Huffsmith",
        "Staff3": "Sarah Marshall",
        "Affiliation": "SOM",
        "SiteVisitType": "vegetation survey",
        "Year": 2023,
        "Comments": null,
        "Longitude": -83.342511,
        "Latitude": 42.590878
      }
    },
    {
      "type": "Feature",
      "id": 564,
      "geometry": {
        "type": "Point",
        "coordinates": [
          -83.56536999999997,
          42.66677500000003
        ]
      },
      "properties": {
        "OBJECTID": 564,
        "LakeSiteName": "White Lake",
        "County": "Oakland",
        "SiteID": "WB-1398",
        "Staff1": "Mark Huffsmith",
        "Staff2": "Eric Bacon",
        "Staff3": "Aaron Keatley",
        "Affiliation": "ANC",
        "SiteVisitType": "vegetation survey",
        "Year": 2023,
        "Comments": null,
        "Longitude": -83.56537,
        "Latitude": 42.666775
      }
    },
    {
      "type": "Feature",
      "id": 565,
      "geometry": {
        "type": "Point",
        "coordinates": [
          -83.42304699999994,
          42.67554700000005
        ]
      },
      "properties": {
        "OBJECTID": 565,
        "LakeSiteName": "Williams Lake",
        "County": "Oakland",
        "SiteID": "WB-1892",
        "Staff1": "Mark Huffsmith",
        "Staff2": "Eric Bacon",
        "Staff3": "Ryan Crouch",
        "Affiliation": "ANC",
        "SiteVisitType": "vegetation survey",
        "Year": 2023,
        "Comments": null,
        "Longitude": -83.423047,
        "Latitude": 42.675547
      }
    },
    {
      "type": "Feature",
      "id": 566,
      "geometry": {
        "type": "Point",
        "coordinates": [
          -86.50096699999995,
          43.66772300000008
        ]
      },
      "properties": {
        "OBJECTID": 566,
        "LakeSiteName": "Silver Lake",
        "County": "Oceana",
        "SiteID": "WB-1425",
        "Staff1": "Eric Bacon",
        "Staff2": "Laura Esman",
        "Staff3": null,
        "Affiliation": "SOM",
        "SiteVisitType": "vegetation survey",
        "Year": 1999,
        "Comments": null,
        "Longitude": -86.500967,
        "Latitude": 43.667723
      }
    },
    {
      "type": "Feature",
      "id": 567,
      "geometry": {
        "type": "Point",
        "coordinates": [
          -86.50096699999995,
          43.66772300000008
        ]
      },
      "properties": {
        "OBJECTID": 567,
        "LakeSiteName": "Silver Lake",
        "County": "Oceana",
        "SiteID": "WB-1425",
        "Staff1": "Eric Bacon",
        "Staff2": "Laura Esman",
        "Staff3": null,
        "Affiliation": "SOM",
        "SiteVisitType": "vegetation survey",
        "Year": 2000,
        "Comments": null,
        "Longitude": -86.500967,
        "Latitude": 43.667723
      }
    },
    {
      "type": "Feature",
      "id": 568,
      "geometry": {
        "type": "Point",
        "coordinates": [
          -86.41849999999994,
          43.768200000000036
        ]
      },
      "properties": {
        "OBJECTID": 568,
        "LakeSiteName": "Pentwater Lake",
        "County": "Oceana",
        "SiteID": "WB-2169",
        "Staff1": "Matt Preisser",
        "Staff2": "Jessica Koerner",
        "Staff3": null,
        "Affiliation": "SOM",
        "SiteVisitType": "vegetation survey",
        "Year": 2005,
        "Comments": "Partial vegetation survey",
        "Longitude": -86.4185,
        "Latitude": 43.7682
      }
    },
    {
      "type": "Feature",
      "id": 569,
      "geometry": {
        "type": "Point",
        "coordinates": [
          -86.48042699999996,
          43.559645000000046
        ]
      },
      "properties": {
        "OBJECTID": 569,
        "LakeSiteName": "Stony Lake",
        "County": "Oceana",
        "SiteID": "WB-251",
        "Staff1": "Lisa Huberty",
        "Staff2": "Julie Sims",
        "Staff3": null,
        "Affiliation": "SOM",
        "SiteVisitType": "vegetation survey",
        "Year": 2005,
        "Comments": null,
        "Longitude": -86.480427,
        "Latitude": 43.559645
      }
    },
    {
      "type": "Feature",
      "id": 570,
      "geometry": {
        "type": "Point",
        "coordinates": [
          -86.10927999999996,
          43.64530400000007
        ]
      },
      "properties": {
        "OBJECTID": 570,
        "LakeSiteName": "Campbell Lake",
        "County": "Oceana",
        "SiteID": "WB-2959",
        "Staff1": "Eric Bacon",
        "Staff2": "Amanda Whitscell",
        "Staff3": null,
        "Affiliation": "SOM",
        "SiteVisitType": "vegetation survey",
        "Year": 2012,
        "Comments": "Assess plant community; No vegetation survey data; Proposal to treat native and exotics offshore",
        "Longitude": -86.10928,
        "Latitude": 43.645304
      }
    },
    {
      "type": "Feature",
      "id": 571,
      "geometry": {
        "type": "Point",
        "coordinates": [
          -86.37041699999997,
          43.70753300000007
        ]
      },
      "properties": {
        "OBJECTID": 571,
        "LakeSiteName": "Hart Lake",
        "County": "Oceana",
        "SiteID": "WB-2475",
        "Staff1": "Eric Bacon",
        "Staff2": "Amanda Whitscell",
        "Staff3": null,
        "Affiliation": "SOM",
        "SiteVisitType": "vegetation survey",
        "Year": 2012,
        "Comments": "Assess plant community following resident complaint of lack of aquatic plants",
        "Longitude": -86.370417,
        "Latitude": 43.707533
      }
    },
    {
      "type": "Feature",
      "id": 572,
      "geometry": {
        "type": "Point",
        "coordinates": [
          -86.41849999999994,
          43.768200000000036
        ]
      },
      "properties": {
        "OBJECTID": 572,
        "LakeSiteName": "Pentwater Lake",
        "County": "Oceana",
        "SiteID": "WB-21969",
        "Staff1": "Eric Bacon",
        "Staff2": "Doyle Brunsen",
        "Staff3": null,
        "Affiliation": "SOM",
        "SiteVisitType": "vegetation survey",
        "Year": 2015,
        "Comments": "Document Starry stonewort observed by DNR Fisheries",
        "Longitude": -86.4185,
        "Latitude": 43.7682
      }
    },
    {
      "type": "Feature",
      "id": 573,
      "geometry": {
        "type": "Point",
        "coordinates": [
          -84.05025999999998,
          44.246683000000075
        ]
      },
      "properties": {
        "OBJECTID": 573,
        "LakeSiteName": "Lake Ogemaw",
        "County": "Ogemaw",
        "SiteID": "WB-1491",
        "Staff1": "Maureen Hein",
        "Staff2": null,
        "Staff3": null,
        "Affiliation": "SOM",
        "SiteVisitType": "vegetation survey",
        "Year": 1986,
        "Comments": null,
        "Longitude": -84.05026,
        "Latitude": 44.246683
      }
    },
    {
      "type": "Feature",
      "id": 574,
      "geometry": {
        "type": "Point",
        "coordinates": [
          -83.89901299999997,
          44.39106600000008
        ]
      },
      "properties": {
        "OBJECTID": 574,
        "LakeSiteName": "South Dease Lake",
        "County": "Ogemaw",
        "SiteID": "WB-1542",
        "Staff1": "Dave Kenaga",
        "Staff2": null,
        "Staff3": null,
        "Affiliation": "SOM",
        "SiteVisitType": "vegetation survey",
        "Year": 1995,
        "Comments": null,
        "Longitude": -83.899013,
        "Latitude": 44.391066
      }
    },
    {
      "type": "Feature",
      "id": 575,
      "geometry": {
        "type": "Point",
        "coordinates": [
          -83.99410499999999,
          44.24549200000007
        ]
      },
      "properties": {
        "OBJECTID": 575,
        "LakeSiteName": "Hardwood Lake",
        "County": "Ogemaw",
        "SiteID": "WB-2119",
        "Staff1": "Eric Bacon",
        "Staff2": "Jeremie Wilson",
        "Staff3": null,
        "Affiliation": "SOM",
        "SiteVisitType": "vegetation survey",
        "Year": 1999,
        "Comments": null,
        "Longitude": -83.994105,
        "Latitude": 44.245492
      }
    },
    {
      "type": "Feature",
      "id": 576,
      "geometry": {
        "type": "Point",
        "coordinates": [
          -83.97350999999998,
          44.39872200000008
        ]
      },
      "properties": {
        "OBJECTID": 576,
        "LakeSiteName": "George Lake",
        "County": "Ogemaw",
        "SiteID": "WB-1442",
        "Staff1": "Jeremie Wilson",
        "Staff2": null,
        "Staff3": null,
        "Affiliation": "SOM",
        "SiteVisitType": "vegetation survey",
        "Year": 2000,
        "Comments": null,
        "Longitude": -83.97351,
        "Latitude": 44.398722
      }
    },
    {
      "type": "Feature",
      "id": 577,
      "geometry": {
        "type": "Point",
        "coordinates": [
          -84.16844999999995,
          44.29528700000003
        ]
      },
      "properties": {
        "OBJECTID": 577,
        "LakeSiteName": "Peach Lake",
        "County": "Ogemaw",
        "SiteID": "WB-206",
        "Staff1": "Laura Esman",
        "Staff2": "Jeremie Wilson",
        "Staff3": null,
        "Affiliation": "SOM",
        "SiteVisitType": "vegetation survey",
        "Year": 2000,
        "Comments": null,
        "Longitude": -84.16845,
        "Latitude": 44.295287
      }
    },
    {
      "type": "Feature",
      "id": 578,
      "geometry": {
        "type": "Point",
        "coordinates": [
          -83.97350999999998,
          44.39872200000008
        ]
      },
      "properties": {
        "OBJECTID": 578,
        "LakeSiteName": "George Lake",
        "County": "Ogemaw",
        "SiteID": "WB-1442",
        "Staff1": "Laura Esman",
        "Staff2": "Eric Bacon",
        "Staff3": null,
        "Affiliation": "SOM",
        "SiteVisitType": "vegetation survey",
        "Year": 2001,
        "Comments": null,
        "Longitude": -83.97351,
        "Latitude": 44.398722
      }
    },
    {
      "type": "Feature",
      "id": 579,
      "geometry": {
        "type": "Point",
        "coordinates": [
          -84.03562299999999,
          44.19150700000006
        ]
      },
      "properties": {
        "OBJECTID": 579,
        "LakeSiteName": "Bush Lake",
        "County": "Ogemaw",
        "SiteID": "WB-1874",
        "Staff1": "Eric Bacon",
        "Staff2": "Jessica Koerner",
        "Staff3": null,
        "Affiliation": "SOM",
        "SiteVisitType": "vegetation survey",
        "Year": 2005,
        "Comments": null,
        "Longitude": -84.035623,
        "Latitude": 44.191507
      }
    },
    {
      "type": "Feature",
      "id": 580,
      "geometry": {
        "type": "Point",
        "coordinates": [
          -83.94308399999994,
          44.35069900000008
        ]
      },
      "properties": {
        "OBJECTID": 580,
        "LakeSiteName": "Sage Lake",
        "County": "Ogemaw",
        "SiteID": "WB-2173",
        "Staff1": "Lisa Huberty",
        "Staff2": "Eric Bacon",
        "Staff3": null,
        "Affiliation": "SOM",
        "SiteVisitType": "vegetation survey",
        "Year": 2005,
        "Comments": null,
        "Longitude": -83.943084,
        "Latitude": 44.350699
      }
    },
    {
      "type": "Feature",
      "id": 581,
      "geometry": {
        "type": "Point",
        "coordinates": [
          -83.97350999999998,
          44.39872200000008
        ]
      },
      "properties": {
        "OBJECTID": 581,
        "LakeSiteName": "George Lake",
        "County": "Ogemaw",
        "SiteID": "WB-1442",
        "Staff1": "Eric Bacon",
        "Staff2": "Lisa Huberty",
        "Staff3": null,
        "Affiliation": "SOM",
        "SiteVisitType": "vegetation survey",
        "Year": 2007,
        "Comments": null,
        "Longitude": -83.97351,
        "Latitude": 44.398722
      }
    },
    {
      "type": "Feature",
      "id": 582,
      "geometry": {
        "type": "Point",
        "coordinates": [
          -83.97949599999998,
          44.410833000000025
        ]
      },
      "properties": {
        "OBJECTID": 582,
        "LakeSiteName": "Rifle Lake",
        "County": "Ogemaw",
        "SiteID": "WB-2321",
        "Staff1": "Lisa Huberty",
        "Staff2": "Eric Bacon",
        "Staff3": null,
        "Affiliation": "SOM",
        "SiteVisitType": "vegetation survey",
        "Year": 2007,
        "Comments": null,
        "Longitude": -83.979496,
        "Latitude": 44.410833
      }
    },
    {
      "type": "Feature",
      "id": 583,
      "geometry": {
        "type": "Point",
        "coordinates": [
          -84.03228699999994,
          44.18468500000006
        ]
      },
      "properties": {
        "OBJECTID": 583,
        "LakeSiteName": "Skidway Lake",
        "County": "Ogemaw",
        "SiteID": "WB-1575",
        "Staff1": "Eric Bacon",
        "Staff2": "Lisa Huberty",
        "Staff3": null,
        "Affiliation": "SOM",
        "SiteVisitType": "vegetation survey",
        "Year": 2007,
        "Comments": null,
        "Longitude": -84.032287,
        "Latitude": 44.184685
      }
    },
    {
      "type": "Feature",
      "id": 584,
      "geometry": {
        "type": "Point",
        "coordinates": [
          -83.98039999999997,
          44.41300000000007
        ]
      },
      "properties": {
        "OBJECTID": 584,
        "LakeSiteName": "Rifle Lake",
        "County": "Ogemaw",
        "SiteID": "WB-2321",
        "Staff1": "Ryan Crouch",
        "Staff2": "Eric Bacon",
        "Staff3": "Barney Boyer",
        "Affiliation": "SOM",
        "SiteVisitType": "vegetation survey",
        "Year": 2019,
        "Comments": "Fisheries Concersn about waterbody",
        "Longitude": -83.9804,
        "Latitude": 44.413
      }
    },
    {
      "type": "Feature",
      "id": 585,
      "geometry": {
        "type": "Point",
        "coordinates": [
          -83.89275999999995,
          44.40560000000005
        ]
      },
      "properties": {
        "OBJECTID": 585,
        "LakeSiteName": "North Dease Lake",
        "County": "Ogemaw",
        "SiteID": "WB-611",
        "Staff1": "Eric Bacon",
        "Staff2": "Lisa Huberty",
        "Staff3": "Mark Huffsmith",
        "Affiliation": "SOM",
        "SiteVisitType": "vegetation survey",
        "Year": 2021,
        "Comments": null,
        "Longitude": -83.89276,
        "Latitude": 44.4056
      }
    },
    {
      "type": "Feature",
      "id": 586,
      "geometry": {
        "type": "Point",
        "coordinates": [
          -84.02374499999996,
          44.403013000000044
        ]
      },
      "properties": {
        "OBJECTID": 586,
        "LakeSiteName": "Devoe Lake",
        "County": "Ogemaw",
        "SiteID": "WB-6164",
        "Staff1": "Michigan State University",
        "Staff2": null,
        "Staff3": null,
        "Affiliation": "MSU",
        "SiteVisitType": "vegetation survey",
        "Year": 2023,
        "Comments": null,
        "Longitude": -84.023745,
        "Latitude": 44.403013
      }
    },
    {
      "type": "Feature",
      "id": 587,
      "geometry": {
        "type": "Point",
        "coordinates": [
          -84.01932699999998,
          44.41189600000007
        ]
      },
      "properties": {
        "OBJECTID": 587,
        "LakeSiteName": "Grousehaven Lake",
        "County": "Ogemaw",
        "SiteID": "WB-6166",
        "Staff1": "Michigan State University",
        "Staff2": null,
        "Staff3": null,
        "Affiliation": "MSU",
        "SiteVisitType": "vegetation survey",
        "Year": 2023,
        "Comments": null,
        "Longitude": -84.019327,
        "Latitude": 44.411896
      }
    },
    {
      "type": "Feature",
      "id": 588,
      "geometry": {
        "type": "Point",
        "coordinates": [
          -83.97350999999998,
          44.39872200000008
        ]
      },
      "properties": {
        "OBJECTID": 588,
        "LakeSiteName": "Lake George",
        "County": "Ogemaw",
        "SiteID": "WB-1442",
        "Staff1": "Michigan State University",
        "Staff2": null,
        "Staff3": null,
        "Affiliation": "MSU",
        "SiteVisitType": "vegetation survey",
        "Year": 2023,
        "Comments": null,
        "Longitude": -83.97351,
        "Latitude": 44.398722
      }
    },
    {
      "type": "Feature",
      "id": 589,
      "geometry": {
        "type": "Point",
        "coordinates": [
          -84.16844999999995,
          44.29528700000003
        ]
      },
      "properties": {
        "OBJECTID": 589,
        "LakeSiteName": "Peach Lake",
        "County": "Ogemaw",
        "SiteID": "WB-206",
        "Staff1": "Michigan State University",
        "Staff2": null,
        "Staff3": null,
        "Affiliation": "MSU",
        "SiteVisitType": "vegetation survey",
        "Year": 2023,
        "Comments": null,
        "Longitude": -84.16845,
        "Latitude": 44.295287
      }
    },
    {
      "type": "Feature",
      "id": 590,
      "geometry": {
        "type": "Point",
        "coordinates": [
          -83.98039999999997,
          44.41300000000007
        ]
      },
      "properties": {
        "OBJECTID": 590,
        "LakeSiteName": "Rifle Lake",
        "County": "Ogemaw",
        "SiteID": "WB-2321",
        "Staff1": "Michigan State University",
        "Staff2": null,
        "Staff3": null,
        "Affiliation": "MSU",
        "SiteVisitType": "vegetation survey",
        "Year": 2023,
        "Comments": null,
        "Longitude": -83.9804,
        "Latitude": 44.413
      }
    },
    {
      "type": "Feature",
      "id": 591,
      "geometry": {
        "type": "Point",
        "coordinates": [
          -83.94308399999994,
          44.35069900000008
        ]
      },
      "properties": {
        "OBJECTID": 591,
        "LakeSiteName": "Sage Lake",
        "County": "Ogemaw",
        "SiteID": "WB-2173",
        "Staff1": "Michigan State University",
        "Staff2": null,
        "Staff3": null,
        "Affiliation": "MSU",
        "SiteVisitType": "vegetation survey",
        "Year": 2023,
        "Comments": null,
        "Longitude": -83.943084,
        "Latitude": 44.350699
      }
    },
    {
      "type": "Feature",
      "id": 592,
      "geometry": {
        "type": "Point",
        "coordinates": [
          -85.23198199999996,
          43.82137200000005
        ]
      },
      "properties": {
        "OBJECTID": 592,
        "LakeSiteName": "Negaunee Lake",
        "County": "Osceola",
        "SiteID": "WB-1700",
        "Staff1": "Dave Kenaga",
        "Staff2": "Brian Carley",
        "Staff3": null,
        "Affiliation": "SOM",
        "SiteVisitType": "vegetation survey",
        "Year": 1992,
        "Comments": null,
        "Longitude": -85.231982,
        "Latitude": 43.821372
      }
    },
    {
      "type": "Feature",
      "id": 593,
      "geometry": {
        "type": "Point",
        "coordinates": [
          -85.23198199999996,
          43.82137200000005
        ]
      },
      "properties": {
        "OBJECTID": 593,
        "LakeSiteName": "Negaunee Lake",
        "County": "Osceola",
        "SiteID": "WB-1700",
        "Staff1": "Dave Kenaga",
        "Staff2": null,
        "Staff3": null,
        "Affiliation": "SOM",
        "SiteVisitType": "vegetation survey",
        "Year": 1993,
        "Comments": null,
        "Longitude": -85.231982,
        "Latitude": 43.821372
      }
    },
    {
      "type": "Feature",
      "id": 594,
      "geometry": {
        "type": "Point",
        "coordinates": [
          -85.23198199999996,
          43.82137200000005
        ]
      },
      "properties": {
        "OBJECTID": 594,
        "LakeSiteName": "Negaunee Lake",
        "County": "Osceola",
        "SiteID": "WB-1700",
        "Staff1": "Dave Kenaga",
        "Staff2": null,
        "Staff3": null,
        "Affiliation": "SOM",
        "SiteVisitType": "vegetation survey",
        "Year": 1995,
        "Comments": null,
        "Longitude": -85.231982,
        "Latitude": 43.821372
      }
    },
    {
      "type": "Feature",
      "id": 595,
      "geometry": {
        "type": "Point",
        "coordinates": [
          -85.19596099999995,
          43.86663000000004
        ]
      },
      "properties": {
        "OBJECTID": 595,
        "LakeSiteName": "Big Lake",
        "County": "Osceola",
        "SiteID": "WB-182",
        "Staff1": "Eric Bacon",
        "Staff2": "Jeremie Wilson",
        "Staff3": null,
        "Affiliation": "SOM",
        "SiteVisitType": "vegetation survey",
        "Year": 2000,
        "Comments": null,
        "Longitude": -85.195961,
        "Latitude": 43.86663
      }
    },
    {
      "type": "Feature",
      "id": 596,
      "geometry": {
        "type": "Point",
        "coordinates": [
          -85.19596099999995,
          43.86663000000004
        ]
      },
      "properties": {
        "OBJECTID": 596,
        "LakeSiteName": "Big Lake",
        "County": "Osceola",
        "SiteID": "WB-182",
        "Staff1": "Eric Bacon",
        "Staff2": "Matt Preisser",
        "Staff3": null,
        "Affiliation": "SOM",
        "SiteVisitType": "vegetation survey",
        "Year": 2003,
        "Comments": null,
        "Longitude": -85.195961,
        "Latitude": 43.86663
      }
    },
    {
      "type": "Feature",
      "id": 597,
      "geometry": {
        "type": "Point",
        "coordinates": [
          -85.28344699999997,
          44.02243000000004
        ]
      },
      "properties": {
        "OBJECTID": 597,
        "LakeSiteName": "Hicks Lake",
        "County": "Osceola",
        "SiteID": "WB-2067",
        "Staff1": "Matt Preisser",
        "Staff2": "Eric Bacon",
        "Staff3": null,
        "Affiliation": "SOM",
        "SiteVisitType": "vegetation survey",
        "Year": 2005,
        "Comments": null,
        "Longitude": -85.283447,
        "Latitude": 44.02243
      }
    },
    {
      "type": "Feature",
      "id": 598,
      "geometry": {
        "type": "Point",
        "coordinates": [
          -85.38524199999995,
          44.06374600000004
        ]
      },
      "properties": {
        "OBJECTID": 598,
        "LakeSiteName": "Rose Lake",
        "County": "Osceola",
        "SiteID": "WB-2037",
        "Staff1": "Marisa Burghdoff",
        "Staff2": "Eric Bacon",
        "Staff3": "Jessica Koerner",
        "Affiliation": "SOM",
        "SiteVisitType": "vegetation survey",
        "Year": 2006,
        "Comments": null,
        "Longitude": -85.385242,
        "Latitude": 44.063746
      }
    },
    {
      "type": "Feature",
      "id": 599,
      "geometry": {
        "type": "Point",
        "coordinates": [
          -84.70934099999994,
          44.86592500000006
        ]
      },
      "properties": {
        "OBJECTID": 599,
        "LakeSiteName": "Big Bradford Lake",
        "County": "Otsego",
        "SiteID": "WB-3236",
        "Staff1": "Amanda Whitscell",
        "Staff2": "Eric Bacon",
        "Staff3": "Doyle Brunsen",
        "Affiliation": "SOM",
        "SiteVisitType": "vegetation survey",
        "Year": 2013,
        "Comments": "Document plant community conditions after spot treatment of Eurasian watermilfoil",
        "Longitude": -84.709341,
        "Latitude": 44.865925
      }
    },
    {
      "type": "Feature",
      "id": 600,
      "geometry": {
        "type": "Point",
        "coordinates": [
          -84.58299999999997,
          45.008200000000045
        ]
      },
      "properties": {
        "OBJECTID": 600,
        "LakeSiteName": "Big Lake",
        "County": "Otsego",
        "SiteID": "WB-3912",
        "Staff1": "Ryan Crouch",
        "Staff2": "Sara Thoma",
        "Staff3": null,
        "Affiliation": "SOM",
        "SiteVisitType": "vegetation survey",
        "Year": 2018,
        "Comments": "visit sites in NLHMU",
        "Longitude": -84.583,
        "Latitude": 45.0082
      }
    },
    {
      "type": "Feature",
      "id": 601,
      "geometry": {
        "type": "Point",
        "coordinates": [
          -84.50723499999998,
          44.933947000000046
        ]
      },
      "properties": {
        "OBJECTID": 601,
        "LakeSiteName": "Big Bass Lake",
        "County": "Otsego",
        "SiteID": "WB-4504",
        "Staff1": "Michigan State University",
        "Staff2": null,
        "Staff3": null,
        "Affiliation": "MSU",
        "SiteVisitType": "vegetation survey",
        "Year": 2023,
        "Comments": null,
        "Longitude": -84.507235,
        "Latitude": 44.933947
      }
    },
    {
      "type": "Feature",
      "id": 602,
      "geometry": {
        "type": "Point",
        "coordinates": [
          -84.58299999999997,
          45.008200000000045
        ]
      },
      "properties": {
        "OBJECTID": 602,
        "LakeSiteName": "Big Lake",
        "County": "Otsego",
        "SiteID": "WB-3912",
        "Staff1": "Michigan State University",
        "Staff2": null,
        "Staff3": null,
        "Affiliation": "MSU",
        "SiteVisitType": "vegetation survey",
        "Year": 2023,
        "Comments": null,
        "Longitude": -84.583,
        "Latitude": 45.0082
      }
    },
    {
      "type": "Feature",
      "id": 603,
      "geometry": {
        "type": "Point",
        "coordinates": [
          -84.63378499999999,
          44.99605600000007
        ]
      },
      "properties": {
        "OBJECTID": 603,
        "LakeSiteName": "Dixon Lake",
        "County": "Otsego",
        "SiteID": "WB-6165",
        "Staff1": "Michigan State University",
        "Staff2": null,
        "Staff3": null,
        "Affiliation": "MSU",
        "SiteVisitType": "vegetation survey",
        "Year": 2023,
        "Comments": null,
        "Longitude": -84.633785,
        "Latitude": 44.996056
      }
    },
    {
      "type": "Feature",
      "id": 604,
      "geometry": {
        "type": "Point",
        "coordinates": [
          -84.61010199999998,
          44.86214000000007
        ]
      },
      "properties": {
        "OBJECTID": 604,
        "LakeSiteName": "Guthrie Lake",
        "County": "Otsego",
        "SiteID": "WB-6167",
        "Staff1": "Michigan State University",
        "Staff2": null,
        "Staff3": null,
        "Affiliation": "MSU",
        "SiteVisitType": "vegetation survey",
        "Year": 2023,
        "Comments": null,
        "Longitude": -84.610102,
        "Latitude": 44.86214
      }
    },
    {
      "type": "Feature",
      "id": 605,
      "geometry": {
        "type": "Point",
        "coordinates": [
          -84.72028199999994,
          44.96813300000008
        ]
      },
      "properties": {
        "OBJECTID": 605,
        "LakeSiteName": "Perch Lake",
        "County": "Otsego",
        "SiteID": "WB-6191",
        "Staff1": "Michigan State University",
        "Staff2": null,
        "Staff3": null,
        "Affiliation": "MSU",
        "SiteVisitType": "vegetation survey",
        "Year": 2023,
        "Comments": null,
        "Longitude": -84.720282,
        "Latitude": 44.968133
      }
    },
    {
      "type": "Feature",
      "id": 606,
      "geometry": {
        "type": "Point",
        "coordinates": [
          -84.61877799999996,
          44.856764000000055
        ]
      },
      "properties": {
        "OBJECTID": 606,
        "LakeSiteName": "Section One",
        "County": "Otsego",
        "SiteID": "WB-6213",
        "Staff1": "Michigan State University",
        "Staff2": null,
        "Staff3": null,
        "Affiliation": "MSU",
        "SiteVisitType": "vegetation survey",
        "Year": 2023,
        "Comments": null,
        "Longitude": -84.618778,
        "Latitude": 44.856764
      }
    },
    {
      "type": "Feature",
      "id": 607,
      "geometry": {
        "type": "Point",
        "coordinates": [
          -85.84559199999995,
          42.93401700000004
        ]
      },
      "properties": {
        "OBJECTID": 607,
        "LakeSiteName": "Cedar Lake West",
        "County": "Ottawa",
        "SiteID": "WB-2420",
        "Staff1": "Eric Bacon",
        "Staff2": "Ned Rathbun",
        "Staff3": null,
        "Affiliation": "SOM",
        "SiteVisitType": "vegetation survey",
        "Year": 2000,
        "Comments": null,
        "Longitude": -85.845592,
        "Latitude": 42.934017
      }
    },
    {
      "type": "Feature",
      "id": 608,
      "geometry": {
        "type": "Point",
        "coordinates": [
          -85.85177899999996,
          43.16823800000003
        ]
      },
      "properties": {
        "OBJECTID": 608,
        "LakeSiteName": "Crockery Lake",
        "County": "Ottawa",
        "SiteID": "WB-1469",
        "Staff1": "Eric Bacon",
        "Staff2": "Matt Preisser",
        "Staff3": null,
        "Affiliation": "SOM",
        "SiteVisitType": "vegetation survey",
        "Year": 2003,
        "Comments": null,
        "Longitude": -85.851779,
        "Latitude": 43.168238
      }
    },
    {
      "type": "Feature",
      "id": 609,
      "geometry": {
        "type": "Point",
        "coordinates": [
          -85.96982599999996,
          42.96859200000006
        ]
      },
      "properties": {
        "OBJECTID": 609,
        "LakeSiteName": "Hidden Shores Lake",
        "County": "Ottawa",
        "SiteID": "WB-849",
        "Staff1": "Eric Bacon",
        "Staff2": "Jessica Schultz",
        "Staff3": null,
        "Affiliation": "SOM",
        "SiteVisitType": "vegetation survey",
        "Year": 2004,
        "Comments": "Document development",
        "Longitude": -85.969826,
        "Latitude": 42.968592
      }
    },
    {
      "type": "Feature",
      "id": 610,
      "geometry": {
        "type": "Point",
        "coordinates": [
          -85.86712199999994,
          42.96841900000004
        ]
      },
      "properties": {
        "OBJECTID": 610,
        "LakeSiteName": "Skipping Stone Lake",
        "County": "Ottawa",
        "SiteID": "WB-2551",
        "Staff1": "Jessica Schultz",
        "Staff2": "Eric Bacon",
        "Staff3": null,
        "Affiliation": "SOM",
        "SiteVisitType": "vegetation survey",
        "Year": 2004,
        "Comments": null,
        "Longitude": -85.867122,
        "Latitude": 42.968419
      }
    },
    {
      "type": "Feature",
      "id": 611,
      "geometry": {
        "type": "Point",
        "coordinates": [
          -86.18330099999997,
          43.097492000000045
        ]
      },
      "properties": {
        "OBJECTID": 611,
        "LakeSiteName": "Spring Lake",
        "County": "Ottawa",
        "SiteID": "WB-4",
        "Staff1": "Lisa Huberty",
        "Staff2": "Matt Preisser",
        "Staff3": null,
        "Affiliation": "SOM",
        "SiteVisitType": "vegetation survey",
        "Year": 2007,
        "Comments": null,
        "Longitude": -86.183301,
        "Latitude": 43.097492
      }
    },
    {
      "type": "Feature",
      "id": 612,
      "geometry": {
        "type": "Point",
        "coordinates": [
          -86.20983499999994,
          43.08904400000006
        ]
      },
      "properties": {
        "OBJECTID": 612,
        "LakeSiteName": "Spring Lake - Smith Bayou",
        "County": "Ottawa",
        "SiteID": "WB-4",
        "Staff1": "Eric Bacon",
        "Staff2": "Rachel Matthews",
        "Staff3": null,
        "Affiliation": "SOM",
        "SiteVisitType": "vegetation survey",
        "Year": 2013,
        "Comments": "Document plant community; Concerns by stakeholder of loss of fish habitat",
        "Longitude": -86.209835,
        "Latitude": 43.089044
      }
    },
    {
      "type": "Feature",
      "id": 613,
      "geometry": {
        "type": "Point",
        "coordinates": [
          -86.20389999999998,
          42.902300000000025
        ]
      },
      "properties": {
        "OBJECTID": 613,
        "LakeSiteName": "Pigeon Lake",
        "County": "Ottawa",
        "SiteID": "WB-620",
        "Staff1": "Ryan Crouch",
        "Staff2": "Eric Bacon",
        "Staff3": null,
        "Affiliation": "SOM",
        "SiteVisitType": "vegetation survey",
        "Year": 2017,
        "Comments": "Assessment of lake with newly expanded treatment plan",
        "Longitude": -86.2039,
        "Latitude": 42.9023
      }
    },
    {
      "type": "Feature",
      "id": 614,
      "geometry": {
        "type": "Point",
        "coordinates": [
          -84.22104199999995,
          45.204263000000026
        ]
      },
      "properties": {
        "OBJECTID": 614,
        "LakeSiteName": "Bear Den Lake",
        "County": "Presque Isle",
        "SiteID": "WB-6157",
        "Staff1": "Michigan State University",
        "Staff2": null,
        "Staff3": null,
        "Affiliation": "MSU",
        "SiteVisitType": "vegetation survey",
        "Year": 2023,
        "Comments": null,
        "Longitude": -84.221042,
        "Latitude": 45.204263
      }
    },
    {
      "type": "Feature",
      "id": 615,
      "geometry": {
        "type": "Point",
        "coordinates": [
          -83.99061899999998,
          45.29740700000008
        ]
      },
      "properties": {
        "OBJECTID": 615,
        "LakeSiteName": "Lake Nettie",
        "County": "Presque Isle",
        "SiteID": "WB-1924",
        "Staff1": "Ryan Crouch",
        "Staff2": "Mark Huffsmith",
        "Staff3": null,
        "Affiliation": "ANC",
        "SiteVisitType": "vegetation survey",
        "Year": 2023,
        "Comments": null,
        "Longitude": -83.990619,
        "Latitude": 45.297407
      }
    },
    {
      "type": "Feature",
      "id": 616,
      "geometry": {
        "type": "Point",
        "coordinates": [
          -83.99061899999998,
          45.29740700000008
        ]
      },
      "properties": {
        "OBJECTID": 616,
        "LakeSiteName": "Lake Nettie",
        "County": "Presque Isle",
        "SiteID": "WB-1924",
        "Staff1": "Michigan State University",
        "Staff2": null,
        "Staff3": null,
        "Affiliation": "MSU",
        "SiteVisitType": "vegetation survey",
        "Year": 2023,
        "Comments": null,
        "Longitude": -83.990619,
        "Latitude": 45.297407
      }
    },
    {
      "type": "Feature",
      "id": 617,
      "geometry": {
        "type": "Point",
        "coordinates": [
          -84.18051999999994,
          45.23118400000004
        ]
      },
      "properties": {
        "OBJECTID": 617,
        "LakeSiteName": "Little Tomahawk Lake",
        "County": "Presque Isle",
        "SiteID": "WB-6176",
        "Staff1": "Michigan State University",
        "Staff2": null,
        "Staff3": null,
        "Affiliation": "MSU",
        "SiteVisitType": "vegetation survey",
        "Year": 2023,
        "Comments": null,
        "Longitude": -84.18052,
        "Latitude": 45.231184
      }
    },
    {
      "type": "Feature",
      "id": 618,
      "geometry": {
        "type": "Point",
        "coordinates": [
          -83.96614499999998,
          45.29387900000006
        ]
      },
      "properties": {
        "OBJECTID": 618,
        "LakeSiteName": "Lost Lake",
        "County": "Presque Isle",
        "SiteID": "WB-6187",
        "Staff1": "Michigan State University",
        "Staff2": null,
        "Staff3": null,
        "Affiliation": "MSU",
        "SiteVisitType": "vegetation survey",
        "Year": 2023,
        "Comments": null,
        "Longitude": -83.966145,
        "Latitude": 45.293879
      }
    },
    {
      "type": "Feature",
      "id": 619,
      "geometry": {
        "type": "Point",
        "coordinates": [
          -84.11409999999995,
          45.47231000000005
        ]
      },
      "properties": {
        "OBJECTID": 619,
        "LakeSiteName": "Ocqueoc Lake",
        "County": "Presque Isle",
        "SiteID": "WB-4158",
        "Staff1": "Ryan Crouch",
        "Staff2": "Mark Huffsmith",
        "Staff3": null,
        "Affiliation": "ANC",
        "SiteVisitType": "vegetation survey",
        "Year": 2023,
        "Comments": null,
        "Longitude": -84.1141,
        "Latitude": 45.47231
      }
    },
    {
      "type": "Feature",
      "id": 620,
      "geometry": {
        "type": "Point",
        "coordinates": [
          -84.11409999999995,
          45.47231000000005
        ]
      },
      "properties": {
        "OBJECTID": 620,
        "LakeSiteName": "Ocqueoc Lake",
        "County": "Presque Isle",
        "SiteID": "WB-4158",
        "Staff1": "Michigan State University",
        "Staff2": null,
        "Staff3": null,
        "Affiliation": "MSU",
        "SiteVisitType": "vegetation survey",
        "Year": 2023,
        "Comments": null,
        "Longitude": -84.1141,
        "Latitude": 45.47231
      }
    },
    {
      "type": "Feature",
      "id": 621,
      "geometry": {
        "type": "Point",
        "coordinates": [
          -84.72549999999995,
          44.344100000000026
        ]
      },
      "properties": {
        "OBJECTID": 621,
        "LakeSiteName": "Houghton Lake",
        "County": "Roscommon",
        "SiteID": "WB-2106",
        "Staff1": "Eric Bacon",
        "Staff2": "Laura Esman",
        "Staff3": null,
        "Affiliation": "SOM",
        "SiteVisitType": "vegetation survey",
        "Year": 2002,
        "Comments": null,
        "Longitude": -84.7255,
        "Latitude": 44.3441
      }
    },
    {
      "type": "Feature",
      "id": 622,
      "geometry": {
        "type": "Point",
        "coordinates": [
          -84.72549999999995,
          44.344100000000026
        ]
      },
      "properties": {
        "OBJECTID": 622,
        "LakeSiteName": "Houghton Lake",
        "County": "Roscommon",
        "SiteID": "WB-2106",
        "Staff1": "Eric Bacon",
        "Staff2": "Laura Esman",
        "Staff3": null,
        "Affiliation": "SOM",
        "SiteVisitType": "vegetation survey",
        "Year": 2003,
        "Comments": null,
        "Longitude": -84.7255,
        "Latitude": 44.3441
      }
    },
    {
      "type": "Feature",
      "id": 623,
      "geometry": {
        "type": "Point",
        "coordinates": [
          -84.72549999999995,
          44.344100000000026
        ]
      },
      "properties": {
        "OBJECTID": 623,
        "LakeSiteName": "Houghton Lake",
        "County": "Roscommon",
        "SiteID": "WB-2106",
        "Staff1": "Eric Bacon",
        "Staff2": "Laura Esman",
        "Staff3": null,
        "Affiliation": "SOM",
        "SiteVisitType": "vegetation survey",
        "Year": 2004,
        "Comments": null,
        "Longitude": -84.7255,
        "Latitude": 44.3441
      }
    },
    {
      "type": "Feature",
      "id": 624,
      "geometry": {
        "type": "Point",
        "coordinates": [
          -84.72549999999995,
          44.344100000000026
        ]
      },
      "properties": {
        "OBJECTID": 624,
        "LakeSiteName": "Houghton Lake",
        "County": "Roscommon",
        "SiteID": "WB-2106",
        "Staff1": "Lisa Huberty",
        "Staff2": "Eric Bacon",
        "Staff3": "Ryan Crouch",
        "Affiliation": "SOM",
        "SiteVisitType": "vegetation survey",
        "Year": 2018,
        "Comments": "ProcellaCOR pre- and post treatment assessment",
        "Longitude": -84.7255,
        "Latitude": 44.3441
      }
    },
    {
      "type": "Feature",
      "id": 625,
      "geometry": {
        "type": "Point",
        "coordinates": [
          -84.72549999999995,
          44.344100000000026
        ]
      },
      "properties": {
        "OBJECTID": 625,
        "LakeSiteName": "Houghton Lake",
        "County": "Roscommon",
        "SiteID": "WB-2106",
        "Staff1": "Ryan Crouch",
        "Staff2": "Lisa Huberty",
        "Staff3": "Renee Pionk",
        "Affiliation": "SOM",
        "SiteVisitType": "vegetation survey",
        "Year": 2019,
        "Comments": "ProcellaCOR Post Treatment Survey",
        "Longitude": -84.7255,
        "Latitude": 44.3441
      }
    },
    {
      "type": "Feature",
      "id": 626,
      "geometry": {
        "type": "Point",
        "coordinates": [
          -84.72549999999995,
          44.344100000000026
        ]
      },
      "properties": {
        "OBJECTID": 626,
        "LakeSiteName": "Houghton Lake",
        "County": "Roscommon",
        "SiteID": "WB-2106",
        "Staff1": "Ryan Crouch",
        "Staff2": "Lisa Huberty",
        "Staff3": "Mark Huffsmith",
        "Affiliation": "SOM",
        "SiteVisitType": "vegetation survey",
        "Year": 2021,
        "Comments": null,
        "Longitude": -84.7255,
        "Latitude": 44.3441
      }
    },
    {
      "type": "Feature",
      "id": 627,
      "geometry": {
        "type": "Point",
        "coordinates": [
          -84.46273099999996,
          44.36635700000005
        ]
      },
      "properties": {
        "OBJECTID": 627,
        "LakeSiteName": "Lake St Helen",
        "County": "Roscommon",
        "SiteID": "WB-1467",
        "Staff1": "Michigan State University",
        "Staff2": null,
        "Staff3": null,
        "Affiliation": "MSU",
        "SiteVisitType": "vegetation survey",
        "Year": 2023,
        "Comments": null,
        "Longitude": -84.462731,
        "Latitude": 44.366357
      }
    },
    {
      "type": "Feature",
      "id": 628,
      "geometry": {
        "type": "Point",
        "coordinates": [
          -84.66659999999996,
          44.42377900000008
        ]
      },
      "properties": {
        "OBJECTID": 628,
        "LakeSiteName": "Marl Lake",
        "County": "Roscommon",
        "SiteID": "WB-6188",
        "Staff1": "Michigan State University",
        "Staff2": null,
        "Staff3": null,
        "Affiliation": "MSU",
        "SiteVisitType": "vegetation survey",
        "Year": 2023,
        "Comments": null,
        "Longitude": -84.6666,
        "Latitude": 44.423779
      }
    },
    {
      "type": "Feature",
      "id": 629,
      "geometry": {
        "type": "Point",
        "coordinates": [
          -86.02819299999999,
          45.98388600000004
        ]
      },
      "properties": {
        "OBJECTID": 629,
        "LakeSiteName": "Gulliver Lake",
        "County": "Schoolcraft",
        "SiteID": "(none)",
        "Staff1": "Ryan Crouch",
        "Staff2": "Eric Bacon",
        "Staff3": null,
        "Affiliation": "SOM",
        "SiteVisitType": "vegetation survey",
        "Year": 2018,
        "Comments": "AIS survey",
        "Longitude": -86.028193,
        "Latitude": 45.983886
      }
    },
    {
      "type": "Feature",
      "id": 630,
      "geometry": {
        "type": "Point",
        "coordinates": [
          -85.97538199999997,
          45.98484000000008
        ]
      },
      "properties": {
        "OBJECTID": 630,
        "LakeSiteName": "McDonald Lake",
        "County": "Schoolcraft",
        "SiteID": "WB-3324",
        "Staff1": "Eric Bacon",
        "Staff2": "Ryan Crouch",
        "Staff3": null,
        "Affiliation": "SOM",
        "SiteVisitType": "vegetation survey",
        "Year": 2018,
        "Comments": "AIS survey",
        "Longitude": -85.975382,
        "Latitude": 45.98484
      }
    },
    {
      "type": "Feature",
      "id": 631,
      "geometry": {
        "type": "Point",
        "coordinates": [
          -85.47617699999995,
          41.89579100000003
        ]
      },
      "properties": {
        "OBJECTID": 631,
        "LakeSiteName": "Lake Templene",
        "County": "St. Joseph",
        "SiteID": "WB-1680",
        "Staff1": "Dave Schipper",
        "Staff2": null,
        "Staff3": null,
        "Affiliation": "SOM",
        "SiteVisitType": "vegetation survey",
        "Year": 1994,
        "Comments": null,
        "Longitude": -85.476177,
        "Latitude": 41.895791
      }
    },
    {
      "type": "Feature",
      "id": 632,
      "geometry": {
        "type": "Point",
        "coordinates": [
          -85.47617699999995,
          41.89579100000003
        ]
      },
      "properties": {
        "OBJECTID": 632,
        "LakeSiteName": "Lake Templene",
        "County": "St. Joseph",
        "SiteID": "WB-1680",
        "Staff1": "Ned Rathbun",
        "Staff2": null,
        "Staff3": null,
        "Affiliation": "SOM",
        "SiteVisitType": "vegetation survey",
        "Year": 1996,
        "Comments": null,
        "Longitude": -85.476177,
        "Latitude": 41.895791
      }
    },
    {
      "type": "Feature",
      "id": 633,
      "geometry": {
        "type": "Point",
        "coordinates": [
          -85.34439999999995,
          41.914000000000044
        ]
      },
      "properties": {
        "OBJECTID": 633,
        "LakeSiteName": "Long Lake",
        "County": "St. Joseph",
        "SiteID": "WB-2574",
        "Staff1": "Ned Rathbun",
        "Staff2": null,
        "Staff3": null,
        "Affiliation": "SOM",
        "SiteVisitType": "vegetation survey",
        "Year": 1996,
        "Comments": null,
        "Longitude": -85.3444,
        "Latitude": 41.914
      }
    },
    {
      "type": "Feature",
      "id": 634,
      "geometry": {
        "type": "Point",
        "coordinates": [
          -85.31863399999997,
          41.94441600000005
        ]
      },
      "properties": {
        "OBJECTID": 634,
        "LakeSiteName": "Palmer Lake",
        "County": "St. Joseph",
        "SiteID": "WB-2573",
        "Staff1": "Ned Rathbun",
        "Staff2": null,
        "Staff3": null,
        "Affiliation": "SOM",
        "SiteVisitType": "vegetation survey",
        "Year": 1996,
        "Comments": null,
        "Longitude": -85.318634,
        "Latitude": 41.944416
      }
    },
    {
      "type": "Feature",
      "id": 635,
      "geometry": {
        "type": "Point",
        "coordinates": [
          -85.73027999999994,
          41.94550200000003
        ]
      },
      "properties": {
        "OBJECTID": 635,
        "LakeSiteName": "Clear Lake",
        "County": "St. Joseph",
        "SiteID": "WB-54",
        "Staff1": "Dave Kenaga",
        "Staff2": "Dave Schipper",
        "Staff3": null,
        "Affiliation": "SOM",
        "SiteVisitType": "vegetation survey",
        "Year": 1997,
        "Comments": null,
        "Longitude": -85.73028,
        "Latitude": 41.945502
      }
    },
    {
      "type": "Feature",
      "id": 636,
      "geometry": {
        "type": "Point",
        "coordinates": [
          -85.34439999999995,
          41.914000000000044
        ]
      },
      "properties": {
        "OBJECTID": 636,
        "LakeSiteName": "Long Lake (Colon Twp)",
        "County": "St. Joseph",
        "SiteID": "WB-2574",
        "Staff1": "Ned Rathbun",
        "Staff2": null,
        "Staff3": null,
        "Affiliation": "SOM",
        "SiteVisitType": "vegetation survey",
        "Year": 1997,
        "Comments": null,
        "Longitude": -85.3444,
        "Latitude": 41.914
      }
    },
    {
      "type": "Feature",
      "id": 637,
      "geometry": {
        "type": "Point",
        "coordinates": [
          -85.31863399999997,
          41.94441600000005
        ]
      },
      "properties": {
        "OBJECTID": 637,
        "LakeSiteName": "Palmer Lake",
        "County": "St. Joseph",
        "SiteID": "WB-2573",
        "Staff1": "Ned Rathbun",
        "Staff2": null,
        "Staff3": null,
        "Affiliation": "SOM",
        "SiteVisitType": "vegetation survey",
        "Year": 1997,
        "Comments": null,
        "Longitude": -85.318634,
        "Latitude": 41.944416
      }
    },
    {
      "type": "Feature",
      "id": 638,
      "geometry": {
        "type": "Point",
        "coordinates": [
          -85.75217399999997,
          41.95800900000006
        ]
      },
      "properties": {
        "OBJECTID": 638,
        "LakeSiteName": "Long Lake",
        "County": "St. Joseph",
        "SiteID": "WB-48",
        "Staff1": "Eric Bacon",
        "Staff2": "Jeremie Wilson",
        "Staff3": null,
        "Affiliation": "SOM",
        "SiteVisitType": "vegetation survey",
        "Year": 2001,
        "Comments": null,
        "Longitude": -85.752174,
        "Latitude": 41.958009
      }
    },
    {
      "type": "Feature",
      "id": 639,
      "geometry": {
        "type": "Point",
        "coordinates": [
          -85.45552399999997,
          41.91433200000006
        ]
      },
      "properties": {
        "OBJECTID": 639,
        "LakeSiteName": "Sand Lake",
        "County": "St. Joseph",
        "SiteID": "WB-1837",
        "Staff1": "Jeremie Wilson",
        "Staff2": "Eric Bacon",
        "Staff3": null,
        "Affiliation": "SOM",
        "SiteVisitType": "vegetation survey",
        "Year": 2001,
        "Comments": null,
        "Longitude": -85.455524,
        "Latitude": 41.914332
      }
    },
    {
      "type": "Feature",
      "id": 640,
      "geometry": {
        "type": "Point",
        "coordinates": [
          -85.47859999999997,
          41.877000000000066
        ]
      },
      "properties": {
        "OBJECTID": 640,
        "LakeSiteName": "Fish Lake (Sherman Twp)",
        "County": "St. Joseph",
        "SiteID": "WB-17",
        "Staff1": "Eric Bacon",
        "Staff2": "Laura Esman",
        "Staff3": "Rick Hobrla",
        "Affiliation": "SOM",
        "SiteVisitType": "vegetation survey",
        "Year": 2002,
        "Comments": null,
        "Longitude": -85.4786,
        "Latitude": 41.877
      }
    },
    {
      "type": "Feature",
      "id": 641,
      "geometry": {
        "type": "Point",
        "coordinates": [
          -85.32223599999998,
          41.94773600000008
        ]
      },
      "properties": {
        "OBJECTID": 641,
        "LakeSiteName": "Palmer Lake",
        "County": "St. Joseph",
        "SiteID": "WB-2573",
        "Staff1": "Eric Bacon",
        "Staff2": "Laura Esman",
        "Staff3": "Rick Hobrla",
        "Affiliation": "SOM",
        "SiteVisitType": "vegetation survey",
        "Year": 2002,
        "Comments": null,
        "Longitude": -85.322236,
        "Latitude": 41.947736
      }
    },
    {
      "type": "Feature",
      "id": 642,
      "geometry": {
        "type": "Point",
        "coordinates": [
          -85.73027999999994,
          41.94550200000003
        ]
      },
      "properties": {
        "OBJECTID": 642,
        "LakeSiteName": "Clear Lake",
        "County": "St. Joseph",
        "SiteID": "WB-54",
        "Staff1": "Laura Esman",
        "Staff2": "Eric Bacon",
        "Staff3": null,
        "Affiliation": "SOM",
        "SiteVisitType": "vegetation survey",
        "Year": 2005,
        "Comments": null,
        "Longitude": -85.73028,
        "Latitude": 41.945502
      }
    },
    {
      "type": "Feature",
      "id": 643,
      "geometry": {
        "type": "Point",
        "coordinates": [
          -85.42419999999998,
          41.838700000000074
        ]
      },
      "properties": {
        "OBJECTID": 643,
        "LakeSiteName": "Lake Omena",
        "County": "St. Joseph",
        "SiteID": "WB-1625",
        "Staff1": "Eric Bacon",
        "Staff2": "Laura Esman",
        "Staff3": null,
        "Affiliation": "SOM",
        "SiteVisitType": "vegetation survey",
        "Year": 2005,
        "Comments": null,
        "Longitude": -85.4242,
        "Latitude": 41.8387
      }
    },
    {
      "type": "Feature",
      "id": 644,
      "geometry": {
        "type": "Point",
        "coordinates": [
          -85.47859999999997,
          41.877000000000066
        ]
      },
      "properties": {
        "OBJECTID": 644,
        "LakeSiteName": "Fish Lake (Sherman Twp)",
        "County": "St. Joseph",
        "SiteID": "WB-17",
        "Staff1": "Eric Bacon",
        "Staff2": "John Riley",
        "Staff3": null,
        "Affiliation": "SOM",
        "SiteVisitType": "vegetation survey",
        "Year": 2007,
        "Comments": null,
        "Longitude": -85.4786,
        "Latitude": 41.877
      }
    },
    {
      "type": "Feature",
      "id": 645,
      "geometry": {
        "type": "Point",
        "coordinates": [
          -85.34439999999995,
          41.914000000000044
        ]
      },
      "properties": {
        "OBJECTID": 645,
        "LakeSiteName": "Long Lake (Colon Twp)",
        "County": "St. Joseph",
        "SiteID": "WB-2574",
        "Staff1": "John Riley",
        "Staff2": "Brett Wiseley",
        "Staff3": null,
        "Affiliation": "SOM",
        "SiteVisitType": "vegetation survey",
        "Year": 2007,
        "Comments": null,
        "Longitude": -85.3444,
        "Latitude": 41.914
      }
    },
    {
      "type": "Feature",
      "id": 646,
      "geometry": {
        "type": "Point",
        "coordinates": [
          -85.31863399999997,
          41.94441600000005
        ]
      },
      "properties": {
        "OBJECTID": 646,
        "LakeSiteName": "Palmer Lake",
        "County": "St. Joseph",
        "SiteID": "WB-2573",
        "Staff1": "Brett Wiseley",
        "Staff2": "John Riley",
        "Staff3": null,
        "Affiliation": "SOM",
        "SiteVisitType": "vegetation survey",
        "Year": 2007,
        "Comments": null,
        "Longitude": -85.318634,
        "Latitude": 41.944416
      }
    },
    {
      "type": "Feature",
      "id": 647,
      "geometry": {
        "type": "Point",
        "coordinates": [
          -85.70591999999994,
          41.956630000000075
        ]
      },
      "properties": {
        "OBJECTID": 647,
        "LakeSiteName": "Pleasant Lake",
        "County": "St. Joseph",
        "SiteID": "WB-2092",
        "Staff1": "John Riley",
        "Staff2": "Brett Wiseley",
        "Staff3": null,
        "Affiliation": "SOM",
        "SiteVisitType": "vegetation survey",
        "Year": 2007,
        "Comments": null,
        "Longitude": -85.70592,
        "Latitude": 41.95663
      }
    },
    {
      "type": "Feature",
      "id": 648,
      "geometry": {
        "type": "Point",
        "coordinates": [
          -85.47617699999995,
          41.89579100000003
        ]
      },
      "properties": {
        "OBJECTID": 648,
        "LakeSiteName": "Lake Templene",
        "County": "St. Joseph",
        "SiteID": "WB-1680",
        "Staff1": "Brett Wiseley",
        "Staff2": "John Riley",
        "Staff3": null,
        "Affiliation": "SOM",
        "SiteVisitType": "vegetation survey",
        "Year": 2008,
        "Comments": null,
        "Longitude": -85.476177,
        "Latitude": 41.895791
      }
    },
    {
      "type": "Feature",
      "id": 649,
      "geometry": {
        "type": "Point",
        "coordinates": [
          -85.47859999999997,
          41.877000000000066
        ]
      },
      "properties": {
        "OBJECTID": 649,
        "LakeSiteName": "Fish Lake (Sherman Twp)",
        "County": "St. Joseph",
        "SiteID": "WB-17",
        "Staff1": "Eric Bacon",
        "Staff2": "Doyle Brunsen",
        "Staff3": null,
        "Affiliation": "SOM",
        "SiteVisitType": "vegetation survey",
        "Year": 2015,
        "Comments": "Poor aquatic plant community and poor fishing conditions; On-going concerns by local resident",
        "Longitude": -85.4786,
        "Latitude": 41.877
      }
    },
    {
      "type": "Feature",
      "id": 650,
      "geometry": {
        "type": "Point",
        "coordinates": [
          -85.34439999999995,
          41.914000000000044
        ]
      },
      "properties": {
        "OBJECTID": 650,
        "LakeSiteName": "Long Lake (Colon Twp)",
        "County": "St. Joseph",
        "SiteID": "WB-2574",
        "Staff1": "Eric Bacon",
        "Staff2": "Doyle Brunsen",
        "Staff3": null,
        "Affiliation": "SOM",
        "SiteVisitType": "vegetation survey",
        "Year": 2015,
        "Comments": "Assess aquatic plant community following complaint of poor fishing due to over management",
        "Longitude": -85.3444,
        "Latitude": 41.914
      }
    },
    {
      "type": "Feature",
      "id": 651,
      "geometry": {
        "type": "Point",
        "coordinates": [
          -85.40263999999996,
          41.85889000000003
        ]
      },
      "properties": {
        "OBJECTID": 651,
        "LakeSiteName": "Prairie River Lake",
        "County": "St. Joseph",
        "SiteID": "WB-2059",
        "Staff1": "Eric Bacon",
        "Staff2": "Doyle Brunsen",
        "Staff3": "Sylvia Heaton",
        "Affiliation": "SOM",
        "SiteVisitType": "vegetation survey",
        "Year": 2015,
        "Comments": "Document near-shore vegetation community; Never surveyed before",
        "Longitude": -85.40264,
        "Latitude": 41.85889
      }
    },
    {
      "type": "Feature",
      "id": 652,
      "geometry": {
        "type": "Point",
        "coordinates": [
          -85.47859999999997,
          41.877000000000066
        ]
      },
      "properties": {
        "OBJECTID": 652,
        "LakeSiteName": "Fish Lake (Sherman Twp)",
        "County": "St. Joseph",
        "SiteID": "WB-17",
        "Staff1": "Eric Bacon",
        "Staff2": "Ryan Crouch",
        "Staff3": "Brian Gunderman (DNR)",
        "Affiliation": "SOM",
        "SiteVisitType": "vegetation survey",
        "Year": 2018,
        "Comments": "History of poor native vegetation, questions why recovery is not happening",
        "Longitude": -85.4786,
        "Latitude": 41.877
      }
    },
    {
      "type": "Feature",
      "id": 653,
      "geometry": {
        "type": "Point",
        "coordinates": [
          -83.33880799999997,
          43.38735600000007
        ]
      },
      "properties": {
        "OBJECTID": 653,
        "LakeSiteName": "Cat Lake",
        "County": "Tuscola",
        "SiteID": "WB-896",
        "Staff1": "Jessica Koerner",
        "Staff2": "Eric Bacon",
        "Staff3": "Sylvia Heaton",
        "Affiliation": "SOM",
        "SiteVisitType": "vegetation survey",
        "Year": 2005,
        "Comments": null,
        "Longitude": -83.338808,
        "Latitude": 43.387356
      }
    },
    {
      "type": "Feature",
      "id": 654,
      "geometry": {
        "type": "Point",
        "coordinates": [
          -83.30896099999995,
          43.39882700000004
        ]
      },
      "properties": {
        "OBJECTID": 654,
        "LakeSiteName": "Lake Evergreen",
        "County": "Tuscola",
        "SiteID": "WB-629",
        "Staff1": "Eric Bacon",
        "Staff2": "Jessica Koerner",
        "Staff3": "Sylvia Heaton",
        "Affiliation": "SOM",
        "SiteVisitType": "vegetation survey",
        "Year": 2005,
        "Comments": null,
        "Longitude": -83.308961,
        "Latitude": 43.398827
      }
    },
    {
      "type": "Feature",
      "id": 655,
      "geometry": {
        "type": "Point",
        "coordinates": [
          -83.46158899999995,
          43.29941500000007
        ]
      },
      "properties": {
        "OBJECTID": 655,
        "LakeSiteName": "Murphy Lake",
        "County": "Tuscola",
        "SiteID": "WB-1682",
        "Staff1": "Jessica Koerner",
        "Staff2": "Laura Esman",
        "Staff3": "Seth Wright",
        "Affiliation": "SOM",
        "SiteVisitType": "vegetation survey",
        "Year": 2005,
        "Comments": null,
        "Longitude": -83.461589,
        "Latitude": 43.299415
      }
    },
    {
      "type": "Feature",
      "id": 656,
      "geometry": {
        "type": "Point",
        "coordinates": [
          -85.87913299999997,
          42.23173700000007
        ]
      },
      "properties": {
        "OBJECTID": 656,
        "LakeSiteName": "Ackley Lake",
        "County": "Van Buren",
        "SiteID": "WB-1977",
        "Staff1": "Laura Esman",
        "Staff2": "Jeremie Wilson",
        "Staff3": null,
        "Affiliation": "SOM",
        "SiteVisitType": "vegetation survey",
        "Year": 1999,
        "Comments": null,
        "Longitude": -85.879133,
        "Latitude": 42.231737
      }
    },
    {
      "type": "Feature",
      "id": 657,
      "geometry": {
        "type": "Point",
        "coordinates": [
          -85.91586299999994,
          42.24205600000005
        ]
      },
      "properties": {
        "OBJECTID": 657,
        "LakeSiteName": "Clear Lake",
        "County": "Van Buren",
        "SiteID": "WB-2135",
        "Staff1": "Laura Esman",
        "Staff2": "Jeremie Wilson",
        "Staff3": null,
        "Affiliation": "SOM",
        "SiteVisitType": "vegetation survey",
        "Year": 1999,
        "Comments": null,
        "Longitude": -85.915863,
        "Latitude": 42.242056
      }
    },
    {
      "type": "Feature",
      "id": 658,
      "geometry": {
        "type": "Point",
        "coordinates": [
          -85.86653599999994,
          42.076924000000076
        ]
      },
      "properties": {
        "OBJECTID": 658,
        "LakeSiteName": "Gravel Lake",
        "County": "Van Buren",
        "SiteID": "WB-222",
        "Staff1": "Jeremie Wilson",
        "Staff2": "Ned Rathbun",
        "Staff3": null,
        "Affiliation": "SOM",
        "SiteVisitType": "vegetation survey",
        "Year": 2001,
        "Comments": null,
        "Longitude": -85.866536,
        "Latitude": 42.076924
      }
    },
    {
      "type": "Feature",
      "id": 659,
      "geometry": {
        "type": "Point",
        "coordinates": [
          -85.87913299999997,
          42.23173700000007
        ]
      },
      "properties": {
        "OBJECTID": 659,
        "LakeSiteName": "Ackley Lake",
        "County": "Van Buren",
        "SiteID": "WB-1977",
        "Staff1": "Laura Esman",
        "Staff2": "Matt Preisser",
        "Staff3": null,
        "Affiliation": "SOM",
        "SiteVisitType": "vegetation survey",
        "Year": 2004,
        "Comments": null,
        "Longitude": -85.879133,
        "Latitude": 42.231737
      }
    },
    {
      "type": "Feature",
      "id": 660,
      "geometry": {
        "type": "Point",
        "coordinates": [
          -85.81999999999994,
          42.13310000000007
        ]
      },
      "properties": {
        "OBJECTID": 660,
        "LakeSiteName": "Huzzy Lake",
        "County": "Van Buren",
        "SiteID": "WB-1651",
        "Staff1": "Julie Sims",
        "Staff2": "Eric Bacon",
        "Staff3": null,
        "Affiliation": "SOM",
        "SiteVisitType": "vegetation survey",
        "Year": 2005,
        "Comments": null,
        "Longitude": -85.82,
        "Latitude": 42.1331
      }
    },
    {
      "type": "Feature",
      "id": 661,
      "geometry": {
        "type": "Point",
        "coordinates": [
          -86.05026599999997,
          42.382242000000076
        ]
      },
      "properties": {
        "OBJECTID": 661,
        "LakeSiteName": "Saddle Lake",
        "County": "Van Buren",
        "SiteID": "WB-1614",
        "Staff1": "Eric Bacon",
        "Staff2": "Julie Sims",
        "Staff3": null,
        "Affiliation": "SOM",
        "SiteVisitType": "vegetation survey",
        "Year": 2005,
        "Comments": null,
        "Longitude": -86.050266,
        "Latitude": 42.382242
      }
    },
    {
      "type": "Feature",
      "id": 662,
      "geometry": {
        "type": "Point",
        "coordinates": [
          -85.99564799999996,
          42.32658500000008
        ]
      },
      "properties": {
        "OBJECTID": 662,
        "LakeSiteName": "Scott Lake",
        "County": "Van Buren",
        "SiteID": "WB-1530",
        "Staff1": "Matt Preisser",
        "Staff2": null,
        "Staff3": null,
        "Affiliation": "SOM",
        "SiteVisitType": "vegetation survey",
        "Year": 2006,
        "Comments": null,
        "Longitude": -85.995648,
        "Latitude": 42.326585
      }
    },
    {
      "type": "Feature",
      "id": 663,
      "geometry": {
        "type": "Point",
        "coordinates": [
          -86.19576999999998,
          42.077960000000076
        ]
      },
      "properties": {
        "OBJECTID": 663,
        "LakeSiteName": "Big Crooked Lake",
        "County": "Van Buren",
        "SiteID": "WB-1446",
        "Staff1": "John Riley",
        "Staff2": "Eric Bacon",
        "Staff3": null,
        "Affiliation": "SOM",
        "SiteVisitType": "vegetation survey",
        "Year": 2007,
        "Comments": null,
        "Longitude": -86.19577,
        "Latitude": 42.07796
      }
    },
    {
      "type": "Feature",
      "id": 664,
      "geometry": {
        "type": "Point",
        "coordinates": [
          -85.99648799999994,
          42.110880000000066
        ]
      },
      "properties": {
        "OBJECTID": 664,
        "LakeSiteName": "Lake of the Woods",
        "County": "Van Buren",
        "SiteID": "WB-1655",
        "Staff1": "Eric Bacon",
        "Staff2": null,
        "Staff3": null,
        "Affiliation": "SOM",
        "SiteVisitType": "vegetation survey",
        "Year": 2007,
        "Comments": null,
        "Longitude": -85.996488,
        "Latitude": 42.11088
      }
    },
    {
      "type": "Feature",
      "id": 665,
      "geometry": {
        "type": "Point",
        "coordinates": [
          -86.20391699999999,
          42.071814000000074
        ]
      },
      "properties": {
        "OBJECTID": 665,
        "LakeSiteName": "Little Crooked Lake",
        "County": "Van Buren",
        "SiteID": "WB-569",
        "Staff1": "John Riley",
        "Staff2": null,
        "Staff3": null,
        "Affiliation": "SOM",
        "SiteVisitType": "vegetation survey",
        "Year": 2007,
        "Comments": null,
        "Longitude": -86.203917,
        "Latitude": 42.071814
      }
    },
    {
      "type": "Feature",
      "id": 666,
      "geometry": {
        "type": "Point",
        "coordinates": [
          -86.19576999999998,
          42.077960000000076
        ]
      },
      "properties": {
        "OBJECTID": 666,
        "LakeSiteName": "Big Crooked Lake",
        "County": "Van Buren",
        "SiteID": "WB-1446",
        "Staff1": "Eric Bacon",
        "Staff2": "Doyle Brunsen",
        "Staff3": null,
        "Affiliation": "SOM",
        "SiteVisitType": "vegetation survey",
        "Year": 2015,
        "Comments": "Poor aquatic plant community and poor fishing conditions; On-going concerns by local resident",
        "Longitude": -86.19577,
        "Latitude": 42.07796
      }
    },
    {
      "type": "Feature",
      "id": 667,
      "geometry": {
        "type": "Point",
        "coordinates": [
          -85.81999999999994,
          42.13310000000007
        ]
      },
      "properties": {
        "OBJECTID": 667,
        "LakeSiteName": "Huzzy Lake",
        "County": "Van Buren",
        "SiteID": "WB-1651",
        "Staff1": "Eric Bacon",
        "Staff2": "Ryan Crouch",
        "Staff3": null,
        "Affiliation": "SOM",
        "SiteVisitType": "vegetation survey",
        "Year": 2018,
        "Comments": "Stakeholder complaint about vegetative community",
        "Longitude": -85.82,
        "Latitude": 42.1331
      }
    },
    {
      "type": "Feature",
      "id": 668,
      "geometry": {
        "type": "Point",
        "coordinates": [
          -86.00149999999996,
          42.199700000000064
        ]
      },
      "properties": {
        "OBJECTID": 668,
        "LakeSiteName": "Reynolds Lake",
        "County": "Van Buren",
        "SiteID": "WB-1786",
        "Staff1": "Ryan Crouch",
        "Staff2": "Eric Bacon",
        "Staff3": "Nathan Noll (EGLE)",
        "Affiliation": "SOM",
        "SiteVisitType": "vegetation survey",
        "Year": 2019,
        "Comments": "Assessment of vegetation community",
        "Longitude": -86.0015,
        "Latitude": 42.1997
      }
    },
    {
      "type": "Feature",
      "id": 669,
      "geometry": {
        "type": "Point",
        "coordinates": [
          -85.99798499999997,
          42.33044000000007
        ]
      },
      "properties": {
        "OBJECTID": 669,
        "LakeSiteName": "North Scott",
        "County": "Van Buren",
        "SiteID": "WB-2682",
        "Staff1": "Eric Bacon",
        "Staff2": "Mark Huffsmith",
        "Staff3": "Josh Epperly",
        "Affiliation": "ANC",
        "SiteVisitType": "vegetation survey",
        "Year": 2022,
        "Comments": null,
        "Longitude": -85.997985,
        "Latitude": 42.33044
      }
    },
    {
      "type": "Feature",
      "id": 670,
      "geometry": {
        "type": "Point",
        "coordinates": [
          -85.99248699999998,
          42.37244700000008
        ]
      },
      "properties": {
        "OBJECTID": 670,
        "LakeSiteName": "Great Bear Lake",
        "County": "Van Buren",
        "SiteID": "WB-1340",
        "Staff1": "Eric Bacon",
        "Staff2": "Mark Huffsmith",
        "Staff3": "Grant Raasakka",
        "Affiliation": "ANC",
        "SiteVisitType": "vegetation survey",
        "Year": 2023,
        "Comments": null,
        "Longitude": -85.992487,
        "Latitude": 42.372447
      }
    },
    {
      "type": "Feature",
      "id": 671,
      "geometry": {
        "type": "Point",
        "coordinates": [
          -85.91586299999994,
          42.24205600000005
        ]
      },
      "properties": {
        "OBJECTID": 671,
        "LakeSiteName": "Brownwood Lake",
        "County": "Van Buren",
        "SiteID": "WB-1650",
        "Staff1": "Matt Preisser",
        "Staff2": "Eric Bacon",
        "Staff3": null,
        "Affiliation": "SOM",
        "SiteVisitType": "vegetation survey",
        "Year": 2008,
        "Comments": null,
        "Longitude": -85.915863,
        "Latitude": 42.242056
      }
    },
    {
      "type": "Feature",
      "id": 672,
      "geometry": {
        "type": "Point",
        "coordinates": [
          -83.15806199999997,
          42.090385000000026
        ]
      },
      "properties": {
        "OBJECTID": 672,
        "LakeSiteName": "Detroit River - Gibraltar Bay",
        "County": "Wayne",
        "SiteID": "WB-1",
        "Staff1": "Eric Bacon",
        "Staff2": "Brett Wiseley",
        "Staff3": null,
        "Affiliation": "SOM",
        "SiteVisitType": "vegetation survey",
        "Year": 2011,
        "Comments": "Assess aquatic plant community, encroachment of Americal lotus to navigation lane",
        "Longitude": -83.158062,
        "Latitude": 42.090385
      }
    },
    {
      "type": "Feature",
      "id": 673,
      "geometry": {
        "type": "Point",
        "coordinates": [
          -83.41782699999999,
          42.364483000000064
        ]
      },
      "properties": {
        "OBJECTID": 673,
        "LakeSiteName": "Newburgh Lake",
        "County": "Wayne",
        "SiteID": "WB-4135",
        "Staff1": "Ryan Crouch",
        "Staff2": "Sara Thoma",
        "Staff3": null,
        "Affiliation": "SOM",
        "SiteVisitType": "vegetation survey",
        "Year": 2017,
        "Comments": "Assessment of Lake new to treatment regime",
        "Longitude": -83.417827,
        "Latitude": 42.364483
      }
    },
    {
      "type": "Feature",
      "id": 674,
      "geometry": {
        "type": "Point",
        "coordinates": [
          -85.67366999999996,
          44.49069000000003
        ]
      },
      "properties": {
        "OBJECTID": 674,
        "LakeSiteName": "Lake Gitchegumee",
        "County": "Wexford",
        "SiteID": "WB-2051",
        "Staff1": "Laura Esman",
        "Staff2": "Eric Bacon",
        "Staff3": null,
        "Affiliation": "SOM",
        "SiteVisitType": "vegetation survey",
        "Year": 2004,
        "Comments": null,
        "Longitude": -85.67367,
        "Latitude": 44.49069
      }
    }
  ]
}