species,matched_name,scope,gbif_key,gbif_occurrence_key,scientific_name,event_date,year,dataset_name,publisher,country,state_province,lat,lon,basis_of_record,image_url,image_license,rights_holder,creator,license_looks_open
Brasenia schreberi,Brasenia schreberi J.F.Gmel.,global,2882446,5938053151,Brasenia schreberi J.F.Gmel.,2026-01-01T11:50:16,2026,iNaturalist research-grade observations,28eb1a3f-1c15-4a95-931a-4af90ecb574d,United States of America,South Carolina,33.353785,-79.750757,HUMAN_OBSERVATION,https://inaturalist-open-data.s3.amazonaws.com/photos/604593364/original.jpg,http://creativecommons.org/licenses/by-nc/4.0/,Kate,Kate,False
Brasenia schreberi,Brasenia schreberi J.F.Gmel.,global,2882446,5938053151,Brasenia schreberi J.F.Gmel.,2026-01-01T11:50:16,2026,iNaturalist research-grade observations,28eb1a3f-1c15-4a95-931a-4af90ecb574d,United States of America,South Carolina,33.353785,-79.750757,HUMAN_OBSERVATION,https://inaturalist-open-data.s3.amazonaws.com/photos/604593398/original.jpg,http://creativecommons.org/licenses/by-nc/4.0/,Kate,Kate,False
Brasenia schreberi,Brasenia schreberi J.F.Gmel.,global,2882446,5938053151,Brasenia schreberi J.F.Gmel.,2026-01-01T11:50:16,2026,iNaturalist research-grade observations,28eb1a3f-1c15-4a95-931a-4af90ecb574d,United States of America,South Carolina,33.353785,-79.750757,HUMAN_OBSERVATION,https://inaturalist-open-data.s3.amazonaws.com/photos/604593419/original.jpg,http://creativecommons.org/licenses/by-nc/4.0/,Kate,Kate,False
Brasenia schreberi,Brasenia schreberi J.F.Gmel.,global,2882446,5938448909,Brasenia schreberi J.F.Gmel.,2026-01-03T15:46,2026,iNaturalist research-grade observations,28eb1a3f-1c15-4a95-931a-4af90ecb574d,United States of America,Florida,29.181308,-81.833386,HUMAN_OBSERVATION,https://inaturalist-open-data.s3.amazonaws.com/photos/605336798/original.jpg,http://creativecommons.org/licenses/by-nc/4.0/,hollyyoung,hollyyoung,False
Brasenia schreberi,Brasenia schreberi J.F.Gmel.,global,2882446,5938448909,Brasenia schreberi J.F.Gmel.,2026-01-03T15:46,2026,iNaturalist research-grade observations,28eb1a3f-1c15-4a95-931a-4af90ecb574d,United States of America,Florida,29.181308,-81.833386,HUMAN_OBSERVATION,https://inaturalist-open-data.s3.amazonaws.com/photos/605339595/original.jpg,http://creativecommons.org/licenses/by-nc/4.0/,hollyyoung,hollyyoung,False
Brasenia schreberi,Brasenia schreberi J.F.Gmel.,global,2882446,5938448909,Brasenia schreberi J.F.Gmel.,2026-01-03T15:46,2026,iNaturalist research-grade observations,28eb1a3f-1c15-4a95-931a-4af90ecb574d,United States of America,Florida,29.181308,-81.833386,HUMAN_OBSERVATION,https://inaturalist-open-data.s3.amazonaws.com/photos/605339604/original.jpg,http://creativecommons.org/licenses/by-nc/4.0/,hollyyoung,hollyyoung,False
Brasenia schreberi,Brasenia schreberi J.F.Gmel.,global,2882446,6159396172,Brasenia schreberi J.F.Gmel.,2026-02-12T09:20:54,2026,iNaturalist research-grade observations,28eb1a3f-1c15-4a95-931a-4af90ecb574d,United States of America,Florida,29.158747,-81.835045,HUMAN_OBSERVATION,https://inaturalist-open-data.s3.amazonaws.com/photos/615483764/original.jpg,http://creativecommons.org/licenses/by-nc/4.0/,ashely523,ashely523,False
Brasenia schreberi,Brasenia schreberi J.F.Gmel.,global,2882446,6159396172,Brasenia schreberi J.F.Gmel.,2026-02-12T09:20:54,2026,iNaturalist research-grade observations,28eb1a3f-1c15-4a95-931a-4af90ecb574d,United States of America,Florida,29.158747,-81.835045,HUMAN_OBSERVATION,https://inaturalist-open-data.s3.amazonaws.com/photos/615483777/original.jpg,http://creativecommons.org/licenses/by-nc/4.0/,ashely523,ashely523,False
Brasenia schreberi,Brasenia schreberi J.F.Gmel.,global,2882446,6159396172,Brasenia schreberi J.F.Gmel.,2026-02-12T09:20:54,2026,iNaturalist research-grade observations,28eb1a3f-1c15-4a95-931a-4af90ecb574d,United States of America,Florida,29.158747,-81.835045,HUMAN_OBSERVATION,https://inaturalist-open-data.s3.amazonaws.com/photos/615483789/original.jpg,http://creativecommons.org/licenses/by-nc/4.0/,ashely523,ashely523,False
Brasenia schreberi,Brasenia schreberi J.F.Gmel.,global,2882446,6159396172,Brasenia schreberi J.F.Gmel.,2026-02-12T09:20:54,2026,iNaturalist research-grade observations,28eb1a3f-1c15-4a95-931a-4af90ecb574d,United States of America,Florida,29.158747,-81.835045,HUMAN_OBSERVATION,https://inaturalist-open-data.s3.amazonaws.com/photos/615483801/original.jpg,http://creativecommons.org/licenses/by-nc/4.0/,ashely523,ashely523,False
Brasenia schreberi,Brasenia schreberi J.F.Gmel.,global,2882446,6159396172,Brasenia schreberi J.F.Gmel.,2026-02-12T09:20:54,2026,iNaturalist research-grade observations,28eb1a3f-1c15-4a95-931a-4af90ecb574d,United States of America,Florida,29.158747,-81.835045,HUMAN_OBSERVATION,https://inaturalist-open-data.s3.amazonaws.com/photos/615512625/original.jpg,http://creativecommons.org/licenses/by-nc/4.0/,ashely523,ashely523,False
Brasenia schreberi,Brasenia schreberi J.F.Gmel.,global,2882446,6170815130,Brasenia schreberi J.F.Gmel.,2026-02-28T10:48:02,2026,iNaturalist research-grade observations,28eb1a3f-1c15-4a95-931a-4af90ecb574d,United States of America,Alabama,30.28344,-87.456179,HUMAN_OBSERVATION,https://inaturalist-open-data.s3.amazonaws.com/photos/620046903/original.jpg,http://creativecommons.org/licenses/by-nc/4.0/,Tom Groves,Tom Groves,False
Brasenia schreberi,Brasenia schreberi J.F.Gmel.,global,2882446,6170815130,Brasenia schreberi J.F.Gmel.,2026-02-28T10:48:02,2026,iNaturalist research-grade observations,28eb1a3f-1c15-4a95-931a-4af90ecb574d,United States of America,Alabama,30.28344,-87.456179,HUMAN_OBSERVATION,https://inaturalist-open-data.s3.amazonaws.com/photos/620046940/original.jpg,http://creativecommons.org/licenses/by-nc/4.0/,Tom Groves,Tom Groves,False
Brasenia schreberi,Brasenia schreberi J.F.Gmel.,global,2882446,6170943814,Brasenia schreberi J.F.Gmel.,2026-02-27T11:35:51,2026,iNaturalist research-grade observations,28eb1a3f-1c15-4a95-931a-4af90ecb574d,United States of America,Ohio,39.086132,-82.67516,HUMAN_OBSERVATION,https://inaturalist-open-data.s3.amazonaws.com/photos/619570462/original.jpg,http://creativecommons.org/licenses/by-nc/4.0/,Adam Fenzel,Adam Fenzel,False
Brasenia schreberi,Brasenia schreberi J.F.Gmel.,global,2882446,6170972648,Brasenia schreberi J.F.Gmel.,2026-02-27T10:23:36,2026,iNaturalist research-grade observations,28eb1a3f-1c15-4a95-931a-4af90ecb574d,United States of America,Pennsylvania,41.35326,-75.778116,HUMAN_OBSERVATION,https://inaturalist-open-data.s3.amazonaws.com/photos/619608395/original.jpg,http://creativecommons.org/licenses/by-nc/4.0/,rkluzco,rkluzco,False
Brasenia schreberi,Brasenia schreberi J.F.Gmel.,global,2882446,6171186272,Brasenia schreberi J.F.Gmel.,2026-02-25T14:55:28,2026,iNaturalist research-grade observations,28eb1a3f-1c15-4a95-931a-4af90ecb574d,United States of America,Florida,30.150514,-84.14695,HUMAN_OBSERVATION,https://inaturalist-open-data.s3.amazonaws.com/photos/619247426/original.jpg,http://creativecommons.org/licenses/by/4.0/,Melissa Meadows,Melissa Meadows,True
Brasenia schreberi,Brasenia schreberi J.F.Gmel.,global,2882446,6178333976,Brasenia schreberi J.F.Gmel.,2026-03-09T11:45,2026,iNaturalist research-grade observations,28eb1a3f-1c15-4a95-931a-4af90ecb574d,United States of America,Florida,29.183417,-81.834077,HUMAN_OBSERVATION,https://inaturalist-open-data.s3.amazonaws.com/photos/623171784/original.jpg,http://creativecommons.org/licenses/by-nc/4.0/,hollyyoung,hollyyoung,False
Brasenia schreberi,Brasenia schreberi J.F.Gmel.,global,2882446,6178333976,Brasenia schreberi J.F.Gmel.,2026-03-09T11:45,2026,iNaturalist research-grade observations,28eb1a3f-1c15-4a95-931a-4af90ecb574d,United States of America,Florida,29.183417,-81.834077,HUMAN_OBSERVATION,https://inaturalist-open-data.s3.amazonaws.com/photos/623179182/original.jpg,http://creativecommons.org/licenses/by-nc/4.0/,hollyyoung,hollyyoung,False
Brasenia schreberi,Brasenia schreberi J.F.Gmel.,global,2882446,6178333976,Brasenia schreberi J.F.Gmel.,2026-03-09T11:45,2026,iNaturalist research-grade observations,28eb1a3f-1c15-4a95-931a-4af90ecb574d,United States of America,Florida,29.183417,-81.834077,HUMAN_OBSERVATION,https://inaturalist-open-data.s3.amazonaws.com/photos/623179197/original.jpg,http://creativecommons.org/licenses/by-nc/4.0/,hollyyoung,hollyyoung,False
Brasenia schreberi,Brasenia schreberi J.F.Gmel.,global,2882446,6178333976,Brasenia schreberi J.F.Gmel.,2026-03-09T11:45,2026,iNaturalist research-grade observations,28eb1a3f-1c15-4a95-931a-4af90ecb574d,United States of America,Florida,29.183417,-81.834077,HUMAN_OBSERVATION,https://inaturalist-open-data.s3.amazonaws.com/photos/623179200/original.jpg,http://creativecommons.org/licenses/by-nc/4.0/,hollyyoung,hollyyoung,False
Brasenia schreberi,Brasenia schreberi J.F.Gmel.,global,2882446,6178333976,Brasenia schreberi J.F.Gmel.,2026-03-09T11:45,2026,iNaturalist research-grade observations,28eb1a3f-1c15-4a95-931a-4af90ecb574d,United States of America,Florida,29.183417,-81.834077,HUMAN_OBSERVATION,https://inaturalist-open-data.s3.amazonaws.com/photos/623179199/original.jpg,http://creativecommons.org/licenses/by-nc/4.0/,hollyyoung,hollyyoung,False
Brasenia schreberi,Brasenia schreberi J.F.Gmel.,global,2882446,6178395204,Brasenia schreberi J.F.Gmel.,2026-03-09T12:12:46,2026,iNaturalist research-grade observations,28eb1a3f-1c15-4a95-931a-4af90ecb574d,United States of America,Mississippi,30.666717,-89.133332,HUMAN_OBSERVATION,https://inaturalist-open-data.s3.amazonaws.com/photos/623430427/original.jpg,http://creativecommons.org/licenses/by-nc/4.0/,Karen,Karen,False
Brasenia schreberi,Brasenia schreberi J.F.Gmel.,global,2882446,6178473270,Brasenia schreberi J.F.Gmel.,2026-03-14T16:02:02,2026,iNaturalist research-grade observations,28eb1a3f-1c15-4a95-931a-4af90ecb574d,Canada,British Columbia,49.314705,-122.905036,HUMAN_OBSERVATION,https://inaturalist-open-data.s3.amazonaws.com/photos/624765893/original.jpg,http://creativecommons.org/licenses/by-nc/4.0/,Julia Carr,Julia Carr,False
Brasenia schreberi,Brasenia schreberi J.F.Gmel.,global,2882446,6178473270,Brasenia schreberi J.F.Gmel.,2026-03-14T16:02:02,2026,iNaturalist research-grade observations,28eb1a3f-1c15-4a95-931a-4af90ecb574d,Canada,British Columbia,49.314705,-122.905036,HUMAN_OBSERVATION,https://inaturalist-open-data.s3.amazonaws.com/photos/624765894/original.jpg,http://creativecommons.org/licenses/by-nc/4.0/,Julia Carr,Julia Carr,False
Brasenia schreberi,Brasenia schreberi J.F.Gmel.,global,2882446,6178488117,Brasenia schreberi J.F.Gmel.,2026-03-14T14:55:27,2026,iNaturalist research-grade observations,28eb1a3f-1c15-4a95-931a-4af90ecb574d,United States of America,Texas,33.241072,-95.160839,HUMAN_OBSERVATION,https://inaturalist-open-data.s3.amazonaws.com/photos/625199483/original.jpg,http://creativecommons.org/licenses/by/4.0/,Joshua Ebright,Joshua Ebright,True
Brasenia schreberi,Brasenia schreberi J.F.Gmel.,global,2882446,6178488117,Brasenia schreberi J.F.Gmel.,2026-03-14T14:55:27,2026,iNaturalist research-grade observations,28eb1a3f-1c15-4a95-931a-4af90ecb574d,United States of America,Texas,33.241072,-95.160839,HUMAN_OBSERVATION,https://inaturalist-open-data.s3.amazonaws.com/photos/625199511/original.jpg,http://creativecommons.org/licenses/by/4.0/,Joshua Ebright,Joshua Ebright,True
Brasenia schreberi,Brasenia schreberi J.F.Gmel.,global,2882446,6178488117,Brasenia schreberi J.F.Gmel.,2026-03-14T14:55:27,2026,iNaturalist research-grade observations,28eb1a3f-1c15-4a95-931a-4af90ecb574d,United States of America,Texas,33.241072,-95.160839,HUMAN_OBSERVATION,https://inaturalist-open-data.s3.amazonaws.com/photos/625199541/original.jpg,http://creativecommons.org/licenses/by/4.0/,Joshua Ebright,Joshua Ebright,True
Brasenia schreberi,Brasenia schreberi J.F.Gmel.,global,2882446,6178545073,Brasenia schreberi J.F.Gmel.,2026-03-14T14:55:46,2026,iNaturalist research-grade observations,28eb1a3f-1c15-4a95-931a-4af90ecb574d,United States of America,Texas,33.241067,-95.161003,HUMAN_OBSERVATION,https://inaturalist-open-data.s3.amazonaws.com/photos/624768345/original.jpg,http://creativecommons.org/licenses/by/4.0/,ashleyrsteel,ashleyrsteel,True
Brasenia schreberi,Brasenia schreberi J.F.Gmel.,global,2882446,6178545073,Brasenia schreberi J.F.Gmel.,2026-03-14T14:55:46,2026,iNaturalist research-grade observations,28eb1a3f-1c15-4a95-931a-4af90ecb574d,United States of America,Texas,33.241067,-95.161003,HUMAN_OBSERVATION,https://inaturalist-open-data.s3.amazonaws.com/photos/624768374/original.jpg,http://creativecommons.org/licenses/by/4.0/,ashleyrsteel,ashleyrsteel,True
Brasenia schreberi,Brasenia schreberi J.F.Gmel.,global,2882446,6178545073,Brasenia schreberi J.F.Gmel.,2026-03-14T14:55:46,2026,iNaturalist research-grade observations,28eb1a3f-1c15-4a95-931a-4af90ecb574d,United States of America,Texas,33.241067,-95.161003,HUMAN_OBSERVATION,https://inaturalist-open-data.s3.amazonaws.com/photos/624768390/original.jpg,http://creativecommons.org/licenses/by/4.0/,ashleyrsteel,ashleyrsteel,True
Brasenia schreberi,Brasenia schreberi J.F.Gmel.,global,2882446,6178545073,Brasenia schreberi J.F.Gmel.,2026-03-14T14:55:46,2026,iNaturalist research-grade observations,28eb1a3f-1c15-4a95-931a-4af90ecb574d,United States of America,Texas,33.241067,-95.161003,HUMAN_OBSERVATION,https://inaturalist-open-data.s3.amazonaws.com/photos/624768423/original.jpg,http://creativecommons.org/licenses/by/4.0/,ashleyrsteel,ashleyrsteel,True
Brasenia schreberi,Brasenia schreberi J.F.Gmel.,global,2882446,6178545073,Brasenia schreberi J.F.Gmel.,2026-03-14T14:55:46,2026,iNaturalist research-grade observations,28eb1a3f-1c15-4a95-931a-4af90ecb574d,United States of America,Texas,33.241067,-95.161003,HUMAN_OBSERVATION,https://inaturalist-open-data.s3.amazonaws.com/photos/624768458/original.jpg,http://creativecommons.org/licenses/by/4.0/,ashleyrsteel,ashleyrsteel,True
Brasenia schreberi,Brasenia schreberi J.F.Gmel.,global,2882446,6178764110,Brasenia schreberi J.F.Gmel.,2026-03-04T14:47:09,2026,iNaturalist research-grade observations,28eb1a3f-1c15-4a95-931a-4af90ecb574d,United States of America,Kentucky,37.984678,-83.552747,HUMAN_OBSERVATION,https://inaturalist-open-data.s3.amazonaws.com/photos/621242097/original.jpg,http://creativecommons.org/licenses/by-nc/4.0/,Zack Meuth,Zack Meuth,False
Brasenia schreberi,Brasenia schreberi J.F.Gmel.,global,2882446,6178764110,Brasenia schreberi J.F.Gmel.,2026-03-04T14:47:09,2026,iNaturalist research-grade observations,28eb1a3f-1c15-4a95-931a-4af90ecb574d,United States of America,Kentucky,37.984678,-83.552747,HUMAN_OBSERVATION,https://inaturalist-open-data.s3.amazonaws.com/photos/621242154/original.jpg,http://creativecommons.org/licenses/by-nc/4.0/,Zack Meuth,Zack Meuth,False
Brasenia schreberi,Brasenia schreberi J.F.Gmel.,global,2882446,6178764110,Brasenia schreberi J.F.Gmel.,2026-03-04T14:47:09,2026,iNaturalist research-grade observations,28eb1a3f-1c15-4a95-931a-4af90ecb574d,United States of America,Kentucky,37.984678,-83.552747,HUMAN_OBSERVATION,https://inaturalist-open-data.s3.amazonaws.com/photos/621242235/original.jpg,http://creativecommons.org/licenses/by-nc/4.0/,Zack Meuth,Zack Meuth,False
Brasenia schreberi,Brasenia schreberi J.F.Gmel.,global,2882446,6178764110,Brasenia schreberi J.F.Gmel.,2026-03-04T14:47:09,2026,iNaturalist research-grade observations,28eb1a3f-1c15-4a95-931a-4af90ecb574d,United States of America,Kentucky,37.984678,-83.552747,HUMAN_OBSERVATION,https://inaturalist-open-data.s3.amazonaws.com/photos/621242311/original.jpg,http://creativecommons.org/licenses/by-nc/4.0/,Zack Meuth,Zack Meuth,False
Brasenia schreberi,Brasenia schreberi J.F.Gmel.,global,2882446,6179125732,Brasenia schreberi J.F.Gmel.,2026-03-12T19:02:31,2026,iNaturalist research-grade observations,28eb1a3f-1c15-4a95-931a-4af90ecb574d,United States of America,Alabama,31.190941,-85.852267,HUMAN_OBSERVATION,https://inaturalist-open-data.s3.amazonaws.com/photos/624044582/original.jpg,http://creativecommons.org/licenses/by-nc/4.0/,Rachel McCarty,Rachel McCarty,False
Brasenia schreberi,Brasenia schreberi J.F.Gmel.,global,2882446,6179125732,Brasenia schreberi J.F.Gmel.,2026-03-12T19:02:31,2026,iNaturalist research-grade observations,28eb1a3f-1c15-4a95-931a-4af90ecb574d,United States of America,Alabama,31.190941,-85.852267,HUMAN_OBSERVATION,https://inaturalist-open-data.s3.amazonaws.com/photos/624044687/original.jpg,http://creativecommons.org/licenses/by-nc/4.0/,Rachel McCarty,Rachel McCarty,False
Brasenia schreberi,Brasenia schreberi J.F.Gmel.,global,2882446,6179125732,Brasenia schreberi J.F.Gmel.,2026-03-12T19:02:31,2026,iNaturalist research-grade observations,28eb1a3f-1c15-4a95-931a-4af90ecb574d,United States of America,Alabama,31.190941,-85.852267,HUMAN_OBSERVATION,https://inaturalist-open-data.s3.amazonaws.com/photos/627575161/original.jpg,http://creativecommons.org/licenses/by-nc/4.0/,Rachel McCarty,Rachel McCarty,False
Brasenia schreberi,Brasenia schreberi J.F.Gmel.,global,2882446,6179280310,Brasenia schreberi J.F.Gmel.,2026-03-15T10:41:51,2026,iNaturalist research-grade observations,28eb1a3f-1c15-4a95-931a-4af90ecb574d,United States of America,Texas,30.198725,-95.187417,HUMAN_OBSERVATION,https://inaturalist-open-data.s3.amazonaws.com/photos/624993607/original.jpg,http://creativecommons.org/licenses/by-nc/4.0/,embrenhar,embrenhar,False
Brasenia schreberi,Brasenia schreberi J.F.Gmel.,global,2882446,6179364068,Brasenia schreberi J.F.Gmel.,2026-03-14T14:55:59,2026,iNaturalist research-grade observations,28eb1a3f-1c15-4a95-931a-4af90ecb574d,United States of America,Texas,33.241058,-95.160828,HUMAN_OBSERVATION,https://inaturalist-open-data.s3.amazonaws.com/photos/624752578/original.jpg,http://creativecommons.org/licenses/by-nc/4.0/,Michael A. Puttonen,Michael A. Puttonen,False
Brasenia schreberi,Brasenia schreberi J.F.Gmel.,global,2882446,6179364068,Brasenia schreberi J.F.Gmel.,2026-03-14T14:55:59,2026,iNaturalist research-grade observations,28eb1a3f-1c15-4a95-931a-4af90ecb574d,United States of America,Texas,33.241058,-95.160828,HUMAN_OBSERVATION,https://inaturalist-open-data.s3.amazonaws.com/photos/624752581/original.jpg,http://creativecommons.org/licenses/by-nc/4.0/,Michael A. Puttonen,Michael A. Puttonen,False
Brasenia schreberi,Brasenia schreberi J.F.Gmel.,global,2882446,6179364068,Brasenia schreberi J.F.Gmel.,2026-03-14T14:55:59,2026,iNaturalist research-grade observations,28eb1a3f-1c15-4a95-931a-4af90ecb574d,United States of America,Texas,33.241058,-95.160828,HUMAN_OBSERVATION,https://inaturalist-open-data.s3.amazonaws.com/photos/624752584/original.jpg,http://creativecommons.org/licenses/by-nc/4.0/,Michael A. Puttonen,Michael A. Puttonen,False
Brasenia schreberi,Brasenia schreberi J.F.Gmel.,global,2882446,6179486411,Brasenia schreberi J.F.Gmel.,2026-03-11T10:21:02,2026,iNaturalist research-grade observations,28eb1a3f-1c15-4a95-931a-4af90ecb574d,United States of America,North Carolina,35.925553,-78.171447,HUMAN_OBSERVATION,https://inaturalist-open-data.s3.amazonaws.com/photos/623636584/original.jpg,http://creativecommons.org/licenses/by-nc/4.0/,Anthony J. Mills,Anthony J. Mills,False
Brasenia schreberi,Brasenia schreberi J.F.Gmel.,global,2882446,6179486411,Brasenia schreberi J.F.Gmel.,2026-03-11T10:21:02,2026,iNaturalist research-grade observations,28eb1a3f-1c15-4a95-931a-4af90ecb574d,United States of America,North Carolina,35.925553,-78.171447,HUMAN_OBSERVATION,https://inaturalist-open-data.s3.amazonaws.com/photos/623636603/original.jpg,http://creativecommons.org/licenses/by-nc/4.0/,Anthony J. Mills,Anthony J. Mills,False
Brasenia schreberi,Brasenia schreberi J.F.Gmel.,global,2882446,6179486411,Brasenia schreberi J.F.Gmel.,2026-03-11T10:21:02,2026,iNaturalist research-grade observations,28eb1a3f-1c15-4a95-931a-4af90ecb574d,United States of America,North Carolina,35.925553,-78.171447,HUMAN_OBSERVATION,https://inaturalist-open-data.s3.amazonaws.com/photos/623636597/original.jpg,http://creativecommons.org/licenses/by-nc/4.0/,Anthony J. Mills,Anthony J. Mills,False
Brasenia schreberi,Brasenia schreberi J.F.Gmel.,global,2882446,6184794040,Brasenia schreberi J.F.Gmel.,2026-03-19T14:42:13,2026,iNaturalist research-grade observations,28eb1a3f-1c15-4a95-931a-4af90ecb574d,United States of America,Georgia,32.624649,-83.703148,HUMAN_OBSERVATION,https://inaturalist-open-data.s3.amazonaws.com/photos/626425175/original.jpg,http://creativecommons.org/licenses/by-nc/4.0/,Jen,Jen,False
Brasenia schreberi,Brasenia schreberi J.F.Gmel.,global,2882446,6185259436,Brasenia schreberi J.F.Gmel.,2026-03-20T16:30:11,2026,iNaturalist research-grade observations,28eb1a3f-1c15-4a95-931a-4af90ecb574d,United States of America,Florida,30.773177,-86.774663,HUMAN_OBSERVATION,https://inaturalist-open-data.s3.amazonaws.com/photos/626865362/original.jpg,http://creativecommons.org/licenses/by-nc/4.0/,Wayne Fidler,Wayne Fidler,False
Brasenia schreberi,Brasenia schreberi J.F.Gmel.,global,2882446,6185259436,Brasenia schreberi J.F.Gmel.,2026-03-20T16:30:11,2026,iNaturalist research-grade observations,28eb1a3f-1c15-4a95-931a-4af90ecb574d,United States of America,Florida,30.773177,-86.774663,HUMAN_OBSERVATION,https://inaturalist-open-data.s3.amazonaws.com/photos/626865399/original.jpg,http://creativecommons.org/licenses/by-nc/4.0/,Wayne Fidler,Wayne Fidler,False
Brasenia schreberi,Brasenia schreberi J.F.Gmel.,global,2882446,6185259436,Brasenia schreberi J.F.Gmel.,2026-03-20T16:30:11,2026,iNaturalist research-grade observations,28eb1a3f-1c15-4a95-931a-4af90ecb574d,United States of America,Florida,30.773177,-86.774663,HUMAN_OBSERVATION,https://inaturalist-open-data.s3.amazonaws.com/photos/626886643/original.jpg,http://creativecommons.org/licenses/by-nc/4.0/,Wayne Fidler,Wayne Fidler,False
Brasenia schreberi,Brasenia schreberi J.F.Gmel.,global,2882446,6185259436,Brasenia schreberi J.F.Gmel.,2026-03-20T16:30:11,2026,iNaturalist research-grade observations,28eb1a3f-1c15-4a95-931a-4af90ecb574d,United States of America,Florida,30.773177,-86.774663,HUMAN_OBSERVATION,https://inaturalist-open-data.s3.amazonaws.com/photos/626899505/original.jpg,http://creativecommons.org/licenses/by-nc/4.0/,Wayne Fidler,Wayne Fidler,False
Brasenia schreberi,Brasenia schreberi J.F.Gmel.,global,2882446,6185259436,Brasenia schreberi J.F.Gmel.,2026-03-20T16:30:11,2026,iNaturalist research-grade observations,28eb1a3f-1c15-4a95-931a-4af90ecb574d,United States of America,Florida,30.773177,-86.774663,HUMAN_OBSERVATION,https://inaturalist-open-data.s3.amazonaws.com/photos/626899533/original.jpg,http://creativecommons.org/licenses/by-nc/4.0/,Wayne Fidler,Wayne Fidler,False
Brasenia schreberi,Brasenia schreberi J.F.Gmel.,global,2882446,6185268880,Brasenia schreberi J.F.Gmel.,2026-03-16T08:20:36,2026,iNaturalist research-grade observations,28eb1a3f-1c15-4a95-931a-4af90ecb574d,United States of America,Florida,30.528366,-85.923555,HUMAN_OBSERVATION,https://inaturalist-open-data.s3.amazonaws.com/photos/628506631/original.jpg,http://creativecommons.org/licenses/by-nc/4.0/,rkluzco,rkluzco,False
Brasenia schreberi,Brasenia schreberi J.F.Gmel.,global,2882446,6185275268,Brasenia schreberi J.F.Gmel.,2026-03-27T17:23,2026,iNaturalist research-grade observations,28eb1a3f-1c15-4a95-931a-4af90ecb574d,United States of America,Mississippi,30.44933,-89.716096,HUMAN_OBSERVATION,https://inaturalist-open-data.s3.amazonaws.com/photos/630260921/original.jpg,http://creativecommons.org/licenses/by-nc/4.0/,Matt J. Mariño,Matt J. Mariño,False
Brasenia schreberi,Brasenia schreberi J.F.Gmel.,global,2882446,6185292692,Brasenia schreberi J.F.Gmel.,2026-03-25T19:46:20,2026,iNaturalist research-grade observations,28eb1a3f-1c15-4a95-931a-4af90ecb574d,United States of America,Georgia,31.115659,-83.577166,HUMAN_OBSERVATION,https://inaturalist-open-data.s3.amazonaws.com/photos/629043429/original.jpg,http://creativecommons.org/licenses/by-nc/4.0/,Kelsey,Kelsey,False
Brasenia schreberi,Brasenia schreberi J.F.Gmel.,global,2882446,6185329128,Brasenia schreberi J.F.Gmel.,2026-03-25T11:09,2026,iNaturalist research-grade observations,28eb1a3f-1c15-4a95-931a-4af90ecb574d,United States of America,Texas,31.059791,-94.276109,HUMAN_OBSERVATION,https://inaturalist-open-data.s3.amazonaws.com/photos/629508039/original.jpg,http://creativecommons.org/licenses/by-nc/4.0/,Jon McIntyre,Jon McIntyre,False
Brasenia schreberi,Brasenia schreberi J.F.Gmel.,global,2882446,6185335616,Brasenia schreberi J.F.Gmel.,2026-03-17T16:19,2026,iNaturalist research-grade observations,28eb1a3f-1c15-4a95-931a-4af90ecb574d,United States of America,Mississippi,34.505368,-88.320486,HUMAN_OBSERVATION,https://inaturalist-open-data.s3.amazonaws.com/photos/625916148/original.jpg,http://creativecommons.org/licenses/by-nc/4.0/,msvanes,msvanes,False
Brasenia schreberi,Brasenia schreberi J.F.Gmel.,global,2882446,6185349435,Brasenia schreberi J.F.Gmel.,2026-03-18T10:13,2026,iNaturalist research-grade observations,28eb1a3f-1c15-4a95-931a-4af90ecb574d,United States of America,Texas,30.19535,-95.463708,HUMAN_OBSERVATION,https://inaturalist-open-data.s3.amazonaws.com/photos/626056782/original.jpg,http://creativecommons.org/licenses/by-nc/4.0/,Matt,Matt,False
Brasenia schreberi,Brasenia schreberi J.F.Gmel.,global,2882446,6185349435,Brasenia schreberi J.F.Gmel.,2026-03-18T10:13,2026,iNaturalist research-grade observations,28eb1a3f-1c15-4a95-931a-4af90ecb574d,United States of America,Texas,30.19535,-95.463708,HUMAN_OBSERVATION,https://inaturalist-open-data.s3.amazonaws.com/photos/626056798/original.jpg,http://creativecommons.org/licenses/by-nc/4.0/,Matt,Matt,False
Brasenia schreberi,Brasenia schreberi J.F.Gmel.,global,2882446,6185349435,Brasenia schreberi J.F.Gmel.,2026-03-18T10:13,2026,iNaturalist research-grade observations,28eb1a3f-1c15-4a95-931a-4af90ecb574d,United States of America,Texas,30.19535,-95.463708,HUMAN_OBSERVATION,https://inaturalist-open-data.s3.amazonaws.com/photos/626056784/original.jpg,http://creativecommons.org/licenses/by-nc/4.0/,Matt,Matt,False
Brasenia schreberi,Brasenia schreberi J.F.Gmel.,great_lakes_bbox,2882446,6170972648,Brasenia schreberi J.F.Gmel.,2026-02-27T10:23:36,2026,iNaturalist research-grade observations,28eb1a3f-1c15-4a95-931a-4af90ecb574d,United States of America,Pennsylvania,41.35326,-75.778116,HUMAN_OBSERVATION,https://inaturalist-open-data.s3.amazonaws.com/photos/619608395/original.jpg,http://creativecommons.org/licenses/by-nc/4.0/,rkluzco,rkluzco,False
Cabomba,Cabomba Aubl.,global,2882440,6129959442,Cabomba caroliniana A.Gray,2026-01-17T17:14:09,2026,iNaturalist research-grade observations,28eb1a3f-1c15-4a95-931a-4af90ecb574d,United States of America,Louisiana,30.378533,-90.161103,HUMAN_OBSERVATION,https://inaturalist-open-data.s3.amazonaws.com/photos/608957634/original.jpg,http://creativecommons.org/licenses/by-nc/4.0/,riley_j,riley_j,False
Cabomba,Cabomba Aubl.,global,2882440,6129959442,Cabomba caroliniana A.Gray,2026-01-17T17:14:09,2026,iNaturalist research-grade observations,28eb1a3f-1c15-4a95-931a-4af90ecb574d,United States of America,Louisiana,30.378533,-90.161103,HUMAN_OBSERVATION,https://inaturalist-open-data.s3.amazonaws.com/photos/608957637/original.jpg,http://creativecommons.org/licenses/by-nc/4.0/,riley_j,riley_j,False
Cabomba,Cabomba Aubl.,global,2882440,6129959442,Cabomba caroliniana A.Gray,2026-01-17T17:14:09,2026,iNaturalist research-grade observations,28eb1a3f-1c15-4a95-931a-4af90ecb574d,United States of America,Louisiana,30.378533,-90.161103,HUMAN_OBSERVATION,https://inaturalist-open-data.s3.amazonaws.com/photos/608957635/original.jpg,http://creativecommons.org/licenses/by-nc/4.0/,riley_j,riley_j,False
Cabomba,Cabomba Aubl.,global,2882440,6129960018,Cabomba caroliniana A.Gray,2026-01-13T11:47:47,2026,iNaturalist research-grade observations,28eb1a3f-1c15-4a95-931a-4af90ecb574d,Australia,Queensland,-27.117677,152.987889,HUMAN_OBSERVATION,https://inaturalist-open-data.s3.amazonaws.com/photos/607589069/original.jpg,http://creativecommons.org/licenses/by-nc-nd/4.0/,lentom,lentom,False
Cabomba,Cabomba Aubl.,global,2882440,6130282823,Cabomba caroliniana A.Gray,2026-01-17T17:17:40,2026,iNaturalist research-grade observations,28eb1a3f-1c15-4a95-931a-4af90ecb574d,Australia,New South Wales,-28.211571,153.529571,HUMAN_OBSERVATION,https://inaturalist-open-data.s3.amazonaws.com/photos/608596594/original.jpg,http://creativecommons.org/licenses/by-nc/4.0/,wildscott,wildscott,False
Cabomba,Cabomba Aubl.,global,2882440,6130282823,Cabomba caroliniana A.Gray,2026-01-17T17:17:40,2026,iNaturalist research-grade observations,28eb1a3f-1c15-4a95-931a-4af90ecb574d,Australia,New South Wales,-28.211571,153.529571,HUMAN_OBSERVATION,https://inaturalist-open-data.s3.amazonaws.com/photos/608596589/original.jpg,http://creativecommons.org/licenses/by-nc/4.0/,wildscott,wildscott,False
Cabomba,Cabomba Aubl.,global,2882440,6130401583,Cabomba caroliniana A.Gray,2026-01-07T08:12,2026,iNaturalist research-grade observations,28eb1a3f-1c15-4a95-931a-4af90ecb574d,United States of America,New Jersey,40.449671,-74.43664,HUMAN_OBSERVATION,https://inaturalist-open-data.s3.amazonaws.com/photos/606162256/original.jpg,http://creativecommons.org/licenses/by-nc/4.0/,hb2000,hb2000,False
Cabomba,Cabomba Aubl.,global,2882440,6130401583,Cabomba caroliniana A.Gray,2026-01-07T08:12,2026,iNaturalist research-grade observations,28eb1a3f-1c15-4a95-931a-4af90ecb574d,United States of America,New Jersey,40.449671,-74.43664,HUMAN_OBSERVATION,https://inaturalist-open-data.s3.amazonaws.com/photos/606203415/original.jpg,http://creativecommons.org/licenses/by-nc/4.0/,hb2000,hb2000,False
Cabomba,Cabomba Aubl.,global,2882440,6130442362,Cabomba caroliniana A.Gray,2026-01-08T14:17:58,2026,iNaturalist research-grade observations,28eb1a3f-1c15-4a95-931a-4af90ecb574d,United States of America,Pennsylvania,40.440223,-79.91164,HUMAN_OBSERVATION,https://inaturalist-open-data.s3.amazonaws.com/photos/606460176/original.jpg,http://creativecommons.org/licenses/by-nc/4.0/,jackchaillet,jackchaillet,False
Cabomba,Cabomba Aubl.,global,2882440,6131132841,Cabomba caroliniana A.Gray,2026-01-08T10:32,2026,iNaturalist research-grade observations,28eb1a3f-1c15-4a95-931a-4af90ecb574d,Uruguay,Río Negro,-32.524871,-58.03355,HUMAN_OBSERVATION,https://inaturalist-open-data.s3.amazonaws.com/photos/606408167/original.jpg,http://creativecommons.org/licenses/by-nc/4.0/,Santiago Mailhos,Santiago Mailhos,False
Cabomba,Cabomba Aubl.,global,2882440,6131132841,Cabomba caroliniana A.Gray,2026-01-08T10:32,2026,iNaturalist research-grade observations,28eb1a3f-1c15-4a95-931a-4af90ecb574d,Uruguay,Río Negro,-32.524871,-58.03355,HUMAN_OBSERVATION,https://inaturalist-open-data.s3.amazonaws.com/photos/606408168/original.jpg,http://creativecommons.org/licenses/by-nc/4.0/,Santiago Mailhos,Santiago Mailhos,False
Cabomba,Cabomba Aubl.,global,2882440,6131343933,Cabomba palaeformis Fassett,2026-01-05T23:43:53,2026,iNaturalist research-grade observations,28eb1a3f-1c15-4a95-931a-4af90ecb574d,United States of America,Florida,25.826069,-80.385798,HUMAN_OBSERVATION,https://inaturalist-open-data.s3.amazonaws.com/photos/607470085/original.jpg,http://creativecommons.org/licenses/by-nc/4.0/,kary,kary,False
Cabomba,Cabomba Aubl.,global,2882440,6131343933,Cabomba palaeformis Fassett,2026-01-05T23:43:53,2026,iNaturalist research-grade observations,28eb1a3f-1c15-4a95-931a-4af90ecb574d,United States of America,Florida,25.826069,-80.385798,HUMAN_OBSERVATION,https://inaturalist-open-data.s3.amazonaws.com/photos/712882115/original.jpg,http://creativecommons.org/licenses/by-nc/4.0/,kary,kary,False
Cabomba,Cabomba Aubl.,global,2882440,6131343933,Cabomba palaeformis Fassett,2026-01-05T23:43:53,2026,iNaturalist research-grade observations,28eb1a3f-1c15-4a95-931a-4af90ecb574d,United States of America,Florida,25.826069,-80.385798,HUMAN_OBSERVATION,https://inaturalist-open-data.s3.amazonaws.com/photos/712893764/original.jpg,http://creativecommons.org/licenses/by-nc/4.0/,kary,kary,False
Cabomba,Cabomba Aubl.,global,2882440,6131343933,Cabomba palaeformis Fassett,2026-01-05T23:43:53,2026,iNaturalist research-grade observations,28eb1a3f-1c15-4a95-931a-4af90ecb574d,United States of America,Florida,25.826069,-80.385798,HUMAN_OBSERVATION,https://inaturalist-open-data.s3.amazonaws.com/photos/712882142/original.jpg,http://creativecommons.org/licenses/by-nc/4.0/,kary,kary,False
Cabomba,Cabomba Aubl.,global,2882440,6151562021,Cabomba caroliniana A.Gray,2026-01-02,2026,,c8d737e0-2ff8-42e8-b8fc-6b805d26fc5f,Netherlands,Friesland,53.1,6.1,HUMAN_OBSERVATION,https://observation.org/photos/142954936.jpg,http://creativecommons.org/licenses/by-nc/4.0/,J. Dolstra,J. Dolstra,False
Cabomba,Cabomba Aubl.,global,2882440,6151562021,Cabomba caroliniana A.Gray,2026-01-02,2026,,c8d737e0-2ff8-42e8-b8fc-6b805d26fc5f,Netherlands,Friesland,53.1,6.1,HUMAN_OBSERVATION,https://observation.org/photos/142954957.jpg,http://creativecommons.org/licenses/by-nc/4.0/,J. Dolstra,J. Dolstra,False
Cabomba,Cabomba Aubl.,global,2882440,6159463109,Cabomba caroliniana A.Gray,2026-01-23T12:39:09,2026,iNaturalist research-grade observations,28eb1a3f-1c15-4a95-931a-4af90ecb574d,United States of America,Florida,26.23042,-80.213128,HUMAN_OBSERVATION,https://inaturalist-open-data.s3.amazonaws.com/photos/610592087/original.jpg,http://creativecommons.org/licenses/by-nc/4.0/,pattonh02,pattonh02,False
Cabomba,Cabomba Aubl.,global,2882440,6159463109,Cabomba caroliniana A.Gray,2026-01-23T12:39:09,2026,iNaturalist research-grade observations,28eb1a3f-1c15-4a95-931a-4af90ecb574d,United States of America,Florida,26.23042,-80.213128,HUMAN_OBSERVATION,https://inaturalist-open-data.s3.amazonaws.com/photos/610592103/original.jpg,http://creativecommons.org/licenses/by-nc/4.0/,pattonh02,pattonh02,False
Cabomba,Cabomba Aubl.,global,2882440,6159463109,Cabomba caroliniana A.Gray,2026-01-23T12:39:09,2026,iNaturalist research-grade observations,28eb1a3f-1c15-4a95-931a-4af90ecb574d,United States of America,Florida,26.23042,-80.213128,HUMAN_OBSERVATION,https://inaturalist-open-data.s3.amazonaws.com/photos/610592121/original.jpg,http://creativecommons.org/licenses/by-nc/4.0/,pattonh02,pattonh02,False
Cabomba,Cabomba Aubl.,global,2882440,6159497351,Cabomba furcata Schult.fil.,2026-01-23T11:33:59,2026,iNaturalist research-grade observations,28eb1a3f-1c15-4a95-931a-4af90ecb574d,Guyana,Upper Takutu-Upper Essequibo,3.675196,-59.501757,HUMAN_OBSERVATION,https://inaturalist-open-data.s3.amazonaws.com/photos/612150316/original.jpg,http://creativecommons.org/licenses/by-nc/4.0/,Donald C. Taphorn,Donald C. Taphorn,False
Cabomba,Cabomba Aubl.,global,2882440,6159572344,Cabomba caroliniana A.Gray,2026-01-24T14:21,2026,iNaturalist research-grade observations,28eb1a3f-1c15-4a95-931a-4af90ecb574d,Thailand,Kanchanaburi,14.26053,99.226988,HUMAN_OBSERVATION,https://inaturalist-open-data.s3.amazonaws.com/photos/610353040/original.jpg,http://creativecommons.org/licenses/by-nc/4.0/,Songkran Thongon,Songkran Thongon,False
Cabomba,Cabomba Aubl.,global,2882440,6162876535,Cabomba palaeformis Fassett,2026-01-09T10:22:37,2026,iNaturalist research-grade observations,28eb1a3f-1c15-4a95-931a-4af90ecb574d,Belize,Cayo,17.114403,-89.067168,HUMAN_OBSERVATION,https://inaturalist-open-data.s3.amazonaws.com/photos/607053498/original.jpg,http://creativecommons.org/licenses/by-nc/4.0/,M. Torre Jorgenson,M. Torre Jorgenson,False
Cabomba,Cabomba Aubl.,global,2882440,6162876535,Cabomba palaeformis Fassett,2026-01-09T10:22:37,2026,iNaturalist research-grade observations,28eb1a3f-1c15-4a95-931a-4af90ecb574d,Belize,Cayo,17.114403,-89.067168,HUMAN_OBSERVATION,https://inaturalist-open-data.s3.amazonaws.com/photos/607053531/original.jpg,http://creativecommons.org/licenses/by-nc/4.0/,M. Torre Jorgenson,M. Torre Jorgenson,False
Cabomba,Cabomba Aubl.,global,2882440,6162876535,Cabomba palaeformis Fassett,2026-01-09T10:22:37,2026,iNaturalist research-grade observations,28eb1a3f-1c15-4a95-931a-4af90ecb574d,Belize,Cayo,17.114403,-89.067168,HUMAN_OBSERVATION,https://inaturalist-open-data.s3.amazonaws.com/photos/607053550/original.jpg,http://creativecommons.org/licenses/by-nc/4.0/,M. Torre Jorgenson,M. Torre Jorgenson,False
Cabomba,Cabomba Aubl.,global,2882440,6162876535,Cabomba palaeformis Fassett,2026-01-09T10:22:37,2026,iNaturalist research-grade observations,28eb1a3f-1c15-4a95-931a-4af90ecb574d,Belize,Cayo,17.114403,-89.067168,HUMAN_OBSERVATION,https://inaturalist-open-data.s3.amazonaws.com/photos/607053588/original.jpg,http://creativecommons.org/licenses/by-nc/4.0/,M. Torre Jorgenson,M. Torre Jorgenson,False
Cabomba,Cabomba Aubl.,global,2882440,6162876535,Cabomba palaeformis Fassett,2026-01-09T10:22:37,2026,iNaturalist research-grade observations,28eb1a3f-1c15-4a95-931a-4af90ecb574d,Belize,Cayo,17.114403,-89.067168,HUMAN_OBSERVATION,https://inaturalist-open-data.s3.amazonaws.com/photos/607053609/original.jpg,http://creativecommons.org/licenses/by-nc/4.0/,M. Torre Jorgenson,M. Torre Jorgenson,False
Cabomba,Cabomba Aubl.,global,2882440,6162876535,Cabomba palaeformis Fassett,2026-01-09T10:22:37,2026,iNaturalist research-grade observations,28eb1a3f-1c15-4a95-931a-4af90ecb574d,Belize,Cayo,17.114403,-89.067168,HUMAN_OBSERVATION,https://inaturalist-open-data.s3.amazonaws.com/photos/607055214/original.jpg,http://creativecommons.org/licenses/by-nc/4.0/,M. Torre Jorgenson,M. Torre Jorgenson,False
Cabomba,Cabomba Aubl.,global,2882440,6163202040,Cabomba furcata Schult.fil.,2026-01-13T14:09:19,2026,iNaturalist research-grade observations,28eb1a3f-1c15-4a95-931a-4af90ecb574d,India,Kerala,11.263049,75.941899,HUMAN_OBSERVATION,https://inaturalist-open-data.s3.amazonaws.com/photos/607645180/original.jpg,http://creativecommons.org/licenses/by-nc/4.0/,Dipin DI,Dipin DI,False
Cabomba,Cabomba Aubl.,global,2882440,6163202040,Cabomba furcata Schult.fil.,2026-01-13T14:09:19,2026,iNaturalist research-grade observations,28eb1a3f-1c15-4a95-931a-4af90ecb574d,India,Kerala,11.263049,75.941899,HUMAN_OBSERVATION,https://inaturalist-open-data.s3.amazonaws.com/photos/607645197/original.jpg,http://creativecommons.org/licenses/by-nc/4.0/,Dipin DI,Dipin DI,False
Cabomba,Cabomba Aubl.,global,2882440,6163202040,Cabomba furcata Schult.fil.,2026-01-13T14:09:19,2026,iNaturalist research-grade observations,28eb1a3f-1c15-4a95-931a-4af90ecb574d,India,Kerala,11.263049,75.941899,HUMAN_OBSERVATION,https://inaturalist-open-data.s3.amazonaws.com/photos/607645211/original.jpg,http://creativecommons.org/licenses/by-nc/4.0/,Dipin DI,Dipin DI,False
Cabomba,Cabomba Aubl.,global,2882440,6159137136,Cabomba caroliniana A.Gray,2026-02-15T16:48:42,2026,iNaturalist research-grade observations,28eb1a3f-1c15-4a95-931a-4af90ecb574d,United States of America,Florida,30.331951,-85.558047,HUMAN_OBSERVATION,https://inaturalist-open-data.s3.amazonaws.com/photos/616258721/original.jpg,http://creativecommons.org/licenses/by-nc/4.0/,bcur155,bcur155,False
Cabomba,Cabomba Aubl.,global,2882440,6159259421,Cabomba caroliniana A.Gray,2026-02-12T11:16:13,2026,iNaturalist research-grade observations,28eb1a3f-1c15-4a95-931a-4af90ecb574d,United States of America,Texas,29.712979,-98.136104,HUMAN_OBSERVATION,https://inaturalist-open-data.s3.amazonaws.com/photos/615257436/original.jpg,http://creativecommons.org/licenses/by-nc/4.0/,cindyvigil4,cindyvigil4,False
Cabomba,Cabomba Aubl.,global,2882440,6162887446,Cabomba caroliniana A.Gray,2026-02-22,2026,iNaturalist research-grade observations,28eb1a3f-1c15-4a95-931a-4af90ecb574d,United States of America,Texas,29.709002,-98.13535,HUMAN_OBSERVATION,https://inaturalist-open-data.s3.amazonaws.com/photos/618274217/original.jpg,http://creativecommons.org/licenses/by-nc/4.0/,Chris Bentley,Chris Bentley,False
Cabomba,Cabomba Aubl.,global,2882440,6162890568,Cabomba caroliniana A.Gray,2026-02-22,2026,iNaturalist research-grade observations,28eb1a3f-1c15-4a95-931a-4af90ecb574d,United States of America,Texas,29.721437,-98.124271,HUMAN_OBSERVATION,https://inaturalist-open-data.s3.amazonaws.com/photos/618280514/original.jpg,http://creativecommons.org/licenses/by-nc/4.0/,Chris Bentley,Chris Bentley,False
Cabomba,Cabomba Aubl.,global,2882440,6163107701,Cabomba caroliniana A.Gray,2026-02-22,2026,iNaturalist research-grade observations,28eb1a3f-1c15-4a95-931a-4af90ecb574d,United States of America,Texas,29.709002,-98.13535,HUMAN_OBSERVATION,https://inaturalist-open-data.s3.amazonaws.com/photos/618274581/original.jpg,http://creativecommons.org/licenses/by-nc/4.0/,Chris Bentley,Chris Bentley,False
Cabomba,Cabomba Aubl.,global,2882440,6163374224,Cabomba caroliniana A.Gray,2026-02-19T14:04:24,2026,iNaturalist research-grade observations,28eb1a3f-1c15-4a95-931a-4af90ecb574d,United States of America,Florida,26.769538,-80.176902,HUMAN_OBSERVATION,https://inaturalist-open-data.s3.amazonaws.com/photos/617194817/original.jpg,http://creativecommons.org/licenses/by-nc/4.0/,Demya Hunter,Demya Hunter,False
Cabomba,Cabomba Aubl.,global,2882440,6170652466,Cabomba caroliniana A.Gray,2026-02-26,2026,,c8d737e0-2ff8-42e8-b8fc-6b805d26fc5f,Netherlands,Drenthe,52.95,6.9,HUMAN_OBSERVATION,https://observation.org/photos/144482189.jpg,http://creativecommons.org/licenses/by-nc-nd/4.0/,Tina Dekker,Tina Dekker,False
Cabomba,Cabomba Aubl.,global,2882440,6170652466,Cabomba caroliniana A.Gray,2026-02-26,2026,,c8d737e0-2ff8-42e8-b8fc-6b805d26fc5f,Netherlands,Drenthe,52.95,6.9,HUMAN_OBSERVATION,https://observation.org/photos/144482190.jpg,http://creativecommons.org/licenses/by-nc-nd/4.0/,Tina Dekker,Tina Dekker,False
Cabomba,Cabomba Aubl.,global,2882440,6178828861,Cabomba caroliniana A.Gray,2026-02-03T14:19,2026,iNaturalist research-grade observations,28eb1a3f-1c15-4a95-931a-4af90ecb574d,Australia,Queensland,-19.3619,146.7327,HUMAN_OBSERVATION,https://inaturalist-open-data.s3.amazonaws.com/photos/625205306/original.jpg,http://creativecommons.org/licenses/by-nc/4.0/,Russell Cumming,Russell Cumming,False
Cabomba,Cabomba Aubl.,global,2882440,6178828861,Cabomba caroliniana A.Gray,2026-02-03T14:19,2026,iNaturalist research-grade observations,28eb1a3f-1c15-4a95-931a-4af90ecb574d,Australia,Queensland,-19.3619,146.7327,HUMAN_OBSERVATION,https://inaturalist-open-data.s3.amazonaws.com/photos/625217427/original.jpg,http://creativecommons.org/licenses/by-nc/4.0/,Russell Cumming,Russell Cumming,False
Cabomba,Cabomba Aubl.,global,2882440,6178828861,Cabomba caroliniana A.Gray,2026-02-03T14:19,2026,iNaturalist research-grade observations,28eb1a3f-1c15-4a95-931a-4af90ecb574d,Australia,Queensland,-19.3619,146.7327,HUMAN_OBSERVATION,https://inaturalist-open-data.s3.amazonaws.com/photos/625217432/original.jpg,http://creativecommons.org/licenses/by-nc/4.0/,Russell Cumming,Russell Cumming,False
Cabomba,Cabomba Aubl.,global,2882440,6178828861,Cabomba caroliniana A.Gray,2026-02-03T14:19,2026,iNaturalist research-grade observations,28eb1a3f-1c15-4a95-931a-4af90ecb574d,Australia,Queensland,-19.3619,146.7327,HUMAN_OBSERVATION,https://inaturalist-open-data.s3.amazonaws.com/photos/625217439/original.jpg,http://creativecommons.org/licenses/by-nc/4.0/,Russell Cumming,Russell Cumming,False
Cabomba,Cabomba Aubl.,global,2882440,6178828861,Cabomba caroliniana A.Gray,2026-02-03T14:19,2026,iNaturalist research-grade observations,28eb1a3f-1c15-4a95-931a-4af90ecb574d,Australia,Queensland,-19.3619,146.7327,HUMAN_OBSERVATION,https://inaturalist-open-data.s3.amazonaws.com/photos/625217435/original.jpg,http://creativecommons.org/licenses/by-nc/4.0/,Russell Cumming,Russell Cumming,False
Cabomba,Cabomba Aubl.,global,2882440,6178908871,Cabomba aquatica Aubl.,2026-03-03T09:18:25,2026,iNaturalist research-grade observations,28eb1a3f-1c15-4a95-931a-4af90ecb574d,Suriname,Para,5.274551,-55.530086,HUMAN_OBSERVATION,https://inaturalist-open-data.s3.amazonaws.com/photos/620838886/original.jpg,http://creativecommons.org/licenses/by-nc/4.0/,gijskurstjens,gijskurstjens,False
Cabomba,Cabomba Aubl.,global,2882440,6185040875,Cabomba caroliniana A.Gray,2026-03-27T14:13:24,2026,iNaturalist research-grade observations,28eb1a3f-1c15-4a95-931a-4af90ecb574d,United States of America,Pennsylvania,41.292707,-76.132098,HUMAN_OBSERVATION,https://inaturalist-open-data.s3.amazonaws.com/photos/629693308/original.jpg,http://creativecommons.org/licenses/by-nc/4.0/,rkluzco,rkluzco,False
Cabomba,Cabomba Aubl.,global,2882440,6185040875,Cabomba caroliniana A.Gray,2026-03-27T14:13:24,2026,iNaturalist research-grade observations,28eb1a3f-1c15-4a95-931a-4af90ecb574d,United States of America,Pennsylvania,41.292707,-76.132098,HUMAN_OBSERVATION,https://inaturalist-open-data.s3.amazonaws.com/photos/629693361/original.jpg,http://creativecommons.org/licenses/by-nc/4.0/,rkluzco,rkluzco,False
Cabomba,Cabomba Aubl.,global,2882440,6185040875,Cabomba caroliniana A.Gray,2026-03-27T14:13:24,2026,iNaturalist research-grade observations,28eb1a3f-1c15-4a95-931a-4af90ecb574d,United States of America,Pennsylvania,41.292707,-76.132098,HUMAN_OBSERVATION,https://inaturalist-open-data.s3.amazonaws.com/photos/629693416/original.jpg,http://creativecommons.org/licenses/by-nc/4.0/,rkluzco,rkluzco,False
Cabomba,Cabomba Aubl.,global,2882440,6188248632,Cabomba palaeformis Fassett,2026-03-13T08:40,2026,iNaturalist research-grade observations,28eb1a3f-1c15-4a95-931a-4af90ecb574d,Belize,Belize,17.732453,-88.528091,HUMAN_OBSERVATION,https://inaturalist-open-data.s3.amazonaws.com/photos/629760044/original.jpg,http://creativecommons.org/licenses/by-nc/4.0/,Ute Welk,Ute Welk,False
Cabomba,Cabomba Aubl.,global,2882440,6252162077,Cabomba caroliniana A.Gray,2026-03-09T12:02:46,2026,iNaturalist research-grade observations,28eb1a3f-1c15-4a95-931a-4af90ecb574d,United States of America,Texas,30.580422,-94.37901,HUMAN_OBSERVATION,https://inaturalist-open-data.s3.amazonaws.com/photos/625920731/original.jpg,http://creativecommons.org/licenses/by-nc/4.0/,Ryan Harris,Ryan Harris,False
Cabomba,Cabomba Aubl.,global,2882440,6252162077,Cabomba caroliniana A.Gray,2026-03-09T12:02:46,2026,iNaturalist research-grade observations,28eb1a3f-1c15-4a95-931a-4af90ecb574d,United States of America,Texas,30.580422,-94.37901,HUMAN_OBSERVATION,https://inaturalist-open-data.s3.amazonaws.com/photos/625920792/original.jpg,http://creativecommons.org/licenses/by-nc/4.0/,Ryan Harris,Ryan Harris,False
Cabomba,Cabomba Aubl.,global,2882440,6252162077,Cabomba caroliniana A.Gray,2026-03-09T12:02:46,2026,iNaturalist research-grade observations,28eb1a3f-1c15-4a95-931a-4af90ecb574d,United States of America,Texas,30.580422,-94.37901,HUMAN_OBSERVATION,https://inaturalist-open-data.s3.amazonaws.com/photos/625920820/original.jpg,http://creativecommons.org/licenses/by-nc/4.0/,Ryan Harris,Ryan Harris,False
Cabomba,Cabomba Aubl.,global,2882440,6252162077,Cabomba caroliniana A.Gray,2026-03-09T12:02:46,2026,iNaturalist research-grade observations,28eb1a3f-1c15-4a95-931a-4af90ecb574d,United States of America,Texas,30.580422,-94.37901,HUMAN_OBSERVATION,https://inaturalist-open-data.s3.amazonaws.com/photos/625920838/original.jpg,http://creativecommons.org/licenses/by-nc/4.0/,Ryan Harris,Ryan Harris,False
Cabomba,Cabomba Aubl.,great_lakes_bbox,2882440,6130442362,Cabomba caroliniana A.Gray,2026-01-08T14:17:58,2026,iNaturalist research-grade observations,28eb1a3f-1c15-4a95-931a-4af90ecb574d,United States of America,Pennsylvania,40.440223,-79.91164,HUMAN_OBSERVATION,https://inaturalist-open-data.s3.amazonaws.com/photos/606460176/original.jpg,http://creativecommons.org/licenses/by-nc/4.0/,jackchaillet,jackchaillet,False
Ceratophyllum demersum,Ceratophyllum demersum L.,global,2882398,5938321014,Ceratophyllum demersum L.,2026-01-01T16:47:51,2026,iNaturalist research-grade observations,28eb1a3f-1c15-4a95-931a-4af90ecb574d,United States of America,Arkansas,34.497375,-93.972092,HUMAN_OBSERVATION,https://inaturalist-open-data.s3.amazonaws.com/photos/604630190/original.jpg,http://creativecommons.org/licenses/by/4.0/,ashleyrsteel,ashleyrsteel,True
Ceratophyllum demersum,Ceratophyllum demersum L.,global,2882398,5938321014,Ceratophyllum demersum L.,2026-01-01T16:47:51,2026,iNaturalist research-grade observations,28eb1a3f-1c15-4a95-931a-4af90ecb574d,United States of America,Arkansas,34.497375,-93.972092,HUMAN_OBSERVATION,https://inaturalist-open-data.s3.amazonaws.com/photos/604630226/original.jpg,http://creativecommons.org/licenses/by/4.0/,ashleyrsteel,ashleyrsteel,True
Ceratophyllum demersum,Ceratophyllum demersum L.,global,2882398,5938321014,Ceratophyllum demersum L.,2026-01-01T16:47:51,2026,iNaturalist research-grade observations,28eb1a3f-1c15-4a95-931a-4af90ecb574d,United States of America,Arkansas,34.497375,-93.972092,HUMAN_OBSERVATION,https://inaturalist-open-data.s3.amazonaws.com/photos/604630254/original.jpg,http://creativecommons.org/licenses/by/4.0/,ashleyrsteel,ashleyrsteel,True
Ceratophyllum demersum,Ceratophyllum demersum L.,global,2882398,5938321014,Ceratophyllum demersum L.,2026-01-01T16:47:51,2026,iNaturalist research-grade observations,28eb1a3f-1c15-4a95-931a-4af90ecb574d,United States of America,Arkansas,34.497375,-93.972092,HUMAN_OBSERVATION,https://inaturalist-open-data.s3.amazonaws.com/photos/604630281/original.jpg,http://creativecommons.org/licenses/by/4.0/,ashleyrsteel,ashleyrsteel,True
Ceratophyllum demersum,Ceratophyllum demersum L.,global,2882398,5938321014,Ceratophyllum demersum L.,2026-01-01T16:47:51,2026,iNaturalist research-grade observations,28eb1a3f-1c15-4a95-931a-4af90ecb574d,United States of America,Arkansas,34.497375,-93.972092,HUMAN_OBSERVATION,https://inaturalist-open-data.s3.amazonaws.com/photos/604630316/original.jpg,http://creativecommons.org/licenses/by/4.0/,ashleyrsteel,ashleyrsteel,True
Ceratophyllum demersum,Ceratophyllum demersum L.,global,2882398,5938321014,Ceratophyllum demersum L.,2026-01-01T16:47:51,2026,iNaturalist research-grade observations,28eb1a3f-1c15-4a95-931a-4af90ecb574d,United States of America,Arkansas,34.497375,-93.972092,HUMAN_OBSERVATION,https://inaturalist-open-data.s3.amazonaws.com/photos/604630376/original.jpg,http://creativecommons.org/licenses/by/4.0/,ashleyrsteel,ashleyrsteel,True
Ceratophyllum demersum,Ceratophyllum demersum L.,global,2882398,5938321014,Ceratophyllum demersum L.,2026-01-01T16:47:51,2026,iNaturalist research-grade observations,28eb1a3f-1c15-4a95-931a-4af90ecb574d,United States of America,Arkansas,34.497375,-93.972092,HUMAN_OBSERVATION,https://inaturalist-open-data.s3.amazonaws.com/photos/604630407/original.jpg,http://creativecommons.org/licenses/by/4.0/,ashleyrsteel,ashleyrsteel,True
Ceratophyllum demersum,Ceratophyllum demersum L.,global,2882398,6130018231,Ceratophyllum demersum L.,2026-01-11T13:13,2026,iNaturalist research-grade observations,28eb1a3f-1c15-4a95-931a-4af90ecb574d,United States of America,Oregon,45.112397,-122.930253,HUMAN_OBSERVATION,https://inaturalist-open-data.s3.amazonaws.com/photos/609936086/original.jpg,http://creativecommons.org/licenses/by-nc/4.0/,Connor E. J. Graham,Connor E. J. Graham,False
Ceratophyllum demersum,Ceratophyllum demersum L.,global,2882398,6130176747,Ceratophyllum demersum L.,2026-01-25T19:05:13,2026,iNaturalist research-grade observations,28eb1a3f-1c15-4a95-931a-4af90ecb574d,Argentina,Buenos Aires,-35.630325,-58.007767,HUMAN_OBSERVATION,https://inaturalist-open-data.s3.amazonaws.com/photos/610976382/original.jpg,http://creativecommons.org/licenses/by-nc/4.0/,ignaciocostagliola,ignaciocostagliola,False
Ceratophyllum demersum,Ceratophyllum demersum L.,global,2882398,6130176747,Ceratophyllum demersum L.,2026-01-25T19:05:13,2026,iNaturalist research-grade observations,28eb1a3f-1c15-4a95-931a-4af90ecb574d,Argentina,Buenos Aires,-35.630325,-58.007767,HUMAN_OBSERVATION,https://inaturalist-open-data.s3.amazonaws.com/photos/610976435/original.jpg,http://creativecommons.org/licenses/by-nc/4.0/,ignaciocostagliola,ignaciocostagliola,False
Ceratophyllum demersum,Ceratophyllum demersum L.,global,2882398,6130176747,Ceratophyllum demersum L.,2026-01-25T19:05:13,2026,iNaturalist research-grade observations,28eb1a3f-1c15-4a95-931a-4af90ecb574d,Argentina,Buenos Aires,-35.630325,-58.007767,HUMAN_OBSERVATION,https://inaturalist-open-data.s3.amazonaws.com/photos/610976471/original.jpg,http://creativecommons.org/licenses/by-nc/4.0/,ignaciocostagliola,ignaciocostagliola,False
Ceratophyllum demersum,Ceratophyllum demersum L.,global,2882398,6130277145,Ceratophyllum demersum L.,2026-01-13T09:55,2026,iNaturalist research-grade observations,28eb1a3f-1c15-4a95-931a-4af90ecb574d,New Zealand,Manawatu-Wanganui,-40.653507,175.170812,HUMAN_OBSERVATION,https://inaturalist-open-data.s3.amazonaws.com/photos/607820040/original.jpg,http://creativecommons.org/licenses/by/4.0/,Arnim Littek,Arnim Littek,True
Ceratophyllum demersum,Ceratophyllum demersum L.,global,2882398,6130277145,Ceratophyllum demersum L.,2026-01-13T09:55,2026,iNaturalist research-grade observations,28eb1a3f-1c15-4a95-931a-4af90ecb574d,New Zealand,Manawatu-Wanganui,-40.653507,175.170812,HUMAN_OBSERVATION,https://inaturalist-open-data.s3.amazonaws.com/photos/607820073/original.jpg,http://creativecommons.org/licenses/by/4.0/,Arnim Littek,Arnim Littek,True
Ceratophyllum demersum,Ceratophyllum demersum L.,global,2882398,6130518753,Ceratophyllum demersum L.,2026-01-11T19:44:40,2026,iNaturalist research-grade observations,28eb1a3f-1c15-4a95-931a-4af90ecb574d,Hungary,Bács-Kiskun,46.856759,19.99422,HUMAN_OBSERVATION,https://inaturalist-open-data.s3.amazonaws.com/photos/607236037/original.jpg,http://creativecommons.org/licenses/by-nc/4.0/,Fazakas Bendegúz,Fazakas Bendegúz,False
Ceratophyllum demersum,Ceratophyllum demersum L.,global,2882398,6130556868,Ceratophyllum demersum L.,2026-01-12T10:42:33,2026,iNaturalist research-grade observations,28eb1a3f-1c15-4a95-931a-4af90ecb574d,United States of America,Iowa,42.109997,-93.580216,HUMAN_OBSERVATION,https://inaturalist-open-data.s3.amazonaws.com/photos/607501812/original.jpg,http://creativecommons.org/publicdomain/zero/1.0/,JD Flores,JD Flores,True
Ceratophyllum demersum,Ceratophyllum demersum L.,global,2882398,6130556868,Ceratophyllum demersum L.,2026-01-12T10:42:33,2026,iNaturalist research-grade observations,28eb1a3f-1c15-4a95-931a-4af90ecb574d,United States of America,Iowa,42.109997,-93.580216,HUMAN_OBSERVATION,https://inaturalist-open-data.s3.amazonaws.com/photos/607501837/original.jpg,http://creativecommons.org/publicdomain/zero/1.0/,JD Flores,JD Flores,True
Ceratophyllum demersum,Ceratophyllum demersum L.,global,2882398,6130564418,Ceratophyllum demersum L.,2026-01-04T13:30:43,2026,iNaturalist research-grade observations,28eb1a3f-1c15-4a95-931a-4af90ecb574d,Poland,Pomeranian,54.606863,18.799642,HUMAN_OBSERVATION,https://inaturalist-open-data.s3.amazonaws.com/photos/607173518/original.jpg,http://creativecommons.org/publicdomain/zero/1.0/,Hubert Sztyler,Hubert Sztyler,True
Ceratophyllum demersum,Ceratophyllum demersum L.,global,2882398,6130651357,Ceratophyllum demersum L.,2026-01-25T13:43:05,2026,iNaturalist research-grade observations,28eb1a3f-1c15-4a95-931a-4af90ecb574d,Argentina,Buenos Aires,-35.581257,-58.061557,HUMAN_OBSERVATION,https://inaturalist-open-data.s3.amazonaws.com/photos/610976154/original.jpg,http://creativecommons.org/licenses/by-nc/4.0/,ignaciocostagliola,ignaciocostagliola,False
Ceratophyllum demersum,Ceratophyllum demersum L.,global,2882398,6130651357,Ceratophyllum demersum L.,2026-01-25T13:43:05,2026,iNaturalist research-grade observations,28eb1a3f-1c15-4a95-931a-4af90ecb574d,Argentina,Buenos Aires,-35.581257,-58.061557,HUMAN_OBSERVATION,https://inaturalist-open-data.s3.amazonaws.com/photos/610976172/original.jpg,http://creativecommons.org/licenses/by-nc/4.0/,ignaciocostagliola,ignaciocostagliola,False
Ceratophyllum demersum,Ceratophyllum demersum L.,global,2882398,6130651357,Ceratophyllum demersum L.,2026-01-25T13:43:05,2026,iNaturalist research-grade observations,28eb1a3f-1c15-4a95-931a-4af90ecb574d,Argentina,Buenos Aires,-35.581257,-58.061557,HUMAN_OBSERVATION,https://inaturalist-open-data.s3.amazonaws.com/photos/610976195/original.jpg,http://creativecommons.org/licenses/by-nc/4.0/,ignaciocostagliola,ignaciocostagliola,False
Ceratophyllum demersum,Ceratophyllum demersum L.,global,2882398,6130674227,Ceratophyllum demersum L.,2026-01-06T09:43,2026,iNaturalist research-grade observations,28eb1a3f-1c15-4a95-931a-4af90ecb574d,New Zealand,Manawatu-Wanganui,-39.937648,175.231525,HUMAN_OBSERVATION,https://inaturalist-open-data.s3.amazonaws.com/photos/605799412/original.jpg,http://creativecommons.org/licenses/by-nc/4.0/,Colin Ogle,Colin Ogle,False
Ceratophyllum demersum,Ceratophyllum demersum L.,global,2882398,6130674227,Ceratophyllum demersum L.,2026-01-06T09:43,2026,iNaturalist research-grade observations,28eb1a3f-1c15-4a95-931a-4af90ecb574d,New Zealand,Manawatu-Wanganui,-39.937648,175.231525,HUMAN_OBSERVATION,https://inaturalist-open-data.s3.amazonaws.com/photos/605799415/original.jpg,http://creativecommons.org/licenses/by-nc/4.0/,Colin Ogle,Colin Ogle,False
Ceratophyllum demersum,Ceratophyllum demersum L.,global,2882398,6130754343,Ceratophyllum demersum L.,2026-01-17T01:49,2026,iNaturalist research-grade observations,28eb1a3f-1c15-4a95-931a-4af90ecb574d,United States of America,Texas,28.982725,-96.013681,HUMAN_OBSERVATION,https://inaturalist-open-data.s3.amazonaws.com/photos/609980230/original.jpg,http://creativecommons.org/licenses/by/4.0/,Tia Offner,Tia Offner,True
Ceratophyllum demersum,Ceratophyllum demersum L.,global,2882398,6130799539,Ceratophyllum demersum L.,2026-01-23T11:34:57,2026,iNaturalist research-grade observations,28eb1a3f-1c15-4a95-931a-4af90ecb574d,United States of America,South Carolina,32.353192,-81.159989,HUMAN_OBSERVATION,https://inaturalist-open-data.s3.amazonaws.com/photos/610414745/original.jpg,http://creativecommons.org/licenses/by-nc/4.0/,LadyDrisK,LadyDrisK,False
Ceratophyllum demersum,Ceratophyllum demersum L.,global,2882398,6131085245,Ceratophyllum demersum L.,2026-01-11T16:59:29,2026,iNaturalist research-grade observations,28eb1a3f-1c15-4a95-931a-4af90ecb574d,United States of America,Texas,30.26078,-97.745358,HUMAN_OBSERVATION,https://inaturalist-open-data.s3.amazonaws.com/photos/607557199/original.jpg,http://creativecommons.org/licenses/by-nc/4.0/,James Phillips,James Phillips,False
Ceratophyllum demersum,Ceratophyllum demersum L.,global,2882398,6131156360,Ceratophyllum demersum L.,2026-01-05T15:05,2026,iNaturalist research-grade observations,28eb1a3f-1c15-4a95-931a-4af90ecb574d,United States of America,Florida,30.597309,-85.555758,HUMAN_OBSERVATION,https://inaturalist-open-data.s3.amazonaws.com/photos/610482744/original.jpg,http://creativecommons.org/licenses/by-nc/4.0/,Moses J. Michelsohn,Moses J. Michelsohn,False
Ceratophyllum demersum,Ceratophyllum demersum L.,global,2882398,6131186340,Ceratophyllum demersum L.,2026-01-15T10:00:19,2026,iNaturalist research-grade observations,28eb1a3f-1c15-4a95-931a-4af90ecb574d,United States of America,Pennsylvania,41.078218,-76.13578,HUMAN_OBSERVATION,https://inaturalist-open-data.s3.amazonaws.com/photos/608162773/original.jpg,http://creativecommons.org/licenses/by-nc/4.0/,rkluzco,rkluzco,False
Ceratophyllum demersum,Ceratophyllum demersum L.,global,2882398,6131186340,Ceratophyllum demersum L.,2026-01-15T10:00:19,2026,iNaturalist research-grade observations,28eb1a3f-1c15-4a95-931a-4af90ecb574d,United States of America,Pennsylvania,41.078218,-76.13578,HUMAN_OBSERVATION,https://inaturalist-open-data.s3.amazonaws.com/photos/608162794/original.jpg,http://creativecommons.org/licenses/by-nc/4.0/,rkluzco,rkluzco,False
Ceratophyllum demersum,Ceratophyllum demersum L.,global,2882398,6131413043,Ceratophyllum demersum L.,2026-01-20T14:55:46,2026,iNaturalist research-grade observations,28eb1a3f-1c15-4a95-931a-4af90ecb574d,India,Rajasthan,25.203011,75.791644,HUMAN_OBSERVATION,https://inaturalist-open-data.s3.amazonaws.com/photos/609439730/original.jpg,http://creativecommons.org/licenses/by-nc/4.0/,Noopur🍀,Noopur🍀,False
Ceratophyllum demersum,Ceratophyllum demersum L.,global,2882398,6131556838,Ceratophyllum demersum L.,2026-01-11T10:58:54,2026,iNaturalist research-grade observations,28eb1a3f-1c15-4a95-931a-4af90ecb574d,United States of America,Florida,30.437363,-84.182088,HUMAN_OBSERVATION,https://inaturalist-open-data.s3.amazonaws.com/photos/607331454/original.jpg,http://creativecommons.org/licenses/by-nc/4.0/,rockeater,rockeater,False
Ceratophyllum demersum,Ceratophyllum demersum L.,global,2882398,6131611813,Ceratophyllum demersum L.,2026-01-21T13:05:58,2026,iNaturalist research-grade observations,28eb1a3f-1c15-4a95-931a-4af90ecb574d,United States of America,Florida,27.662228,-80.6447,HUMAN_OBSERVATION,https://inaturalist-open-data.s3.amazonaws.com/photos/609847604/original.jpg,http://creativecommons.org/licenses/by-nc/4.0/,James K. Wetterer,James K. Wetterer,False
Ceratophyllum demersum,Ceratophyllum demersum L.,global,2882398,6131611813,Ceratophyllum demersum L.,2026-01-21T13:05:58,2026,iNaturalist research-grade observations,28eb1a3f-1c15-4a95-931a-4af90ecb574d,United States of America,Florida,27.662228,-80.6447,HUMAN_OBSERVATION,https://inaturalist-open-data.s3.amazonaws.com/photos/609794391/original.jpg,http://creativecommons.org/licenses/by-nc/4.0/,James K. Wetterer,James K. Wetterer,False
Ceratophyllum demersum,Ceratophyllum demersum L.,global,2882398,6151814491,Ceratophyllum demersum L.,2026-01-17,2026,,c8d737e0-2ff8-42e8-b8fc-6b805d26fc5f,Netherlands,Friesland,53.4,6.15,HUMAN_OBSERVATION,https://observation.org/photos/143315098.jpg,http://creativecommons.org/licenses/by-nc-nd/4.0/,Jeffrey Huizenga,Jeffrey Huizenga,False
Ceratophyllum demersum,Ceratophyllum demersum L.,global,2882398,6159349318,Ceratophyllum demersum L.,2026-01-13T17:58:50,2026,iNaturalist research-grade observations,28eb1a3f-1c15-4a95-931a-4af90ecb574d,Argentina,Río Negro,-41.964956,-71.534839,HUMAN_OBSERVATION,https://inaturalist-open-data.s3.amazonaws.com/photos/607969043/original.jpg,http://creativecommons.org/licenses/by/4.0/,Rocío Esmeralda Pose,Rocío Esmeralda Pose,True
Ceratophyllum demersum,Ceratophyllum demersum L.,global,2882398,6159349318,Ceratophyllum demersum L.,2026-01-13T17:58:50,2026,iNaturalist research-grade observations,28eb1a3f-1c15-4a95-931a-4af90ecb574d,Argentina,Río Negro,-41.964956,-71.534839,HUMAN_OBSERVATION,https://inaturalist-open-data.s3.amazonaws.com/photos/607969284/original.jpg,http://creativecommons.org/licenses/by/4.0/,Rocío Esmeralda Pose,Rocío Esmeralda Pose,True
Ceratophyllum demersum,Ceratophyllum demersum L.,global,2882398,6185273374,Ceratophyllum demersum L.,2026-01-24T12:44,2026,iNaturalist research-grade observations,28eb1a3f-1c15-4a95-931a-4af90ecb574d,Japan,Tokyo,35.611349,139.570531,HUMAN_OBSERVATION,https://inaturalist-open-data.s3.amazonaws.com/photos/610624159/original.jpg,http://creativecommons.org/licenses/by-nc/4.0/,hakkahamushi,hakkahamushi,False
Ceratophyllum demersum,Ceratophyllum demersum L.,global,2882398,6185314451,Ceratophyllum demersum L.,2026-01-24T12:21,2026,iNaturalist research-grade observations,28eb1a3f-1c15-4a95-931a-4af90ecb574d,Japan,Tokyo,35.656451,139.472633,HUMAN_OBSERVATION,https://inaturalist-open-data.s3.amazonaws.com/photos/610624056/original.jpg,http://creativecommons.org/licenses/by-nc/4.0/,hakkahamushi,hakkahamushi,False
Ceratophyllum demersum,Ceratophyllum demersum L.,global,2882398,6185314451,Ceratophyllum demersum L.,2026-01-24T12:21,2026,iNaturalist research-grade observations,28eb1a3f-1c15-4a95-931a-4af90ecb574d,Japan,Tokyo,35.656451,139.472633,HUMAN_OBSERVATION,https://inaturalist-open-data.s3.amazonaws.com/photos/610624067/original.jpg,http://creativecommons.org/licenses/by-nc/4.0/,hakkahamushi,hakkahamushi,False
Ceratophyllum demersum,Ceratophyllum demersum L.,global,2882398,6185314451,Ceratophyllum demersum L.,2026-01-24T12:21,2026,iNaturalist research-grade observations,28eb1a3f-1c15-4a95-931a-4af90ecb574d,Japan,Tokyo,35.656451,139.472633,HUMAN_OBSERVATION,https://inaturalist-open-data.s3.amazonaws.com/photos/610624157/original.jpg,http://creativecommons.org/licenses/by-nc/4.0/,hakkahamushi,hakkahamushi,False
Ceratophyllum demersum,Ceratophyllum demersum L.,global,2882398,6185794056,Ceratophyllum demersum L.,2026-01-16T16:00:45,2026,iNaturalist research-grade observations,28eb1a3f-1c15-4a95-931a-4af90ecb574d,United States of America,Texas,30.189642,-96.671317,HUMAN_OBSERVATION,https://inaturalist-open-data.s3.amazonaws.com/photos/611104205/original.jpg,http://creativecommons.org/licenses/by-nc/4.0/,stacylc,stacylc,False
Ceratophyllum demersum,Ceratophyllum demersum L.,global,2882398,6398580555,Ceratophyllum demersum L.,2026-01-09T10:01:25,2026,iNaturalist research-grade observations,28eb1a3f-1c15-4a95-931a-4af90ecb574d,New Zealand,Taranaki,-39.840981,174.681555,HUMAN_OBSERVATION,https://inaturalist-open-data.s3.amazonaws.com/photos/606471502/original.jpg,http://creativecommons.org/licenses/by-nc/4.0/,Hēmi Tūtiri,Hēmi Tūtiri,False
Ceratophyllum demersum,Ceratophyllum demersum L.,global,2882398,6398580555,Ceratophyllum demersum L.,2026-01-09T10:01:25,2026,iNaturalist research-grade observations,28eb1a3f-1c15-4a95-931a-4af90ecb574d,New Zealand,Taranaki,-39.840981,174.681555,HUMAN_OBSERVATION,https://inaturalist-open-data.s3.amazonaws.com/photos/606471555/original.jpg,http://creativecommons.org/licenses/by-nc/4.0/,Hēmi Tūtiri,Hēmi Tūtiri,False
Ceratophyllum demersum,Ceratophyllum demersum L.,global,2882398,6398580555,Ceratophyllum demersum L.,2026-01-09T10:01:25,2026,iNaturalist research-grade observations,28eb1a3f-1c15-4a95-931a-4af90ecb574d,New Zealand,Taranaki,-39.840981,174.681555,HUMAN_OBSERVATION,https://inaturalist-open-data.s3.amazonaws.com/photos/606471609/original.jpg,http://creativecommons.org/licenses/by-nc/4.0/,Hēmi Tūtiri,Hēmi Tūtiri,False
Ceratophyllum demersum,Ceratophyllum demersum L.,global,2882398,6399139845,Ceratophyllum demersum L.,2026-01-06T12:00:04,2026,iNaturalist research-grade observations,28eb1a3f-1c15-4a95-931a-4af90ecb574d,New Zealand,Wellington,-40.673767,175.093949,HUMAN_OBSERVATION,https://inaturalist-open-data.s3.amazonaws.com/photos/605792371/original.jpg,http://creativecommons.org/licenses/by-nc/4.0/,Jim Mitford-Taylor,Jim Mitford-Taylor,False
Ceratophyllum demersum,Ceratophyllum demersum L.,global,2882398,6399139845,Ceratophyllum demersum L.,2026-01-06T12:00:04,2026,iNaturalist research-grade observations,28eb1a3f-1c15-4a95-931a-4af90ecb574d,New Zealand,Wellington,-40.673767,175.093949,HUMAN_OBSERVATION,https://inaturalist-open-data.s3.amazonaws.com/photos/605792365/original.jpg,http://creativecommons.org/licenses/by-nc/4.0/,Jim Mitford-Taylor,Jim Mitford-Taylor,False
Ceratophyllum demersum,Ceratophyllum demersum L.,global,2882398,6399139845,Ceratophyllum demersum L.,2026-01-06T12:00:04,2026,iNaturalist research-grade observations,28eb1a3f-1c15-4a95-931a-4af90ecb574d,New Zealand,Wellington,-40.673767,175.093949,HUMAN_OBSERVATION,https://inaturalist-open-data.s3.amazonaws.com/photos/605792361/original.jpg,http://creativecommons.org/licenses/by-nc/4.0/,Jim Mitford-Taylor,Jim Mitford-Taylor,False
Ceratophyllum demersum,Ceratophyllum demersum L.,global,2882398,6399139845,Ceratophyllum demersum L.,2026-01-06T12:00:04,2026,iNaturalist research-grade observations,28eb1a3f-1c15-4a95-931a-4af90ecb574d,New Zealand,Wellington,-40.673767,175.093949,HUMAN_OBSERVATION,https://inaturalist-open-data.s3.amazonaws.com/photos/605792368/original.jpg,http://creativecommons.org/licenses/by-nc/4.0/,Jim Mitford-Taylor,Jim Mitford-Taylor,False
Ceratophyllum demersum,Ceratophyllum demersum L.,global,2882398,6399139845,Ceratophyllum demersum L.,2026-01-06T12:00:04,2026,iNaturalist research-grade observations,28eb1a3f-1c15-4a95-931a-4af90ecb574d,New Zealand,Wellington,-40.673767,175.093949,HUMAN_OBSERVATION,https://inaturalist-open-data.s3.amazonaws.com/photos/605792374/original.jpg,http://creativecommons.org/licenses/by-nc/4.0/,Jim Mitford-Taylor,Jim Mitford-Taylor,False
Ceratophyllum demersum,Ceratophyllum demersum L.,global,2882398,6399139845,Ceratophyllum demersum L.,2026-01-06T12:00:04,2026,iNaturalist research-grade observations,28eb1a3f-1c15-4a95-931a-4af90ecb574d,New Zealand,Wellington,-40.673767,175.093949,HUMAN_OBSERVATION,https://inaturalist-open-data.s3.amazonaws.com/photos/605792372/original.jpg,http://creativecommons.org/licenses/by-nc/4.0/,Jim Mitford-Taylor,Jim Mitford-Taylor,False
Ceratophyllum demersum,Ceratophyllum demersum L.,global,2882398,6399139845,Ceratophyllum demersum L.,2026-01-06T12:00:04,2026,iNaturalist research-grade observations,28eb1a3f-1c15-4a95-931a-4af90ecb574d,New Zealand,Wellington,-40.673767,175.093949,HUMAN_OBSERVATION,https://inaturalist-open-data.s3.amazonaws.com/photos/605792386/original.jpg,http://creativecommons.org/licenses/by-nc/4.0/,Jim Mitford-Taylor,Jim Mitford-Taylor,False
Ceratophyllum demersum,Ceratophyllum demersum L.,global,2882398,6499294502,Ceratophyllum demersum L.,2026-01-06T14:16:37,2026,iNaturalist research-grade observations,28eb1a3f-1c15-4a95-931a-4af90ecb574d,Spain,Comunidad de Madrid,40.434411,-3.725537,HUMAN_OBSERVATION,https://inaturalist-open-data.s3.amazonaws.com/photos/605890041/original.jpg,http://creativecommons.org/publicdomain/zero/1.0/,Antón David Pérez Rodríguez,Antón David Pérez Rodríguez,True
Ceratophyllum demersum,Ceratophyllum demersum L.,global,2882398,6499294502,Ceratophyllum demersum L.,2026-01-06T14:16:37,2026,iNaturalist research-grade observations,28eb1a3f-1c15-4a95-931a-4af90ecb574d,Spain,Comunidad de Madrid,40.434411,-3.725537,HUMAN_OBSERVATION,https://inaturalist-open-data.s3.amazonaws.com/photos/605890058/original.jpg,http://creativecommons.org/publicdomain/zero/1.0/,Antón David Pérez Rodríguez,Antón David Pérez Rodríguez,True
Ceratophyllum demersum,Ceratophyllum demersum L.,great_lakes_bbox,2882398,6131186340,Ceratophyllum demersum L.,2026-01-15T10:00:19,2026,iNaturalist research-grade observations,28eb1a3f-1c15-4a95-931a-4af90ecb574d,United States of America,Pennsylvania,41.078218,-76.13578,HUMAN_OBSERVATION,https://inaturalist-open-data.s3.amazonaws.com/photos/608162773/original.jpg,http://creativecommons.org/licenses/by-nc/4.0/,rkluzco,rkluzco,False
Ceratophyllum demersum,Ceratophyllum demersum L.,great_lakes_bbox,2882398,6131186340,Ceratophyllum demersum L.,2026-01-15T10:00:19,2026,iNaturalist research-grade observations,28eb1a3f-1c15-4a95-931a-4af90ecb574d,United States of America,Pennsylvania,41.078218,-76.13578,HUMAN_OBSERVATION,https://inaturalist-open-data.s3.amazonaws.com/photos/608162794/original.jpg,http://creativecommons.org/licenses/by-nc/4.0/,rkluzco,rkluzco,False
Elodea canadensis,Tracheophyta,global,7707728,5937760726,Phaseolus lunatus L.,2026-01-05,2026,Tropicos,90fd6680-349f-11d8-aa2d-b8a03c50a862,Costa Rica,Heredia,10.00056,-84.06685,PRESERVED_SPECIMEN,https://images.mobot.org/RISScanning03/detailimages/RISScanning03/103607000/785834F0-BE4D-4D29-9E0A-F5DCBB9C950F.jpg,http://creativecommons.org/licenses/by-nc-sa/3.0/,MBG,B. Hammel,False
Elodea canadensis,Tracheophyta,global,7707728,5937760726,Phaseolus lunatus L.,2026-01-05,2026,Tropicos,90fd6680-349f-11d8-aa2d-b8a03c50a862,Costa Rica,Heredia,10.00056,-84.06685,PRESERVED_SPECIMEN,https://images.mobot.org/RISScanning03/detailimages/RISScanning03/103607000/930BB4EF-8399-4568-A15B-170D82DA12D5.jpg,http://creativecommons.org/licenses/by-nc-sa/3.0/,MBG,B. Hammel,False
Elodea canadensis,Tracheophyta,global,7707728,5937760726,Phaseolus lunatus L.,2026-01-05,2026,Tropicos,90fd6680-349f-11d8-aa2d-b8a03c50a862,Costa Rica,Heredia,10.00056,-84.06685,PRESERVED_SPECIMEN,https://images.mobot.org/RISScanning03/detailimages/RISScanning03/103607000/CB222576-5C38-471B-AFC0-A94415498C45.jpg,http://creativecommons.org/licenses/by-nc-sa/3.0/,MBG,B. Hammel,False
Elodea canadensis,Tracheophyta,global,7707728,5937760726,Phaseolus lunatus L.,2026-01-05,2026,Tropicos,90fd6680-349f-11d8-aa2d-b8a03c50a862,Costa Rica,Heredia,10.00056,-84.06685,PRESERVED_SPECIMEN,https://images.mobot.org/RISScanning03/detailimages/RISScanning03/103607000/E478E7CC-A840-471F-97F4-E4B62C363080.jpg,http://creativecommons.org/licenses/by-nc-sa/3.0/,MBG,B. Hammel,False
Elodea canadensis,Tracheophyta,global,7707728,5937961511,Cedrus atlantica (Endl.) Manetti ex Carriere,2026-01-04T00:00,2026,,bb646dff-a905-4403-a49b-6d378c2cf0d9,Germany,,47.705353,9.197165,HUMAN_OBSERVATION,https://live.staticflickr.com/65535/55023430240_98c427e7b4_b.jpg,"Copyright by the creator. For license and creator details, see https://nabu-naturgucker-beobachtungen.de/?sprache=en&bild=-2018717098.",,,False
Elodea canadensis,Tracheophyta,global,7707728,5937961550,Jasminum nudiflorum Lindl.,2026-01-02T00:00,2026,,bb646dff-a905-4403-a49b-6d378c2cf0d9,Germany,,50.337914,8.767913,HUMAN_OBSERVATION,https://live.staticflickr.com/65535/55021868128_4c921e7e93_b.jpg,"Copyright by the creator. For license and creator details, see https://nabu-naturgucker-beobachtungen.de/?sprache=en&bild=193727270.",,,False
Elodea canadensis,Tracheophyta,global,7707728,5937962031,Galium aparine L.,2026-01-03T00:00,2026,,bb646dff-a905-4403-a49b-6d378c2cf0d9,Germany,,53.096249,8.184156,HUMAN_OBSERVATION,https://live.staticflickr.com/65535/55021738413_255150b1c1_b.jpg,"Copyright by the creator. For license and creator details, see https://nabu-naturgucker-beobachtungen.de/?sprache=en&bild=-344450351.",,,False
Elodea canadensis,Tracheophyta,global,7707728,5937962446,Ligustrum vulgare L.,2026-01-04T00:00,2026,,bb646dff-a905-4403-a49b-6d378c2cf0d9,Germany,,47.741405,8.973931,HUMAN_OBSERVATION,https://live.staticflickr.com/65535/55023280188_eb3b1b112b_b.jpg,"Copyright by the creator. For license and creator details, see https://nabu-naturgucker-beobachtungen.de/?sprache=en&bild=-921249492.",,,False
Elodea canadensis,Tracheophyta,global,7707728,5937962506,Chaerophyllum temulum L.,2026-01-01T00:00,2026,,bb646dff-a905-4403-a49b-6d378c2cf0d9,Germany,,53.899887,10.746485,HUMAN_OBSERVATION,https://live.staticflickr.com/65535/55016259517_42f3c07785_b.jpg,"Copyright by the creator. For license and creator details, see https://nabu-naturgucker-beobachtungen.de/?sprache=en&bild=1779436264.",,,False
Elodea canadensis,Tracheophyta,global,7707728,5937963064,Abies pinsapo Boiss.,2026-01-04T00:00,2026,,bb646dff-a905-4403-a49b-6d378c2cf0d9,Germany,,47.705894,9.195713,HUMAN_OBSERVATION,https://live.staticflickr.com/65535/55023289413_a6b3f680c4_b.jpg,"Copyright by the creator. For license and creator details, see https://nabu-naturgucker-beobachtungen.de/?sprache=en&bild=-1528750774.",,,False
Elodea canadensis,Tracheophyta,global,7707728,5937964725,Cyclamen hederifolium Aiton,2026-01-03T00:00,2026,,bb646dff-a905-4403-a49b-6d378c2cf0d9,Germany,,53.096249,8.184156,HUMAN_OBSERVATION,https://live.staticflickr.com/65535/55021876855_e255e64327_b.jpg,"Copyright by the creator. For license and creator details, see https://nabu-naturgucker-beobachtungen.de/?sprache=en&bild=474378085.",,,False
Elodea canadensis,Tracheophyta,global,7707728,5937964725,Cyclamen hederifolium Aiton,2026-01-03T00:00,2026,,bb646dff-a905-4403-a49b-6d378c2cf0d9,Germany,,53.096249,8.184156,HUMAN_OBSERVATION,https://live.staticflickr.com/65535/55020671172_28707ab6af_b.jpg,"Copyright by the creator. For license and creator details, see https://nabu-naturgucker-beobachtungen.de/?sprache=en&bild=1898073556.",,,False
Elodea canadensis,Tracheophyta,global,7707728,5937964829,Aesculus L.,2026-01-03T00:00,2026,,bb646dff-a905-4403-a49b-6d378c2cf0d9,Germany,,53.48774,9.843922,HUMAN_OBSERVATION,https://live.staticflickr.com/65535/55023902573_b87db9abf6_b.jpg,"Copyright by the creator. For license and creator details, see https://nabu-naturgucker-beobachtungen.de/?sprache=en&bild=-1192417582.",,,False
Elodea canadensis,Tracheophyta,global,7707728,5937965335,Trifolium Tourn. ex L.,2026-01-03T00:00,2026,,bb646dff-a905-4403-a49b-6d378c2cf0d9,Germany,,50.914337,6.917638,HUMAN_OBSERVATION,https://live.staticflickr.com/65535/55020988271_45fa5c509a_b.jpg,"Copyright by the creator. For license and creator details, see https://nabu-naturgucker-beobachtungen.de/?sprache=en&bild=-1161599375.",,,False
Elodea canadensis,Tracheophyta,global,7707728,5937966355,Hedera helix L.,2026-01-04T00:00,2026,,bb646dff-a905-4403-a49b-6d378c2cf0d9,Germany,,47.741562,8.973803,HUMAN_OBSERVATION,https://live.staticflickr.com/65535/55022246482_5b16b26edb_b.jpg,"Copyright by the creator. For license and creator details, see https://nabu-naturgucker-beobachtungen.de/?sprache=en&bild=507337833.",,,False
Elodea canadensis,Tracheophyta,global,7707728,5937967213,Bambusa Schreb.,2026-01-02T00:00,2026,,bb646dff-a905-4403-a49b-6d378c2cf0d9,Germany,,53.871609,11.174855,HUMAN_OBSERVATION,https://live.staticflickr.com/65535/55019200476_2bae6dbb91_b.jpg,"Copyright by the creator. For license and creator details, see https://nabu-naturgucker-beobachtungen.de/?sprache=en&bild=-878068216.",,,False
Elodea canadensis,Tracheophyta,global,7707728,5937967295,Corylus avellana L.,2026-01-04T00:00,2026,,bb646dff-a905-4403-a49b-6d378c2cf0d9,Germany,,50.199581,8.942077,HUMAN_OBSERVATION,https://live.staticflickr.com/65535/55023399359_5efae99d6c_b.jpg,"Copyright by the creator. For license and creator details, see https://nabu-naturgucker-beobachtungen.de/?sprache=en&bild=27329899.",,,False
Elodea canadensis,Tracheophyta,global,7707728,5937967295,Corylus avellana L.,2026-01-04T00:00,2026,,bb646dff-a905-4403-a49b-6d378c2cf0d9,Germany,,50.199581,8.942077,HUMAN_OBSERVATION,https://live.staticflickr.com/65535/55023394564_e9e452cfa8_b.jpg,"Copyright by the creator. For license and creator details, see https://nabu-naturgucker-beobachtungen.de/?sprache=en&bild=1297724457.",,,False
Elodea canadensis,Tracheophyta,global,7707728,5937967295,Corylus avellana L.,2026-01-04T00:00,2026,,bb646dff-a905-4403-a49b-6d378c2cf0d9,Germany,,50.199581,8.942077,HUMAN_OBSERVATION,https://live.staticflickr.com/65535/55023461130_3afefc27ac_b.jpg,"Copyright by the creator. For license and creator details, see https://nabu-naturgucker-beobachtungen.de/?sprache=en&bild=1816349972.",,,False
Elodea canadensis,Tracheophyta,global,7707728,5937967774,Platanus × hispanica Mill. ex Münchh.,2026-01-04T00:00,2026,,bb646dff-a905-4403-a49b-6d378c2cf0d9,Germany,,47.741508,8.973696,HUMAN_OBSERVATION,https://live.staticflickr.com/65535/55023347839_d3c6d1a664_b.jpg,"Copyright by the creator. For license and creator details, see https://nabu-naturgucker-beobachtungen.de/?sprache=en&bild=1842613799.",,,False
Elodea canadensis,Tracheophyta,global,7707728,5937967843,Ligustrum vulgare L.,2026-01-04T00:00,2026,,bb646dff-a905-4403-a49b-6d378c2cf0d9,Germany,,47.741463,8.974156,HUMAN_OBSERVATION,https://live.staticflickr.com/65535/55023348049_9bb33a2184_b.jpg,"Copyright by the creator. For license and creator details, see https://nabu-naturgucker-beobachtungen.de/?sprache=en&bild=1007844330.",,,False
Elodea canadensis,Tracheophyta,global,7707728,5937968009,Hylotelephium H.Ohba,2026-01-04T00:00,2026,,bb646dff-a905-4403-a49b-6d378c2cf0d9,Germany,,52.27359,7.457511,HUMAN_OBSERVATION,https://live.staticflickr.com/65535/55023399993_2d39c976e6_b.jpg,"Copyright by the creator. For license and creator details, see https://nabu-naturgucker-beobachtungen.de/?sprache=en&bild=1108646444.",,,False
Elodea canadensis,Tracheophyta,global,7707728,5937968009,Hylotelephium H.Ohba,2026-01-04T00:00,2026,,bb646dff-a905-4403-a49b-6d378c2cf0d9,Germany,,52.27359,7.457511,HUMAN_OBSERVATION,https://live.staticflickr.com/65535/55023541715_ac333c92ed_b.jpg,"Copyright by the creator. For license and creator details, see https://nabu-naturgucker-beobachtungen.de/?sprache=en&bild=1471435715.",,,False
Elodea canadensis,Tracheophyta,global,7707728,5937968009,Hylotelephium H.Ohba,2026-01-04T00:00,2026,,bb646dff-a905-4403-a49b-6d378c2cf0d9,Germany,,52.27359,7.457511,HUMAN_OBSERVATION,https://live.staticflickr.com/65535/55023217901_4fdb54bff0_b.jpg,"Copyright by the creator. For license and creator details, see https://nabu-naturgucker-beobachtungen.de/?sprache=en&bild=1977448793.",,,False
Elodea canadensis,Tracheophyta,global,7707728,5937968392,Galanthus elwesii Hook.f.,2026-01-04T00:00,2026,,bb646dff-a905-4403-a49b-6d378c2cf0d9,Germany,,52.27359,7.457511,HUMAN_OBSERVATION,https://live.staticflickr.com/65535/55023215666_df6b5f118d_b.jpg,"Copyright by the creator. For license and creator details, see https://nabu-naturgucker-beobachtungen.de/?sprache=en&bild=-440997706.",,,False
Elodea canadensis,Tracheophyta,global,7707728,5937968392,Galanthus elwesii Hook.f.,2026-01-04T00:00,2026,,bb646dff-a905-4403-a49b-6d378c2cf0d9,Germany,,52.27359,7.457511,HUMAN_OBSERVATION,https://live.staticflickr.com/65535/55023539800_a3ca85d89b_b.jpg,"Copyright by the creator. For license and creator details, see https://nabu-naturgucker-beobachtungen.de/?sprache=en&bild=2005371074.",,,False
Elodea canadensis,Tracheophyta,global,7707728,5937968478,Viscum album L.,2026-01-03T00:00,2026,,bb646dff-a905-4403-a49b-6d378c2cf0d9,Germany,,52.453976,9.871361,HUMAN_OBSERVATION,https://live.staticflickr.com/65535/55020450787_3310ae7720_b.jpg,"Copyright by the creator. For license and creator details, see https://nabu-naturgucker-beobachtungen.de/?sprache=en&bild=-1638822808.",,,False
Elodea canadensis,Tracheophyta,global,7707728,5937968478,Viscum album L.,2026-01-03T00:00,2026,,bb646dff-a905-4403-a49b-6d378c2cf0d9,Germany,,52.453976,9.871361,HUMAN_OBSERVATION,https://live.staticflickr.com/65535/55021587179_b7b1dc67da_b.jpg,"Copyright by the creator. For license and creator details, see https://nabu-naturgucker-beobachtungen.de/?sprache=en&bild=-1246928428.",,,False
Elodea canadensis,Tracheophyta,global,7707728,5937968872,Jasminum nudiflorum Lindl.,2026-01-04T00:00,2026,,bb646dff-a905-4403-a49b-6d378c2cf0d9,Germany,,47.705372,9.194717,HUMAN_OBSERVATION,https://live.staticflickr.com/65535/55023430580_6d7455fa2b_b.jpg,"Copyright by the creator. For license and creator details, see https://nabu-naturgucker-beobachtungen.de/?sprache=en&bild=806000370.",,,False
Elodea canadensis,Tracheophyta,global,7707728,5937969155,Lamium galeobdolon subsp. argentatum (Smejkal) J.Duvign.,2026-01-01T00:00,2026,,bb646dff-a905-4403-a49b-6d378c2cf0d9,Germany,,53.899887,10.746485,HUMAN_OBSERVATION,https://live.staticflickr.com/65535/55017404409_e500692e29_b.jpg,"Copyright by the creator. For license and creator details, see https://nabu-naturgucker-beobachtungen.de/?sprache=en&bild=1445006997.",,,False
Elodea canadensis,Tracheophyta,global,7707728,5937969270,Platanus L.,2026-01-04T00:00,2026,,bb646dff-a905-4403-a49b-6d378c2cf0d9,Germany,,50.092457,10.244976,HUMAN_OBSERVATION,https://live.staticflickr.com/65535/55023420390_172e59080f_b.jpg,"Copyright by the creator. For license and creator details, see https://nabu-naturgucker-beobachtungen.de/?sprache=en&bild=226258224.",,,False
Elodea canadensis,Tracheophyta,global,7707728,5937969479,Senecio vulgaris L.,2026-01-04T00:00,2026,,bb646dff-a905-4403-a49b-6d378c2cf0d9,Germany,,52.27359,7.457511,HUMAN_OBSERVATION,https://live.staticflickr.com/65535/55023468924_91a74db875_b.jpg,"Copyright by the creator. For license and creator details, see https://nabu-naturgucker-beobachtungen.de/?sprache=en&bild=-2013273738.",,,False
Elodea canadensis,Tracheophyta,global,7707728,5937969479,Senecio vulgaris L.,2026-01-04T00:00,2026,,bb646dff-a905-4403-a49b-6d378c2cf0d9,Germany,,52.27359,7.457511,HUMAN_OBSERVATION,https://live.staticflickr.com/65535/55023212836_fd3f851b49_b.jpg,"Copyright by the creator. For license and creator details, see https://nabu-naturgucker-beobachtungen.de/?sprache=en&bild=798915752.",,,False
Elodea canadensis,Tracheophyta,global,7707728,5937969479,Senecio vulgaris L.,2026-01-04T00:00,2026,,bb646dff-a905-4403-a49b-6d378c2cf0d9,Germany,,52.27359,7.457511,HUMAN_OBSERVATION,https://live.staticflickr.com/65535/55023394893_552548e112_b.jpg,"Copyright by the creator. For license and creator details, see https://nabu-naturgucker-beobachtungen.de/?sprache=en&bild=1412775383.",,,False
Elodea canadensis,Tracheophyta,global,7707728,5937969769,Typha L.,2026-01-03T00:00,2026,,bb646dff-a905-4403-a49b-6d378c2cf0d9,Germany,,53.48774,9.843922,HUMAN_OBSERVATION,https://live.staticflickr.com/65535/55023985809_23bf9a22c1_b.jpg,"Copyright by the creator. For license and creator details, see https://nabu-naturgucker-beobachtungen.de/?sprache=en&bild=-1586073708.",,,False
Elodea canadensis,Tracheophyta,global,7707728,5937969798,Phragmites australis (Cav.) Trin. ex Steud.,2026-01-03T00:00,2026,,bb646dff-a905-4403-a49b-6d378c2cf0d9,Germany,,53.48774,9.843922,HUMAN_OBSERVATION,https://live.staticflickr.com/65535/55023915223_2fe4b0e9a0_b.jpg,"Copyright by the creator. For license and creator details, see https://nabu-naturgucker-beobachtungen.de/?sprache=en&bild=1955062191.",,,False
Elodea canadensis,Tracheophyta,global,7707728,5937970763,Sequoiadendron giganteum (Lindl.) J.T.Buchholz,2026-01-04T00:00,2026,,bb646dff-a905-4403-a49b-6d378c2cf0d9,Germany,,47.705353,9.197137,HUMAN_OBSERVATION,https://live.staticflickr.com/65535/55023104956_36563c121f_b.jpg,"Copyright by the creator. For license and creator details, see https://nabu-naturgucker-beobachtungen.de/?sprache=en&bild=-503484192.",,,False
Elodea canadensis,Tracheophyta,great_lakes_bbox,7707728,5938027459,Sambucus racemosa L.,2026-01-02T14:37:08,2026,iNaturalist research-grade observations,28eb1a3f-1c15-4a95-931a-4af90ecb574d,Canada,Ontario,42.66452,-80.482184,HUMAN_OBSERVATION,https://inaturalist-open-data.s3.amazonaws.com/photos/604960242/original.jpg,http://creativecommons.org/licenses/by-nc/4.0/,Kayla,Kayla,False
Elodea canadensis,Tracheophyta,great_lakes_bbox,7707728,5938027459,Sambucus racemosa L.,2026-01-02T14:37:08,2026,iNaturalist research-grade observations,28eb1a3f-1c15-4a95-931a-4af90ecb574d,Canada,Ontario,42.66452,-80.482184,HUMAN_OBSERVATION,https://inaturalist-open-data.s3.amazonaws.com/photos/604960258/original.jpg,http://creativecommons.org/licenses/by-nc/4.0/,Kayla,Kayla,False
Heteranthera dubia,Heteranthera dubia (Jacq.) MacMill.,global,2766116,6185010068,Heteranthera dubia (Jacq.) MacMill.,2026-03-28T11:43:40,2026,iNaturalist research-grade observations,28eb1a3f-1c15-4a95-931a-4af90ecb574d,United States of America,Texas,26.079864,-98.141022,HUMAN_OBSERVATION,https://inaturalist-open-data.s3.amazonaws.com/photos/630539273/original.jpg,http://creativecommons.org/licenses/by-nc/4.0/,sydblack,sydblack,False
Heteranthera dubia,Heteranthera dubia (Jacq.) MacMill.,global,2766116,6195947203,Heteranthera dubia (Jacq.) MacMill.,2026-04-03T15:22,2026,iNaturalist research-grade observations,28eb1a3f-1c15-4a95-931a-4af90ecb574d,United States of America,Texas,28.824411,-97.028898,HUMAN_OBSERVATION,https://inaturalist-open-data.s3.amazonaws.com/photos/635561428/original.jpg,http://creativecommons.org/licenses/by-nc/4.0/,Michael Orgill,Michael Orgill,False
Heteranthera dubia,Heteranthera dubia (Jacq.) MacMill.,global,2766116,6234633076,Heteranthera dubia (Jacq.) MacMill.,2026-04-11T13:29:11,2026,iNaturalist research-grade observations,28eb1a3f-1c15-4a95-931a-4af90ecb574d,United States of America,Texas,28.822295,-97.017308,HUMAN_OBSERVATION,https://inaturalist-open-data.s3.amazonaws.com/photos/636632958/original.jpg,http://creativecommons.org/licenses/by-nc/4.0/,Derek Muschalek,Derek Muschalek,False
Heteranthera dubia,Heteranthera dubia (Jacq.) MacMill.,global,2766116,6321126800,Heteranthera dubia (Jacq.) MacMill.,2026-04-08T09:34,2026,iNaturalist research-grade observations,28eb1a3f-1c15-4a95-931a-4af90ecb574d,Mexico,Oaxaca,16.489676,-95.154904,HUMAN_OBSERVATION,https://inaturalist-open-data.s3.amazonaws.com/photos/641689051/original.jpg,http://creativecommons.org/licenses/by-nc/4.0/,ISIS López castro,ISIS López castro,False
Heteranthera dubia,Heteranthera dubia (Jacq.) MacMill.,global,2766116,6321126800,Heteranthera dubia (Jacq.) MacMill.,2026-04-08T09:34,2026,iNaturalist research-grade observations,28eb1a3f-1c15-4a95-931a-4af90ecb574d,Mexico,Oaxaca,16.489676,-95.154904,HUMAN_OBSERVATION,https://inaturalist-open-data.s3.amazonaws.com/photos/641690054/original.jpg,http://creativecommons.org/licenses/by-nc/4.0/,ISIS López castro,ISIS López castro,False
Heteranthera dubia,Heteranthera dubia (Jacq.) MacMill.,global,2766116,6321126800,Heteranthera dubia (Jacq.) MacMill.,2026-04-08T09:34,2026,iNaturalist research-grade observations,28eb1a3f-1c15-4a95-931a-4af90ecb574d,Mexico,Oaxaca,16.489676,-95.154904,HUMAN_OBSERVATION,https://inaturalist-open-data.s3.amazonaws.com/photos/641690065/original.jpg,http://creativecommons.org/licenses/by-nc/4.0/,ISIS López castro,ISIS López castro,False
Heteranthera dubia,Heteranthera dubia (Jacq.) MacMill.,global,2766116,6333873712,Heteranthera dubia (Jacq.) MacMill.,2026-05-17T14:23:54,2026,iNaturalist research-grade observations,28eb1a3f-1c15-4a95-931a-4af90ecb574d,United States of America,Texas,29.856631,-97.897857,HUMAN_OBSERVATION,https://inaturalist-open-data.s3.amazonaws.com/photos/662680309/original.jpg,http://creativecommons.org/licenses/by-nc/4.0/,Piper Lou,Piper Lou,False
Heteranthera dubia,Heteranthera dubia (Jacq.) MacMill.,global,2766116,6413148699,Heteranthera dubia (Jacq.) MacMill.,2026-06-18T15:06:27,2026,iNaturalist research-grade observations,28eb1a3f-1c15-4a95-931a-4af90ecb574d,United States of America,New York,43.017658,-78.778337,HUMAN_OBSERVATION,https://inaturalist-open-data.s3.amazonaws.com/photos/681832008/original.jpg,http://creativecommons.org/licenses/by-nc/4.0/,Charlotte Way,Charlotte Way,False
Heteranthera dubia,Heteranthera dubia (Jacq.) MacMill.,global,2766116,6422338546,Heteranthera dubia (Jacq.) MacMill.,2026-06-29T10:21:47,2026,iNaturalist research-grade observations,28eb1a3f-1c15-4a95-931a-4af90ecb574d,United States of America,Pennsylvania,41.214658,-75.984449,HUMAN_OBSERVATION,https://inaturalist-open-data.s3.amazonaws.com/photos/688695236/original.jpg,http://creativecommons.org/licenses/by-nc/4.0/,rkluzco,rkluzco,False
Heteranthera dubia,Heteranthera dubia (Jacq.) MacMill.,global,2766116,6431851698,Heteranthera dubia (Jacq.) MacMill.,2026-06-30T10:04:29,2026,iNaturalist research-grade observations,28eb1a3f-1c15-4a95-931a-4af90ecb574d,United States of America,Minnesota,44.787956,-93.141014,HUMAN_OBSERVATION,https://inaturalist-open-data.s3.amazonaws.com/photos/689611685/original.jpg,http://creativecommons.org/licenses/by/4.0/,Bria Abeles-Allison,Bria Abeles-Allison,True
Heteranthera dubia,Heteranthera dubia (Jacq.) MacMill.,global,2766116,6431851698,Heteranthera dubia (Jacq.) MacMill.,2026-06-30T10:04:29,2026,iNaturalist research-grade observations,28eb1a3f-1c15-4a95-931a-4af90ecb574d,United States of America,Minnesota,44.787956,-93.141014,HUMAN_OBSERVATION,https://inaturalist-open-data.s3.amazonaws.com/photos/689611714/original.jpg,http://creativecommons.org/licenses/by/4.0/,Bria Abeles-Allison,Bria Abeles-Allison,True
Heteranthera dubia,Heteranthera dubia (Jacq.) MacMill.,global,2766116,6431851698,Heteranthera dubia (Jacq.) MacMill.,2026-06-30T10:04:29,2026,iNaturalist research-grade observations,28eb1a3f-1c15-4a95-931a-4af90ecb574d,United States of America,Minnesota,44.787956,-93.141014,HUMAN_OBSERVATION,https://inaturalist-open-data.s3.amazonaws.com/photos/689611756/original.jpg,http://creativecommons.org/licenses/by/4.0/,Bria Abeles-Allison,Bria Abeles-Allison,True
Heteranthera dubia,Heteranthera dubia (Jacq.) MacMill.,global,2766116,6431851698,Heteranthera dubia (Jacq.) MacMill.,2026-06-30T10:04:29,2026,iNaturalist research-grade observations,28eb1a3f-1c15-4a95-931a-4af90ecb574d,United States of America,Minnesota,44.787956,-93.141014,HUMAN_OBSERVATION,https://inaturalist-open-data.s3.amazonaws.com/photos/689611796/original.jpg,http://creativecommons.org/licenses/by/4.0/,Bria Abeles-Allison,Bria Abeles-Allison,True
Heteranthera dubia,Heteranthera dubia (Jacq.) MacMill.,global,2766116,6431851698,Heteranthera dubia (Jacq.) MacMill.,2026-06-30T10:04:29,2026,iNaturalist research-grade observations,28eb1a3f-1c15-4a95-931a-4af90ecb574d,United States of America,Minnesota,44.787956,-93.141014,HUMAN_OBSERVATION,https://inaturalist-open-data.s3.amazonaws.com/photos/689611837/original.jpg,http://creativecommons.org/licenses/by/4.0/,Bria Abeles-Allison,Bria Abeles-Allison,True
Heteranthera dubia,Heteranthera dubia (Jacq.) MacMill.,global,2766116,6441525558,Heteranthera dubia (Jacq.) MacMill.,2026-06-29T13:06:24,2026,iNaturalist research-grade observations,28eb1a3f-1c15-4a95-931a-4af90ecb574d,Canada,Ontario,43.415413,-80.130657,HUMAN_OBSERVATION,https://inaturalist-open-data.s3.amazonaws.com/photos/688663890/original.jpg,http://creativecommons.org/licenses/by-nc/4.0/,Graham Buck,Graham Buck,False
Heteranthera dubia,Heteranthera dubia (Jacq.) MacMill.,global,2766116,6518453950,Heteranthera dubia (Jacq.) MacMill.,2026-06-29T01:06,2026,iNaturalist research-grade observations,28eb1a3f-1c15-4a95-931a-4af90ecb574d,United States of America,Virginia,38.156264,-78.853351,HUMAN_OBSERVATION,https://inaturalist-open-data.s3.amazonaws.com/photos/692086008/original.jpg,http://creativecommons.org/licenses/by-nc/4.0/,Drew Chaney,Drew Chaney,False
Heteranthera dubia,Heteranthera dubia (Jacq.) MacMill.,global,2766116,6431579342,Heteranthera dubia (Jacq.) MacMill.,2026-07-03T11:15,2026,iNaturalist research-grade observations,28eb1a3f-1c15-4a95-931a-4af90ecb574d,United States of America,Virginia,38.399247,-78.62548,HUMAN_OBSERVATION,https://inaturalist-open-data.s3.amazonaws.com/photos/690966142/original.jpg,http://creativecommons.org/licenses/by-nc/4.0/,jessie_wood,jessie_wood,False
Heteranthera dubia,Heteranthera dubia (Jacq.) MacMill.,global,2766116,6431836054,Heteranthera dubia (Jacq.) MacMill.,2026-07-01T08:10,2026,iNaturalist research-grade observations,28eb1a3f-1c15-4a95-931a-4af90ecb574d,United States of America,Kentucky,36.893709,-88.05486,HUMAN_OBSERVATION,https://inaturalist-open-data.s3.amazonaws.com/photos/689847902/original.jpg,http://creativecommons.org/licenses/by-nc/4.0/,meleagle,meleagle,False
Heteranthera dubia,Heteranthera dubia (Jacq.) MacMill.,global,2766116,6441091527,Heteranthera dubia (Jacq.) MacMill.,2026-07-04T06:48,2026,iNaturalist research-grade observations,28eb1a3f-1c15-4a95-931a-4af90ecb574d,United States of America,Minnesota,44.786486,-93.143957,HUMAN_OBSERVATION,https://inaturalist-open-data.s3.amazonaws.com/photos/694095508/original.jpg,http://creativecommons.org/licenses/by-nc/4.0/,sls42,sls42,False
Heteranthera dubia,Heteranthera dubia (Jacq.) MacMill.,global,2766116,6441917030,Heteranthera dubia (Jacq.) MacMill.,2026-07-12T13:09:05,2026,iNaturalist research-grade observations,28eb1a3f-1c15-4a95-931a-4af90ecb574d,United States of America,Minnesota,45.137507,-93.444956,HUMAN_OBSERVATION,https://inaturalist-open-data.s3.amazonaws.com/photos/696938976/original.jpg,http://creativecommons.org/licenses/by-nc/4.0/,FrostLeaf,FrostLeaf,False
Heteranthera dubia,Heteranthera dubia (Jacq.) MacMill.,global,2766116,6451755058,Heteranthera dubia (Jacq.) MacMill.,2026-07-14T13:40,2026,iNaturalist research-grade observations,28eb1a3f-1c15-4a95-931a-4af90ecb574d,United States of America,Pennsylvania,42.095074,-80.067246,HUMAN_OBSERVATION,https://inaturalist-open-data.s3.amazonaws.com/photos/698731312/original.jpg,http://creativecommons.org/publicdomain/zero/1.0/,Bonnie Isaac,Bonnie Isaac,True
Heteranthera dubia,Heteranthera dubia (Jacq.) MacMill.,global,2766116,6451782612,Heteranthera dubia (Jacq.) MacMill.,2026-07-17T12:04:19,2026,iNaturalist research-grade observations,28eb1a3f-1c15-4a95-931a-4af90ecb574d,United States of America,Vermont,43.828991,-73.38606,HUMAN_OBSERVATION,https://inaturalist-open-data.s3.amazonaws.com/photos/699622841/original.jpg,http://creativecommons.org/licenses/by-nc/4.0/,Peyton Robbins,Peyton Robbins,False
Heteranthera dubia,Heteranthera dubia (Jacq.) MacMill.,global,2766116,6452167309,Heteranthera dubia (Jacq.) MacMill.,2026-07-18T11:06:50,2026,iNaturalist research-grade observations,28eb1a3f-1c15-4a95-931a-4af90ecb574d,United States of America,Minnesota,44.831281,-93.381474,HUMAN_OBSERVATION,https://inaturalist-open-data.s3.amazonaws.com/photos/700227861/original.jpg,http://creativecommons.org/licenses/by/4.0/,Bob,Bob,True
Heteranthera dubia,Heteranthera dubia (Jacq.) MacMill.,global,2766116,6452303369,Heteranthera dubia (Jacq.) MacMill.,2026-07-16T14:21:40,2026,iNaturalist research-grade observations,28eb1a3f-1c15-4a95-931a-4af90ecb574d,United States of America,Pennsylvania,41.604737,-80.152917,HUMAN_OBSERVATION,https://inaturalist-open-data.s3.amazonaws.com/photos/699497228/original.jpg,http://creativecommons.org/licenses/by-nc/4.0/,Isabella Barbero,Isabella Barbero,False
Heteranthera dubia,Heteranthera dubia (Jacq.) MacMill.,global,2766116,6452348846,Heteranthera dubia (Jacq.) MacMill.,2026-07-18T11:09:41,2026,iNaturalist research-grade observations,28eb1a3f-1c15-4a95-931a-4af90ecb574d,United States of America,Minnesota,44.870073,-93.33228,HUMAN_OBSERVATION,https://inaturalist-open-data.s3.amazonaws.com/photos/700229762/original.jpg,http://creativecommons.org/licenses/by-nc/4.0/,Sue,Sue,False
Heteranthera dubia,Heteranthera dubia (Jacq.) MacMill.,global,2766116,6452397752,Heteranthera dubia (Jacq.) MacMill.,2026-07-16T08:49:34,2026,iNaturalist research-grade observations,28eb1a3f-1c15-4a95-931a-4af90ecb574d,United States of America,Arizona,33.515533,-111.679122,HUMAN_OBSERVATION,https://inaturalist-open-data.s3.amazonaws.com/photos/699100629/original.jpg,http://creativecommons.org/licenses/by-nc/4.0/,Emily Cowles,Emily Cowles,False
Heteranthera dubia,Heteranthera dubia (Jacq.) MacMill.,global,2766116,6452500751,Heteranthera dubia (Jacq.) MacMill.,2026-07-18T16:38:37,2026,iNaturalist research-grade observations,28eb1a3f-1c15-4a95-931a-4af90ecb574d,United States of America,Minnesota,45.285079,-93.290617,HUMAN_OBSERVATION,https://inaturalist-open-data.s3.amazonaws.com/photos/700528225/original.jpg,http://creativecommons.org/licenses/by-nc/4.0/,williamwanders,williamwanders,False
Heteranthera dubia,Heteranthera dubia (Jacq.) MacMill.,global,2766116,6452551432,Heteranthera dubia (Jacq.) MacMill.,2026-07-17T12:21:35,2026,iNaturalist research-grade observations,28eb1a3f-1c15-4a95-931a-4af90ecb574d,United States of America,Virginia,38.641809,-78.529794,HUMAN_OBSERVATION,https://inaturalist-open-data.s3.amazonaws.com/photos/699633039/original.jpg,http://creativecommons.org/licenses/by-nc/4.0/,atatone,atatone,False
Heteranthera dubia,Heteranthera dubia (Jacq.) MacMill.,global,2766116,6452656601,Heteranthera dubia (Jacq.) MacMill.,2026-07-20T12:35:50,2026,iNaturalist research-grade observations,28eb1a3f-1c15-4a95-931a-4af90ecb574d,United States of America,Ohio,41.178532,-81.305893,HUMAN_OBSERVATION,https://inaturalist-open-data.s3.amazonaws.com/photos/701656995/original.jpg,http://creativecommons.org/licenses/by-nc/4.0/,Charles Anderson,Charles Anderson,False
Heteranthera dubia,Heteranthera dubia (Jacq.) MacMill.,global,2766116,6469674495,Heteranthera dubia (Jacq.) MacMill.,2026-07-20T20:14:43,2026,iNaturalist research-grade observations,28eb1a3f-1c15-4a95-931a-4af90ecb574d,United States of America,Minnesota,45.095225,-92.995456,HUMAN_OBSERVATION,https://inaturalist-open-data.s3.amazonaws.com/photos/705700031/original.jpg,http://creativecommons.org/licenses/by-nc/4.0/,Brian Charles,Brian Charles,False
Heteranthera dubia,Heteranthera dubia (Jacq.) MacMill.,global,2766116,6470050670,Heteranthera dubia (Jacq.) MacMill.,2026-07-20T12:57:50,2026,iNaturalist research-grade observations,28eb1a3f-1c15-4a95-931a-4af90ecb574d,United States of America,Virginia,38.656987,-78.537242,HUMAN_OBSERVATION,https://inaturalist-open-data.s3.amazonaws.com/photos/701878291/original.jpg,http://creativecommons.org/licenses/by-nc/4.0/,aodhankk,aodhankk,False
Heteranthera dubia,Heteranthera dubia (Jacq.) MacMill.,global,2766116,6470050670,Heteranthera dubia (Jacq.) MacMill.,2026-07-20T12:57:50,2026,iNaturalist research-grade observations,28eb1a3f-1c15-4a95-931a-4af90ecb574d,United States of America,Virginia,38.656987,-78.537242,HUMAN_OBSERVATION,https://inaturalist-open-data.s3.amazonaws.com/photos/702129369/original.jpg,http://creativecommons.org/licenses/by-nc/4.0/,aodhankk,aodhankk,False
Heteranthera dubia,Heteranthera dubia (Jacq.) MacMill.,great_lakes_bbox,2766116,6413148699,Heteranthera dubia (Jacq.) MacMill.,2026-06-18T15:06:27,2026,iNaturalist research-grade observations,28eb1a3f-1c15-4a95-931a-4af90ecb574d,United States of America,New York,43.017658,-78.778337,HUMAN_OBSERVATION,https://inaturalist-open-data.s3.amazonaws.com/photos/681832008/original.jpg,http://creativecommons.org/licenses/by-nc/4.0/,Charlotte Way,Charlotte Way,False
Hydrocharis morsus-ranae,Hydrocharis morsus-ranae L.,global,5329266,6182570677,Hydrocharis morsus-ranae L.,2026-03-26,2026,,c8d737e0-2ff8-42e8-b8fc-6b805d26fc5f,Netherlands,Gelderland,51.95,5.9,HUMAN_OBSERVATION,https://observation.org/photos/145985943.jpg,http://creativecommons.org/licenses/by-nc-nd/4.0/,JanLR,JanLR,False
Hydrocharis morsus-ranae,Hydrocharis morsus-ranae L.,global,5329266,6213192137,Hydrocharis morsus-ranae L.,2026-04-19,2026,,c8d737e0-2ff8-42e8-b8fc-6b805d26fc5f,Netherlands,Gelderland,52.1,5.5,HUMAN_OBSERVATION,https://observation.org/photos/148183963.jpg,http://creativecommons.org/licenses/by-nc-nd/4.0/,Angela de Wild,Angela de Wild,False
Hydrocharis morsus-ranae,Hydrocharis morsus-ranae L.,global,5329266,6213385274,Hydrocharis morsus-ranae L.,2026-04-15,2026,,c8d737e0-2ff8-42e8-b8fc-6b805d26fc5f,Netherlands,Overijssel,52.55,6.0,HUMAN_OBSERVATION,https://observation.org/photos/147690750.jpg,http://creativecommons.org/licenses/by-nc-nd/4.0/,aittersu,aittersu,False
Hydrocharis morsus-ranae,Hydrocharis morsus-ranae L.,global,5329266,6227403572,Hydrocharis morsus-ranae L.,2026-04-21,2026,,c8d737e0-2ff8-42e8-b8fc-6b805d26fc5f,Netherlands,Noord-Brabant,51.65,4.85,HUMAN_OBSERVATION,https://observation.org/photos/148433592.jpg,http://creativecommons.org/licenses/by-nc-nd/4.0/,Peter Schaft,Peter Schaft,False
Hydrocharis morsus-ranae,Hydrocharis morsus-ranae L.,global,5329266,6227410383,Hydrocharis morsus-ranae L.,2026-04-22,2026,,c8d737e0-2ff8-42e8-b8fc-6b805d26fc5f,Netherlands,Overijssel,52.6,5.95,HUMAN_OBSERVATION,https://observation.org/photos/148482453.jpg,http://creativecommons.org/licenses/by-nc-nd/4.0/,Levi van der Horst,Levi van der Horst,False
Hydrocharis morsus-ranae,Hydrocharis morsus-ranae L.,global,5329266,6227801324,Hydrocharis morsus-ranae L.,2026-04-25,2026,,c8d737e0-2ff8-42e8-b8fc-6b805d26fc5f,Netherlands,Gelderland,51.85,6.35,HUMAN_OBSERVATION,https://observation.org/photos/148853787.jpg,http://creativecommons.org/licenses/by-nc-nd/4.0/,Anita Abbing,Anita Abbing,False
Hydrocharis morsus-ranae,Hydrocharis morsus-ranae L.,global,5329266,6227863555,Hydrocharis morsus-ranae L.,2026-04-22,2026,,c8d737e0-2ff8-42e8-b8fc-6b805d26fc5f,Netherlands,Overijssel,52.6,5.95,HUMAN_OBSERVATION,https://observation.org/photos/148482527.jpg,http://creativecommons.org/licenses/by-nc-nd/4.0/,Corné van der Horst,Corné van der Horst,False
Hydrocharis morsus-ranae,Hydrocharis morsus-ranae L.,global,5329266,6227863555,Hydrocharis morsus-ranae L.,2026-04-22,2026,,c8d737e0-2ff8-42e8-b8fc-6b805d26fc5f,Netherlands,Overijssel,52.6,5.95,HUMAN_OBSERVATION,https://observation.org/photos/148482528.jpg,http://creativecommons.org/licenses/by-nc-nd/4.0/,Corné van der Horst,Corné van der Horst,False
Hydrocharis morsus-ranae,Hydrocharis morsus-ranae L.,global,5329266,6227863555,Hydrocharis morsus-ranae L.,2026-04-22,2026,,c8d737e0-2ff8-42e8-b8fc-6b805d26fc5f,Netherlands,Overijssel,52.6,5.95,HUMAN_OBSERVATION,https://observation.org/photos/148482529.jpg,http://creativecommons.org/licenses/by-nc-nd/4.0/,Corné van der Horst,Corné van der Horst,False
Hydrocharis morsus-ranae,Hydrocharis morsus-ranae L.,global,5329266,6227990625,Hydrocharis morsus-ranae L.,2026-04-25,2026,,c8d737e0-2ff8-42e8-b8fc-6b805d26fc5f,Netherlands,Friesland,52.95,6.35,HUMAN_OBSERVATION,https://observation.org/photos/148835966.jpg,http://creativecommons.org/licenses/by-nc-nd/4.0/,Wilma Burema,Wilma Burema,False
Hydrocharis morsus-ranae,Hydrocharis morsus-ranae L.,global,5329266,6227990625,Hydrocharis morsus-ranae L.,2026-04-25,2026,,c8d737e0-2ff8-42e8-b8fc-6b805d26fc5f,Netherlands,Friesland,52.95,6.35,HUMAN_OBSERVATION,https://observation.org/photos/148835967.jpg,http://creativecommons.org/licenses/by-nc-nd/4.0/,Wilma Burema,Wilma Burema,False
Hydrocharis morsus-ranae,Hydrocharis morsus-ranae L.,global,5329266,6227990625,Hydrocharis morsus-ranae L.,2026-04-25,2026,,c8d737e0-2ff8-42e8-b8fc-6b805d26fc5f,Netherlands,Friesland,52.95,6.35,HUMAN_OBSERVATION,https://observation.org/photos/148835968.jpg,http://creativecommons.org/licenses/by-nc-nd/4.0/,Wilma Burema,Wilma Burema,False
Hydrocharis morsus-ranae,Hydrocharis morsus-ranae L.,global,5329266,6228127460,Hydrocharis morsus-ranae L.,2026-04-25,2026,,c8d737e0-2ff8-42e8-b8fc-6b805d26fc5f,Netherlands,Groningen,53.1,6.6,HUMAN_OBSERVATION,https://observation.org/photos/148864488.jpg,http://creativecommons.org/licenses/by-nc-nd/4.0/,Hans Pohlmann,Hans Pohlmann,False
Hydrocharis morsus-ranae,Hydrocharis morsus-ranae L.,global,5329266,6228275429,Hydrocharis morsus-ranae L.,2026-04-19,2026,,c8d737e0-2ff8-42e8-b8fc-6b805d26fc5f,Netherlands,Noord-Brabant,51.75,5.0,HUMAN_OBSERVATION,https://observation.org/photos/148436742.jpg,http://creativecommons.org/licenses/by-nc-nd/4.0/,J. Kastelijn,J. Kastelijn,False
Hydrocharis morsus-ranae,Hydrocharis morsus-ranae L.,global,5329266,6234255318,Hydrocharis morsus-ranae L.,2026-04-19T15:00:13,2026,iNaturalist research-grade observations,28eb1a3f-1c15-4a95-931a-4af90ecb574d,Belgium,Vlaanderen,50.969498,4.792015,HUMAN_OBSERVATION,https://inaturalist-open-data.s3.amazonaws.com/photos/640706821/original.jpg,http://creativecommons.org/publicdomain/zero/1.0/,Hans Van Calster,Hans Van Calster,True
Hydrocharis morsus-ranae,Hydrocharis morsus-ranae L.,global,5329266,6234330010,Hydrocharis morsus-ranae L.,2026-04-11T06:01,2026,iNaturalist research-grade observations,28eb1a3f-1c15-4a95-931a-4af90ecb574d,United Kingdom of Great Britain and Northern Ireland,England,52.670475,1.527532,HUMAN_OBSERVATION,https://inaturalist-open-data.s3.amazonaws.com/photos/638308092/original.jpg,http://creativecommons.org/licenses/by/4.0/,Henry Miller,Henry Miller,True
Hydrocharis morsus-ranae,Hydrocharis morsus-ranae L.,global,5329266,6234401338,Hydrocharis morsus-ranae L.,2026-04-27T14:49:07,2026,iNaturalist research-grade observations,28eb1a3f-1c15-4a95-931a-4af90ecb574d,United Kingdom of Great Britain and Northern Ireland,England,53.257238,-2.50747,HUMAN_OBSERVATION,https://inaturalist-open-data.s3.amazonaws.com/photos/648057680/original.jpg,http://creativecommons.org/licenses/by-nc/4.0/,kategrozone,kategrozone,False
Hydrocharis morsus-ranae,Hydrocharis morsus-ranae L.,global,5329266,6234844697,Hydrocharis morsus-ranae L.,2026-04-11T06:08,2026,iNaturalist research-grade observations,28eb1a3f-1c15-4a95-931a-4af90ecb574d,United Kingdom of Great Britain and Northern Ireland,England,52.671388,1.527707,HUMAN_OBSERVATION,https://inaturalist-open-data.s3.amazonaws.com/photos/638308306/original.jpg,http://creativecommons.org/licenses/by/4.0/,Henry Miller,Henry Miller,True
Hydrocharis morsus-ranae,Hydrocharis morsus-ranae L.,global,5329266,6251621933,Hydrocharis morsus-ranae L.,2026-04-24T20:23:29,2026,iNaturalist research-grade observations,28eb1a3f-1c15-4a95-931a-4af90ecb574d,United Kingdom of Great Britain and Northern Ireland,England,52.401344,-1.495571,HUMAN_OBSERVATION,https://inaturalist-open-data.s3.amazonaws.com/photos/644111429/original.jpg,http://creativecommons.org/licenses/by-nc/4.0/,joeranger,joeranger,False
Hydrocharis morsus-ranae,Hydrocharis morsus-ranae L.,global,5329266,6251644885,Hydrocharis morsus-ranae L.,2026-04-27T15:23:27,2026,iNaturalist research-grade observations,28eb1a3f-1c15-4a95-931a-4af90ecb574d,Germany,Baden-Württemberg,47.689888,9.176413,HUMAN_OBSERVATION,https://inaturalist-open-data.s3.amazonaws.com/photos/649292885/original.jpg,http://creativecommons.org/licenses/by-nc/4.0/,Lea Held,Lea Held,False
Hydrocharis morsus-ranae,Hydrocharis morsus-ranae L.,global,5329266,6320797948,Hydrocharis morsus-ranae L.,2026-04-24T18:54:12,2026,iNaturalist research-grade observations,28eb1a3f-1c15-4a95-931a-4af90ecb574d,Austria,Steiermark,47.128568,15.602164,HUMAN_OBSERVATION,https://inaturalist-open-data.s3.amazonaws.com/photos/644013550/original.jpg,http://creativecommons.org/licenses/by-nc/4.0/,michgrub97,michgrub97,False
Hydrocharis morsus-ranae,Hydrocharis morsus-ranae L.,global,5329266,6341947056,Hydrocharis morsus-ranae L.,2026-04-27,2026,,c8d737e0-2ff8-42e8-b8fc-6b805d26fc5f,Netherlands,Gelderland,51.85,6.3,HUMAN_OBSERVATION,https://observation.org/photos/149475774.jpg,http://creativecommons.org/licenses/by-nc-nd/4.0/,Jeltje Berendsen,Jeltje Berendsen,False
Hydrocharis morsus-ranae,Hydrocharis morsus-ranae L.,global,5329266,6341947056,Hydrocharis morsus-ranae L.,2026-04-27,2026,,c8d737e0-2ff8-42e8-b8fc-6b805d26fc5f,Netherlands,Gelderland,51.85,6.3,HUMAN_OBSERVATION,https://observation.org/photos/149475777.jpg,http://creativecommons.org/licenses/by-nc-nd/4.0/,Jeltje Berendsen,Jeltje Berendsen,False
Hydrocharis morsus-ranae,Hydrocharis morsus-ranae L.,global,5329266,6341947056,Hydrocharis morsus-ranae L.,2026-04-27,2026,,c8d737e0-2ff8-42e8-b8fc-6b805d26fc5f,Netherlands,Gelderland,51.85,6.3,HUMAN_OBSERVATION,https://observation.org/photos/149475779.jpg,http://creativecommons.org/licenses/by-nc-nd/4.0/,Jeltje Berendsen,Jeltje Berendsen,False
Hydrocharis morsus-ranae,Hydrocharis morsus-ranae L.,global,5329266,6341947056,Hydrocharis morsus-ranae L.,2026-04-27,2026,,c8d737e0-2ff8-42e8-b8fc-6b805d26fc5f,Netherlands,Gelderland,51.85,6.3,HUMAN_OBSERVATION,https://observation.org/photos/149475781.jpg,http://creativecommons.org/licenses/by-nc-nd/4.0/,Jeltje Berendsen,Jeltje Berendsen,False
Hydrocharis morsus-ranae,Hydrocharis morsus-ranae L.,global,5329266,6341947056,Hydrocharis morsus-ranae L.,2026-04-27,2026,,c8d737e0-2ff8-42e8-b8fc-6b805d26fc5f,Netherlands,Gelderland,51.85,6.3,HUMAN_OBSERVATION,https://observation.org/photos/149475782.jpg,http://creativecommons.org/licenses/by-nc-nd/4.0/,Jeltje Berendsen,Jeltje Berendsen,False
Hydrocharis morsus-ranae,Hydrocharis morsus-ranae L.,global,5329266,6342410601,Hydrocharis morsus-ranae L.,2026-04-28,2026,,c8d737e0-2ff8-42e8-b8fc-6b805d26fc5f,Netherlands,Overijssel,52.75,5.95,HUMAN_OBSERVATION,https://observation.org/photos/149290004.jpg,http://creativecommons.org/licenses/by-nc-nd/4.0/,jwjm,jwjm,False
Hydrocharis morsus-ranae,Hydrocharis morsus-ranae L.,global,5329266,6343077902,Hydrocharis morsus-ranae L.,2026-04-28,2026,,c8d737e0-2ff8-42e8-b8fc-6b805d26fc5f,Netherlands,Groningen,53.15,6.8,HUMAN_OBSERVATION,https://observation.org/photos/149358896.jpg,http://creativecommons.org/licenses/by-nc-nd/4.0/,Rudie Jullens,Rudie Jullens,False
Hydrocharis morsus-ranae,Hydrocharis morsus-ranae L.,global,5329266,6343097900,Hydrocharis morsus-ranae L.,2026-04-27,2026,,c8d737e0-2ff8-42e8-b8fc-6b805d26fc5f,Netherlands,Noord-Brabant,51.65,4.95,HUMAN_OBSERVATION,https://observation.org/photos/149211376.jpg,http://creativecommons.org/licenses/by-nc-nd/4.0/,Bart,Bart,False
Hydrocharis morsus-ranae,Hydrocharis morsus-ranae L.,global,5329266,6343583647,Hydrocharis morsus-ranae L.,2026-04-29,2026,,c8d737e0-2ff8-42e8-b8fc-6b805d26fc5f,Netherlands,Drenthe,53.05,6.7,HUMAN_OBSERVATION,https://observation.org/photos/149482268.jpg,http://creativecommons.org/licenses/by-nc-nd/4.0/,Wiep,Wiep,False
Hydrocharis morsus-ranae,Hydrocharis morsus-ranae L.,global,5329266,6344325434,Hydrocharis morsus-ranae L.,2026-04-26,2026,,c8d737e0-2ff8-42e8-b8fc-6b805d26fc5f,Netherlands,Overijssel,52.3,6.1,HUMAN_OBSERVATION,https://observation.org/photos/149564663.jpg,http://creativecommons.org/licenses/by-nc-nd/4.0/,Bouwina Geurts,Bouwina Geurts,False
Hydrocharis morsus-ranae,Hydrocharis morsus-ranae L.,global,5329266,6413821058,Hydrocharis morsus-ranae L.,2026-04-26T08:48:28,2026,iNaturalist research-grade observations,28eb1a3f-1c15-4a95-931a-4af90ecb574d,Germany,Schleswig-Holstein,54.337298,10.198428,HUMAN_OBSERVATION,https://inaturalist-open-data.s3.amazonaws.com/photos/646156157/original.jpg,http://creativecommons.org/licenses/by-nc/4.0/,daniel_koerbaecher,daniel_koerbaecher,False
Hydrocharis morsus-ranae,Hydrocharis morsus-ranae L.,global,5329266,6422497343,Hydrocharis morsus-ranae L.,2026-04-26T12:05:18,2026,iNaturalist research-grade observations,28eb1a3f-1c15-4a95-931a-4af90ecb574d,United Kingdom of Great Britain and Northern Ireland,England,52.443495,-0.189343,HUMAN_OBSERVATION,https://inaturalist-open-data.s3.amazonaws.com/photos/687159309/original.jpg,http://creativecommons.org/licenses/by-nc/4.0/,Tim Newbold,Tim Newbold,False
Hydrocharis morsus-ranae,Hydrocharis morsus-ranae L.,great_lakes_bbox,5329266,6320324047,Hydrocharis morsus-ranae L.,2026-05-17T13:14:38,2026,iNaturalist research-grade observations,28eb1a3f-1c15-4a95-931a-4af90ecb574d,United States of America,Michigan,44.00253,-83.70636,HUMAN_OBSERVATION,https://inaturalist-open-data.s3.amazonaws.com/photos/661516303/original.jpg,http://creativecommons.org/licenses/by-nc/4.0/,Julia,Julia,False
Hydrocharis morsus-ranae,Hydrocharis morsus-ranae L.,great_lakes_bbox,5329266,6320324047,Hydrocharis morsus-ranae L.,2026-05-17T13:14:38,2026,iNaturalist research-grade observations,28eb1a3f-1c15-4a95-931a-4af90ecb574d,United States of America,Michigan,44.00253,-83.70636,HUMAN_OBSERVATION,https://inaturalist-open-data.s3.amazonaws.com/photos/661516493/original.jpg,http://creativecommons.org/licenses/by-nc/4.0/,Julia,Julia,False
Hydrocharis morsus-ranae,Hydrocharis morsus-ranae L.,great_lakes_bbox,5329266,6320324047,Hydrocharis morsus-ranae L.,2026-05-17T13:14:38,2026,iNaturalist research-grade observations,28eb1a3f-1c15-4a95-931a-4af90ecb574d,United States of America,Michigan,44.00253,-83.70636,HUMAN_OBSERVATION,https://inaturalist-open-data.s3.amazonaws.com/photos/661516606/original.jpg,http://creativecommons.org/licenses/by-nc/4.0/,Julia,Julia,False
Myriophyllum sibiricum,Myriophyllum sibiricum Kom.,global,5361764,6251649220,Myriophyllum sibiricum Kom.,2026-04-12T14:54:56,2026,iNaturalist research-grade observations,28eb1a3f-1c15-4a95-931a-4af90ecb574d,United States of America,Minnesota,45.155086,-92.795001,HUMAN_OBSERVATION,https://inaturalist-open-data.s3.amazonaws.com/photos/637254265/original.jpg,http://creativecommons.org/publicdomain/zero/1.0/,Jonny Tostenson,Jonny Tostenson,True
Myriophyllum sibiricum,Myriophyllum sibiricum Kom.,global,5361764,6320728033,Myriophyllum sibiricum Kom.,2026-04-30T12:38:57,2026,iNaturalist research-grade observations,28eb1a3f-1c15-4a95-931a-4af90ecb574d,United States of America,Minnesota,45.714237,-95.578661,HUMAN_OBSERVATION,https://inaturalist-open-data.s3.amazonaws.com/photos/650911078/original.jpg,http://creativecommons.org/licenses/by-nc/4.0/,wes_inc,wes_inc,False
Myriophyllum sibiricum,Myriophyllum sibiricum Kom.,global,5361764,6320728033,Myriophyllum sibiricum Kom.,2026-04-30T12:38:57,2026,iNaturalist research-grade observations,28eb1a3f-1c15-4a95-931a-4af90ecb574d,United States of America,Minnesota,45.714237,-95.578661,HUMAN_OBSERVATION,https://inaturalist-open-data.s3.amazonaws.com/photos/650911128/original.jpg,http://creativecommons.org/licenses/by-nc/4.0/,wes_inc,wes_inc,False
Myriophyllum sibiricum,Myriophyllum sibiricum Kom.,global,5361764,6320728033,Myriophyllum sibiricum Kom.,2026-04-30T12:38:57,2026,iNaturalist research-grade observations,28eb1a3f-1c15-4a95-931a-4af90ecb574d,United States of America,Minnesota,45.714237,-95.578661,HUMAN_OBSERVATION,https://inaturalist-open-data.s3.amazonaws.com/photos/650911195/original.jpg,http://creativecommons.org/licenses/by-nc/4.0/,wes_inc,wes_inc,False
Myriophyllum sibiricum,Myriophyllum sibiricum Kom.,global,5361764,6320728033,Myriophyllum sibiricum Kom.,2026-04-30T12:38:57,2026,iNaturalist research-grade observations,28eb1a3f-1c15-4a95-931a-4af90ecb574d,United States of America,Minnesota,45.714237,-95.578661,HUMAN_OBSERVATION,https://inaturalist-open-data.s3.amazonaws.com/photos/650911257/original.jpg,http://creativecommons.org/licenses/by-nc/4.0/,wes_inc,wes_inc,False
Myriophyllum sibiricum,Myriophyllum sibiricum Kom.,global,5361764,6320728033,Myriophyllum sibiricum Kom.,2026-04-30T12:38:57,2026,iNaturalist research-grade observations,28eb1a3f-1c15-4a95-931a-4af90ecb574d,United States of America,Minnesota,45.714237,-95.578661,HUMAN_OBSERVATION,https://inaturalist-open-data.s3.amazonaws.com/photos/650911291/original.jpg,http://creativecommons.org/licenses/by-nc/4.0/,wes_inc,wes_inc,False
Myriophyllum sibiricum,Myriophyllum sibiricum Kom.,global,5361764,6398730361,Myriophyllum sibiricum Kom.,2026-06-05T11:14,2026,iNaturalist research-grade observations,28eb1a3f-1c15-4a95-931a-4af90ecb574d,Russian Federation,Yaroslavl',58.062137,38.245525,HUMAN_OBSERVATION,https://inaturalist-open-data.s3.amazonaws.com/photos/673234703/original.jpg,http://creativecommons.org/licenses/by-nc/4.0/,Eduard Garin,Eduard Garin,False
Myriophyllum sibiricum,Myriophyllum sibiricum Kom.,global,5361764,6398730361,Myriophyllum sibiricum Kom.,2026-06-05T11:14,2026,iNaturalist research-grade observations,28eb1a3f-1c15-4a95-931a-4af90ecb574d,Russian Federation,Yaroslavl',58.062137,38.245525,HUMAN_OBSERVATION,https://inaturalist-open-data.s3.amazonaws.com/photos/673234684/original.jpg,http://creativecommons.org/licenses/by-nc/4.0/,Eduard Garin,Eduard Garin,False
Myriophyllum sibiricum,Myriophyllum sibiricum Kom.,global,5361764,6398730361,Myriophyllum sibiricum Kom.,2026-06-05T11:14,2026,iNaturalist research-grade observations,28eb1a3f-1c15-4a95-931a-4af90ecb574d,Russian Federation,Yaroslavl',58.062137,38.245525,HUMAN_OBSERVATION,https://inaturalist-open-data.s3.amazonaws.com/photos/673234685/original.jpg,http://creativecommons.org/licenses/by-nc/4.0/,Eduard Garin,Eduard Garin,False
Myriophyllum sibiricum,Myriophyllum sibiricum Kom.,global,5361764,6398739882,Myriophyllum sibiricum Kom.,2026-06-03T13:18:48,2026,iNaturalist research-grade observations,28eb1a3f-1c15-4a95-931a-4af90ecb574d,United States of America,Minnesota,46.149064,-93.495554,HUMAN_OBSERVATION,https://inaturalist-open-data.s3.amazonaws.com/photos/673092520/original.jpg,http://creativecommons.org/licenses/by-nc/4.0/,R. Lucine,R. Lucine,False
Myriophyllum sibiricum,Myriophyllum sibiricum Kom.,global,5361764,6398739882,Myriophyllum sibiricum Kom.,2026-06-03T13:18:48,2026,iNaturalist research-grade observations,28eb1a3f-1c15-4a95-931a-4af90ecb574d,United States of America,Minnesota,46.149064,-93.495554,HUMAN_OBSERVATION,https://inaturalist-open-data.s3.amazonaws.com/photos/673092559/original.jpg,http://creativecommons.org/licenses/by-nc/4.0/,R. Lucine,R. Lucine,False
Myriophyllum sibiricum,Myriophyllum sibiricum Kom.,global,5361764,6400222107,Myriophyllum sibiricum Kom.,2026-06-13T21:03:51,2026,iNaturalist research-grade observations,28eb1a3f-1c15-4a95-931a-4af90ecb574d,Canada,Ontario,48.857678,-90.4868,HUMAN_OBSERVATION,https://inaturalist-open-data.s3.amazonaws.com/photos/679140657/original.jpg,http://creativecommons.org/licenses/by-nc/4.0/,Emily Palahnuk,Emily Palahnuk,False
Myriophyllum sibiricum,Myriophyllum sibiricum Kom.,global,5361764,6400222107,Myriophyllum sibiricum Kom.,2026-06-13T21:03:51,2026,iNaturalist research-grade observations,28eb1a3f-1c15-4a95-931a-4af90ecb574d,Canada,Ontario,48.857678,-90.4868,HUMAN_OBSERVATION,https://inaturalist-open-data.s3.amazonaws.com/photos/679140718/original.jpg,http://creativecommons.org/licenses/by-nc/4.0/,Emily Palahnuk,Emily Palahnuk,False
Myriophyllum sibiricum,Myriophyllum sibiricum Kom.,global,5361764,6400222107,Myriophyllum sibiricum Kom.,2026-06-13T21:03:51,2026,iNaturalist research-grade observations,28eb1a3f-1c15-4a95-931a-4af90ecb574d,Canada,Ontario,48.857678,-90.4868,HUMAN_OBSERVATION,https://inaturalist-open-data.s3.amazonaws.com/photos/679140767/original.jpg,http://creativecommons.org/licenses/by-nc/4.0/,Emily Palahnuk,Emily Palahnuk,False
Myriophyllum sibiricum,Myriophyllum sibiricum Kom.,global,5361764,6400222107,Myriophyllum sibiricum Kom.,2026-06-13T21:03:51,2026,iNaturalist research-grade observations,28eb1a3f-1c15-4a95-931a-4af90ecb574d,Canada,Ontario,48.857678,-90.4868,HUMAN_OBSERVATION,https://inaturalist-open-data.s3.amazonaws.com/photos/679140814/original.jpg,http://creativecommons.org/licenses/by-nc/4.0/,Emily Palahnuk,Emily Palahnuk,False
Myriophyllum sibiricum,Myriophyllum sibiricum Kom.,global,5361764,6413578662,Myriophyllum sibiricum Kom.,2026-06-22T17:12:56,2026,iNaturalist research-grade observations,28eb1a3f-1c15-4a95-931a-4af90ecb574d,Russian Federation,Tyumen',56.806583,65.398942,HUMAN_OBSERVATION,https://inaturalist-open-data.s3.amazonaws.com/photos/684141018/original.jpg,http://creativecommons.org/licenses/by-nc/4.0/,Саранчин Евгений,Саранчин Евгений,False
Myriophyllum sibiricum,Myriophyllum sibiricum Kom.,global,5361764,6413578662,Myriophyllum sibiricum Kom.,2026-06-22T17:12:56,2026,iNaturalist research-grade observations,28eb1a3f-1c15-4a95-931a-4af90ecb574d,Russian Federation,Tyumen',56.806583,65.398942,HUMAN_OBSERVATION,https://inaturalist-open-data.s3.amazonaws.com/photos/684141072/original.jpg,http://creativecommons.org/licenses/by-nc/4.0/,Саранчин Евгений,Саранчин Евгений,False
Myriophyllum sibiricum,Myriophyllum sibiricum Kom.,global,5361764,6413578662,Myriophyllum sibiricum Kom.,2026-06-22T17:12:56,2026,iNaturalist research-grade observations,28eb1a3f-1c15-4a95-931a-4af90ecb574d,Russian Federation,Tyumen',56.806583,65.398942,HUMAN_OBSERVATION,https://inaturalist-open-data.s3.amazonaws.com/photos/684141112/original.jpg,http://creativecommons.org/licenses/by-nc/4.0/,Саранчин Евгений,Саранчин Евгений,False
Myriophyllum sibiricum,Myriophyllum sibiricum Kom.,global,5361764,6413578662,Myriophyllum sibiricum Kom.,2026-06-22T17:12:56,2026,iNaturalist research-grade observations,28eb1a3f-1c15-4a95-931a-4af90ecb574d,Russian Federation,Tyumen',56.806583,65.398942,HUMAN_OBSERVATION,https://inaturalist-open-data.s3.amazonaws.com/photos/684141155/original.jpg,http://creativecommons.org/licenses/by-nc/4.0/,Саранчин Евгений,Саранчин Евгений,False
Myriophyllum sibiricum,Myriophyllum sibiricum Kom.,global,5361764,6413578662,Myriophyllum sibiricum Kom.,2026-06-22T17:12:56,2026,iNaturalist research-grade observations,28eb1a3f-1c15-4a95-931a-4af90ecb574d,Russian Federation,Tyumen',56.806583,65.398942,HUMAN_OBSERVATION,https://inaturalist-open-data.s3.amazonaws.com/photos/684141212/original.jpg,http://creativecommons.org/licenses/by-nc/4.0/,Саранчин Евгений,Саранчин Евгений,False
Myriophyllum sibiricum,Myriophyllum sibiricum Kom.,global,5361764,6413578662,Myriophyllum sibiricum Kom.,2026-06-22T17:12:56,2026,iNaturalist research-grade observations,28eb1a3f-1c15-4a95-931a-4af90ecb574d,Russian Federation,Tyumen',56.806583,65.398942,HUMAN_OBSERVATION,https://inaturalist-open-data.s3.amazonaws.com/photos/684663276/original.jpg,http://creativecommons.org/licenses/by-nc/4.0/,Саранчин Евгений,Саранчин Евгений,False
Myriophyllum sibiricum,Myriophyllum sibiricum Kom.,global,5361764,6414063923,Myriophyllum sibiricum Kom.,2026-06-18T09:38:31,2026,iNaturalist research-grade observations,28eb1a3f-1c15-4a95-931a-4af90ecb574d,United States of America,Montana,47.035911,-113.389375,HUMAN_OBSERVATION,https://inaturalist-open-data.s3.amazonaws.com/photos/682095404/original.jpg,http://creativecommons.org/licenses/by-nc/4.0/,Sophiane Nacer,Sophiane Nacer,False
Myriophyllum sibiricum,Myriophyllum sibiricum Kom.,global,5361764,6414063923,Myriophyllum sibiricum Kom.,2026-06-18T09:38:31,2026,iNaturalist research-grade observations,28eb1a3f-1c15-4a95-931a-4af90ecb574d,United States of America,Montana,47.035911,-113.389375,HUMAN_OBSERVATION,https://inaturalist-open-data.s3.amazonaws.com/photos/682095390/original.jpg,http://creativecommons.org/licenses/by-nc/4.0/,Sophiane Nacer,Sophiane Nacer,False
Myriophyllum sibiricum,Myriophyllum sibiricum Kom.,global,5361764,6414063923,Myriophyllum sibiricum Kom.,2026-06-18T09:38:31,2026,iNaturalist research-grade observations,28eb1a3f-1c15-4a95-931a-4af90ecb574d,United States of America,Montana,47.035911,-113.389375,HUMAN_OBSERVATION,https://inaturalist-open-data.s3.amazonaws.com/photos/682095403/original.jpg,http://creativecommons.org/licenses/by-nc/4.0/,Sophiane Nacer,Sophiane Nacer,False
Myriophyllum sibiricum,Myriophyllum sibiricum Kom.,global,5361764,6422923719,Myriophyllum sibiricum Kom.,2026-06-22T14:30:26,2026,iNaturalist research-grade observations,28eb1a3f-1c15-4a95-931a-4af90ecb574d,United States of America,Wyoming,44.616522,-110.855255,HUMAN_OBSERVATION,https://inaturalist-open-data.s3.amazonaws.com/photos/684409892/original.jpg,http://creativecommons.org/licenses/by-nc/4.0/,Amy Boros,Amy Boros,False
Myriophyllum sibiricum,Myriophyllum sibiricum Kom.,global,5361764,6428035357,Myriophyllum sibiricum Kom.,2026-07-03,2026,,d3978a37-635a-4ae3-bb85-7b4d41bc0b88,Norway,Innlandet,62.122344,10.039545,HUMAN_OBSERVATION,https://www.artsobservasjoner.no/MediaLibrary/2026/7/357350a8-de1c-4ba8-b044-df30bb445c47_image.jpg,© All rights reserved,Finn Gregersen,,False
Myriophyllum sibiricum,Myriophyllum sibiricum Kom.,global,5361764,6441485673,Myriophyllum sibiricum Kom.,2026-07-06T12:48,2026,iNaturalist research-grade observations,28eb1a3f-1c15-4a95-931a-4af90ecb574d,Canada,Yukon,60.100492,-133.817764,HUMAN_OBSERVATION,https://inaturalist-open-data.s3.amazonaws.com/photos/693173989/original.jpg,http://creativecommons.org/licenses/by-nc/4.0/,Bruce Bennett,Bruce Bennett,False
Myriophyllum sibiricum,Myriophyllum sibiricum Kom.,global,5361764,6441665547,Myriophyllum sibiricum Kom.,2026-07-05T10:10,2026,iNaturalist research-grade observations,28eb1a3f-1c15-4a95-931a-4af90ecb574d,Russian Federation,Ivanovo,57.120865,40.852255,HUMAN_OBSERVATION,https://inaturalist-open-data.s3.amazonaws.com/photos/692681829/original.jpg,http://creativecommons.org/licenses/by/4.0/,Екатерина Войнова,Екатерина Войнова,True
Myriophyllum sibiricum,Myriophyllum sibiricum Kom.,global,5361764,6441665547,Myriophyllum sibiricum Kom.,2026-07-05T10:10,2026,iNaturalist research-grade observations,28eb1a3f-1c15-4a95-931a-4af90ecb574d,Russian Federation,Ivanovo,57.120865,40.852255,HUMAN_OBSERVATION,https://inaturalist-open-data.s3.amazonaws.com/photos/692682775/original.jpg,http://creativecommons.org/licenses/by/4.0/,Екатерина Войнова,Екатерина Войнова,True
Myriophyllum sibiricum,Myriophyllum sibiricum Kom.,global,5361764,6441665547,Myriophyllum sibiricum Kom.,2026-07-05T10:10,2026,iNaturalist research-grade observations,28eb1a3f-1c15-4a95-931a-4af90ecb574d,Russian Federation,Ivanovo,57.120865,40.852255,HUMAN_OBSERVATION,https://inaturalist-open-data.s3.amazonaws.com/photos/692682786/original.jpg,http://creativecommons.org/licenses/by/4.0/,Екатерина Войнова,Екатерина Войнова,True
Myriophyllum sibiricum,Myriophyllum sibiricum Kom.,global,5361764,6470783072,Myriophyllum sibiricum Kom.,2026-07-22T12:09,2026,iNaturalist research-grade observations,28eb1a3f-1c15-4a95-931a-4af90ecb574d,United States of America,California,37.584971,-118.861211,HUMAN_OBSERVATION,https://inaturalist-open-data.s3.amazonaws.com/photos/703360841/original.jpg,http://creativecommons.org/licenses/by-nc/4.0/,Caleb Swingholm,Caleb Swingholm,False
Myriophyllum sibiricum,Myriophyllum sibiricum Kom.,global,5361764,6470783072,Myriophyllum sibiricum Kom.,2026-07-22T12:09,2026,iNaturalist research-grade observations,28eb1a3f-1c15-4a95-931a-4af90ecb574d,United States of America,California,37.584971,-118.861211,HUMAN_OBSERVATION,https://inaturalist-open-data.s3.amazonaws.com/photos/703360834/original.jpg,http://creativecommons.org/licenses/by-nc/4.0/,Caleb Swingholm,Caleb Swingholm,False
Myriophyllum sibiricum,Myriophyllum sibiricum Kom.,global,5361764,6479170907,Myriophyllum sibiricum Kom.,2026-07-25T15:35:50,2026,iNaturalist research-grade observations,28eb1a3f-1c15-4a95-931a-4af90ecb574d,United States of America,California,37.619745,-119.007254,HUMAN_OBSERVATION,https://inaturalist-open-data.s3.amazonaws.com/photos/705780464/original.jpg,http://creativecommons.org/licenses/by-nc/4.0/,Caleb Swingholm,Caleb Swingholm,False
Myriophyllum sibiricum,Myriophyllum sibiricum Kom.,global,5361764,6481478567,Myriophyllum sibiricum Kom.,2026-07-26T17:30,2026,iNaturalist research-grade observations,28eb1a3f-1c15-4a95-931a-4af90ecb574d,United States of America,California,37.627425,-119.074452,HUMAN_OBSERVATION,https://inaturalist-open-data.s3.amazonaws.com/photos/705797896/original.jpg,http://creativecommons.org/licenses/by-nc/4.0/,Caleb Swingholm,Caleb Swingholm,False
Myriophyllum sibiricum,Myriophyllum sibiricum Kom.,global,5361764,6481478567,Myriophyllum sibiricum Kom.,2026-07-26T17:30,2026,iNaturalist research-grade observations,28eb1a3f-1c15-4a95-931a-4af90ecb574d,United States of America,California,37.627425,-119.074452,HUMAN_OBSERVATION,https://inaturalist-open-data.s3.amazonaws.com/photos/705797891/original.jpg,http://creativecommons.org/licenses/by-nc/4.0/,Caleb Swingholm,Caleb Swingholm,False
Myriophyllum sibiricum,Myriophyllum sibiricum Kom.,global,5361764,6481478567,Myriophyllum sibiricum Kom.,2026-07-26T17:30,2026,iNaturalist research-grade observations,28eb1a3f-1c15-4a95-931a-4af90ecb574d,United States of America,California,37.627425,-119.074452,HUMAN_OBSERVATION,https://inaturalist-open-data.s3.amazonaws.com/photos/705797876/original.jpg,http://creativecommons.org/licenses/by-nc/4.0/,Caleb Swingholm,Caleb Swingholm,False
Myriophyllum sibiricum,Myriophyllum sibiricum Kom.,global,5361764,6481478567,Myriophyllum sibiricum Kom.,2026-07-26T17:30,2026,iNaturalist research-grade observations,28eb1a3f-1c15-4a95-931a-4af90ecb574d,United States of America,California,37.627425,-119.074452,HUMAN_OBSERVATION,https://inaturalist-open-data.s3.amazonaws.com/photos/705797870/original.jpg,http://creativecommons.org/licenses/by-nc/4.0/,Caleb Swingholm,Caleb Swingholm,False
Myriophyllum sibiricum,Myriophyllum sibiricum Kom.,global,5361764,6481478567,Myriophyllum sibiricum Kom.,2026-07-26T17:30,2026,iNaturalist research-grade observations,28eb1a3f-1c15-4a95-931a-4af90ecb574d,United States of America,California,37.627425,-119.074452,HUMAN_OBSERVATION,https://inaturalist-open-data.s3.amazonaws.com/photos/705787155/original.jpg,http://creativecommons.org/licenses/by-nc/4.0/,Caleb Swingholm,Caleb Swingholm,False
Myriophyllum sibiricum,Myriophyllum sibiricum Kom.,global,5361764,6499564754,Myriophyllum sibiricum Kom.,2026-07-28T12:02,2026,iNaturalist research-grade observations,28eb1a3f-1c15-4a95-931a-4af90ecb574d,Mongolia,Arhangay,47.621463,102.005246,HUMAN_OBSERVATION,https://inaturalist-open-data.s3.amazonaws.com/photos/709593095/original.jpg,http://creativecommons.org/licenses/by-nc/4.0/,Kherlenchimeg Nyamsuren,Kherlenchimeg Nyamsuren,False
Myriophyllum sibiricum,Myriophyllum sibiricum Kom.,global,5361764,6499564754,Myriophyllum sibiricum Kom.,2026-07-28T12:02,2026,iNaturalist research-grade observations,28eb1a3f-1c15-4a95-931a-4af90ecb574d,Mongolia,Arhangay,47.621463,102.005246,HUMAN_OBSERVATION,https://inaturalist-open-data.s3.amazonaws.com/photos/709593090/original.jpg,http://creativecommons.org/licenses/by-nc/4.0/,Kherlenchimeg Nyamsuren,Kherlenchimeg Nyamsuren,False
Myriophyllum sibiricum,Myriophyllum sibiricum Kom.,global,5361764,6499564754,Myriophyllum sibiricum Kom.,2026-07-28T12:02,2026,iNaturalist research-grade observations,28eb1a3f-1c15-4a95-931a-4af90ecb574d,Mongolia,Arhangay,47.621463,102.005246,HUMAN_OBSERVATION,https://inaturalist-open-data.s3.amazonaws.com/photos/709593083/original.jpg,http://creativecommons.org/licenses/by-nc/4.0/,Kherlenchimeg Nyamsuren,Kherlenchimeg Nyamsuren,False
Myriophyllum sibiricum,Myriophyllum sibiricum Kom.,global,5361764,6499564754,Myriophyllum sibiricum Kom.,2026-07-28T12:02,2026,iNaturalist research-grade observations,28eb1a3f-1c15-4a95-931a-4af90ecb574d,Mongolia,Arhangay,47.621463,102.005246,HUMAN_OBSERVATION,https://inaturalist-open-data.s3.amazonaws.com/photos/709593107/original.jpg,http://creativecommons.org/licenses/by-nc/4.0/,Kherlenchimeg Nyamsuren,Kherlenchimeg Nyamsuren,False
Myriophyllum sibiricum,Myriophyllum sibiricum Kom.,global,5361764,6498535388,Myriophyllum sibiricum Kom.,2026-08-20T10:44:35,2026,iNaturalist research-grade observations,28eb1a3f-1c15-4a95-931a-4af90ecb574d,United States of America,Minnesota,45.287135,-93.907884,HUMAN_OBSERVATION,https://inaturalist-open-data.s3.amazonaws.com/photos/720451222/original.jpg,http://creativecommons.org/licenses/by-nc/4.0/,Andrea Lorek Strauss,Andrea Lorek Strauss,False
Myriophyllum sibiricum,Myriophyllum sibiricum Kom.,global,5361764,6500084315,Myriophyllum sibiricum Kom.,2026-08-20T10:25:10,2026,iNaturalist research-grade observations,28eb1a3f-1c15-4a95-931a-4af90ecb574d,United States of America,Minnesota,45.30358,-94.932547,HUMAN_OBSERVATION,https://inaturalist-open-data.s3.amazonaws.com/photos/720491682/original.jpg,http://creativecommons.org/licenses/by-nc/4.0/,erin,erin,False
Myriophyllum sibiricum,Myriophyllum sibiricum Kom.,global,5361764,6500380534,Myriophyllum sibiricum Kom.,2026-08-19T15:42:48,2026,iNaturalist research-grade observations,28eb1a3f-1c15-4a95-931a-4af90ecb574d,Canada,Alberta,52.377102,-114.165124,HUMAN_OBSERVATION,https://inaturalist-open-data.s3.amazonaws.com/photos/719971258/original.jpg,http://creativecommons.org/licenses/by-nc/4.0/,Xavier Quantz,Xavier Quantz,False
Myriophyllum sibiricum,Myriophyllum sibiricum Kom.,global,5361764,6500380534,Myriophyllum sibiricum Kom.,2026-08-19T15:42:48,2026,iNaturalist research-grade observations,28eb1a3f-1c15-4a95-931a-4af90ecb574d,Canada,Alberta,52.377102,-114.165124,HUMAN_OBSERVATION,https://inaturalist-open-data.s3.amazonaws.com/photos/719971303/original.jpg,http://creativecommons.org/licenses/by-nc/4.0/,Xavier Quantz,Xavier Quantz,False
Myriophyllum sibiricum,Myriophyllum sibiricum Kom.,global,5361764,6500380534,Myriophyllum sibiricum Kom.,2026-08-19T15:42:48,2026,iNaturalist research-grade observations,28eb1a3f-1c15-4a95-931a-4af90ecb574d,Canada,Alberta,52.377102,-114.165124,HUMAN_OBSERVATION,https://inaturalist-open-data.s3.amazonaws.com/photos/719971345/original.jpg,http://creativecommons.org/licenses/by-nc/4.0/,Xavier Quantz,Xavier Quantz,False
Myriophyllum sibiricum,Myriophyllum sibiricum Kom.,global,5361764,6500380534,Myriophyllum sibiricum Kom.,2026-08-19T15:42:48,2026,iNaturalist research-grade observations,28eb1a3f-1c15-4a95-931a-4af90ecb574d,Canada,Alberta,52.377102,-114.165124,HUMAN_OBSERVATION,https://inaturalist-open-data.s3.amazonaws.com/photos/719971371/original.jpg,http://creativecommons.org/licenses/by-nc/4.0/,Xavier Quantz,Xavier Quantz,False
Myriophyllum sibiricum,Myriophyllum sibiricum Kom.,global,5361764,6500380534,Myriophyllum sibiricum Kom.,2026-08-19T15:42:48,2026,iNaturalist research-grade observations,28eb1a3f-1c15-4a95-931a-4af90ecb574d,Canada,Alberta,52.377102,-114.165124,HUMAN_OBSERVATION,https://inaturalist-open-data.s3.amazonaws.com/photos/719971404/original.jpg,http://creativecommons.org/licenses/by-nc/4.0/,Xavier Quantz,Xavier Quantz,False
Myriophyllum sibiricum,Myriophyllum sibiricum Kom.,global,5361764,6500380534,Myriophyllum sibiricum Kom.,2026-08-19T15:42:48,2026,iNaturalist research-grade observations,28eb1a3f-1c15-4a95-931a-4af90ecb574d,Canada,Alberta,52.377102,-114.165124,HUMAN_OBSERVATION,https://inaturalist-open-data.s3.amazonaws.com/photos/719971499/original.jpg,http://creativecommons.org/licenses/by-nc/4.0/,Xavier Quantz,Xavier Quantz,False
Myriophyllum sibiricum,Myriophyllum sibiricum Kom.,global,5361764,6500380534,Myriophyllum sibiricum Kom.,2026-08-19T15:42:48,2026,iNaturalist research-grade observations,28eb1a3f-1c15-4a95-931a-4af90ecb574d,Canada,Alberta,52.377102,-114.165124,HUMAN_OBSERVATION,https://inaturalist-open-data.s3.amazonaws.com/photos/719971590/original.jpg,http://creativecommons.org/licenses/by-nc/4.0/,Xavier Quantz,Xavier Quantz,False
Myriophyllum sibiricum,Myriophyllum sibiricum Kom.,global,5361764,6509484748,Myriophyllum sibiricum Kom.,2026-08-24,2026,Naturrestaurering AS - kartleggingsdata,d3978a37-635a-4ae3-bb85-7b4d41bc0b88,Norway,Troms,68.829489,18.357675,HUMAN_OBSERVATION,https://www.artsobservasjoner.no/MediaLibrary/2026/8/62c7c92b-7113-466d-a9d7-f112232e6094_image.jpg,http://creativecommons.org/licenses/by/4.0/,Jørn Olav Løkken,,True
Myriophyllum sibiricum,Myriophyllum sibiricum Kom.,global,5361764,6509484748,Myriophyllum sibiricum Kom.,2026-08-24,2026,Naturrestaurering AS - kartleggingsdata,d3978a37-635a-4ae3-bb85-7b4d41bc0b88,Norway,Troms,68.829489,18.357675,HUMAN_OBSERVATION,https://www.artsobservasjoner.no/MediaLibrary/2026/8/66723b99-f40b-41fe-af78-05b29ebae995_image.jpg,http://creativecommons.org/licenses/by/4.0/,Jørn Olav Løkken,,True
Myriophyllum sibiricum,Myriophyllum sibiricum Kom.,global,5361764,6509484748,Myriophyllum sibiricum Kom.,2026-08-24,2026,Naturrestaurering AS - kartleggingsdata,d3978a37-635a-4ae3-bb85-7b4d41bc0b88,Norway,Troms,68.829489,18.357675,HUMAN_OBSERVATION,https://www.artsobservasjoner.no/MediaLibrary/2026/8/6b59c325-9755-430f-adfb-9b48b9fe0cb1_image.jpg,http://creativecommons.org/licenses/by/4.0/,Jørn Olav Løkken,,True
Myriophyllum sibiricum,Myriophyllum sibiricum Kom.,global,5361764,6509484748,Myriophyllum sibiricum Kom.,2026-08-24,2026,Naturrestaurering AS - kartleggingsdata,d3978a37-635a-4ae3-bb85-7b4d41bc0b88,Norway,Troms,68.829489,18.357675,HUMAN_OBSERVATION,https://www.artsobservasjoner.no/MediaLibrary/2026/8/7fb0be23-4568-43af-874d-f057be20fb0d_image.jpg,http://creativecommons.org/licenses/by/4.0/,Jørn Olav Løkken,,True
Myriophyllum sibiricum,Myriophyllum sibiricum Kom.,global,5361764,6509484748,Myriophyllum sibiricum Kom.,2026-08-24,2026,Naturrestaurering AS - kartleggingsdata,d3978a37-635a-4ae3-bb85-7b4d41bc0b88,Norway,Troms,68.829489,18.357675,HUMAN_OBSERVATION,https://www.artsobservasjoner.no/MediaLibrary/2026/8/a2e01965-555f-455b-9cc4-ffd5d45ec7cd_image.jpg,http://creativecommons.org/licenses/by/4.0/,Jørn Olav Løkken,,True
Myriophyllum sibiricum,Myriophyllum sibiricum Kom.,global,5361764,6509484748,Myriophyllum sibiricum Kom.,2026-08-24,2026,Naturrestaurering AS - kartleggingsdata,d3978a37-635a-4ae3-bb85-7b4d41bc0b88,Norway,Troms,68.829489,18.357675,HUMAN_OBSERVATION,https://www.artsobservasjoner.no/MediaLibrary/2026/8/ac1cfa93-8f3a-4501-85cb-ad730b33ef23_image.jpg,http://creativecommons.org/licenses/by/4.0/,Jørn Olav Løkken,,True
Myriophyllum sibiricum,Myriophyllum sibiricum Kom.,global,5361764,6509536751,Myriophyllum sibiricum Kom.,2026-08-25,2026,Naturrestaurering AS - kartleggingsdata,d3978a37-635a-4ae3-bb85-7b4d41bc0b88,Norway,Troms,68.805316,18.440113,HUMAN_OBSERVATION,https://www.artsobservasjoner.no/MediaLibrary/2026/8/133ea4f9-375c-47ba-9bfe-24fd00e81caf_image.jpg,http://creativecommons.org/licenses/by/4.0/,Jørn Olav Løkken,,True
Myriophyllum sibiricum,Myriophyllum sibiricum Kom.,global,5361764,6509536751,Myriophyllum sibiricum Kom.,2026-08-25,2026,Naturrestaurering AS - kartleggingsdata,d3978a37-635a-4ae3-bb85-7b4d41bc0b88,Norway,Troms,68.805316,18.440113,HUMAN_OBSERVATION,https://www.artsobservasjoner.no/MediaLibrary/2026/8/671f68ff-6a1a-46b9-8e72-6fe4062fcab2_image.jpg,http://creativecommons.org/licenses/by/4.0/,Jørn Olav Løkken,,True
Myriophyllum sibiricum,Myriophyllum sibiricum Kom.,global,5361764,6509536751,Myriophyllum sibiricum Kom.,2026-08-25,2026,Naturrestaurering AS - kartleggingsdata,d3978a37-635a-4ae3-bb85-7b4d41bc0b88,Norway,Troms,68.805316,18.440113,HUMAN_OBSERVATION,https://www.artsobservasjoner.no/MediaLibrary/2026/8/cfaf6d95-7733-433d-a1dc-d6886a5ed93d_image.jpg,http://creativecommons.org/licenses/by/4.0/,Jørn Olav Løkken,,True
Myriophyllum sibiricum,Myriophyllum sibiricum Kom.,global,5361764,6518555669,Myriophyllum sibiricum Kom.,2026-08-14T09:56,2026,iNaturalist research-grade observations,28eb1a3f-1c15-4a95-931a-4af90ecb574d,Belarus,Brest,53.199478,26.017376,HUMAN_OBSERVATION,https://inaturalist-open-data.s3.amazonaws.com/photos/728375764/original.jpg,http://creativecommons.org/licenses/by-nc/4.0/,Савицкая Карина,Савицкая Карина,False
Myriophyllum sibiricum,Myriophyllum sibiricum Kom.,global,5361764,6518555669,Myriophyllum sibiricum Kom.,2026-08-14T09:56,2026,iNaturalist research-grade observations,28eb1a3f-1c15-4a95-931a-4af90ecb574d,Belarus,Brest,53.199478,26.017376,HUMAN_OBSERVATION,https://inaturalist-open-data.s3.amazonaws.com/photos/728375766/original.jpg,http://creativecommons.org/licenses/by-nc/4.0/,Савицкая Карина,Савицкая Карина,False
Myriophyllum sibiricum,Myriophyllum sibiricum Kom.,global,5361764,6518847318,Myriophyllum sibiricum Kom.,2026-08-23T19:32:46,2026,iNaturalist research-grade observations,28eb1a3f-1c15-4a95-931a-4af90ecb574d,United States of America,Minnesota,48.044925,-92.912921,HUMAN_OBSERVATION,https://inaturalist-open-data.s3.amazonaws.com/photos/722560161/original.jpg,http://creativecommons.org/licenses/by-nc/4.0/,michellei,michellei,False
Myriophyllum sibiricum,Myriophyllum sibiricum Kom.,global,5361764,6518847318,Myriophyllum sibiricum Kom.,2026-08-23T19:32:46,2026,iNaturalist research-grade observations,28eb1a3f-1c15-4a95-931a-4af90ecb574d,United States of America,Minnesota,48.044925,-92.912921,HUMAN_OBSERVATION,https://inaturalist-open-data.s3.amazonaws.com/photos/722560224/original.jpg,http://creativecommons.org/licenses/by-nc/4.0/,michellei,michellei,False
Myriophyllum sibiricum,Myriophyllum sibiricum Kom.,global,5361764,6518847318,Myriophyllum sibiricum Kom.,2026-08-23T19:32:46,2026,iNaturalist research-grade observations,28eb1a3f-1c15-4a95-931a-4af90ecb574d,United States of America,Minnesota,48.044925,-92.912921,HUMAN_OBSERVATION,https://inaturalist-open-data.s3.amazonaws.com/photos/722560277/original.jpg,http://creativecommons.org/licenses/by-nc/4.0/,michellei,michellei,False
Myriophyllum sibiricum,Myriophyllum sibiricum Kom.,global,5361764,6518847318,Myriophyllum sibiricum Kom.,2026-08-23T19:32:46,2026,iNaturalist research-grade observations,28eb1a3f-1c15-4a95-931a-4af90ecb574d,United States of America,Minnesota,48.044925,-92.912921,HUMAN_OBSERVATION,https://inaturalist-open-data.s3.amazonaws.com/photos/722560335/original.jpg,http://creativecommons.org/licenses/by-nc/4.0/,michellei,michellei,False
Myriophyllum sibiricum,Myriophyllum sibiricum Kom.,global,5361764,6519865546,Myriophyllum sibiricum Kom.,2026-08-20T09:46:57,2026,iNaturalist research-grade observations,28eb1a3f-1c15-4a95-931a-4af90ecb574d,United States of America,Minnesota,45.287084,-93.907861,HUMAN_OBSERVATION,https://inaturalist-open-data.s3.amazonaws.com/photos/720173202/original.jpg,http://creativecommons.org/licenses/by-nc/4.0/,Connor Haindfield,Connor Haindfield,False
Myriophyllum sibiricum,Myriophyllum sibiricum Kom.,global,5361764,6519928938,Myriophyllum sibiricum Kom.,2026-08-26T10:18,2026,iNaturalist research-grade observations,28eb1a3f-1c15-4a95-931a-4af90ecb574d,Canada,Alberta,53.555633,-114.734619,HUMAN_OBSERVATION,https://inaturalist-open-data.s3.amazonaws.com/photos/725562327/original.jpg,http://creativecommons.org/licenses/by/4.0/,Alex Baxter,Alex Baxter,True
Myriophyllum sibiricum,Myriophyllum sibiricum Kom.,global,5361764,6519928938,Myriophyllum sibiricum Kom.,2026-08-26T10:18,2026,iNaturalist research-grade observations,28eb1a3f-1c15-4a95-931a-4af90ecb574d,Canada,Alberta,53.555633,-114.734619,HUMAN_OBSERVATION,https://inaturalist-open-data.s3.amazonaws.com/photos/725562330/original.jpg,http://creativecommons.org/licenses/by/4.0/,Alex Baxter,Alex Baxter,True
Myriophyllum sibiricum,Myriophyllum sibiricum Kom.,global,5361764,6552902930,Myriophyllum sibiricum Kom.,2026-08-31T16:09:01,2026,iNaturalist research-grade observations,28eb1a3f-1c15-4a95-931a-4af90ecb574d,Canada,Manitoba,51.824413,-100.89318,HUMAN_OBSERVATION,https://inaturalist-open-data.s3.amazonaws.com/photos/726625756/original.jpg,http://creativecommons.org/licenses/by-nc/4.0/,TheInsectGirl,TheInsectGirl,False
Myriophyllum sibiricum,Myriophyllum sibiricum Kom.,great_lakes_bbox,5361764,6251649220,Myriophyllum sibiricum Kom.,2026-04-12T14:54:56,2026,iNaturalist research-grade observations,28eb1a3f-1c15-4a95-931a-4af90ecb574d,United States of America,Minnesota,45.155086,-92.795001,HUMAN_OBSERVATION,https://inaturalist-open-data.s3.amazonaws.com/photos/637254265/original.jpg,http://creativecommons.org/publicdomain/zero/1.0/,Jonny Tostenson,Jonny Tostenson,True
Myriophyllum spicatum,Myriophyllum spicatum L.,global,5361760,5938382802,Myriophyllum spicatum L.,2026-01-01T14:26:19,2026,iNaturalist research-grade observations,28eb1a3f-1c15-4a95-931a-4af90ecb574d,Chinese Taipei,Taiwan,23.471588,120.488598,HUMAN_OBSERVATION,https://inaturalist-open-data.s3.amazonaws.com/photos/605603542/original.jpg,http://creativecommons.org/licenses/by/4.0/,chiuluan,chiuluan,True
Myriophyllum spicatum,Myriophyllum spicatum L.,global,5361760,5938382802,Myriophyllum spicatum L.,2026-01-01T14:26:19,2026,iNaturalist research-grade observations,28eb1a3f-1c15-4a95-931a-4af90ecb574d,Chinese Taipei,Taiwan,23.471588,120.488598,HUMAN_OBSERVATION,https://inaturalist-open-data.s3.amazonaws.com/photos/605603555/original.jpg,http://creativecommons.org/licenses/by/4.0/,chiuluan,chiuluan,True
Myriophyllum spicatum,Myriophyllum spicatum L.,global,5361760,5938382802,Myriophyllum spicatum L.,2026-01-01T14:26:19,2026,iNaturalist research-grade observations,28eb1a3f-1c15-4a95-931a-4af90ecb574d,Chinese Taipei,Taiwan,23.471588,120.488598,HUMAN_OBSERVATION,https://inaturalist-open-data.s3.amazonaws.com/photos/605603567/original.jpg,http://creativecommons.org/licenses/by/4.0/,chiuluan,chiuluan,True
Myriophyllum spicatum,Myriophyllum spicatum L.,global,5361760,5938382802,Myriophyllum spicatum L.,2026-01-01T14:26:19,2026,iNaturalist research-grade observations,28eb1a3f-1c15-4a95-931a-4af90ecb574d,Chinese Taipei,Taiwan,23.471588,120.488598,HUMAN_OBSERVATION,https://inaturalist-open-data.s3.amazonaws.com/photos/605603652/original.jpg,http://creativecommons.org/licenses/by/4.0/,chiuluan,chiuluan,True
Myriophyllum spicatum,Myriophyllum spicatum L.,global,5361760,5938673783,Myriophyllum spicatum L.,2026-01-04T09:56:49,2026,iNaturalist research-grade observations,28eb1a3f-1c15-4a95-931a-4af90ecb574d,Chinese Taipei,Taiwan,24.808424,121.056326,HUMAN_OBSERVATION,https://inaturalist-open-data.s3.amazonaws.com/photos/605295110/original.jpg,http://creativecommons.org/licenses/by-nc/4.0/,lubukun,lubukun,False
Myriophyllum spicatum,Myriophyllum spicatum L.,global,5361760,5938673783,Myriophyllum spicatum L.,2026-01-04T09:56:49,2026,iNaturalist research-grade observations,28eb1a3f-1c15-4a95-931a-4af90ecb574d,Chinese Taipei,Taiwan,24.808424,121.056326,HUMAN_OBSERVATION,https://inaturalist-open-data.s3.amazonaws.com/photos/605295148/original.jpg,http://creativecommons.org/licenses/by-nc/4.0/,lubukun,lubukun,False
Myriophyllum spicatum,Myriophyllum spicatum L.,global,5361760,6130263768,Myriophyllum spicatum L.,2026-01-17T12:48:02,2026,iNaturalist research-grade observations,28eb1a3f-1c15-4a95-931a-4af90ecb574d,United States of America,California,37.952775,-122.573819,HUMAN_OBSERVATION,https://inaturalist-open-data.s3.amazonaws.com/photos/608804081/original.jpg,http://creativecommons.org/licenses/by-nc/4.0/,Peter McCluskey,Peter McCluskey,False
Myriophyllum spicatum,Myriophyllum spicatum L.,global,5361760,6130263768,Myriophyllum spicatum L.,2026-01-17T12:48:02,2026,iNaturalist research-grade observations,28eb1a3f-1c15-4a95-931a-4af90ecb574d,United States of America,California,37.952775,-122.573819,HUMAN_OBSERVATION,https://inaturalist-open-data.s3.amazonaws.com/photos/608804093/original.jpg,http://creativecommons.org/licenses/by-nc/4.0/,Peter McCluskey,Peter McCluskey,False
Myriophyllum spicatum,Myriophyllum spicatum L.,global,5361760,6130263768,Myriophyllum spicatum L.,2026-01-17T12:48:02,2026,iNaturalist research-grade observations,28eb1a3f-1c15-4a95-931a-4af90ecb574d,United States of America,California,37.952775,-122.573819,HUMAN_OBSERVATION,https://inaturalist-open-data.s3.amazonaws.com/photos/608804413/original.jpg,http://creativecommons.org/licenses/by-nc/4.0/,Peter McCluskey,Peter McCluskey,False
Myriophyllum spicatum,Myriophyllum spicatum L.,global,5361760,6130666424,Myriophyllum spicatum L.,2026-01-17T13:43:10,2026,iNaturalist research-grade observations,28eb1a3f-1c15-4a95-931a-4af90ecb574d,China,Shanghai,31.305348,121.638436,HUMAN_OBSERVATION,https://inaturalist-open-data.s3.amazonaws.com/photos/608561500/original.jpg,http://creativecommons.org/licenses/by-nc/4.0/,鐦鍆錒/锎钔锕（Man Hoimoon）,鐦鍆錒/锎钔锕（Man Hoimoon）,False
Myriophyllum spicatum,Myriophyllum spicatum L.,global,5361760,6130666424,Myriophyllum spicatum L.,2026-01-17T13:43:10,2026,iNaturalist research-grade observations,28eb1a3f-1c15-4a95-931a-4af90ecb574d,China,Shanghai,31.305348,121.638436,HUMAN_OBSERVATION,https://inaturalist-open-data.s3.amazonaws.com/photos/608561508/original.jpg,http://creativecommons.org/licenses/by-nc/4.0/,鐦鍆錒/锎钔锕（Man Hoimoon）,鐦鍆錒/锎钔锕（Man Hoimoon）,False
Myriophyllum spicatum,Myriophyllum spicatum L.,global,5361760,6130666424,Myriophyllum spicatum L.,2026-01-17T13:43:10,2026,iNaturalist research-grade observations,28eb1a3f-1c15-4a95-931a-4af90ecb574d,China,Shanghai,31.305348,121.638436,HUMAN_OBSERVATION,https://inaturalist-open-data.s3.amazonaws.com/photos/608561517/original.jpg,http://creativecommons.org/licenses/by-nc/4.0/,鐦鍆錒/锎钔锕（Man Hoimoon）,鐦鍆錒/锎钔锕（Man Hoimoon）,False
Myriophyllum spicatum,Myriophyllum spicatum L.,global,5361760,6131551322,Myriophyllum spicatum L.,2026-01-09T15:30:32,2026,iNaturalist research-grade observations,28eb1a3f-1c15-4a95-931a-4af90ecb574d,United States of America,Texas,30.342155,-97.890663,HUMAN_OBSERVATION,https://inaturalist-open-data.s3.amazonaws.com/photos/607524537/original.jpg,http://creativecommons.org/licenses/by-nc/4.0/,Caleb Helsel,Caleb Helsel,False
Myriophyllum spicatum,Myriophyllum spicatum L.,global,5361760,6133388024,Myriophyllum spicatum L.,2026-01-28T13:37:37,2026,iNaturalist research-grade observations,28eb1a3f-1c15-4a95-931a-4af90ecb574d,United States of America,California,38.231005,-120.955458,HUMAN_OBSERVATION,https://inaturalist-open-data.s3.amazonaws.com/photos/611543232/original.jpg,http://creativecommons.org/licenses/by-nc/4.0/,bradwarren,bradwarren,False
Myriophyllum spicatum,Myriophyllum spicatum L.,global,5361760,6133388024,Myriophyllum spicatum L.,2026-01-28T13:37:37,2026,iNaturalist research-grade observations,28eb1a3f-1c15-4a95-931a-4af90ecb574d,United States of America,California,38.231005,-120.955458,HUMAN_OBSERVATION,https://inaturalist-open-data.s3.amazonaws.com/photos/611543237/original.jpg,http://creativecommons.org/licenses/by-nc/4.0/,bradwarren,bradwarren,False
Myriophyllum spicatum,Myriophyllum spicatum L.,global,5361760,6133388024,Myriophyllum spicatum L.,2026-01-28T13:37:37,2026,iNaturalist research-grade observations,28eb1a3f-1c15-4a95-931a-4af90ecb574d,United States of America,California,38.231005,-120.955458,HUMAN_OBSERVATION,https://inaturalist-open-data.s3.amazonaws.com/photos/611543241/original.jpg,http://creativecommons.org/licenses/by-nc/4.0/,bradwarren,bradwarren,False
Myriophyllum spicatum,Myriophyllum spicatum L.,global,5361760,6150580371,Myriophyllum spicatum L.,2026-01-15,2026,,c8d737e0-2ff8-42e8-b8fc-6b805d26fc5f,Netherlands,Limburg,51.25,6.0,HUMAN_OBSERVATION,https://observation.org/photos/143213524.jpg,http://creativecommons.org/licenses/by-nc-nd/4.0/,joepvhoorn,joepvhoorn,False
Myriophyllum spicatum,Myriophyllum spicatum L.,global,5361760,6151007729,Myriophyllum spicatum L.,2026-01-22,2026,,c8d737e0-2ff8-42e8-b8fc-6b805d26fc5f,Netherlands,Limburg,51.5,6.15,HUMAN_OBSERVATION,https://observation.org/photos/143430618.jpg,http://creativecommons.org/licenses/by-nc-nd/4.0/,Siebe Bouman,Siebe Bouman,False
Myriophyllum spicatum,Myriophyllum spicatum L.,global,5361760,6170899047,Myriophyllum spicatum L.,2026-01-29T11:36:58Z,2026,iNaturalist research-grade observations,28eb1a3f-1c15-4a95-931a-4af90ecb574d,United Kingdom of Great Britain and Northern Ireland,England,53.774095,-2.639368,HUMAN_OBSERVATION,https://inaturalist-open-data.s3.amazonaws.com/photos/611642547/original.jpg,http://creativecommons.org/licenses/by/4.0/,John Haddon,John Haddon,True
Myriophyllum spicatum,Myriophyllum spicatum L.,global,5361760,6133287689,Myriophyllum spicatum L.,2026-02-01T09:40:09,2026,iNaturalist research-grade observations,28eb1a3f-1c15-4a95-931a-4af90ecb574d,Chinese Taipei,Taichung,24.184663,120.62978,HUMAN_OBSERVATION,https://inaturalist-open-data.s3.amazonaws.com/photos/612304264/original.jpg,http://creativecommons.org/licenses/by-nc/4.0/,Abi,Abi,False
Myriophyllum spicatum,Myriophyllum spicatum L.,global,5361760,6133482702,Myriophyllum spicatum L.,2026-02-01T13:56:50,2026,iNaturalist research-grade observations,28eb1a3f-1c15-4a95-931a-4af90ecb574d,France,Languedoc-Roussillon,43.648932,3.331267,HUMAN_OBSERVATION,https://inaturalist-open-data.s3.amazonaws.com/photos/612416613/original.jpg,http://creativecommons.org/licenses/by-nc/4.0/,emmarusso2003,emmarusso2003,False
Myriophyllum spicatum,Myriophyllum spicatum L.,global,5361760,6147195826,Myriophyllum spicatum L.,2026-02-05T16:24:17,2026,iNaturalist research-grade observations,28eb1a3f-1c15-4a95-931a-4af90ecb574d,Austria,Oberösterreich,47.851395,13.351785,HUMAN_OBSERVATION,https://inaturalist-open-data.s3.amazonaws.com/photos/614275908/original.jpg,http://creativecommons.org/licenses/by-nc/4.0/,Jens Bokelaar,Jens Bokelaar,False
Myriophyllum spicatum,Myriophyllum spicatum L.,global,5361760,6147366095,Myriophyllum spicatum L.,2026-02-05T13:22,2026,iNaturalist research-grade observations,28eb1a3f-1c15-4a95-931a-4af90ecb574d,Italy,Lombardia,45.822368,8.738853,HUMAN_OBSERVATION,https://inaturalist-open-data.s3.amazonaws.com/photos/613485376/original.jpg,http://creativecommons.org/licenses/by-nc/4.0/,Mirko Tomasi,Mirko Tomasi,False
Myriophyllum spicatum,Myriophyllum spicatum L.,global,5361760,6147472565,Myriophyllum spicatum L.,2026-02-06T13:27,2026,iNaturalist research-grade observations,28eb1a3f-1c15-4a95-931a-4af90ecb574d,United States of America,Colorado,40.04522,-105.187721,HUMAN_OBSERVATION,https://inaturalist-open-data.s3.amazonaws.com/photos/613806792/original.jpg,http://creativecommons.org/licenses/by-nc/4.0/,willem9,willem9,False
Myriophyllum spicatum,Myriophyllum spicatum L.,global,5361760,6152125326,Myriophyllum spicatum L.,2026-02-14,2026,,c8d737e0-2ff8-42e8-b8fc-6b805d26fc5f,Netherlands,Drenthe,52.85,6.25,HUMAN_OBSERVATION,https://observation.org/photos/144041738.jpg,http://creativecommons.org/licenses/by-nc-nd/4.0/,Reinier Blok,Reinier Blok,False
Myriophyllum spicatum,Myriophyllum spicatum L.,global,5361760,6162895794,Myriophyllum spicatum L.,2026-02-20T10:25:13,2026,iNaturalist research-grade observations,28eb1a3f-1c15-4a95-931a-4af90ecb574d,China,Jiangsu,31.700985,120.482481,HUMAN_OBSERVATION,https://inaturalist-open-data.s3.amazonaws.com/photos/617359174/original.jpg,http://creativecommons.org/licenses/by-nc/4.0/,jianglei,jianglei,False
Myriophyllum spicatum,Myriophyllum spicatum L.,global,5361760,6163269778,Myriophyllum spicatum L.,2026-02-18T11:54,2026,iNaturalist research-grade observations,28eb1a3f-1c15-4a95-931a-4af90ecb574d,Austria,Wien,48.251172,16.399348,HUMAN_OBSERVATION,https://inaturalist-open-data.s3.amazonaws.com/photos/617048579/original.jpg,http://creativecommons.org/licenses/by-nc/4.0/,Kurt Nadler,Kurt Nadler,False
Myriophyllum spicatum,Myriophyllum spicatum L.,global,5361760,6170947075,Myriophyllum spicatum L.,2026-02-28T13:37:39,2026,iNaturalist research-grade observations,28eb1a3f-1c15-4a95-931a-4af90ecb574d,Slovenia,Gorenjska,46.28733,13.855895,HUMAN_OBSERVATION,https://inaturalist-open-data.s3.amazonaws.com/photos/619819817/original.jpg,http://creativecommons.org/licenses/by-nc/4.0/,ur6s77,ur6s77,False
Myriophyllum spicatum,Myriophyllum spicatum L.,global,5361760,6171052587,Myriophyllum spicatum L.,2026-02-25T15:14:45,2026,iNaturalist research-grade observations,28eb1a3f-1c15-4a95-931a-4af90ecb574d,Chinese Taipei,Taiwan,24.826284,120.974349,HUMAN_OBSERVATION,https://inaturalist-open-data.s3.amazonaws.com/photos/618930147/original.jpg,http://creativecommons.org/licenses/by-nc/4.0/,lubukun,lubukun,False
Myriophyllum spicatum,Myriophyllum spicatum L.,global,5361760,6171052587,Myriophyllum spicatum L.,2026-02-25T15:14:45,2026,iNaturalist research-grade observations,28eb1a3f-1c15-4a95-931a-4af90ecb574d,Chinese Taipei,Taiwan,24.826284,120.974349,HUMAN_OBSERVATION,https://inaturalist-open-data.s3.amazonaws.com/photos/618930356/original.jpg,http://creativecommons.org/licenses/by-nc/4.0/,lubukun,lubukun,False
Myriophyllum spicatum,Myriophyllum spicatum L.,global,5361760,6171052587,Myriophyllum spicatum L.,2026-02-25T15:14:45,2026,iNaturalist research-grade observations,28eb1a3f-1c15-4a95-931a-4af90ecb574d,Chinese Taipei,Taiwan,24.826284,120.974349,HUMAN_OBSERVATION,https://inaturalist-open-data.s3.amazonaws.com/photos/618930370/original.jpg,http://creativecommons.org/licenses/by-nc/4.0/,lubukun,lubukun,False
Myriophyllum spicatum,Myriophyllum spicatum L.,global,5361760,6171052587,Myriophyllum spicatum L.,2026-02-25T15:14:45,2026,iNaturalist research-grade observations,28eb1a3f-1c15-4a95-931a-4af90ecb574d,Chinese Taipei,Taiwan,24.826284,120.974349,HUMAN_OBSERVATION,https://inaturalist-open-data.s3.amazonaws.com/photos/618931026/original.jpg,http://creativecommons.org/licenses/by-nc/4.0/,lubukun,lubukun,False
Myriophyllum spicatum,Myriophyllum spicatum L.,global,5361760,6171224935,Myriophyllum spicatum L.,2026-02-25T16:52:01,2026,iNaturalist research-grade observations,28eb1a3f-1c15-4a95-931a-4af90ecb574d,Chinese Taipei,Taiwan,23.471355,120.48835,HUMAN_OBSERVATION,https://inaturalist-open-data.s3.amazonaws.com/photos/619001843/original.jpg,http://creativecommons.org/licenses/by-nc/4.0/,DiGua Su,DiGua Su,False
Myriophyllum spicatum,Myriophyllum spicatum L.,global,5361760,6171277543,Myriophyllum spicatum L.,2026-02-25T14:47:21,2026,iNaturalist research-grade observations,28eb1a3f-1c15-4a95-931a-4af90ecb574d,Chinese Taipei,Taiwan,24.827101,120.974285,HUMAN_OBSERVATION,https://inaturalist-open-data.s3.amazonaws.com/photos/618931048/original.jpg,http://creativecommons.org/licenses/by-nc/4.0/,lubukun,lubukun,False
Myriophyllum spicatum,Myriophyllum spicatum L.,global,5361760,6171277543,Myriophyllum spicatum L.,2026-02-25T14:47:21,2026,iNaturalist research-grade observations,28eb1a3f-1c15-4a95-931a-4af90ecb574d,Chinese Taipei,Taiwan,24.827101,120.974285,HUMAN_OBSERVATION,https://inaturalist-open-data.s3.amazonaws.com/photos/618931066/original.jpg,http://creativecommons.org/licenses/by-nc/4.0/,lubukun,lubukun,False
Myriophyllum spicatum,Myriophyllum spicatum L.,global,5361760,6171279452,Myriophyllum spicatum L.,2026-02-27T14:46:31,2026,iNaturalist research-grade observations,28eb1a3f-1c15-4a95-931a-4af90ecb574d,China,Jiangxi,29.261084,117.263682,HUMAN_OBSERVATION,https://inaturalist-open-data.s3.amazonaws.com/photos/619564675/original.jpg,http://creativecommons.org/licenses/by-nc/4.0/,鐦鍆錒/锎钔锕（Man Hoimoon）,鐦鍆錒/锎钔锕（Man Hoimoon）,False
Myriophyllum spicatum,Myriophyllum spicatum L.,global,5361760,6171279452,Myriophyllum spicatum L.,2026-02-27T14:46:31,2026,iNaturalist research-grade observations,28eb1a3f-1c15-4a95-931a-4af90ecb574d,China,Jiangxi,29.261084,117.263682,HUMAN_OBSERVATION,https://inaturalist-open-data.s3.amazonaws.com/photos/619564696/original.jpg,http://creativecommons.org/licenses/by-nc/4.0/,鐦鍆錒/锎钔锕（Man Hoimoon）,鐦鍆錒/锎钔锕（Man Hoimoon）,False
Myriophyllum spicatum,Myriophyllum spicatum L.,global,5361760,6171279452,Myriophyllum spicatum L.,2026-02-27T14:46:31,2026,iNaturalist research-grade observations,28eb1a3f-1c15-4a95-931a-4af90ecb574d,China,Jiangxi,29.261084,117.263682,HUMAN_OBSERVATION,https://inaturalist-open-data.s3.amazonaws.com/photos/619493569/original.jpg,http://creativecommons.org/licenses/by-nc/4.0/,鐦鍆錒/锎钔锕（Man Hoimoon）,鐦鍆錒/锎钔锕（Man Hoimoon）,False
Myriophyllum spicatum,Myriophyllum spicatum L.,global,5361760,6171279452,Myriophyllum spicatum L.,2026-02-27T14:46:31,2026,iNaturalist research-grade observations,28eb1a3f-1c15-4a95-931a-4af90ecb574d,China,Jiangxi,29.261084,117.263682,HUMAN_OBSERVATION,https://inaturalist-open-data.s3.amazonaws.com/photos/619493584/original.jpg,http://creativecommons.org/licenses/by-nc/4.0/,鐦鍆錒/锎钔锕（Man Hoimoon）,鐦鍆錒/锎钔锕（Man Hoimoon）,False
Myriophyllum spicatum,Myriophyllum spicatum L.,global,5361760,6171279452,Myriophyllum spicatum L.,2026-02-27T14:46:31,2026,iNaturalist research-grade observations,28eb1a3f-1c15-4a95-931a-4af90ecb574d,China,Jiangxi,29.261084,117.263682,HUMAN_OBSERVATION,https://inaturalist-open-data.s3.amazonaws.com/photos/619493599/original.jpg,http://creativecommons.org/licenses/by-nc/4.0/,鐦鍆錒/锎钔锕（Man Hoimoon）,鐦鍆錒/锎钔锕（Man Hoimoon）,False
Myriophyllum spicatum,Myriophyllum spicatum L.,global,5361760,6171279452,Myriophyllum spicatum L.,2026-02-27T14:46:31,2026,iNaturalist research-grade observations,28eb1a3f-1c15-4a95-931a-4af90ecb574d,China,Jiangxi,29.261084,117.263682,HUMAN_OBSERVATION,https://inaturalist-open-data.s3.amazonaws.com/photos/619493607/original.jpg,http://creativecommons.org/licenses/by-nc/4.0/,鐦鍆錒/锎钔锕（Man Hoimoon）,鐦鍆錒/锎钔锕（Man Hoimoon）,False
Myriophyllum spicatum,Myriophyllum spicatum L.,global,5361760,6178485796,Myriophyllum spicatum L.,2026-02-01T13:55,2026,iNaturalist research-grade observations,28eb1a3f-1c15-4a95-931a-4af90ecb574d,France,Languedoc-Roussillon,43.648889,3.331389,HUMAN_OBSERVATION,https://inaturalist-open-data.s3.amazonaws.com/photos/622903918/original.jpg,http://creativecommons.org/licenses/by-nc/4.0/,ylan_dano,ylan_dano,False
Myriophyllum spicatum,Myriophyllum spicatum L.,global,5361760,6178485796,Myriophyllum spicatum L.,2026-02-01T13:55,2026,iNaturalist research-grade observations,28eb1a3f-1c15-4a95-931a-4af90ecb574d,France,Languedoc-Roussillon,43.648889,3.331389,HUMAN_OBSERVATION,https://inaturalist-open-data.s3.amazonaws.com/photos/622903933/original.jpg,http://creativecommons.org/licenses/by-nc/4.0/,ylan_dano,ylan_dano,False
Myriophyllum spicatum,Myriophyllum spicatum L.,global,5361760,6178485796,Myriophyllum spicatum L.,2026-02-01T13:55,2026,iNaturalist research-grade observations,28eb1a3f-1c15-4a95-931a-4af90ecb574d,France,Languedoc-Roussillon,43.648889,3.331389,HUMAN_OBSERVATION,https://inaturalist-open-data.s3.amazonaws.com/photos/622903970/original.jpg,http://creativecommons.org/licenses/by-nc/4.0/,ylan_dano,ylan_dano,False
Myriophyllum spicatum,Myriophyllum spicatum L.,global,5361760,6178638320,Myriophyllum spicatum L.,2026-02-26T09:35:41,2026,iNaturalist research-grade observations,28eb1a3f-1c15-4a95-931a-4af90ecb574d,United States of America,California,37.95063,-122.607147,HUMAN_OBSERVATION,https://inaturalist-open-data.s3.amazonaws.com/photos/620029841/original.jpg,http://creativecommons.org/licenses/by-nc/4.0/,Trystin Knowland,Trystin Knowland,False
Myriophyllum spicatum,Myriophyllum spicatum L.,global,5361760,6520091811,Myriophyllum spicatum L.,2026-02-04T11:51:26,2026,iNaturalist research-grade observations,28eb1a3f-1c15-4a95-931a-4af90ecb574d,Egypt,Al Uqsur,25.709713,32.644978,HUMAN_OBSERVATION,https://inaturalist-open-data.s3.amazonaws.com/photos/614001067/original.jpg,http://creativecommons.org/licenses/by-nc/4.0/,Petroc ap Seisyllt,Petroc ap Seisyllt,False
Myriophyllum spicatum,Myriophyllum spicatum L.,great_lakes_bbox,5361760,6184855992,Myriophyllum spicatum L.,2026-03-28T10:47:35,2026,iNaturalist research-grade observations,28eb1a3f-1c15-4a95-931a-4af90ecb574d,United States of America,Michigan,42.665078,-86.210961,HUMAN_OBSERVATION,https://inaturalist-open-data.s3.amazonaws.com/photos/630356392/original.jpg,http://creativecommons.org/licenses/by/4.0/,Alan Prather,Alan Prather,True
Myriophyllum spicatum,Myriophyllum spicatum L.,great_lakes_bbox,5361760,6184855992,Myriophyllum spicatum L.,2026-03-28T10:47:35,2026,iNaturalist research-grade observations,28eb1a3f-1c15-4a95-931a-4af90ecb574d,United States of America,Michigan,42.665078,-86.210961,HUMAN_OBSERVATION,https://inaturalist-open-data.s3.amazonaws.com/photos/630356412/original.jpg,http://creativecommons.org/licenses/by/4.0/,Alan Prather,Alan Prather,True
Najas flexilis,Najas flexilis (Willd.) Rostk. & W.L.E.Schmidt,global,5329315,6130554700,Najas flexilis (Willd.) Rostk. & W.L.E.Schmidt,2026-01-10T19:54:23,2026,iNaturalist research-grade observations,28eb1a3f-1c15-4a95-931a-4af90ecb574d,Canada,Ontario,48.231012,-89.928872,HUMAN_OBSERVATION,https://inaturalist-open-data.s3.amazonaws.com/photos/607471998/original.jpg,http://creativecommons.org/licenses/by-nc/4.0/,Emily Palahnuk,Emily Palahnuk,False
Najas flexilis,Najas flexilis (Willd.) Rostk. & W.L.E.Schmidt,global,5329315,6130554700,Najas flexilis (Willd.) Rostk. & W.L.E.Schmidt,2026-01-10T19:54:23,2026,iNaturalist research-grade observations,28eb1a3f-1c15-4a95-931a-4af90ecb574d,Canada,Ontario,48.231012,-89.928872,HUMAN_OBSERVATION,https://inaturalist-open-data.s3.amazonaws.com/photos/607472026/original.jpg,http://creativecommons.org/licenses/by-nc/4.0/,Emily Palahnuk,Emily Palahnuk,False
Najas flexilis,Najas flexilis (Willd.) Rostk. & W.L.E.Schmidt,global,5329315,6130554700,Najas flexilis (Willd.) Rostk. & W.L.E.Schmidt,2026-01-10T19:54:23,2026,iNaturalist research-grade observations,28eb1a3f-1c15-4a95-931a-4af90ecb574d,Canada,Ontario,48.231012,-89.928872,HUMAN_OBSERVATION,https://inaturalist-open-data.s3.amazonaws.com/photos/607472050/original.jpg,http://creativecommons.org/licenses/by-nc/4.0/,Emily Palahnuk,Emily Palahnuk,False
Najas flexilis,Najas flexilis (Willd.) Rostk. & W.L.E.Schmidt,global,5329315,6431788387,Najas flexilis (Willd.) Rostk. & W.L.E.Schmidt,2026-07-06T11:29:09,2026,iNaturalist research-grade observations,28eb1a3f-1c15-4a95-931a-4af90ecb574d,United States of America,Michigan,43.413928,-85.672747,HUMAN_OBSERVATION,https://inaturalist-open-data.s3.amazonaws.com/photos/692795662/original.jpg,http://creativecommons.org/licenses/by-nc/4.0/,kclark525,kclark525,False
Najas flexilis,Najas flexilis (Willd.) Rostk. & W.L.E.Schmidt,global,5329315,6431788387,Najas flexilis (Willd.) Rostk. & W.L.E.Schmidt,2026-07-06T11:29:09,2026,iNaturalist research-grade observations,28eb1a3f-1c15-4a95-931a-4af90ecb574d,United States of America,Michigan,43.413928,-85.672747,HUMAN_OBSERVATION,https://inaturalist-open-data.s3.amazonaws.com/photos/692796139/original.jpg,http://creativecommons.org/licenses/by-nc/4.0/,kclark525,kclark525,False
Najas flexilis,Najas flexilis (Willd.) Rostk. & W.L.E.Schmidt,global,5329315,6451934609,Najas flexilis (Willd.) Rostk. & W.L.E.Schmidt,2026-07-12T09:01:12,2026,iNaturalist research-grade observations,28eb1a3f-1c15-4a95-931a-4af90ecb574d,Canada,Saskatchewan,54.155117,-101.983825,HUMAN_OBSERVATION,https://inaturalist-open-data.s3.amazonaws.com/photos/699394467/original.jpg,http://creativecommons.org/licenses/by/4.0/,Dustin Snider,Dustin Snider,True
Najas flexilis,Najas flexilis (Willd.) Rostk. & W.L.E.Schmidt,global,5329315,6470116990,Najas flexilis (Willd.) Rostk. & W.L.E.Schmidt,2026-07-21T16:15:38,2026,iNaturalist research-grade observations,28eb1a3f-1c15-4a95-931a-4af90ecb574d,Canada,Alberta,53.577218,-114.758166,HUMAN_OBSERVATION,https://inaturalist-open-data.s3.amazonaws.com/photos/702475598/original.jpg,http://creativecommons.org/licenses/by-nc/4.0/,Clay T,Clay T,False
Najas flexilis,Najas flexilis (Willd.) Rostk. & W.L.E.Schmidt,global,5329315,6470116990,Najas flexilis (Willd.) Rostk. & W.L.E.Schmidt,2026-07-21T16:15:38,2026,iNaturalist research-grade observations,28eb1a3f-1c15-4a95-931a-4af90ecb574d,Canada,Alberta,53.577218,-114.758166,HUMAN_OBSERVATION,https://inaturalist-open-data.s3.amazonaws.com/photos/702475715/original.jpg,http://creativecommons.org/licenses/by-nc/4.0/,Clay T,Clay T,False
Najas flexilis,Najas flexilis (Willd.) Rostk. & W.L.E.Schmidt,global,5329315,6470386566,Najas flexilis (Willd.) Rostk. & W.L.E.Schmidt,2026-07-21T16:12,2026,iNaturalist research-grade observations,28eb1a3f-1c15-4a95-931a-4af90ecb574d,Canada,Alberta,53.577103,-114.758255,HUMAN_OBSERVATION,https://inaturalist-open-data.s3.amazonaws.com/photos/702571221/original.jpg,http://creativecommons.org/publicdomain/zero/1.0/,Kallum McDonald,Kallum McDonald,True
Najas flexilis,Najas flexilis (Willd.) Rostk. & W.L.E.Schmidt,global,5329315,6552231348,Najas flexilis (Willd.) Rostk. & W.L.E.Schmidt,2026-07-31T08:23:25,2026,iNaturalist research-grade observations,28eb1a3f-1c15-4a95-931a-4af90ecb574d,Canada,Alberta,52.51323,-110.092338,HUMAN_OBSERVATION,https://inaturalist-open-data.s3.amazonaws.com/photos/738137529/original.jpg,http://creativecommons.org/licenses/by/4.0/,Dustin Snider,Dustin Snider,True
Najas flexilis,Najas flexilis (Willd.) Rostk. & W.L.E.Schmidt,global,5329315,6480356330,Najas flexilis (Willd.) Rostk. & W.L.E.Schmidt,2026-08-08T17:20:35,2026,iNaturalist research-grade observations,28eb1a3f-1c15-4a95-931a-4af90ecb574d,Canada,Nova Scotia,45.068004,-64.352962,HUMAN_OBSERVATION,https://inaturalist-open-data.s3.amazonaws.com/photos/713367355/original.jpg,http://creativecommons.org/licenses/by-nc/4.0/,James,James,False
Najas flexilis,Najas flexilis (Willd.) Rostk. & W.L.E.Schmidt,global,5329315,6480356330,Najas flexilis (Willd.) Rostk. & W.L.E.Schmidt,2026-08-08T17:20:35,2026,iNaturalist research-grade observations,28eb1a3f-1c15-4a95-931a-4af90ecb574d,Canada,Nova Scotia,45.068004,-64.352962,HUMAN_OBSERVATION,https://inaturalist-open-data.s3.amazonaws.com/photos/713367283/original.jpg,http://creativecommons.org/licenses/by-nc/4.0/,James,James,False
Najas flexilis,Najas flexilis (Willd.) Rostk. & W.L.E.Schmidt,global,5329315,6480356330,Najas flexilis (Willd.) Rostk. & W.L.E.Schmidt,2026-08-08T17:20:35,2026,iNaturalist research-grade observations,28eb1a3f-1c15-4a95-931a-4af90ecb574d,Canada,Nova Scotia,45.068004,-64.352962,HUMAN_OBSERVATION,https://inaturalist-open-data.s3.amazonaws.com/photos/713367336/original.jpg,http://creativecommons.org/licenses/by-nc/4.0/,James,James,False
Najas flexilis,Najas flexilis (Willd.) Rostk. & W.L.E.Schmidt,global,5329315,6500281762,Najas flexilis (Willd.) Rostk. & W.L.E.Schmidt,2026-08-16T13:53:39,2026,iNaturalist research-grade observations,28eb1a3f-1c15-4a95-931a-4af90ecb574d,Canada,Ontario,45.591592,-78.517913,HUMAN_OBSERVATION,https://inaturalist-open-data.s3.amazonaws.com/photos/720341656/original.jpg,http://creativecommons.org/licenses/by-nc/4.0/,Alexander Skevington,Alexander Skevington,False
Najas flexilis,Najas flexilis (Willd.) Rostk. & W.L.E.Schmidt,global,5329315,6500281762,Najas flexilis (Willd.) Rostk. & W.L.E.Schmidt,2026-08-16T13:53:39,2026,iNaturalist research-grade observations,28eb1a3f-1c15-4a95-931a-4af90ecb574d,Canada,Ontario,45.591592,-78.517913,HUMAN_OBSERVATION,https://inaturalist-open-data.s3.amazonaws.com/photos/720341509/original.jpg,http://creativecommons.org/licenses/by-nc/4.0/,Alexander Skevington,Alexander Skevington,False
Najas flexilis,Najas flexilis (Willd.) Rostk. & W.L.E.Schmidt,global,5329315,6500281762,Najas flexilis (Willd.) Rostk. & W.L.E.Schmidt,2026-08-16T13:53:39,2026,iNaturalist research-grade observations,28eb1a3f-1c15-4a95-931a-4af90ecb574d,Canada,Ontario,45.591592,-78.517913,HUMAN_OBSERVATION,https://inaturalist-open-data.s3.amazonaws.com/photos/720341581/original.jpg,http://creativecommons.org/licenses/by-nc/4.0/,Alexander Skevington,Alexander Skevington,False
Najas flexilis,Najas flexilis (Willd.) Rostk. & W.L.E.Schmidt,global,5329315,6519415946,Najas flexilis (Willd.) Rostk. & W.L.E.Schmidt,2026-08-14T12:01:18,2026,iNaturalist research-grade observations,28eb1a3f-1c15-4a95-931a-4af90ecb574d,Canada,Ontario,45.273522,-80.250488,HUMAN_OBSERVATION,https://inaturalist-open-data.s3.amazonaws.com/photos/717139237/original.jpg,http://creativecommons.org/licenses/by-nc/4.0/,cprib,cprib,False
Najas flexilis,Najas flexilis (Willd.) Rostk. & W.L.E.Schmidt,global,5329315,6519415946,Najas flexilis (Willd.) Rostk. & W.L.E.Schmidt,2026-08-14T12:01:18,2026,iNaturalist research-grade observations,28eb1a3f-1c15-4a95-931a-4af90ecb574d,Canada,Ontario,45.273522,-80.250488,HUMAN_OBSERVATION,https://inaturalist-open-data.s3.amazonaws.com/photos/717139179/original.jpg,http://creativecommons.org/licenses/by-nc/4.0/,cprib,cprib,False
Najas flexilis,Najas flexilis (Willd.) Rostk. & W.L.E.Schmidt,global,5329315,6519415946,Najas flexilis (Willd.) Rostk. & W.L.E.Schmidt,2026-08-14T12:01:18,2026,iNaturalist research-grade observations,28eb1a3f-1c15-4a95-931a-4af90ecb574d,Canada,Ontario,45.273522,-80.250488,HUMAN_OBSERVATION,https://inaturalist-open-data.s3.amazonaws.com/photos/717139357/original.jpg,http://creativecommons.org/licenses/by-nc/4.0/,cprib,cprib,False
Najas flexilis,Najas flexilis (Willd.) Rostk. & W.L.E.Schmidt,global,5329315,6519415946,Najas flexilis (Willd.) Rostk. & W.L.E.Schmidt,2026-08-14T12:01:18,2026,iNaturalist research-grade observations,28eb1a3f-1c15-4a95-931a-4af90ecb574d,Canada,Ontario,45.273522,-80.250488,HUMAN_OBSERVATION,https://inaturalist-open-data.s3.amazonaws.com/photos/717139400/original.jpg,http://creativecommons.org/licenses/by-nc/4.0/,cprib,cprib,False
Najas flexilis,Najas flexilis (Willd.) Rostk. & W.L.E.Schmidt,global,5329315,6520314592,Najas flexilis (Willd.) Rostk. & W.L.E.Schmidt,2026-08-27T13:04,2026,iNaturalist research-grade observations,28eb1a3f-1c15-4a95-931a-4af90ecb574d,Canada,Nova Scotia,43.910267,-65.879914,HUMAN_OBSERVATION,https://inaturalist-open-data.s3.amazonaws.com/photos/725217689/original.jpg,http://creativecommons.org/licenses/by-nc/4.0/,J. Burke Korol,J. Burke Korol,False
Najas flexilis,Najas flexilis (Willd.) Rostk. & W.L.E.Schmidt,global,5329315,6520314592,Najas flexilis (Willd.) Rostk. & W.L.E.Schmidt,2026-08-27T13:04,2026,iNaturalist research-grade observations,28eb1a3f-1c15-4a95-931a-4af90ecb574d,Canada,Nova Scotia,43.910267,-65.879914,HUMAN_OBSERVATION,https://inaturalist-open-data.s3.amazonaws.com/photos/725217688/original.jpg,http://creativecommons.org/licenses/by-nc/4.0/,J. Burke Korol,J. Burke Korol,False
Najas flexilis,Najas flexilis (Willd.) Rostk. & W.L.E.Schmidt,global,5329315,6520314592,Najas flexilis (Willd.) Rostk. & W.L.E.Schmidt,2026-08-27T13:04,2026,iNaturalist research-grade observations,28eb1a3f-1c15-4a95-931a-4af90ecb574d,Canada,Nova Scotia,43.910267,-65.879914,HUMAN_OBSERVATION,https://inaturalist-open-data.s3.amazonaws.com/photos/725217692/original.jpg,http://creativecommons.org/licenses/by-nc/4.0/,J. Burke Korol,J. Burke Korol,False
Najas flexilis,Najas flexilis (Willd.) Rostk. & W.L.E.Schmidt,global,5329315,6551992437,Najas flexilis (Willd.) Rostk. & W.L.E.Schmidt,2026-08-30T10:47:26,2026,iNaturalist research-grade observations,28eb1a3f-1c15-4a95-931a-4af90ecb574d,Canada,Saskatchewan,52.879733,-101.850945,HUMAN_OBSERVATION,https://inaturalist-open-data.s3.amazonaws.com/photos/737265226/original.jpg,http://creativecommons.org/licenses/by/4.0/,Dustin Snider,Dustin Snider,True
Najas flexilis,Najas flexilis (Willd.) Rostk. & W.L.E.Schmidt,global,5329315,5216701736,Najas flexilis (Willd.) Rostk. & W.L.E.Schmidt,2025-07-02T10:51:04,2025,iNaturalist research-grade observations,28eb1a3f-1c15-4a95-931a-4af90ecb574d,United States of America,Michigan,44.739226,-85.862086,HUMAN_OBSERVATION,https://inaturalist-open-data.s3.amazonaws.com/photos/531430910/original.jpg,http://creativecommons.org/licenses/by-nc/4.0/,lusherkj,lusherkj,False
Najas flexilis,Najas flexilis (Willd.) Rostk. & W.L.E.Schmidt,global,5329315,5230721521,Najas flexilis (Willd.) Rostk. & W.L.E.Schmidt,2025-07-16T11:20:44,2025,iNaturalist research-grade observations,28eb1a3f-1c15-4a95-931a-4af90ecb574d,Canada,Ontario,44.779597,-78.88613,HUMAN_OBSERVATION,https://inaturalist-open-data.s3.amazonaws.com/photos/537991785/original.jpg,http://creativecommons.org/licenses/by-nc/4.0/,micaelacooper,micaelacooper,False
Najas flexilis,Najas flexilis (Willd.) Rostk. & W.L.E.Schmidt,global,5329315,5230721521,Najas flexilis (Willd.) Rostk. & W.L.E.Schmidt,2025-07-16T11:20:44,2025,iNaturalist research-grade observations,28eb1a3f-1c15-4a95-931a-4af90ecb574d,Canada,Ontario,44.779597,-78.88613,HUMAN_OBSERVATION,https://inaturalist-open-data.s3.amazonaws.com/photos/537991821/original.jpg,http://creativecommons.org/licenses/by-nc/4.0/,micaelacooper,micaelacooper,False
Najas flexilis,Najas flexilis (Willd.) Rostk. & W.L.E.Schmidt,global,5329315,5230861889,Najas flexilis (Willd.) Rostk. & W.L.E.Schmidt,2025-07-01T10:43:22,2025,iNaturalist research-grade observations,28eb1a3f-1c15-4a95-931a-4af90ecb574d,United States of America,Michigan,44.577251,-83.347363,HUMAN_OBSERVATION,https://inaturalist-open-data.s3.amazonaws.com/photos/530007623/original.jpg,http://creativecommons.org/licenses/by-nc/4.0/,Evan Wahmhoff,Evan Wahmhoff,False
Najas flexilis,Najas flexilis (Willd.) Rostk. & W.L.E.Schmidt,global,5329315,5230969538,Najas flexilis (Willd.) Rostk. & W.L.E.Schmidt,2025-07-11T16:03:05,2025,iNaturalist research-grade observations,28eb1a3f-1c15-4a95-931a-4af90ecb574d,United States of America,Wisconsin,46.010903,-89.514008,HUMAN_OBSERVATION,https://inaturalist-open-data.s3.amazonaws.com/photos/535102917/original.jpg,http://creativecommons.org/licenses/by/4.0/,Brandon Corder,Brandon Corder,True
Najas flexilis,Najas flexilis (Willd.) Rostk. & W.L.E.Schmidt,global,5329315,5231317805,Najas flexilis (Willd.) Rostk. & W.L.E.Schmidt,2025-07-13T13:46:48,2025,iNaturalist research-grade observations,28eb1a3f-1c15-4a95-931a-4af90ecb574d,United States of America,Minnesota,47.658177,-91.457777,HUMAN_OBSERVATION,https://inaturalist-open-data.s3.amazonaws.com/photos/536121649/original.jpg,http://creativecommons.org/publicdomain/zero/1.0/,Jonny Tostenson,Jonny Tostenson,True
Najas flexilis,Najas flexilis (Willd.) Rostk. & W.L.E.Schmidt,global,5329315,5231317805,Najas flexilis (Willd.) Rostk. & W.L.E.Schmidt,2025-07-13T13:46:48,2025,iNaturalist research-grade observations,28eb1a3f-1c15-4a95-931a-4af90ecb574d,United States of America,Minnesota,47.658177,-91.457777,HUMAN_OBSERVATION,https://inaturalist-open-data.s3.amazonaws.com/photos/536121229/original.jpg,http://creativecommons.org/publicdomain/zero/1.0/,Jonny Tostenson,Jonny Tostenson,True
Najas flexilis,Najas flexilis (Willd.) Rostk. & W.L.E.Schmidt,global,5329315,5238234652,Najas flexilis (Willd.) Rostk. & W.L.E.Schmidt,2025-07-28T09:58:07,2025,iNaturalist research-grade observations,28eb1a3f-1c15-4a95-931a-4af90ecb574d,United States of America,Minnesota,44.179397,-93.807447,HUMAN_OBSERVATION,https://inaturalist-open-data.s3.amazonaws.com/photos/543938808/original.jpg,http://creativecommons.org/licenses/by-nc/4.0/,juliaschneller,juliaschneller,False
Najas flexilis,Najas flexilis (Willd.) Rostk. & W.L.E.Schmidt,global,5329315,5281935072,Najas flexilis (Willd.) Rostk. & W.L.E.Schmidt,2025-07-29T11:18:32,2025,iNaturalist research-grade observations,28eb1a3f-1c15-4a95-931a-4af90ecb574d,Canada,Alberta,52.744555,-110.590453,HUMAN_OBSERVATION,https://inaturalist-open-data.s3.amazonaws.com/photos/544769599/original.jpg,http://creativecommons.org/publicdomain/zero/1.0/,Kallum McDonald,Kallum McDonald,True
Najas flexilis,Najas flexilis (Willd.) Rostk. & W.L.E.Schmidt,global,5329315,5282131405,Najas flexilis (Willd.) Rostk. & W.L.E.Schmidt,2025-07-29T19:26:12,2025,iNaturalist research-grade observations,28eb1a3f-1c15-4a95-931a-4af90ecb574d,United States of America,Vermont,43.780687,-72.543978,HUMAN_OBSERVATION,https://inaturalist-open-data.s3.amazonaws.com/photos/544649249/original.jpg,http://creativecommons.org/licenses/by-nc/4.0/,Siler Russ,Siler Russ,False
Najas flexilis,Najas flexilis (Willd.) Rostk. & W.L.E.Schmidt,global,5329315,5282131405,Najas flexilis (Willd.) Rostk. & W.L.E.Schmidt,2025-07-29T19:26:12,2025,iNaturalist research-grade observations,28eb1a3f-1c15-4a95-931a-4af90ecb574d,United States of America,Vermont,43.780687,-72.543978,HUMAN_OBSERVATION,https://inaturalist-open-data.s3.amazonaws.com/photos/544649311/original.jpg,http://creativecommons.org/licenses/by-nc/4.0/,Siler Russ,Siler Russ,False
Najas flexilis,Najas flexilis (Willd.) Rostk. & W.L.E.Schmidt,global,5329315,5282131405,Najas flexilis (Willd.) Rostk. & W.L.E.Schmidt,2025-07-29T19:26:12,2025,iNaturalist research-grade observations,28eb1a3f-1c15-4a95-931a-4af90ecb574d,United States of America,Vermont,43.780687,-72.543978,HUMAN_OBSERVATION,https://inaturalist-open-data.s3.amazonaws.com/photos/544649430/original.jpg,http://creativecommons.org/licenses/by-nc/4.0/,Siler Russ,Siler Russ,False
Najas flexilis,Najas flexilis (Willd.) Rostk. & W.L.E.Schmidt,global,5329315,5282246731,Najas flexilis (Willd.) Rostk. & W.L.E.Schmidt,2025-07-30T19:54:29,2025,iNaturalist research-grade observations,28eb1a3f-1c15-4a95-931a-4af90ecb574d,United States of America,Vermont,43.787058,-72.485141,HUMAN_OBSERVATION,https://inaturalist-open-data.s3.amazonaws.com/photos/545128982/original.jpg,http://creativecommons.org/licenses/by-nc/4.0/,Siler Russ,Siler Russ,False
Najas flexilis,Najas flexilis (Willd.) Rostk. & W.L.E.Schmidt,global,5329315,5282246731,Najas flexilis (Willd.) Rostk. & W.L.E.Schmidt,2025-07-30T19:54:29,2025,iNaturalist research-grade observations,28eb1a3f-1c15-4a95-931a-4af90ecb574d,United States of America,Vermont,43.787058,-72.485141,HUMAN_OBSERVATION,https://inaturalist-open-data.s3.amazonaws.com/photos/545128953/original.jpg,http://creativecommons.org/licenses/by-nc/4.0/,Siler Russ,Siler Russ,False
Najas flexilis,Najas flexilis (Willd.) Rostk. & W.L.E.Schmidt,global,5329315,5282520218,Najas flexilis (Willd.) Rostk. & W.L.E.Schmidt,2025-07-29T11:10:08,2025,iNaturalist research-grade observations,28eb1a3f-1c15-4a95-931a-4af90ecb574d,Canada,Alberta,52.744567,-110.59008,HUMAN_OBSERVATION,https://inaturalist-open-data.s3.amazonaws.com/photos/544769623/original.jpg,http://creativecommons.org/publicdomain/zero/1.0/,Kallum McDonald,Kallum McDonald,True
Najas flexilis,Najas flexilis (Willd.) Rostk. & W.L.E.Schmidt,global,5329315,5282520218,Najas flexilis (Willd.) Rostk. & W.L.E.Schmidt,2025-07-29T11:10:08,2025,iNaturalist research-grade observations,28eb1a3f-1c15-4a95-931a-4af90ecb574d,Canada,Alberta,52.744567,-110.59008,HUMAN_OBSERVATION,https://inaturalist-open-data.s3.amazonaws.com/photos/544769622/original.jpg,http://creativecommons.org/publicdomain/zero/1.0/,Kallum McDonald,Kallum McDonald,True
Najas flexilis,Najas flexilis (Willd.) Rostk. & W.L.E.Schmidt,global,5329315,5291764223,Najas flexilis (Willd.) Rostk. & W.L.E.Schmidt,2025-07-24T13:31:03,2025,iNaturalist research-grade observations,28eb1a3f-1c15-4a95-931a-4af90ecb574d,United States of America,Washington,48.971083,-122.069686,HUMAN_OBSERVATION,https://inaturalist-open-data.s3.amazonaws.com/photos/542550403/original.jpg,http://creativecommons.org/licenses/by-nc/4.0/,Anthony Shannon-Thorn,Anthony Shannon-Thorn,False
Najas flexilis,Najas flexilis (Willd.) Rostk. & W.L.E.Schmidt,global,5329315,5291764223,Najas flexilis (Willd.) Rostk. & W.L.E.Schmidt,2025-07-24T13:31:03,2025,iNaturalist research-grade observations,28eb1a3f-1c15-4a95-931a-4af90ecb574d,United States of America,Washington,48.971083,-122.069686,HUMAN_OBSERVATION,https://inaturalist-open-data.s3.amazonaws.com/photos/542550432/original.jpg,http://creativecommons.org/licenses/by-nc/4.0/,Anthony Shannon-Thorn,Anthony Shannon-Thorn,False
Najas flexilis,Najas flexilis (Willd.) Rostk. & W.L.E.Schmidt,global,5329315,5291955229,Najas flexilis (Willd.) Rostk. & W.L.E.Schmidt,2025-07-26T07:37:01,2025,iNaturalist research-grade observations,28eb1a3f-1c15-4a95-931a-4af90ecb574d,United States of America,Minnesota,48.044881,-90.362861,HUMAN_OBSERVATION,https://inaturalist-open-data.s3.amazonaws.com/photos/542798445/original.jpg,http://creativecommons.org/licenses/by-nc/4.0/,Fred Watson,Fred Watson,False
Najas flexilis,Najas flexilis (Willd.) Rostk. & W.L.E.Schmidt,global,5329315,5291955229,Najas flexilis (Willd.) Rostk. & W.L.E.Schmidt,2025-07-26T07:37:01,2025,iNaturalist research-grade observations,28eb1a3f-1c15-4a95-931a-4af90ecb574d,United States of America,Minnesota,48.044881,-90.362861,HUMAN_OBSERVATION,https://inaturalist-open-data.s3.amazonaws.com/photos/542798338/original.jpg,http://creativecommons.org/licenses/by-nc/4.0/,Fred Watson,Fred Watson,False
Najas flexilis,Najas flexilis (Willd.) Rostk. & W.L.E.Schmidt,global,5329315,5292070609,Najas flexilis (Willd.) Rostk. & W.L.E.Schmidt,2025-07-26T15:41:45,2025,iNaturalist research-grade observations,28eb1a3f-1c15-4a95-931a-4af90ecb574d,United States of America,Minnesota,48.04516,-90.363034,HUMAN_OBSERVATION,https://inaturalist-open-data.s3.amazonaws.com/photos/543269473/original.jpg,http://creativecommons.org/licenses/by-nc/4.0/,Fred Watson,Fred Watson,False
Najas flexilis,Najas flexilis (Willd.) Rostk. & W.L.E.Schmidt,global,5329315,5292070609,Najas flexilis (Willd.) Rostk. & W.L.E.Schmidt,2025-07-26T15:41:45,2025,iNaturalist research-grade observations,28eb1a3f-1c15-4a95-931a-4af90ecb574d,United States of America,Minnesota,48.04516,-90.363034,HUMAN_OBSERVATION,https://inaturalist-open-data.s3.amazonaws.com/photos/543269540/original.jpg,http://creativecommons.org/licenses/by-nc/4.0/,Fred Watson,Fred Watson,False
Najas flexilis,Najas flexilis (Willd.) Rostk. & W.L.E.Schmidt,global,5329315,5292070609,Najas flexilis (Willd.) Rostk. & W.L.E.Schmidt,2025-07-26T15:41:45,2025,iNaturalist research-grade observations,28eb1a3f-1c15-4a95-931a-4af90ecb574d,United States of America,Minnesota,48.04516,-90.363034,HUMAN_OBSERVATION,https://inaturalist-open-data.s3.amazonaws.com/photos/543269616/original.jpg,http://creativecommons.org/licenses/by-nc/4.0/,Fred Watson,Fred Watson,False
Najas flexilis,Najas flexilis (Willd.) Rostk. & W.L.E.Schmidt,global,5329315,5839841417,Najas flexilis (Willd.) Rostk. & W.L.E.Schmidt,2025-07-07T08:54:17,2025,iNaturalist research-grade observations,28eb1a3f-1c15-4a95-931a-4af90ecb574d,United States of America,Wisconsin,45.501013,-92.332275,HUMAN_OBSERVATION,https://inaturalist-open-data.s3.amazonaws.com/photos/533127141/original.jpg,http://creativecommons.org/licenses/by-nc/4.0/,Matthew S. Berg,Matthew S. Berg,False
Najas flexilis,Najas flexilis (Willd.) Rostk. & W.L.E.Schmidt,great_lakes_bbox,5329315,6130554700,Najas flexilis (Willd.) Rostk. & W.L.E.Schmidt,2026-01-10T19:54:23,2026,iNaturalist research-grade observations,28eb1a3f-1c15-4a95-931a-4af90ecb574d,Canada,Ontario,48.231012,-89.928872,HUMAN_OBSERVATION,https://inaturalist-open-data.s3.amazonaws.com/photos/607471998/original.jpg,http://creativecommons.org/licenses/by-nc/4.0/,Emily Palahnuk,Emily Palahnuk,False
Najas flexilis,Najas flexilis (Willd.) Rostk. & W.L.E.Schmidt,great_lakes_bbox,5329315,6130554700,Najas flexilis (Willd.) Rostk. & W.L.E.Schmidt,2026-01-10T19:54:23,2026,iNaturalist research-grade observations,28eb1a3f-1c15-4a95-931a-4af90ecb574d,Canada,Ontario,48.231012,-89.928872,HUMAN_OBSERVATION,https://inaturalist-open-data.s3.amazonaws.com/photos/607472026/original.jpg,http://creativecommons.org/licenses/by-nc/4.0/,Emily Palahnuk,Emily Palahnuk,False
Najas flexilis,Najas flexilis (Willd.) Rostk. & W.L.E.Schmidt,great_lakes_bbox,5329315,6130554700,Najas flexilis (Willd.) Rostk. & W.L.E.Schmidt,2026-01-10T19:54:23,2026,iNaturalist research-grade observations,28eb1a3f-1c15-4a95-931a-4af90ecb574d,Canada,Ontario,48.231012,-89.928872,HUMAN_OBSERVATION,https://inaturalist-open-data.s3.amazonaws.com/photos/607472050/original.jpg,http://creativecommons.org/licenses/by-nc/4.0/,Emily Palahnuk,Emily Palahnuk,False
Nitellopsis obtusa,Nitellopsis obtusa (Desv.) J.Groves,global,2638307,6273367581,Nitellopsis obtusa (Desv.) J.Groves,2026-05-09T14:01:09,2026,iNaturalist research-grade observations,28eb1a3f-1c15-4a95-931a-4af90ecb574d,United States of America,Kansas,38.802437,-95.163528,HUMAN_OBSERVATION,https://inaturalist-open-data.s3.amazonaws.com/photos/657009211/original.jpg,http://creativecommons.org/licenses/by-nc/4.0/,Ryan Andrews,Ryan Andrews,False
Nitellopsis obtusa,Nitellopsis obtusa (Desv.) J.Groves,global,2638307,6273494481,Nitellopsis obtusa (Desv.) J.Groves,2026-05-11T17:09:09,2026,iNaturalist research-grade observations,28eb1a3f-1c15-4a95-931a-4af90ecb574d,United States of America,Michigan,42.485697,-83.798398,HUMAN_OBSERVATION,https://inaturalist-open-data.s3.amazonaws.com/photos/658218194/original.jpg,http://creativecommons.org/licenses/by-nc/4.0/,pvnd0ra,pvnd0ra,False
Nitellopsis obtusa,Nitellopsis obtusa (Desv.) J.Groves,global,2638307,6334385474,Nitellopsis obtusa (Desv.) J.Groves,2026-05-24T10:52:50,2026,iNaturalist research-grade observations,28eb1a3f-1c15-4a95-931a-4af90ecb574d,United States of America,New York,42.657406,-77.058942,HUMAN_OBSERVATION,https://inaturalist-open-data.s3.amazonaws.com/photos/665768833/original.jpg,http://creativecommons.org/licenses/by-nc/4.0/,cs_kenney,cs_kenney,False
Nitellopsis obtusa,Nitellopsis obtusa (Desv.) J.Groves,global,2638307,6334385474,Nitellopsis obtusa (Desv.) J.Groves,2026-05-24T10:52:50,2026,iNaturalist research-grade observations,28eb1a3f-1c15-4a95-931a-4af90ecb574d,United States of America,New York,42.657406,-77.058942,HUMAN_OBSERVATION,https://inaturalist-open-data.s3.amazonaws.com/photos/665768886/original.jpg,http://creativecommons.org/licenses/by-nc/4.0/,cs_kenney,cs_kenney,False
Nitellopsis obtusa,Nitellopsis obtusa (Desv.) J.Groves,global,2638307,6352345765,Nitellopsis obtusa (Desv.) J.Groves,2026-05-24,2026,iNaturalist research-grade observations,28eb1a3f-1c15-4a95-931a-4af90ecb574d,Poland,Lubusz,52.329453,15.292677,HUMAN_OBSERVATION,https://inaturalist-open-data.s3.amazonaws.com/photos/667842230/original.jpg,http://creativecommons.org/licenses/by-nc/4.0/,Johannes Dammer,Johannes Dammer,False
Nitellopsis obtusa,Nitellopsis obtusa (Desv.) J.Groves,global,2638307,6352345765,Nitellopsis obtusa (Desv.) J.Groves,2026-05-24,2026,iNaturalist research-grade observations,28eb1a3f-1c15-4a95-931a-4af90ecb574d,Poland,Lubusz,52.329453,15.292677,HUMAN_OBSERVATION,https://inaturalist-open-data.s3.amazonaws.com/photos/667843431/original.jpg,http://creativecommons.org/licenses/by-nc/4.0/,Johannes Dammer,Johannes Dammer,False
Nitellopsis obtusa,Nitellopsis obtusa (Desv.) J.Groves,global,2638307,6352345765,Nitellopsis obtusa (Desv.) J.Groves,2026-05-24,2026,iNaturalist research-grade observations,28eb1a3f-1c15-4a95-931a-4af90ecb574d,Poland,Lubusz,52.329453,15.292677,HUMAN_OBSERVATION,https://inaturalist-open-data.s3.amazonaws.com/photos/667843568/original.jpg,http://creativecommons.org/licenses/by-nc/4.0/,Johannes Dammer,Johannes Dammer,False
Nitellopsis obtusa,Nitellopsis obtusa (Desv.) J.Groves,global,2638307,6352345765,Nitellopsis obtusa (Desv.) J.Groves,2026-05-24,2026,iNaturalist research-grade observations,28eb1a3f-1c15-4a95-931a-4af90ecb574d,Poland,Lubusz,52.329453,15.292677,HUMAN_OBSERVATION,https://inaturalist-open-data.s3.amazonaws.com/photos/667843636/original.jpg,http://creativecommons.org/licenses/by-nc/4.0/,Johannes Dammer,Johannes Dammer,False
Nitellopsis obtusa,Nitellopsis obtusa (Desv.) J.Groves,global,2638307,6352345765,Nitellopsis obtusa (Desv.) J.Groves,2026-05-24,2026,iNaturalist research-grade observations,28eb1a3f-1c15-4a95-931a-4af90ecb574d,Poland,Lubusz,52.329453,15.292677,HUMAN_OBSERVATION,https://inaturalist-open-data.s3.amazonaws.com/photos/667843721/original.jpg,http://creativecommons.org/licenses/by-nc/4.0/,Johannes Dammer,Johannes Dammer,False
Nitellopsis obtusa,Nitellopsis obtusa (Desv.) J.Groves,global,2638307,6352345765,Nitellopsis obtusa (Desv.) J.Groves,2026-05-24,2026,iNaturalist research-grade observations,28eb1a3f-1c15-4a95-931a-4af90ecb574d,Poland,Lubusz,52.329453,15.292677,HUMAN_OBSERVATION,https://inaturalist-open-data.s3.amazonaws.com/photos/667843808/original.jpg,http://creativecommons.org/licenses/by-nc/4.0/,Johannes Dammer,Johannes Dammer,False
Nitellopsis obtusa,Nitellopsis obtusa (Desv.) J.Groves,global,2638307,6352997977,Nitellopsis obtusa (Desv.) J.Groves,2026-05-30T20:11:16,2026,iNaturalist research-grade observations,28eb1a3f-1c15-4a95-931a-4af90ecb574d,Germany,Nordrhein-Westfalen,51.504084,6.655343,HUMAN_OBSERVATION,https://inaturalist-open-data.s3.amazonaws.com/photos/669678987/original.jpg,http://creativecommons.org/licenses/by-nc/4.0/,Li Wef.,Li Wef.,False
Nitellopsis obtusa,Nitellopsis obtusa (Desv.) J.Groves,global,2638307,6431187998,Nitellopsis obtusa (Desv.) J.Groves,2026-05-25T12:48:51,2026,iNaturalist research-grade observations,28eb1a3f-1c15-4a95-931a-4af90ecb574d,France,Rhône-Alpes,45.850473,5.79943,HUMAN_OBSERVATION,https://inaturalist-open-data.s3.amazonaws.com/photos/670982356/original.jpg,http://creativecommons.org/licenses/by-nc/4.0/,Fanny Dstjean,Fanny Dstjean,False
Nitellopsis obtusa,Nitellopsis obtusa (Desv.) J.Groves,global,2638307,6431187998,Nitellopsis obtusa (Desv.) J.Groves,2026-05-25T12:48:51,2026,iNaturalist research-grade observations,28eb1a3f-1c15-4a95-931a-4af90ecb574d,France,Rhône-Alpes,45.850473,5.79943,HUMAN_OBSERVATION,https://inaturalist-open-data.s3.amazonaws.com/photos/670982360/original.jpg,http://creativecommons.org/licenses/by-nc/4.0/,Fanny Dstjean,Fanny Dstjean,False
Nitellopsis obtusa,Nitellopsis obtusa (Desv.) J.Groves,global,2638307,6431187998,Nitellopsis obtusa (Desv.) J.Groves,2026-05-25T12:48:51,2026,iNaturalist research-grade observations,28eb1a3f-1c15-4a95-931a-4af90ecb574d,France,Rhône-Alpes,45.850473,5.79943,HUMAN_OBSERVATION,https://inaturalist-open-data.s3.amazonaws.com/photos/670982376/original.jpg,http://creativecommons.org/licenses/by-nc/4.0/,Fanny Dstjean,Fanny Dstjean,False
Nitellopsis obtusa,Nitellopsis obtusa (Desv.) J.Groves,global,2638307,6431187998,Nitellopsis obtusa (Desv.) J.Groves,2026-05-25T12:48:51,2026,iNaturalist research-grade observations,28eb1a3f-1c15-4a95-931a-4af90ecb574d,France,Rhône-Alpes,45.850473,5.79943,HUMAN_OBSERVATION,https://inaturalist-open-data.s3.amazonaws.com/photos/670982365/original.jpg,http://creativecommons.org/licenses/by-nc/4.0/,Fanny Dstjean,Fanny Dstjean,False
Nitellopsis obtusa,Nitellopsis obtusa (Desv.) J.Groves,global,2638307,6431187998,Nitellopsis obtusa (Desv.) J.Groves,2026-05-25T12:48:51,2026,iNaturalist research-grade observations,28eb1a3f-1c15-4a95-931a-4af90ecb574d,France,Rhône-Alpes,45.850473,5.79943,HUMAN_OBSERVATION,https://inaturalist-open-data.s3.amazonaws.com/photos/670982361/original.jpg,http://creativecommons.org/licenses/by-nc/4.0/,Fanny Dstjean,Fanny Dstjean,False
Nitellopsis obtusa,Nitellopsis obtusa (Desv.) J.Groves,global,2638307,6550803738,Nitellopsis obtusa (Desv.) J.Groves,2026-05-24T13:44,2026,iNaturalist research-grade observations,28eb1a3f-1c15-4a95-931a-4af90ecb574d,France,Rhône-Alpes,45.78978,5.020777,HUMAN_OBSERVATION,https://inaturalist-open-data.s3.amazonaws.com/photos/728142508/original.jpg,http://creativecommons.org/licenses/by-nc/4.0/,jvntd,jvntd,False
Nitellopsis obtusa,Nitellopsis obtusa (Desv.) J.Groves,global,2638307,6422119131,Nitellopsis obtusa (Desv.) J.Groves,2026-06-24T11:58:35,2026,iNaturalist research-grade observations,28eb1a3f-1c15-4a95-931a-4af90ecb574d,Canada,Ontario,44.389125,-77.856255,HUMAN_OBSERVATION,https://inaturalist-open-data.s3.amazonaws.com/photos/685601837/original.jpg,http://creativecommons.org/licenses/by-nc/4.0/,violetdavies,violetdavies,False
Nitellopsis obtusa,Nitellopsis obtusa (Desv.) J.Groves,global,2638307,6422119131,Nitellopsis obtusa (Desv.) J.Groves,2026-06-24T11:58:35,2026,iNaturalist research-grade observations,28eb1a3f-1c15-4a95-931a-4af90ecb574d,Canada,Ontario,44.389125,-77.856255,HUMAN_OBSERVATION,https://inaturalist-open-data.s3.amazonaws.com/photos/685601839/original.jpg,http://creativecommons.org/licenses/by-nc/4.0/,violetdavies,violetdavies,False
Nitellopsis obtusa,Nitellopsis obtusa (Desv.) J.Groves,global,2638307,6422358715,Nitellopsis obtusa (Desv.) J.Groves,2026-06-24T12:23:50,2026,iNaturalist research-grade observations,28eb1a3f-1c15-4a95-931a-4af90ecb574d,Denmark,Hovedstaden,55.79998,12.365993,HUMAN_OBSERVATION,https://inaturalist-open-data.s3.amazonaws.com/photos/685292511/original.jpg,http://creativecommons.org/publicdomain/zero/1.0/,Erik Buchwald,Erik Buchwald,True
Nitellopsis obtusa,Nitellopsis obtusa (Desv.) J.Groves,global,2638307,6422358715,Nitellopsis obtusa (Desv.) J.Groves,2026-06-24T12:23:50,2026,iNaturalist research-grade observations,28eb1a3f-1c15-4a95-931a-4af90ecb574d,Denmark,Hovedstaden,55.79998,12.365993,HUMAN_OBSERVATION,https://inaturalist-open-data.s3.amazonaws.com/photos/685292557/original.jpg,http://creativecommons.org/publicdomain/zero/1.0/,Erik Buchwald,Erik Buchwald,True
Nitellopsis obtusa,Nitellopsis obtusa (Desv.) J.Groves,global,2638307,6422358715,Nitellopsis obtusa (Desv.) J.Groves,2026-06-24T12:23:50,2026,iNaturalist research-grade observations,28eb1a3f-1c15-4a95-931a-4af90ecb574d,Denmark,Hovedstaden,55.79998,12.365993,HUMAN_OBSERVATION,https://inaturalist-open-data.s3.amazonaws.com/photos/685292595/original.jpg,http://creativecommons.org/publicdomain/zero/1.0/,Erik Buchwald,Erik Buchwald,True
Nitellopsis obtusa,Nitellopsis obtusa (Desv.) J.Groves,global,2638307,6422358715,Nitellopsis obtusa (Desv.) J.Groves,2026-06-24T12:23:50,2026,iNaturalist research-grade observations,28eb1a3f-1c15-4a95-931a-4af90ecb574d,Denmark,Hovedstaden,55.79998,12.365993,HUMAN_OBSERVATION,https://inaturalist-open-data.s3.amazonaws.com/photos/685292627/original.jpg,http://creativecommons.org/publicdomain/zero/1.0/,Erik Buchwald,Erik Buchwald,True
Nitellopsis obtusa,Nitellopsis obtusa (Desv.) J.Groves,global,2638307,6422358715,Nitellopsis obtusa (Desv.) J.Groves,2026-06-24T12:23:50,2026,iNaturalist research-grade observations,28eb1a3f-1c15-4a95-931a-4af90ecb574d,Denmark,Hovedstaden,55.79998,12.365993,HUMAN_OBSERVATION,https://inaturalist-open-data.s3.amazonaws.com/photos/685292664/original.jpg,http://creativecommons.org/publicdomain/zero/1.0/,Erik Buchwald,Erik Buchwald,True
Nitellopsis obtusa,Nitellopsis obtusa (Desv.) J.Groves,global,2638307,6422358715,Nitellopsis obtusa (Desv.) J.Groves,2026-06-24T12:23:50,2026,iNaturalist research-grade observations,28eb1a3f-1c15-4a95-931a-4af90ecb574d,Denmark,Hovedstaden,55.79998,12.365993,HUMAN_OBSERVATION,https://inaturalist-open-data.s3.amazonaws.com/photos/685919786/original.jpg,http://creativecommons.org/publicdomain/zero/1.0/,Erik Buchwald,Erik Buchwald,True
Nitellopsis obtusa,Nitellopsis obtusa (Desv.) J.Groves,global,2638307,6422358715,Nitellopsis obtusa (Desv.) J.Groves,2026-06-24T12:23:50,2026,iNaturalist research-grade observations,28eb1a3f-1c15-4a95-931a-4af90ecb574d,Denmark,Hovedstaden,55.79998,12.365993,HUMAN_OBSERVATION,https://inaturalist-open-data.s3.amazonaws.com/photos/685925588/original.jpg,http://creativecommons.org/publicdomain/zero/1.0/,Erik Buchwald,Erik Buchwald,True
Nitellopsis obtusa,Nitellopsis obtusa (Desv.) J.Groves,global,2638307,6430915323,Nitellopsis obtusa (Desv.) J.Groves,2026-06-26T08:49:51,2026,iNaturalist research-grade observations,28eb1a3f-1c15-4a95-931a-4af90ecb574d,United States of America,Michigan,43.138672,-85.39567,HUMAN_OBSERVATION,https://inaturalist-open-data.s3.amazonaws.com/photos/686635164/original.jpg,http://creativecommons.org/licenses/by/4.0/,Peter Quakenbush,Peter Quakenbush,True
Nitellopsis obtusa,Nitellopsis obtusa (Desv.) J.Groves,global,2638307,6430915323,Nitellopsis obtusa (Desv.) J.Groves,2026-06-26T08:49:51,2026,iNaturalist research-grade observations,28eb1a3f-1c15-4a95-931a-4af90ecb574d,United States of America,Michigan,43.138672,-85.39567,HUMAN_OBSERVATION,https://inaturalist-open-data.s3.amazonaws.com/photos/686635168/original.jpg,http://creativecommons.org/licenses/by/4.0/,Peter Quakenbush,Peter Quakenbush,True
Nitellopsis obtusa,Nitellopsis obtusa (Desv.) J.Groves,global,2638307,6430915323,Nitellopsis obtusa (Desv.) J.Groves,2026-06-26T08:49:51,2026,iNaturalist research-grade observations,28eb1a3f-1c15-4a95-931a-4af90ecb574d,United States of America,Michigan,43.138672,-85.39567,HUMAN_OBSERVATION,https://inaturalist-open-data.s3.amazonaws.com/photos/686635169/original.jpg,http://creativecommons.org/licenses/by/4.0/,Peter Quakenbush,Peter Quakenbush,True
Nitellopsis obtusa,Nitellopsis obtusa (Desv.) J.Groves,global,2638307,6431093561,Nitellopsis obtusa (Desv.) J.Groves,2026-06-29T15:04:06,2026,iNaturalist research-grade observations,28eb1a3f-1c15-4a95-931a-4af90ecb574d,United States of America,Minnesota,47.138646,-94.674558,HUMAN_OBSERVATION,https://inaturalist-open-data.s3.amazonaws.com/photos/688674083/original.jpg,http://creativecommons.org/licenses/by-nc/4.0/,ingridbey,ingridbey,False
Nitellopsis obtusa,Nitellopsis obtusa (Desv.) J.Groves,global,2638307,6431576707,Nitellopsis obtusa (Desv.) J.Groves,2026-06-03T14:09:45,2026,iNaturalist research-grade observations,28eb1a3f-1c15-4a95-931a-4af90ecb574d,United States of America,Michigan,44.350762,-83.946097,HUMAN_OBSERVATION,https://inaturalist-open-data.s3.amazonaws.com/photos/692508124/original.jpg,http://creativecommons.org/licenses/by-nc/4.0/,vancekr1,vancekr1,False
Nitellopsis obtusa,Nitellopsis obtusa (Desv.) J.Groves,global,2638307,6431866753,Nitellopsis obtusa (Desv.) J.Groves,2026-06-29T15:02:21,2026,iNaturalist research-grade observations,28eb1a3f-1c15-4a95-931a-4af90ecb574d,United States of America,Minnesota,47.13829,-94.674885,HUMAN_OBSERVATION,https://inaturalist-open-data.s3.amazonaws.com/photos/688673417/original.jpg,http://creativecommons.org/licenses/by-nc/4.0/,ingridbey,ingridbey,False
Nitellopsis obtusa,Nitellopsis obtusa (Desv.) J.Groves,global,2638307,6431876688,Nitellopsis obtusa (Desv.) J.Groves,2026-06-26T18:35,2026,iNaturalist research-grade observations,28eb1a3f-1c15-4a95-931a-4af90ecb574d,Germany,Sachsen-Anhalt,51.792888,12.579699,HUMAN_OBSERVATION,https://inaturalist-open-data.s3.amazonaws.com/photos/687686769/original.jpg,http://creativecommons.org/licenses/by-nc/4.0/,Johannes Dammer,Johannes Dammer,False
Nitellopsis obtusa,Nitellopsis obtusa (Desv.) J.Groves,global,2638307,6431876688,Nitellopsis obtusa (Desv.) J.Groves,2026-06-26T18:35,2026,iNaturalist research-grade observations,28eb1a3f-1c15-4a95-931a-4af90ecb574d,Germany,Sachsen-Anhalt,51.792888,12.579699,HUMAN_OBSERVATION,https://inaturalist-open-data.s3.amazonaws.com/photos/687686848/original.jpg,http://creativecommons.org/licenses/by-nc/4.0/,Johannes Dammer,Johannes Dammer,False
Nitellopsis obtusa,Nitellopsis obtusa (Desv.) J.Groves,global,2638307,6431876688,Nitellopsis obtusa (Desv.) J.Groves,2026-06-26T18:35,2026,iNaturalist research-grade observations,28eb1a3f-1c15-4a95-931a-4af90ecb574d,Germany,Sachsen-Anhalt,51.792888,12.579699,HUMAN_OBSERVATION,https://inaturalist-open-data.s3.amazonaws.com/photos/687686929/original.jpg,http://creativecommons.org/licenses/by-nc/4.0/,Johannes Dammer,Johannes Dammer,False
Nitellopsis obtusa,Nitellopsis obtusa (Desv.) J.Groves,global,2638307,6431876688,Nitellopsis obtusa (Desv.) J.Groves,2026-06-26T18:35,2026,iNaturalist research-grade observations,28eb1a3f-1c15-4a95-931a-4af90ecb574d,Germany,Sachsen-Anhalt,51.792888,12.579699,HUMAN_OBSERVATION,https://inaturalist-open-data.s3.amazonaws.com/photos/687687001/original.jpg,http://creativecommons.org/licenses/by-nc/4.0/,Johannes Dammer,Johannes Dammer,False
Nitellopsis obtusa,Nitellopsis obtusa (Desv.) J.Groves,global,2638307,6431876688,Nitellopsis obtusa (Desv.) J.Groves,2026-06-26T18:35,2026,iNaturalist research-grade observations,28eb1a3f-1c15-4a95-931a-4af90ecb574d,Germany,Sachsen-Anhalt,51.792888,12.579699,HUMAN_OBSERVATION,https://inaturalist-open-data.s3.amazonaws.com/photos/687687060/original.jpg,http://creativecommons.org/licenses/by-nc/4.0/,Johannes Dammer,Johannes Dammer,False
Nitellopsis obtusa,Nitellopsis obtusa (Desv.) J.Groves,global,2638307,6431494877,Nitellopsis obtusa (Desv.) J.Groves,2026-07-01T07:06,2026,iNaturalist research-grade observations,28eb1a3f-1c15-4a95-931a-4af90ecb574d,United States of America,Michigan,44.431021,-83.921186,HUMAN_OBSERVATION,https://inaturalist-open-data.s3.amazonaws.com/photos/691315760/original.jpg,http://creativecommons.org/licenses/by-nc/4.0/,pkofmi,pkofmi,False
Nitellopsis obtusa,Nitellopsis obtusa (Desv.) J.Groves,global,2638307,6431630648,Nitellopsis obtusa (Desv.) J.Groves,2026-07-01T11:33:06,2026,iNaturalist research-grade observations,28eb1a3f-1c15-4a95-931a-4af90ecb574d,United States of America,Michigan,43.617662,-85.29591,HUMAN_OBSERVATION,https://inaturalist-open-data.s3.amazonaws.com/photos/689691067/original.jpg,http://creativecommons.org/licenses/by-nc/4.0/,mmwb52,mmwb52,False
Nitellopsis obtusa,Nitellopsis obtusa (Desv.) J.Groves,global,2638307,6441195521,Nitellopsis obtusa (Desv.) J.Groves,2026-07-04T14:07,2026,iNaturalist research-grade observations,28eb1a3f-1c15-4a95-931a-4af90ecb574d,Poland,Kuyavian-Pomeranian,53.382244,17.878981,HUMAN_OBSERVATION,https://inaturalist-open-data.s3.amazonaws.com/photos/695078974/original.jpg,http://creativecommons.org/licenses/by-nc/4.0/,Daniel Ward,Daniel Ward,False
Nitellopsis obtusa,Nitellopsis obtusa (Desv.) J.Groves,global,2638307,6441227998,Nitellopsis obtusa (Desv.) J.Groves,2026-07-07T15:50,2026,iNaturalist research-grade observations,28eb1a3f-1c15-4a95-931a-4af90ecb574d,Canada,Québec,45.597967,-73.472058,HUMAN_OBSERVATION,https://inaturalist-open-data.s3.amazonaws.com/photos/693655950/original.jpg,http://creativecommons.org/licenses/by-nc/4.0/,weilival,weilival,False
Nitellopsis obtusa,Nitellopsis obtusa (Desv.) J.Groves,global,2638307,6441227998,Nitellopsis obtusa (Desv.) J.Groves,2026-07-07T15:50,2026,iNaturalist research-grade observations,28eb1a3f-1c15-4a95-931a-4af90ecb574d,Canada,Québec,45.597967,-73.472058,HUMAN_OBSERVATION,https://inaturalist-open-data.s3.amazonaws.com/photos/693655967/original.jpg,http://creativecommons.org/licenses/by-nc/4.0/,weilival,weilival,False
Nitellopsis obtusa,Nitellopsis obtusa (Desv.) J.Groves,global,2638307,6441227998,Nitellopsis obtusa (Desv.) J.Groves,2026-07-07T15:50,2026,iNaturalist research-grade observations,28eb1a3f-1c15-4a95-931a-4af90ecb574d,Canada,Québec,45.597967,-73.472058,HUMAN_OBSERVATION,https://inaturalist-open-data.s3.amazonaws.com/photos/693655966/original.jpg,http://creativecommons.org/licenses/by-nc/4.0/,weilival,weilival,False
Nitellopsis obtusa,Nitellopsis obtusa (Desv.) J.Groves,global,2638307,6441666750,Nitellopsis obtusa (Desv.) J.Groves,2026-07-07T15:06,2026,iNaturalist research-grade observations,28eb1a3f-1c15-4a95-931a-4af90ecb574d,Canada,Québec,45.597992,-73.471808,HUMAN_OBSERVATION,https://inaturalist-open-data.s3.amazonaws.com/photos/693655624/original.jpg,http://creativecommons.org/licenses/by-nc/4.0/,weilival,weilival,False
Nitellopsis obtusa,Nitellopsis obtusa (Desv.) J.Groves,global,2638307,6441666750,Nitellopsis obtusa (Desv.) J.Groves,2026-07-07T15:06,2026,iNaturalist research-grade observations,28eb1a3f-1c15-4a95-931a-4af90ecb574d,Canada,Québec,45.597992,-73.471808,HUMAN_OBSERVATION,https://inaturalist-open-data.s3.amazonaws.com/photos/693655685/original.jpg,http://creativecommons.org/licenses/by-nc/4.0/,weilival,weilival,False
Nitellopsis obtusa,Nitellopsis obtusa (Desv.) J.Groves,global,2638307,6441666750,Nitellopsis obtusa (Desv.) J.Groves,2026-07-07T15:06,2026,iNaturalist research-grade observations,28eb1a3f-1c15-4a95-931a-4af90ecb574d,Canada,Québec,45.597992,-73.471808,HUMAN_OBSERVATION,https://inaturalist-open-data.s3.amazonaws.com/photos/693655681/original.jpg,http://creativecommons.org/licenses/by-nc/4.0/,weilival,weilival,False
Nitellopsis obtusa,Nitellopsis obtusa (Desv.) J.Groves,global,2638307,6441745902,Nitellopsis obtusa (Desv.) J.Groves,2026-07-06T14:15,2026,iNaturalist research-grade observations,28eb1a3f-1c15-4a95-931a-4af90ecb574d,United States of America,Michigan,44.4346,-83.927794,HUMAN_OBSERVATION,https://inaturalist-open-data.s3.amazonaws.com/photos/693448876/original.jpg,http://creativecommons.org/licenses/by-nc/4.0/,pkofmi,pkofmi,False
Nitellopsis obtusa,Nitellopsis obtusa (Desv.) J.Groves,global,2638307,6470310763,Nitellopsis obtusa (Desv.) J.Groves,2026-07-23T13:04:49,2026,iNaturalist research-grade observations,28eb1a3f-1c15-4a95-931a-4af90ecb574d,United States of America,Michigan,42.719978,-83.522147,HUMAN_OBSERVATION,https://inaturalist-open-data.s3.amazonaws.com/photos/703748101/original.jpg,http://creativecommons.org/licenses/by/4.0/,Quinn,Quinn,True
Nitellopsis obtusa,Nitellopsis obtusa (Desv.) J.Groves,global,2638307,6470374957,Nitellopsis obtusa (Desv.) J.Groves,2026-07-15T11:07:36,2026,iNaturalist research-grade observations,28eb1a3f-1c15-4a95-931a-4af90ecb574d,United States of America,New York,42.676613,-76.716225,HUMAN_OBSERVATION,https://inaturalist-open-data.s3.amazonaws.com/photos/702083578/original.jpg,http://creativecommons.org/licenses/by-nc/4.0/,someone_who_likes_nature,someone_who_likes_nature,False
Nitellopsis obtusa,Nitellopsis obtusa (Desv.) J.Groves,global,2638307,6479200716,Nitellopsis obtusa (Desv.) J.Groves,2026-07-01T11:28:12,2026,iNaturalist research-grade observations,28eb1a3f-1c15-4a95-931a-4af90ecb574d,United States of America,Michigan,43.617478,-85.296444,HUMAN_OBSERVATION,https://inaturalist-open-data.s3.amazonaws.com/photos/689690928/original.jpg,http://creativecommons.org/licenses/by-nc/4.0/,mmwb52,mmwb52,False
Nitellopsis obtusa,Nitellopsis obtusa (Desv.) J.Groves,global,2638307,6479391820,Nitellopsis obtusa (Desv.) J.Groves,2026-07-29T09:45:43,2026,iNaturalist research-grade observations,28eb1a3f-1c15-4a95-931a-4af90ecb574d,Slovakia,Bratislavský,48.120073,17.142107,HUMAN_OBSERVATION,https://inaturalist-open-data.s3.amazonaws.com/photos/707143753/original.jpg,http://creativecommons.org/licenses/by-nc/4.0/,Dominik Roman Letz,Dominik Roman Letz,False
Nitellopsis obtusa,Nitellopsis obtusa (Desv.) J.Groves,global,2638307,6479391820,Nitellopsis obtusa (Desv.) J.Groves,2026-07-29T09:45:43,2026,iNaturalist research-grade observations,28eb1a3f-1c15-4a95-931a-4af90ecb574d,Slovakia,Bratislavský,48.120073,17.142107,HUMAN_OBSERVATION,https://inaturalist-open-data.s3.amazonaws.com/photos/707143782/original.jpg,http://creativecommons.org/licenses/by-nc/4.0/,Dominik Roman Letz,Dominik Roman Letz,False
Nitellopsis obtusa,Nitellopsis obtusa (Desv.) J.Groves,global,2638307,6479391820,Nitellopsis obtusa (Desv.) J.Groves,2026-07-29T09:45:43,2026,iNaturalist research-grade observations,28eb1a3f-1c15-4a95-931a-4af90ecb574d,Slovakia,Bratislavský,48.120073,17.142107,HUMAN_OBSERVATION,https://inaturalist-open-data.s3.amazonaws.com/photos/707143814/original.jpg,http://creativecommons.org/licenses/by-nc/4.0/,Dominik Roman Letz,Dominik Roman Letz,False
Nitellopsis obtusa,Nitellopsis obtusa (Desv.) J.Groves,global,2638307,6480804914,Nitellopsis obtusa (Desv.) J.Groves,2026-07-30T12:33:44,2026,iNaturalist research-grade observations,28eb1a3f-1c15-4a95-931a-4af90ecb574d,Canada,Ontario,44.711792,-79.868362,HUMAN_OBSERVATION,https://inaturalist-open-data.s3.amazonaws.com/photos/707880421/original.jpg,http://creativecommons.org/licenses/by-nc/4.0/,lgrenier04,lgrenier04,False
Nitellopsis obtusa,Nitellopsis obtusa (Desv.) J.Groves,great_lakes_bbox,2638307,6273494481,Nitellopsis obtusa (Desv.) J.Groves,2026-05-11T17:09:09,2026,iNaturalist research-grade observations,28eb1a3f-1c15-4a95-931a-4af90ecb574d,United States of America,Michigan,42.485697,-83.798398,HUMAN_OBSERVATION,https://inaturalist-open-data.s3.amazonaws.com/photos/658218194/original.jpg,http://creativecommons.org/licenses/by-nc/4.0/,pvnd0ra,pvnd0ra,False
Nuphar variegata,Nuphar variegata Engelm. ex Durand,global,6434989,6235383565,Nuphar variegata Engelm. ex Durand,2026-03-27T11:33,2026,iNaturalist research-grade observations,28eb1a3f-1c15-4a95-931a-4af90ecb574d,Canada,Ontario,43.242704,-81.855286,HUMAN_OBSERVATION,https://inaturalist-open-data.s3.amazonaws.com/photos/629651020/original.jpg,http://creativecommons.org/licenses/by-nc/4.0/,James Holdsworth,James Holdsworth,False
Nuphar variegata,Nuphar variegata Engelm. ex Durand,global,6434989,6235383565,Nuphar variegata Engelm. ex Durand,2026-03-27T11:33,2026,iNaturalist research-grade observations,28eb1a3f-1c15-4a95-931a-4af90ecb574d,Canada,Ontario,43.242704,-81.855286,HUMAN_OBSERVATION,https://inaturalist-open-data.s3.amazonaws.com/photos/629651547/original.jpg,http://creativecommons.org/licenses/by-nc/4.0/,James Holdsworth,James Holdsworth,False
Nuphar variegata,Nuphar variegata Engelm. ex Durand,global,6434989,6195535534,Nuphar variegata Engelm. ex Durand,2026-04-12T14:00:11,2026,iNaturalist research-grade observations,28eb1a3f-1c15-4a95-931a-4af90ecb574d,Canada,Ontario,44.849597,-76.203844,HUMAN_OBSERVATION,https://inaturalist-open-data.s3.amazonaws.com/photos/637212423/original.jpg,http://creativecommons.org/licenses/by-nc/4.0/,Kit Muma,Kit Muma,False
Nuphar variegata,Nuphar variegata Engelm. ex Durand,global,6434989,6195603944,Nuphar variegata Engelm. ex Durand,2026-04-12T09:23:30,2026,iNaturalist research-grade observations,28eb1a3f-1c15-4a95-931a-4af90ecb574d,Canada,Ontario,45.090328,-74.528388,HUMAN_OBSERVATION,https://inaturalist-open-data.s3.amazonaws.com/photos/637333634/original.jpg,http://creativecommons.org/licenses/by-nc/4.0/,Wren Shay,Wren Shay,False
Nuphar variegata,Nuphar variegata Engelm. ex Durand,global,6434989,6234247121,Nuphar variegata Engelm. ex Durand,2026-04-19T09:59:50,2026,iNaturalist research-grade observations,28eb1a3f-1c15-4a95-931a-4af90ecb574d,United States of America,Wisconsin,44.324692,-89.211514,HUMAN_OBSERVATION,https://inaturalist-open-data.s3.amazonaws.com/photos/640786459/original.jpg,http://creativecommons.org/licenses/by-nc/4.0/,SAWilde,SAWilde,False
Nuphar variegata,Nuphar variegata Engelm. ex Durand,global,6434989,6234247121,Nuphar variegata Engelm. ex Durand,2026-04-19T09:59:50,2026,iNaturalist research-grade observations,28eb1a3f-1c15-4a95-931a-4af90ecb574d,United States of America,Wisconsin,44.324692,-89.211514,HUMAN_OBSERVATION,https://inaturalist-open-data.s3.amazonaws.com/photos/640786539/original.jpg,http://creativecommons.org/licenses/by-nc/4.0/,SAWilde,SAWilde,False
Nuphar variegata,Nuphar variegata Engelm. ex Durand,global,6434989,6234247121,Nuphar variegata Engelm. ex Durand,2026-04-19T09:59:50,2026,iNaturalist research-grade observations,28eb1a3f-1c15-4a95-931a-4af90ecb574d,United States of America,Wisconsin,44.324692,-89.211514,HUMAN_OBSERVATION,https://inaturalist-open-data.s3.amazonaws.com/photos/640786623/original.jpg,http://creativecommons.org/licenses/by-nc/4.0/,SAWilde,SAWilde,False
Nuphar variegata,Nuphar variegata Engelm. ex Durand,global,6434989,6234444704,Nuphar variegata Engelm. ex Durand,2026-04-12T16:29,2026,iNaturalist research-grade observations,28eb1a3f-1c15-4a95-931a-4af90ecb574d,United States of America,Connecticut,41.246393,-73.47567,HUMAN_OBSERVATION,https://inaturalist-open-data.s3.amazonaws.com/photos/637432152/original.jpg,http://creativecommons.org/licenses/by-nc/4.0/,Ryan Bardin,Ryan Bardin,False
Nuphar variegata,Nuphar variegata Engelm. ex Durand,global,6434989,6234444704,Nuphar variegata Engelm. ex Durand,2026-04-12T16:29,2026,iNaturalist research-grade observations,28eb1a3f-1c15-4a95-931a-4af90ecb574d,United States of America,Connecticut,41.246393,-73.47567,HUMAN_OBSERVATION,https://inaturalist-open-data.s3.amazonaws.com/photos/637432206/original.jpg,http://creativecommons.org/licenses/by-nc/4.0/,Ryan Bardin,Ryan Bardin,False
Nuphar variegata,Nuphar variegata Engelm. ex Durand,global,6434989,6234444704,Nuphar variegata Engelm. ex Durand,2026-04-12T16:29,2026,iNaturalist research-grade observations,28eb1a3f-1c15-4a95-931a-4af90ecb574d,United States of America,Connecticut,41.246393,-73.47567,HUMAN_OBSERVATION,https://inaturalist-open-data.s3.amazonaws.com/photos/637432204/original.jpg,http://creativecommons.org/licenses/by-nc/4.0/,Ryan Bardin,Ryan Bardin,False
Nuphar variegata,Nuphar variegata Engelm. ex Durand,global,6434989,6235356192,Nuphar variegata Engelm. ex Durand,2026-04-22T13:49:48,2026,iNaturalist research-grade observations,28eb1a3f-1c15-4a95-931a-4af90ecb574d,Canada,Ontario,43.586591,-80.09815,HUMAN_OBSERVATION,https://inaturalist-open-data.s3.amazonaws.com/photos/642579372/original.jpg,http://creativecommons.org/licenses/by-nc/4.0/,Pat Deacon,Pat Deacon,False
Nuphar variegata,Nuphar variegata Engelm. ex Durand,global,6434989,6235694298,Nuphar variegata Engelm. ex Durand,2026-04-24T14:29:07,2026,iNaturalist research-grade observations,28eb1a3f-1c15-4a95-931a-4af90ecb574d,United States of America,Rhode Island,41.522298,-71.748647,HUMAN_OBSERVATION,https://inaturalist-open-data.s3.amazonaws.com/photos/644108594/original.jpg,http://creativecommons.org/licenses/by-nc/4.0/,Karen Beck,Karen Beck,False
Nuphar variegata,Nuphar variegata Engelm. ex Durand,global,6434989,6235706505,Nuphar variegata Engelm. ex Durand,2026-04-25T16:11,2026,iNaturalist research-grade observations,28eb1a3f-1c15-4a95-931a-4af90ecb574d,United States of America,Connecticut,41.566389,-72.787867,HUMAN_OBSERVATION,https://inaturalist-open-data.s3.amazonaws.com/photos/645686732/original.jpg,http://creativecommons.org/licenses/by-nc/4.0/,Kelly Fuerstenberg,Kelly Fuerstenberg,False
Nuphar variegata,Nuphar variegata Engelm. ex Durand,global,6434989,6236018860,Nuphar variegata Engelm. ex Durand,2026-04-21T13:44,2026,iNaturalist research-grade observations,28eb1a3f-1c15-4a95-931a-4af90ecb574d,United States of America,Maryland,38.757958,-75.735326,HUMAN_OBSERVATION,https://inaturalist-open-data.s3.amazonaws.com/photos/642216108/original.jpg,http://creativecommons.org/licenses/by-nc/4.0/,Wayne Longbottom,Wayne Longbottom,False
Nuphar variegata,Nuphar variegata Engelm. ex Durand,global,6434989,6251612180,Nuphar variegata Engelm. ex Durand,2026-04-18T16:33:29,2026,iNaturalist research-grade observations,28eb1a3f-1c15-4a95-931a-4af90ecb574d,United States of America,New Hampshire,43.793523,-71.777141,HUMAN_OBSERVATION,https://inaturalist-open-data.s3.amazonaws.com/photos/640975968/original.jpg,http://creativecommons.org/licenses/by-nc/4.0/,Bradley Rasmussen,Bradley Rasmussen,False
Nuphar variegata,Nuphar variegata Engelm. ex Durand,global,6434989,6252295508,Nuphar variegata Engelm. ex Durand,2026-04-26T13:22:28,2026,iNaturalist research-grade observations,28eb1a3f-1c15-4a95-931a-4af90ecb574d,United States of America,New York,41.577465,-74.469711,HUMAN_OBSERVATION,https://inaturalist-open-data.s3.amazonaws.com/photos/654496969/original.jpg,http://creativecommons.org/licenses/by-nc/4.0/,katg927,katg927,False
Nuphar variegata,Nuphar variegata Engelm. ex Durand,global,6434989,6252555389,Nuphar variegata Engelm. ex Durand,2026-04-27T13:34:38,2026,iNaturalist research-grade observations,28eb1a3f-1c15-4a95-931a-4af90ecb574d,United States of America,Massachusetts,42.345658,-72.49128,HUMAN_OBSERVATION,https://inaturalist-open-data.s3.amazonaws.com/photos/648805418/original.jpg,http://creativecommons.org/licenses/by-nc/4.0/,Jodi Levine,Jodi Levine,False
Nuphar variegata,Nuphar variegata Engelm. ex Durand,global,6434989,6252778256,Nuphar variegata Engelm. ex Durand,2026-04-27T13:43,2026,iNaturalist research-grade observations,28eb1a3f-1c15-4a95-931a-4af90ecb574d,United States of America,Massachusetts,42.060732,-72.356813,HUMAN_OBSERVATION,https://inaturalist-open-data.s3.amazonaws.com/photos/649384969/original.jpg,http://creativecommons.org/publicdomain/zero/1.0/,Lynn Harper,Lynn Harper,True
Nuphar variegata,Nuphar variegata Engelm. ex Durand,global,6434989,6253293986,Nuphar variegata Engelm. ex Durand,2026-04-27T13:31,2026,iNaturalist research-grade observations,28eb1a3f-1c15-4a95-931a-4af90ecb574d,United States of America,Massachusetts,42.060178,-72.35486,HUMAN_OBSERVATION,https://inaturalist-open-data.s3.amazonaws.com/photos/649384641/original.jpg,http://creativecommons.org/publicdomain/zero/1.0/,Lynn Harper,Lynn Harper,True
Nuphar variegata,Nuphar variegata Engelm. ex Durand,global,6434989,6552271972,Nuphar variegata Engelm. ex Durand,2026-04-15T16:07,2026,iNaturalist research-grade observations,28eb1a3f-1c15-4a95-931a-4af90ecb574d,Canada,Ontario,45.373009,-75.797496,HUMAN_OBSERVATION,https://inaturalist-open-data.s3.amazonaws.com/photos/639024563/original.jpg,http://creativecommons.org/licenses/by-nc/4.0/,Heather Pickard,Heather Pickard,False
Nuphar variegata,Nuphar variegata Engelm. ex Durand,global,6434989,6273236948,Nuphar variegata Engelm. ex Durand,2026-05-05T16:07:07,2026,iNaturalist research-grade observations,28eb1a3f-1c15-4a95-931a-4af90ecb574d,United States of America,New Hampshire,42.719863,-71.396012,HUMAN_OBSERVATION,https://inaturalist-open-data.s3.amazonaws.com/photos/656396667/original.jpg,http://creativecommons.org/licenses/by-nc/4.0/,J,J,False
Nuphar variegata,Nuphar variegata Engelm. ex Durand,global,6434989,6273239624,Nuphar variegata Engelm. ex Durand,2026-05-05T15:20:32,2026,iNaturalist research-grade observations,28eb1a3f-1c15-4a95-931a-4af90ecb574d,United States of America,Massachusetts,42.618017,-71.644355,HUMAN_OBSERVATION,https://inaturalist-open-data.s3.amazonaws.com/photos/654469849/original.jpg,http://creativecommons.org/licenses/by-nc/4.0/,jonno_6,jonno_6,False
Nuphar variegata,Nuphar variegata Engelm. ex Durand,global,6434989,6273337070,Nuphar variegata Engelm. ex Durand,2026-05-11T12:11:29,2026,iNaturalist research-grade observations,28eb1a3f-1c15-4a95-931a-4af90ecb574d,United States of America,New Hampshire,43.789913,-71.774125,HUMAN_OBSERVATION,https://inaturalist-open-data.s3.amazonaws.com/photos/658069357/original.jpg,http://creativecommons.org/licenses/by-nc/4.0/,larryrush,larryrush,False
Nuphar variegata,Nuphar variegata Engelm. ex Durand,global,6434989,6273337070,Nuphar variegata Engelm. ex Durand,2026-05-11T12:11:29,2026,iNaturalist research-grade observations,28eb1a3f-1c15-4a95-931a-4af90ecb574d,United States of America,New Hampshire,43.789913,-71.774125,HUMAN_OBSERVATION,https://inaturalist-open-data.s3.amazonaws.com/photos/658069430/original.jpg,http://creativecommons.org/licenses/by-nc/4.0/,larryrush,larryrush,False
Nuphar variegata,Nuphar variegata Engelm. ex Durand,global,6434989,6273905796,Nuphar variegata Engelm. ex Durand,2026-05-08T11:59:04,2026,iNaturalist research-grade observations,28eb1a3f-1c15-4a95-931a-4af90ecb574d,United States of America,New Jersey,39.785354,-74.555376,HUMAN_OBSERVATION,https://inaturalist-open-data.s3.amazonaws.com/photos/656284712/original.jpg,http://creativecommons.org/licenses/by-nc/4.0/,chemist-1,chemist-1,False
Nuphar variegata,Nuphar variegata Engelm. ex Durand,global,6434989,6320124080,Nuphar variegata Engelm. ex Durand,2026-05-12T11:32,2026,iNaturalist research-grade observations,28eb1a3f-1c15-4a95-931a-4af90ecb574d,Canada,Ontario,44.519327,-76.683643,HUMAN_OBSERVATION,https://inaturalist-open-data.s3.amazonaws.com/photos/659370494/original.jpg,http://creativecommons.org/licenses/by-nc/4.0/,Janet Elliott,Janet Elliott,False
Nuphar variegata,Nuphar variegata Engelm. ex Durand,global,6434989,6320276711,Nuphar variegata Engelm. ex Durand,2026-05-16T10:43,2026,iNaturalist research-grade observations,28eb1a3f-1c15-4a95-931a-4af90ecb574d,United States of America,New Hampshire,43.961215,-71.963265,HUMAN_OBSERVATION,https://inaturalist-open-data.s3.amazonaws.com/photos/662046444/original.jpg,http://creativecommons.org/licenses/by-nc/4.0/,hollyyoung,hollyyoung,False
Nuphar variegata,Nuphar variegata Engelm. ex Durand,global,6434989,6320276711,Nuphar variegata Engelm. ex Durand,2026-05-16T10:43,2026,iNaturalist research-grade observations,28eb1a3f-1c15-4a95-931a-4af90ecb574d,United States of America,New Hampshire,43.961215,-71.963265,HUMAN_OBSERVATION,https://inaturalist-open-data.s3.amazonaws.com/photos/662062117/original.jpg,http://creativecommons.org/licenses/by-nc/4.0/,hollyyoung,hollyyoung,False
Nuphar variegata,Nuphar variegata Engelm. ex Durand,global,6434989,6320452935,Nuphar variegata Engelm. ex Durand,2026-05-12T11:32:20,2026,iNaturalist research-grade observations,28eb1a3f-1c15-4a95-931a-4af90ecb574d,Canada,Ontario,44.524115,-76.742163,HUMAN_OBSERVATION,https://inaturalist-open-data.s3.amazonaws.com/photos/658708576/original.jpg,http://creativecommons.org/licenses/by-nc/4.0/,Murray Beckel,Murray Beckel,False
Nuphar variegata,Nuphar variegata Engelm. ex Durand,global,6434989,6320792559,Nuphar variegata Engelm. ex Durand,2026-05-16T10:32:19,2026,iNaturalist research-grade observations,28eb1a3f-1c15-4a95-931a-4af90ecb574d,United States of America,Massachusetts,42.45678,-71.904762,HUMAN_OBSERVATION,https://inaturalist-open-data.s3.amazonaws.com/photos/660814987/original.jpg,http://creativecommons.org/licenses/by-nc/4.0/,Ava,Ava,False
Nuphar variegata,Nuphar variegata Engelm. ex Durand,global,6434989,6320806479,Nuphar variegata Engelm. ex Durand,2026-05-17T13:04:25,2026,iNaturalist research-grade observations,28eb1a3f-1c15-4a95-931a-4af90ecb574d,Canada,Ontario,43.247917,-81.846147,HUMAN_OBSERVATION,https://inaturalist-open-data.s3.amazonaws.com/photos/661841674/original.jpg,http://creativecommons.org/licenses/by-nc/4.0/,Ashley,Ashley,False
Nuphar variegata,Nuphar variegata Engelm. ex Durand,global,6434989,6320824053,Nuphar variegata Engelm. ex Durand,2026-05-02T18:22,2026,iNaturalist research-grade observations,28eb1a3f-1c15-4a95-931a-4af90ecb574d,United States of America,New Jersey,39.956145,-74.503067,HUMAN_OBSERVATION,https://inaturalist-open-data.s3.amazonaws.com/photos/661132117/original.jpg,http://creativecommons.org/licenses/by-nc/4.0/,banderson854,banderson854,False
Nuphar variegata,Nuphar variegata Engelm. ex Durand,global,6434989,6320824053,Nuphar variegata Engelm. ex Durand,2026-05-02T18:22,2026,iNaturalist research-grade observations,28eb1a3f-1c15-4a95-931a-4af90ecb574d,United States of America,New Jersey,39.956145,-74.503067,HUMAN_OBSERVATION,https://inaturalist-open-data.s3.amazonaws.com/photos/661132123/original.jpg,http://creativecommons.org/licenses/by-nc/4.0/,banderson854,banderson854,False
Nuphar variegata,Nuphar variegata Engelm. ex Durand,global,6434989,6320824053,Nuphar variegata Engelm. ex Durand,2026-05-02T18:22,2026,iNaturalist research-grade observations,28eb1a3f-1c15-4a95-931a-4af90ecb574d,United States of America,New Jersey,39.956145,-74.503067,HUMAN_OBSERVATION,https://inaturalist-open-data.s3.amazonaws.com/photos/661132125/original.jpg,http://creativecommons.org/licenses/by-nc/4.0/,banderson854,banderson854,False
Nuphar variegata,Nuphar variegata Engelm. ex Durand,great_lakes_bbox,6434989,6235383565,Nuphar variegata Engelm. ex Durand,2026-03-27T11:33,2026,iNaturalist research-grade observations,28eb1a3f-1c15-4a95-931a-4af90ecb574d,Canada,Ontario,43.242704,-81.855286,HUMAN_OBSERVATION,https://inaturalist-open-data.s3.amazonaws.com/photos/629651020/original.jpg,http://creativecommons.org/licenses/by-nc/4.0/,James Holdsworth,James Holdsworth,False
Nuphar variegata,Nuphar variegata Engelm. ex Durand,great_lakes_bbox,6434989,6235383565,Nuphar variegata Engelm. ex Durand,2026-03-27T11:33,2026,iNaturalist research-grade observations,28eb1a3f-1c15-4a95-931a-4af90ecb574d,Canada,Ontario,43.242704,-81.855286,HUMAN_OBSERVATION,https://inaturalist-open-data.s3.amazonaws.com/photos/629651547/original.jpg,http://creativecommons.org/licenses/by-nc/4.0/,James Holdsworth,James Holdsworth,False
Nymphaea odorata,Nymphaea odorata Sol. ex Aiton,global,2882412,6129823578,Nymphaea odorata Sol. ex Aiton,2026-01-18T12:44:25,2026,iNaturalist research-grade observations,28eb1a3f-1c15-4a95-931a-4af90ecb574d,United States of America,Florida,26.074797,-80.323887,HUMAN_OBSERVATION,https://inaturalist-open-data.s3.amazonaws.com/photos/608975893/original.jpg,http://creativecommons.org/licenses/by-nc/4.0/,Rich Ackerman,Rich Ackerman,False
Nymphaea odorata,Nymphaea odorata Sol. ex Aiton,global,2882412,6130062091,Nymphaea odorata Sol. ex Aiton,2026-01-13T12:59,2026,iNaturalist research-grade observations,28eb1a3f-1c15-4a95-931a-4af90ecb574d,United States of America,Florida,26.804188,-81.957297,HUMAN_OBSERVATION,https://inaturalist-open-data.s3.amazonaws.com/photos/607819985/original.jpg,http://creativecommons.org/licenses/by/4.0/,Dan Vickers,Dan Vickers,True
Nymphaea odorata,Nymphaea odorata Sol. ex Aiton,global,2882412,6130215885,Nymphaea odorata Sol. ex Aiton,2026-01-24T10:50:49,2026,iNaturalist research-grade observations,28eb1a3f-1c15-4a95-931a-4af90ecb574d,United States of America,Florida,26.358047,-80.306236,HUMAN_OBSERVATION,https://inaturalist-open-data.s3.amazonaws.com/photos/610419584/original.jpg,http://creativecommons.org/licenses/by-nc/4.0/,alexgz,alexgz,False
Nymphaea odorata,Nymphaea odorata Sol. ex Aiton,global,2882412,6130424340,Nymphaea odorata Sol. ex Aiton,2026-01-07T14:59,2026,iNaturalist research-grade observations,28eb1a3f-1c15-4a95-931a-4af90ecb574d,United States of America,Maryland,38.371526,-76.393522,HUMAN_OBSERVATION,https://inaturalist-open-data.s3.amazonaws.com/photos/606240809/original.jpg,http://creativecommons.org/licenses/by-nc/4.0/,Tonyia Johnson Stump,Tonyia Johnson Stump,False
Nymphaea odorata,Nymphaea odorata Sol. ex Aiton,global,2882412,6130604578,Nymphaea odorata Sol. ex Aiton,2026-01-05T10:21,2026,iNaturalist research-grade observations,28eb1a3f-1c15-4a95-931a-4af90ecb574d,United States of America,Mississippi,30.453033,-88.681725,HUMAN_OBSERVATION,https://inaturalist-open-data.s3.amazonaws.com/photos/605805078/original.jpg,http://creativecommons.org/licenses/by-nc/4.0/,Janet Wright,Janet Wright,False
Nymphaea odorata,Nymphaea odorata Sol. ex Aiton,global,2882412,6130604578,Nymphaea odorata Sol. ex Aiton,2026-01-05T10:21,2026,iNaturalist research-grade observations,28eb1a3f-1c15-4a95-931a-4af90ecb574d,United States of America,Mississippi,30.453033,-88.681725,HUMAN_OBSERVATION,https://inaturalist-open-data.s3.amazonaws.com/photos/605805080/original.jpg,http://creativecommons.org/licenses/by-nc/4.0/,Janet Wright,Janet Wright,False
Nymphaea odorata,Nymphaea odorata Sol. ex Aiton,global,2882412,6130673571,Nymphaea odorata Sol. ex Aiton,2026-01-21T16:05:32,2026,iNaturalist research-grade observations,28eb1a3f-1c15-4a95-931a-4af90ecb574d,United States of America,Florida,26.632572,-80.310501,HUMAN_OBSERVATION,https://inaturalist-open-data.s3.amazonaws.com/photos/609774853/original.jpg,http://creativecommons.org/licenses/by-nc/4.0/,Valentina,Valentina,False
Nymphaea odorata,Nymphaea odorata Sol. ex Aiton,global,2882412,6131055190,Nymphaea odorata Sol. ex Aiton,2026-01-24T15:21:41,2026,iNaturalist research-grade observations,28eb1a3f-1c15-4a95-931a-4af90ecb574d,United States of America,Florida,28.601925,-81.193515,HUMAN_OBSERVATION,https://inaturalist-open-data.s3.amazonaws.com/photos/610480623/original.jpg,http://creativecommons.org/licenses/by-nc/4.0/,Jess,Jess,False
Nymphaea odorata,Nymphaea odorata Sol. ex Aiton,global,2882412,6131079699,Nymphaea odorata Sol. ex Aiton,2026-01-14T17:11:52,2026,iNaturalist research-grade observations,28eb1a3f-1c15-4a95-931a-4af90ecb574d,United States of America,South Carolina,33.363187,-79.228888,HUMAN_OBSERVATION,https://inaturalist-open-data.s3.amazonaws.com/photos/608007169/original.jpg,http://creativecommons.org/licenses/by-nc/4.0/,John Tyler,John Tyler,False
Nymphaea odorata,Nymphaea odorata Sol. ex Aiton,global,2882412,6131079699,Nymphaea odorata Sol. ex Aiton,2026-01-14T17:11:52,2026,iNaturalist research-grade observations,28eb1a3f-1c15-4a95-931a-4af90ecb574d,United States of America,South Carolina,33.363187,-79.228888,HUMAN_OBSERVATION,https://inaturalist-open-data.s3.amazonaws.com/photos/608007171/original.jpg,http://creativecommons.org/licenses/by-nc/4.0/,John Tyler,John Tyler,False
Nymphaea odorata,Nymphaea odorata Sol. ex Aiton,global,2882412,6131339336,Nymphaea odorata Sol. ex Aiton,2026-01-05T14:19,2026,iNaturalist research-grade observations,28eb1a3f-1c15-4a95-931a-4af90ecb574d,United States of America,Mississippi,30.456953,-88.772322,HUMAN_OBSERVATION,https://inaturalist-open-data.s3.amazonaws.com/photos/606295996/original.jpg,http://creativecommons.org/licenses/by-nc/4.0/,Janet Wright,Janet Wright,False
Nymphaea odorata,Nymphaea odorata Sol. ex Aiton,global,2882412,6131339336,Nymphaea odorata Sol. ex Aiton,2026-01-05T14:19,2026,iNaturalist research-grade observations,28eb1a3f-1c15-4a95-931a-4af90ecb574d,United States of America,Mississippi,30.456953,-88.772322,HUMAN_OBSERVATION,https://inaturalist-open-data.s3.amazonaws.com/photos/606295989/original.jpg,http://creativecommons.org/licenses/by-nc/4.0/,Janet Wright,Janet Wright,False
Nymphaea odorata,Nymphaea odorata Sol. ex Aiton,global,2882412,6131377124,Nymphaea odorata Sol. ex Aiton,2026-01-21T16:06:16,2026,iNaturalist research-grade observations,28eb1a3f-1c15-4a95-931a-4af90ecb574d,United States of America,Florida,26.632563,-80.310555,HUMAN_OBSERVATION,https://inaturalist-open-data.s3.amazonaws.com/photos/609771192/original.jpg,http://creativecommons.org/licenses/by-nc/4.0/,tilman78,tilman78,False
Nymphaea odorata,Nymphaea odorata Sol. ex Aiton,global,2882412,6131417708,Nymphaea odorata Sol. ex Aiton,2026-01-25T14:46:49,2026,iNaturalist research-grade observations,28eb1a3f-1c15-4a95-931a-4af90ecb574d,United States of America,Florida,25.75349,-80.379711,HUMAN_OBSERVATION,https://inaturalist-open-data.s3.amazonaws.com/photos/610763539/original.jpg,http://creativecommons.org/licenses/by-nc/4.0/,ruthy1104,ruthy1104,False
Nymphaea odorata,Nymphaea odorata Sol. ex Aiton,global,2882412,6131568356,Nymphaea odorata Sol. ex Aiton,2026-01-11T10:56:59,2026,iNaturalist research-grade observations,28eb1a3f-1c15-4a95-931a-4af90ecb574d,United States of America,Alabama,30.255881,-87.653419,HUMAN_OBSERVATION,https://inaturalist-open-data.s3.amazonaws.com/photos/607376169/original.jpg,http://creativecommons.org/licenses/by-nc/4.0/,Jeanene Daniels,Jeanene Daniels,False
Nymphaea odorata,Nymphaea odorata Sol. ex Aiton,global,2882412,6131568356,Nymphaea odorata Sol. ex Aiton,2026-01-11T10:56:59,2026,iNaturalist research-grade observations,28eb1a3f-1c15-4a95-931a-4af90ecb574d,United States of America,Alabama,30.255881,-87.653419,HUMAN_OBSERVATION,https://inaturalist-open-data.s3.amazonaws.com/photos/607376196/original.jpg,http://creativecommons.org/licenses/by-nc/4.0/,Jeanene Daniels,Jeanene Daniels,False
Nymphaea odorata,Nymphaea odorata Sol. ex Aiton,global,2882412,6131568356,Nymphaea odorata Sol. ex Aiton,2026-01-11T10:56:59,2026,iNaturalist research-grade observations,28eb1a3f-1c15-4a95-931a-4af90ecb574d,United States of America,Alabama,30.255881,-87.653419,HUMAN_OBSERVATION,https://inaturalist-open-data.s3.amazonaws.com/photos/607376210/original.jpg,http://creativecommons.org/licenses/by-nc/4.0/,Jeanene Daniels,Jeanene Daniels,False
Nymphaea odorata,Nymphaea odorata Sol. ex Aiton,global,2882412,6133076480,Nymphaea odorata Sol. ex Aiton,2026-01-27T15:07:56,2026,iNaturalist research-grade observations,28eb1a3f-1c15-4a95-931a-4af90ecb574d,United States of America,Alabama,30.26772,-87.651312,HUMAN_OBSERVATION,https://inaturalist-open-data.s3.amazonaws.com/photos/611280947/original.jpg,http://creativecommons.org/licenses/by-nc/4.0/,Drew Gentry,Drew Gentry,False
Nymphaea odorata,Nymphaea odorata Sol. ex Aiton,global,2882412,6133270450,Nymphaea odorata Sol. ex Aiton,2026-01-28T11:33:16,2026,iNaturalist research-grade observations,28eb1a3f-1c15-4a95-931a-4af90ecb574d,United States of America,Florida,29.156723,-81.152931,HUMAN_OBSERVATION,https://inaturalist-open-data.s3.amazonaws.com/photos/611507382/original.jpg,http://creativecommons.org/licenses/by-nc/4.0/,sparkypetunia,sparkypetunia,False
Nymphaea odorata,Nymphaea odorata Sol. ex Aiton,global,2882412,6133322915,Nymphaea odorata Sol. ex Aiton,2026-01-27T12:53:14,2026,iNaturalist research-grade observations,28eb1a3f-1c15-4a95-931a-4af90ecb574d,United States of America,Florida,29.983525,-84.861258,HUMAN_OBSERVATION,https://inaturalist-open-data.s3.amazonaws.com/photos/611294505/original.jpg,http://creativecommons.org/licenses/by-nc/4.0/,Luke-Ezra,Luke-Ezra,False
Nymphaea odorata,Nymphaea odorata Sol. ex Aiton,global,2882412,6133338734,Nymphaea odorata Sol. ex Aiton,2026-01-28T14:49:12,2026,iNaturalist research-grade observations,28eb1a3f-1c15-4a95-931a-4af90ecb574d,United States of America,Florida,26.632705,-80.31047,HUMAN_OBSERVATION,https://inaturalist-open-data.s3.amazonaws.com/photos/611517849/original.jpg,http://creativecommons.org/licenses/by-nc/4.0/,damiangar,damiangar,False
Nymphaea odorata,Nymphaea odorata Sol. ex Aiton,global,2882412,6133338734,Nymphaea odorata Sol. ex Aiton,2026-01-28T14:49:12,2026,iNaturalist research-grade observations,28eb1a3f-1c15-4a95-931a-4af90ecb574d,United States of America,Florida,26.632705,-80.31047,HUMAN_OBSERVATION,https://inaturalist-open-data.s3.amazonaws.com/photos/611517855/original.jpg,http://creativecommons.org/licenses/by-nc/4.0/,damiangar,damiangar,False
Nymphaea odorata,Nymphaea odorata Sol. ex Aiton,global,2882412,6133338734,Nymphaea odorata Sol. ex Aiton,2026-01-28T14:49:12,2026,iNaturalist research-grade observations,28eb1a3f-1c15-4a95-931a-4af90ecb574d,United States of America,Florida,26.632705,-80.31047,HUMAN_OBSERVATION,https://inaturalist-open-data.s3.amazonaws.com/photos/611517876/original.jpg,http://creativecommons.org/licenses/by-nc/4.0/,damiangar,damiangar,False
Nymphaea odorata,Nymphaea odorata Sol. ex Aiton,global,2882412,6133415111,Nymphaea odorata Sol. ex Aiton,2026-01-28T15:23:37,2026,iNaturalist research-grade observations,28eb1a3f-1c15-4a95-931a-4af90ecb574d,United States of America,Florida,26.808932,-80.169537,HUMAN_OBSERVATION,https://inaturalist-open-data.s3.amazonaws.com/photos/611506910/original.jpg,http://creativecommons.org/licenses/by-nc/4.0/,Samuel Fowlkes,Samuel Fowlkes,False
Nymphaea odorata,Nymphaea odorata Sol. ex Aiton,global,2882412,6162910900,Nymphaea odorata Sol. ex Aiton,2026-01-09T12:31:29,2026,iNaturalist research-grade observations,28eb1a3f-1c15-4a95-931a-4af90ecb574d,United States of America,Florida,26.075128,-80.324354,HUMAN_OBSERVATION,https://inaturalist-open-data.s3.amazonaws.com/photos/618153868/original.jpg,http://creativecommons.org/licenses/by-nc/4.0/,Marina Windevoxhel L.,Marina Windevoxhel L.,False
Nymphaea odorata,Nymphaea odorata Sol. ex Aiton,global,2882412,6185234451,Nymphaea odorata Sol. ex Aiton,2026-01-25T17:25:51,2026,iNaturalist research-grade observations,28eb1a3f-1c15-4a95-931a-4af90ecb574d,United States of America,Florida,27.9826,-80.754447,HUMAN_OBSERVATION,https://inaturalist-open-data.s3.amazonaws.com/photos/611319105/original.jpg,http://creativecommons.org/licenses/by-nc/4.0/,larvalfishguy,larvalfishguy,False
Nymphaea odorata,Nymphaea odorata Sol. ex Aiton,global,2882412,6234625393,Nymphaea odorata Sol. ex Aiton,2026-01-01T11:00,2026,iNaturalist research-grade observations,28eb1a3f-1c15-4a95-931a-4af90ecb574d,Brazil,Paraná,-24.942836,-50.13935,HUMAN_OBSERVATION,https://inaturalist-open-data.s3.amazonaws.com/photos/604859919/original.jpg,http://creativecommons.org/licenses/by-nc/4.0/,andre2de3meijer,andre2de3meijer,False
Nymphaea odorata,Nymphaea odorata Sol. ex Aiton,global,2882412,6320959796,Nymphaea odorata Sol. ex Aiton,2026-01-16T16:14,2026,iNaturalist research-grade observations,28eb1a3f-1c15-4a95-931a-4af90ecb574d,United States of America,Texas,30.290461,-96.722414,HUMAN_OBSERVATION,https://inaturalist-open-data.s3.amazonaws.com/photos/608830993/original.jpg,http://creativecommons.org/licenses/by/4.0/,Michelle W. （鍾偉瑋）,Michelle W. （鍾偉瑋）,True
Nymphaea odorata,Nymphaea odorata Sol. ex Aiton,global,2882412,6320959796,Nymphaea odorata Sol. ex Aiton,2026-01-16T16:14,2026,iNaturalist research-grade observations,28eb1a3f-1c15-4a95-931a-4af90ecb574d,United States of America,Texas,30.290461,-96.722414,HUMAN_OBSERVATION,https://inaturalist-open-data.s3.amazonaws.com/photos/608831169/original.jpg,http://creativecommons.org/licenses/by/4.0/,Michelle W. （鍾偉瑋）,Michelle W. （鍾偉瑋）,True
Nymphaea odorata,Nymphaea odorata Sol. ex Aiton,global,2882412,6333846910,Nymphaea odorata Sol. ex Aiton,2026-01-30T13:22:50,2026,iNaturalist research-grade observations,28eb1a3f-1c15-4a95-931a-4af90ecb574d,United States of America,Florida,28.601885,-81.19355,HUMAN_OBSERVATION,https://inaturalist-open-data.s3.amazonaws.com/photos/618994481/original.jpg,http://creativecommons.org/licenses/by-nc/4.0/,kiamor10,kiamor10,False
Nymphaea odorata,Nymphaea odorata Sol. ex Aiton,global,2882412,6334904921,Nymphaea odorata Sol. ex Aiton,2026-01-17T12:27,2026,iNaturalist research-grade observations,28eb1a3f-1c15-4a95-931a-4af90ecb574d,United States of America,Florida,28.288363,-82.283138,HUMAN_OBSERVATION,https://inaturalist-open-data.s3.amazonaws.com/photos/608766449/original.jpg,http://creativecommons.org/licenses/by-nc/4.0/,Bill Pranty,Bill Pranty,False
Nymphaea odorata,Nymphaea odorata Sol. ex Aiton,global,2882412,6498535861,Nymphaea odorata Sol. ex Aiton,2026-01-13T14:19:33,2026,iNaturalist research-grade observations,28eb1a3f-1c15-4a95-931a-4af90ecb574d,United States of America,Florida,29.835422,-84.793205,HUMAN_OBSERVATION,https://inaturalist-open-data.s3.amazonaws.com/photos/607787626/original.jpg,http://creativecommons.org/licenses/by-nc/4.0/,Luke-Ezra,Luke-Ezra,False
Nymphaea odorata,Nymphaea odorata Sol. ex Aiton,global,2882412,6498666394,Nymphaea odorata Sol. ex Aiton,2026-01-10T10:29,2026,iNaturalist research-grade observations,28eb1a3f-1c15-4a95-931a-4af90ecb574d,United States of America,Florida,30.129416,-84.146096,HUMAN_OBSERVATION,https://inaturalist-open-data.s3.amazonaws.com/photos/607165425/original.jpg,http://creativecommons.org/licenses/by-nc/4.0/,C. Phillips,C. Phillips,False
Nymphaea odorata,Nymphaea odorata Sol. ex Aiton,great_lakes_bbox,2882412,6179289536,Nymphaea odorata Sol. ex Aiton,2026-02-01T15:00:59,2026,iNaturalist research-grade observations,28eb1a3f-1c15-4a95-931a-4af90ecb574d,United States of America,Wisconsin,43.393967,-88.001289,HUMAN_OBSERVATION,https://inaturalist-open-data.s3.amazonaws.com/photos/612962860/original.jpg,http://creativecommons.org/licenses/by-nc/4.0/,charcat9,charcat9,False
Nymphaea odorata,Nymphaea odorata Sol. ex Aiton,great_lakes_bbox,2882412,6179289536,Nymphaea odorata Sol. ex Aiton,2026-02-01T15:00:59,2026,iNaturalist research-grade observations,28eb1a3f-1c15-4a95-931a-4af90ecb574d,United States of America,Wisconsin,43.393967,-88.001289,HUMAN_OBSERVATION,https://inaturalist-open-data.s3.amazonaws.com/photos/612962872/original.jpg,http://creativecommons.org/licenses/by-nc/4.0/,charcat9,charcat9,False
Nymphaea odorata,Nymphaea odorata Sol. ex Aiton,great_lakes_bbox,2882412,6179289536,Nymphaea odorata Sol. ex Aiton,2026-02-01T15:00:59,2026,iNaturalist research-grade observations,28eb1a3f-1c15-4a95-931a-4af90ecb574d,United States of America,Wisconsin,43.393967,-88.001289,HUMAN_OBSERVATION,https://inaturalist-open-data.s3.amazonaws.com/photos/612962892/original.jpg,http://creativecommons.org/licenses/by-nc/4.0/,charcat9,charcat9,False
Potamogeton crispus,Potamogeton crispus L.,global,5301162,5938274516,Potamogeton crispus L.,2026-01-01T13:26:55,2026,iNaturalist research-grade observations,28eb1a3f-1c15-4a95-931a-4af90ecb574d,Australia,New South Wales,-30.223623,151.667439,HUMAN_OBSERVATION,https://inaturalist-open-data.s3.amazonaws.com/photos/604383292/original.jpg,http://creativecommons.org/licenses/by-nc/4.0/,Stephen Csurhes,Stephen Csurhes,False
Potamogeton crispus,Potamogeton crispus L.,global,5301162,6130053941,Potamogeton crispus L.,2026-01-17T11:35,2026,iNaturalist research-grade observations,28eb1a3f-1c15-4a95-931a-4af90ecb574d,United States of America,California,33.988153,-116.655169,HUMAN_OBSERVATION,https://inaturalist-open-data.s3.amazonaws.com/photos/608826614/original.jpg,http://creativecommons.org/licenses/by-nc/4.0/,Steven Kurniawidjaja,Steven Kurniawidjaja,False
Potamogeton crispus,Potamogeton crispus L.,global,5301162,6130053941,Potamogeton crispus L.,2026-01-17T11:35,2026,iNaturalist research-grade observations,28eb1a3f-1c15-4a95-931a-4af90ecb574d,United States of America,California,33.988153,-116.655169,HUMAN_OBSERVATION,https://inaturalist-open-data.s3.amazonaws.com/photos/608826616/original.jpg,http://creativecommons.org/licenses/by-nc/4.0/,Steven Kurniawidjaja,Steven Kurniawidjaja,False
Potamogeton crispus,Potamogeton crispus L.,global,5301162,6130053941,Potamogeton crispus L.,2026-01-17T11:35,2026,iNaturalist research-grade observations,28eb1a3f-1c15-4a95-931a-4af90ecb574d,United States of America,California,33.988153,-116.655169,HUMAN_OBSERVATION,https://inaturalist-open-data.s3.amazonaws.com/photos/608826615/original.jpg,http://creativecommons.org/licenses/by-nc/4.0/,Steven Kurniawidjaja,Steven Kurniawidjaja,False
Potamogeton crispus,Potamogeton crispus L.,global,5301162,6130138397,Potamogeton crispus L.,2026-01-17T10:40:35,2026,iNaturalist research-grade observations,28eb1a3f-1c15-4a95-931a-4af90ecb574d,Chinese Taipei,Taiwan,24.728053,121.124377,HUMAN_OBSERVATION,https://inaturalist-open-data.s3.amazonaws.com/photos/608525801/original.jpg,http://creativecommons.org/licenses/by-nc/4.0/,莊欣音,莊欣音,False
Potamogeton crispus,Potamogeton crispus L.,global,5301162,6130154554,Potamogeton crispus L.,2026-01-07T11:59:54,2026,iNaturalist research-grade observations,28eb1a3f-1c15-4a95-931a-4af90ecb574d,Australia,Tasmania,-41.314554,146.475847,HUMAN_OBSERVATION,https://inaturalist-open-data.s3.amazonaws.com/photos/606090011/original.jpg,http://creativecommons.org/licenses/by-nc/4.0/,Phil Collier,Phil Collier,False
Potamogeton crispus,Potamogeton crispus L.,global,5301162,6130154554,Potamogeton crispus L.,2026-01-07T11:59:54,2026,iNaturalist research-grade observations,28eb1a3f-1c15-4a95-931a-4af90ecb574d,Australia,Tasmania,-41.314554,146.475847,HUMAN_OBSERVATION,https://inaturalist-open-data.s3.amazonaws.com/photos/606090029/original.jpg,http://creativecommons.org/licenses/by-nc/4.0/,Phil Collier,Phil Collier,False
Potamogeton crispus,Potamogeton crispus L.,global,5301162,6130154554,Potamogeton crispus L.,2026-01-07T11:59:54,2026,iNaturalist research-grade observations,28eb1a3f-1c15-4a95-931a-4af90ecb574d,Australia,Tasmania,-41.314554,146.475847,HUMAN_OBSERVATION,https://inaturalist-open-data.s3.amazonaws.com/photos/606090039/original.jpg,http://creativecommons.org/licenses/by-nc/4.0/,Phil Collier,Phil Collier,False
Potamogeton crispus,Potamogeton crispus L.,global,5301162,6130154554,Potamogeton crispus L.,2026-01-07T11:59:54,2026,iNaturalist research-grade observations,28eb1a3f-1c15-4a95-931a-4af90ecb574d,Australia,Tasmania,-41.314554,146.475847,HUMAN_OBSERVATION,https://inaturalist-open-data.s3.amazonaws.com/photos/606090054/original.jpg,http://creativecommons.org/licenses/by-nc/4.0/,Phil Collier,Phil Collier,False
Potamogeton crispus,Potamogeton crispus L.,global,5301162,6130154554,Potamogeton crispus L.,2026-01-07T11:59:54,2026,iNaturalist research-grade observations,28eb1a3f-1c15-4a95-931a-4af90ecb574d,Australia,Tasmania,-41.314554,146.475847,HUMAN_OBSERVATION,https://inaturalist-open-data.s3.amazonaws.com/photos/606090066/original.jpg,http://creativecommons.org/licenses/by-nc/4.0/,Phil Collier,Phil Collier,False
Potamogeton crispus,Potamogeton crispus L.,global,5301162,6130299419,Potamogeton crispus L.,2026-01-17T10:38:47,2026,iNaturalist research-grade observations,28eb1a3f-1c15-4a95-931a-4af90ecb574d,Chinese Taipei,Taiwan,24.729012,121.119663,HUMAN_OBSERVATION,https://inaturalist-open-data.s3.amazonaws.com/photos/608525497/original.jpg,http://creativecommons.org/licenses/by-nc/4.0/,莊欣音,莊欣音,False
Potamogeton crispus,Potamogeton crispus L.,global,5301162,6130474842,Potamogeton crispus L.,2026-01-19T15:28,2026,iNaturalist research-grade observations,28eb1a3f-1c15-4a95-931a-4af90ecb574d,Chinese Taipei,Taiwan,23.893527,121.541887,HUMAN_OBSERVATION,https://inaturalist-open-data.s3.amazonaws.com/photos/609600796/original.jpg,http://creativecommons.org/licenses/by/4.0/,chiuluan,chiuluan,True
Potamogeton crispus,Potamogeton crispus L.,global,5301162,6130474842,Potamogeton crispus L.,2026-01-19T15:28,2026,iNaturalist research-grade observations,28eb1a3f-1c15-4a95-931a-4af90ecb574d,Chinese Taipei,Taiwan,23.893527,121.541887,HUMAN_OBSERVATION,https://inaturalist-open-data.s3.amazonaws.com/photos/609600795/original.jpg,http://creativecommons.org/licenses/by/4.0/,chiuluan,chiuluan,True
Potamogeton crispus,Potamogeton crispus L.,global,5301162,6130572878,Potamogeton crispus L.,2026-01-18T09:40:18,2026,iNaturalist research-grade observations,28eb1a3f-1c15-4a95-931a-4af90ecb574d,United States of America,California,38.62357,-121.289545,HUMAN_OBSERVATION,https://inaturalist-open-data.s3.amazonaws.com/photos/609151718/original.jpg,http://creativecommons.org/licenses/by/4.0/,mel letterman,mel letterman,True
Potamogeton crispus,Potamogeton crispus L.,global,5301162,6130572878,Potamogeton crispus L.,2026-01-18T09:40:18,2026,iNaturalist research-grade observations,28eb1a3f-1c15-4a95-931a-4af90ecb574d,United States of America,California,38.62357,-121.289545,HUMAN_OBSERVATION,https://inaturalist-open-data.s3.amazonaws.com/photos/609151742/original.jpg,http://creativecommons.org/licenses/by/4.0/,mel letterman,mel letterman,True
Potamogeton crispus,Potamogeton crispus L.,global,5301162,6130572878,Potamogeton crispus L.,2026-01-18T09:40:18,2026,iNaturalist research-grade observations,28eb1a3f-1c15-4a95-931a-4af90ecb574d,United States of America,California,38.62357,-121.289545,HUMAN_OBSERVATION,https://inaturalist-open-data.s3.amazonaws.com/photos/609218566/original.jpg,http://creativecommons.org/licenses/by/4.0/,mel letterman,mel letterman,True
Potamogeton crispus,Potamogeton crispus L.,global,5301162,6130572878,Potamogeton crispus L.,2026-01-18T09:40:18,2026,iNaturalist research-grade observations,28eb1a3f-1c15-4a95-931a-4af90ecb574d,United States of America,California,38.62357,-121.289545,HUMAN_OBSERVATION,https://inaturalist-open-data.s3.amazonaws.com/photos/609218582/original.jpg,http://creativecommons.org/licenses/by/4.0/,mel letterman,mel letterman,True
Potamogeton crispus,Potamogeton crispus L.,global,5301162,6130572878,Potamogeton crispus L.,2026-01-18T09:40:18,2026,iNaturalist research-grade observations,28eb1a3f-1c15-4a95-931a-4af90ecb574d,United States of America,California,38.62357,-121.289545,HUMAN_OBSERVATION,https://inaturalist-open-data.s3.amazonaws.com/photos/609218600/original.jpg,http://creativecommons.org/licenses/by/4.0/,mel letterman,mel letterman,True
Potamogeton crispus,Potamogeton crispus L.,global,5301162,6130634115,Potamogeton crispus L.,2026-01-20T14:52:39,2026,iNaturalist research-grade observations,28eb1a3f-1c15-4a95-931a-4af90ecb574d,India,Rajasthan,25.203036,75.791664,HUMAN_OBSERVATION,https://inaturalist-open-data.s3.amazonaws.com/photos/609439671/original.jpg,http://creativecommons.org/licenses/by-nc/4.0/,Noopur🍀,Noopur🍀,False
Potamogeton crispus,Potamogeton crispus L.,global,5301162,6130702797,Potamogeton crispus L.,2026-01-08T18:54:40,2026,iNaturalist research-grade observations,28eb1a3f-1c15-4a95-931a-4af90ecb574d,Australia,Australian Capital Territory,-35.399082,149.011115,HUMAN_OBSERVATION,https://inaturalist-open-data.s3.amazonaws.com/photos/606340802/original.jpg,http://creativecommons.org/licenses/by-nc/4.0/,Gareth,Gareth,False
Potamogeton crispus,Potamogeton crispus L.,global,5301162,6130741922,Potamogeton crispus L.,2026-01-17T10:45:19,2026,iNaturalist research-grade observations,28eb1a3f-1c15-4a95-931a-4af90ecb574d,Chinese Taipei,Taiwan,24.72792,121.124558,HUMAN_OBSERVATION,https://inaturalist-open-data.s3.amazonaws.com/photos/608526869/original.jpg,http://creativecommons.org/licenses/by-nc/4.0/,happy0502,happy0502,False
Potamogeton crispus,Potamogeton crispus L.,global,5301162,6131000420,Potamogeton crispus L.,2026-01-26T15:15:21,2026,iNaturalist research-grade observations,28eb1a3f-1c15-4a95-931a-4af90ecb574d,China,Guangdong,22.544027,114.101436,HUMAN_OBSERVATION,https://inaturalist-open-data.s3.amazonaws.com/photos/610939357/original.jpg,http://creativecommons.org/licenses/by-nc/4.0/,鐦鍆錒/锎钔锕（Man Hoimoon）,鐦鍆錒/锎钔锕（Man Hoimoon）,False
Potamogeton crispus,Potamogeton crispus L.,global,5301162,6131000420,Potamogeton crispus L.,2026-01-26T15:15:21,2026,iNaturalist research-grade observations,28eb1a3f-1c15-4a95-931a-4af90ecb574d,China,Guangdong,22.544027,114.101436,HUMAN_OBSERVATION,https://inaturalist-open-data.s3.amazonaws.com/photos/610939375/original.jpg,http://creativecommons.org/licenses/by-nc/4.0/,鐦鍆錒/锎钔锕（Man Hoimoon）,鐦鍆錒/锎钔锕（Man Hoimoon）,False
Potamogeton crispus,Potamogeton crispus L.,global,5301162,6131038571,Potamogeton crispus L.,2026-01-26T23:31:51,2026,iNaturalist research-grade observations,28eb1a3f-1c15-4a95-931a-4af90ecb574d,Australia,Victoria,-37.780268,145.362208,HUMAN_OBSERVATION,https://inaturalist-open-data.s3.amazonaws.com/photos/610968230/original.jpg,http://creativecommons.org/licenses/by-nc/4.0/,timfernando,timfernando,False
Potamogeton crispus,Potamogeton crispus L.,global,5301162,6131222570,Potamogeton crispus L.,2026-01-09T12:45:48,2026,iNaturalist research-grade observations,28eb1a3f-1c15-4a95-931a-4af90ecb574d,Australia,Queensland,-27.741017,152.457642,HUMAN_OBSERVATION,https://inaturalist-open-data.s3.amazonaws.com/photos/607328171/original.jpg,http://creativecommons.org/licenses/by/4.0/,Lucas Christofides,Lucas Christofides,True
Potamogeton crispus,Potamogeton crispus L.,global,5301162,6131222570,Potamogeton crispus L.,2026-01-09T12:45:48,2026,iNaturalist research-grade observations,28eb1a3f-1c15-4a95-931a-4af90ecb574d,Australia,Queensland,-27.741017,152.457642,HUMAN_OBSERVATION,https://inaturalist-open-data.s3.amazonaws.com/photos/607328155/original.jpg,http://creativecommons.org/licenses/by/4.0/,Lucas Christofides,Lucas Christofides,True
Potamogeton crispus,Potamogeton crispus L.,global,5301162,6131222570,Potamogeton crispus L.,2026-01-09T12:45:48,2026,iNaturalist research-grade observations,28eb1a3f-1c15-4a95-931a-4af90ecb574d,Australia,Queensland,-27.741017,152.457642,HUMAN_OBSERVATION,https://inaturalist-open-data.s3.amazonaws.com/photos/607328167/original.jpg,http://creativecommons.org/licenses/by/4.0/,Lucas Christofides,Lucas Christofides,True
Potamogeton crispus,Potamogeton crispus L.,global,5301162,6131222570,Potamogeton crispus L.,2026-01-09T12:45:48,2026,iNaturalist research-grade observations,28eb1a3f-1c15-4a95-931a-4af90ecb574d,Australia,Queensland,-27.741017,152.457642,HUMAN_OBSERVATION,https://inaturalist-open-data.s3.amazonaws.com/photos/607328168/original.jpg,http://creativecommons.org/licenses/by/4.0/,Lucas Christofides,Lucas Christofides,True
Potamogeton crispus,Potamogeton crispus L.,global,5301162,6131296272,Potamogeton crispus L.,2026-01-09T10:13:31,2026,iNaturalist research-grade observations,28eb1a3f-1c15-4a95-931a-4af90ecb574d,New Zealand,Taranaki,-39.841013,174.680553,HUMAN_OBSERVATION,https://inaturalist-open-data.s3.amazonaws.com/photos/606471853/original.jpg,http://creativecommons.org/licenses/by-nc/4.0/,Hēmi Tūtiri,Hēmi Tūtiri,False
Potamogeton crispus,Potamogeton crispus L.,global,5301162,6131385351,Potamogeton crispus L.,2026-01-17T11:00,2026,iNaturalist research-grade observations,28eb1a3f-1c15-4a95-931a-4af90ecb574d,United States of America,California,33.988835,-116.655506,HUMAN_OBSERVATION,https://inaturalist-open-data.s3.amazonaws.com/photos/608824981/original.jpg,http://creativecommons.org/licenses/by-nc/4.0/,Steven Kurniawidjaja,Steven Kurniawidjaja,False
Potamogeton crispus,Potamogeton crispus L.,global,5301162,6131385351,Potamogeton crispus L.,2026-01-17T11:00,2026,iNaturalist research-grade observations,28eb1a3f-1c15-4a95-931a-4af90ecb574d,United States of America,California,33.988835,-116.655506,HUMAN_OBSERVATION,https://inaturalist-open-data.s3.amazonaws.com/photos/608824982/original.jpg,http://creativecommons.org/licenses/by-nc/4.0/,Steven Kurniawidjaja,Steven Kurniawidjaja,False
Potamogeton crispus,Potamogeton crispus L.,global,5301162,6131431106,Potamogeton crispus L.,2026-01-24T12:25,2026,iNaturalist research-grade observations,28eb1a3f-1c15-4a95-931a-4af90ecb574d,Japan,Tokyo,35.681063,139.455524,HUMAN_OBSERVATION,https://inaturalist-open-data.s3.amazonaws.com/photos/610624113/original.jpg,http://creativecommons.org/licenses/by-nc/4.0/,hakkahamushi,hakkahamushi,False
Potamogeton crispus,Potamogeton crispus L.,global,5301162,6131431106,Potamogeton crispus L.,2026-01-24T12:25,2026,iNaturalist research-grade observations,28eb1a3f-1c15-4a95-931a-4af90ecb574d,Japan,Tokyo,35.681063,139.455524,HUMAN_OBSERVATION,https://inaturalist-open-data.s3.amazonaws.com/photos/610624108/original.jpg,http://creativecommons.org/licenses/by-nc/4.0/,hakkahamushi,hakkahamushi,False
Potamogeton crispus,Potamogeton crispus L.,global,5301162,6131431106,Potamogeton crispus L.,2026-01-24T12:25,2026,iNaturalist research-grade observations,28eb1a3f-1c15-4a95-931a-4af90ecb574d,Japan,Tokyo,35.681063,139.455524,HUMAN_OBSERVATION,https://inaturalist-open-data.s3.amazonaws.com/photos/610624069/original.jpg,http://creativecommons.org/licenses/by-nc/4.0/,hakkahamushi,hakkahamushi,False
Potamogeton crispus,Potamogeton crispus L.,global,5301162,6131431106,Potamogeton crispus L.,2026-01-24T12:25,2026,iNaturalist research-grade observations,28eb1a3f-1c15-4a95-931a-4af90ecb574d,Japan,Tokyo,35.681063,139.455524,HUMAN_OBSERVATION,https://inaturalist-open-data.s3.amazonaws.com/photos/610624103/original.jpg,http://creativecommons.org/licenses/by-nc/4.0/,hakkahamushi,hakkahamushi,False
Potamogeton crispus,Potamogeton crispus L.,global,5301162,6131431106,Potamogeton crispus L.,2026-01-24T12:25,2026,iNaturalist research-grade observations,28eb1a3f-1c15-4a95-931a-4af90ecb574d,Japan,Tokyo,35.681063,139.455524,HUMAN_OBSERVATION,https://inaturalist-open-data.s3.amazonaws.com/photos/610624604/original.jpg,http://creativecommons.org/licenses/by-nc/4.0/,hakkahamushi,hakkahamushi,False
Potamogeton crispus,Potamogeton crispus L.,global,5301162,6131431106,Potamogeton crispus L.,2026-01-24T12:25,2026,iNaturalist research-grade observations,28eb1a3f-1c15-4a95-931a-4af90ecb574d,Japan,Tokyo,35.681063,139.455524,HUMAN_OBSERVATION,https://inaturalist-open-data.s3.amazonaws.com/photos/610624653/original.jpg,http://creativecommons.org/licenses/by-nc/4.0/,hakkahamushi,hakkahamushi,False
Potamogeton crispus,Potamogeton crispus L.,global,5301162,6131431106,Potamogeton crispus L.,2026-01-24T12:25,2026,iNaturalist research-grade observations,28eb1a3f-1c15-4a95-931a-4af90ecb574d,Japan,Tokyo,35.681063,139.455524,HUMAN_OBSERVATION,https://inaturalist-open-data.s3.amazonaws.com/photos/610624657/original.jpg,http://creativecommons.org/licenses/by-nc/4.0/,hakkahamushi,hakkahamushi,False
Potamogeton crispus,Potamogeton crispus L.,global,5301162,6131431106,Potamogeton crispus L.,2026-01-24T12:25,2026,iNaturalist research-grade observations,28eb1a3f-1c15-4a95-931a-4af90ecb574d,Japan,Tokyo,35.681063,139.455524,HUMAN_OBSERVATION,https://inaturalist-open-data.s3.amazonaws.com/photos/610624664/original.jpg,http://creativecommons.org/licenses/by-nc/4.0/,hakkahamushi,hakkahamushi,False
Potamogeton crispus,Potamogeton crispus L.,global,5301162,6131431106,Potamogeton crispus L.,2026-01-24T12:25,2026,iNaturalist research-grade observations,28eb1a3f-1c15-4a95-931a-4af90ecb574d,Japan,Tokyo,35.681063,139.455524,HUMAN_OBSERVATION,https://inaturalist-open-data.s3.amazonaws.com/photos/610624684/original.jpg,http://creativecommons.org/licenses/by-nc/4.0/,hakkahamushi,hakkahamushi,False
Potamogeton crispus,Potamogeton crispus L.,global,5301162,6133230176,Potamogeton crispus L.,2026-01-23T11:23,2026,iNaturalist research-grade observations,28eb1a3f-1c15-4a95-931a-4af90ecb574d,Italy,Lombardia,45.540932,9.208427,HUMAN_OBSERVATION,https://inaturalist-open-data.s3.amazonaws.com/photos/610206064/original.jpg,http://creativecommons.org/licenses/by-nc/4.0/,Maria Rita Gelso,Maria Rita Gelso,False
Potamogeton crispus,Potamogeton crispus L.,global,5301162,6133230176,Potamogeton crispus L.,2026-01-23T11:23,2026,iNaturalist research-grade observations,28eb1a3f-1c15-4a95-931a-4af90ecb574d,Italy,Lombardia,45.540932,9.208427,HUMAN_OBSERVATION,https://inaturalist-open-data.s3.amazonaws.com/photos/610206065/original.jpg,http://creativecommons.org/licenses/by-nc/4.0/,Maria Rita Gelso,Maria Rita Gelso,False
Potamogeton crispus,Potamogeton crispus L.,global,5301162,6133250780,Potamogeton crispus L.,2026-01-14T14:29,2026,iNaturalist research-grade observations,28eb1a3f-1c15-4a95-931a-4af90ecb574d,United States of America,New Jersey,40.294189,-74.358644,HUMAN_OBSERVATION,https://inaturalist-open-data.s3.amazonaws.com/photos/612586506/original.jpg,http://creativecommons.org/licenses/by/4.0/,geosesarma,geosesarma,True
Potamogeton crispus,Potamogeton crispus L.,global,5301162,6133250780,Potamogeton crispus L.,2026-01-14T14:29,2026,iNaturalist research-grade observations,28eb1a3f-1c15-4a95-931a-4af90ecb574d,United States of America,New Jersey,40.294189,-74.358644,HUMAN_OBSERVATION,https://inaturalist-open-data.s3.amazonaws.com/photos/612586565/original.jpg,http://creativecommons.org/licenses/by/4.0/,geosesarma,geosesarma,True
Potamogeton crispus,Potamogeton crispus L.,global,5301162,6133250780,Potamogeton crispus L.,2026-01-14T14:29,2026,iNaturalist research-grade observations,28eb1a3f-1c15-4a95-931a-4af90ecb574d,United States of America,New Jersey,40.294189,-74.358644,HUMAN_OBSERVATION,https://inaturalist-open-data.s3.amazonaws.com/photos/607997477/original.jpg,http://creativecommons.org/licenses/by/4.0/,geosesarma,geosesarma,True
Potamogeton crispus,Potamogeton crispus L.,global,5301162,6133250808,Potamogeton crispus L.,2026-01-25T11:38:42,2026,iNaturalist research-grade observations,28eb1a3f-1c15-4a95-931a-4af90ecb574d,Chinese Taipei,Taiwan,23.412328,120.506578,HUMAN_OBSERVATION,https://inaturalist-open-data.s3.amazonaws.com/photos/610642802/original.jpg,http://creativecommons.org/licenses/by-nc/4.0/,Gordon Chen,Gordon Chen,False
Potamogeton crispus,Potamogeton crispus L.,global,5301162,6133250808,Potamogeton crispus L.,2026-01-25T11:38:42,2026,iNaturalist research-grade observations,28eb1a3f-1c15-4a95-931a-4af90ecb574d,Chinese Taipei,Taiwan,23.412328,120.506578,HUMAN_OBSERVATION,https://inaturalist-open-data.s3.amazonaws.com/photos/610642819/original.jpg,http://creativecommons.org/licenses/by-nc/4.0/,Gordon Chen,Gordon Chen,False
Potamogeton crispus,Potamogeton crispus L.,global,5301162,6133250808,Potamogeton crispus L.,2026-01-25T11:38:42,2026,iNaturalist research-grade observations,28eb1a3f-1c15-4a95-931a-4af90ecb574d,Chinese Taipei,Taiwan,23.412328,120.506578,HUMAN_OBSERVATION,https://inaturalist-open-data.s3.amazonaws.com/photos/610642840/original.jpg,http://creativecommons.org/licenses/by-nc/4.0/,Gordon Chen,Gordon Chen,False
Potamogeton crispus,Potamogeton crispus L.,global,5301162,6133452887,Potamogeton crispus L.,2026-01-28T14:31,2026,iNaturalist research-grade observations,28eb1a3f-1c15-4a95-931a-4af90ecb574d,New Zealand,Canterbury,-43.646501,172.483151,HUMAN_OBSERVATION,https://inaturalist-open-data.s3.amazonaws.com/photos/612616494/original.jpg,http://creativecommons.org/licenses/by/4.0/,William Harland,William Harland,True
Potamogeton crispus,Potamogeton crispus L.,global,5301162,6133452887,Potamogeton crispus L.,2026-01-28T14:31,2026,iNaturalist research-grade observations,28eb1a3f-1c15-4a95-931a-4af90ecb574d,New Zealand,Canterbury,-43.646501,172.483151,HUMAN_OBSERVATION,https://inaturalist-open-data.s3.amazonaws.com/photos/612616498/original.jpg,http://creativecommons.org/licenses/by/4.0/,William Harland,William Harland,True
Potamogeton crispus,Potamogeton crispus L.,global,5301162,6163408935,Potamogeton crispus L.,2026-01-30T18:56:26,2026,iNaturalist research-grade observations,28eb1a3f-1c15-4a95-931a-4af90ecb574d,Australia,Victoria,-38.339734,142.636193,HUMAN_OBSERVATION,https://inaturalist-open-data.s3.amazonaws.com/photos/612127091/original.jpg,http://creativecommons.org/licenses/by-nc/4.0/,Jenny Emeny,Jenny Emeny,False
Potamogeton crispus,Potamogeton crispus L.,global,5301162,6163408935,Potamogeton crispus L.,2026-01-30T18:56:26,2026,iNaturalist research-grade observations,28eb1a3f-1c15-4a95-931a-4af90ecb574d,Australia,Victoria,-38.339734,142.636193,HUMAN_OBSERVATION,https://inaturalist-open-data.s3.amazonaws.com/photos/612280169/original.jpg,http://creativecommons.org/licenses/by-nc/4.0/,Jenny Emeny,Jenny Emeny,False
Potamogeton crispus,Potamogeton crispus L.,global,5301162,6163408935,Potamogeton crispus L.,2026-01-30T18:56:26,2026,iNaturalist research-grade observations,28eb1a3f-1c15-4a95-931a-4af90ecb574d,Australia,Victoria,-38.339734,142.636193,HUMAN_OBSERVATION,https://inaturalist-open-data.s3.amazonaws.com/photos/612280202/original.jpg,http://creativecommons.org/licenses/by-nc/4.0/,Jenny Emeny,Jenny Emeny,False
Potamogeton crispus,Potamogeton crispus L.,global,5301162,6163408935,Potamogeton crispus L.,2026-01-30T18:56:26,2026,iNaturalist research-grade observations,28eb1a3f-1c15-4a95-931a-4af90ecb574d,Australia,Victoria,-38.339734,142.636193,HUMAN_OBSERVATION,https://inaturalist-open-data.s3.amazonaws.com/photos/612280252/original.jpg,http://creativecommons.org/licenses/by-nc/4.0/,Jenny Emeny,Jenny Emeny,False
Potamogeton crispus,Potamogeton crispus L.,global,5301162,6163408935,Potamogeton crispus L.,2026-01-30T18:56:26,2026,iNaturalist research-grade observations,28eb1a3f-1c15-4a95-931a-4af90ecb574d,Australia,Victoria,-38.339734,142.636193,HUMAN_OBSERVATION,https://inaturalist-open-data.s3.amazonaws.com/photos/612280315/original.jpg,http://creativecommons.org/licenses/by-nc/4.0/,Jenny Emeny,Jenny Emeny,False
Potamogeton crispus,Potamogeton crispus L.,global,5301162,6163408935,Potamogeton crispus L.,2026-01-30T18:56:26,2026,iNaturalist research-grade observations,28eb1a3f-1c15-4a95-931a-4af90ecb574d,Australia,Victoria,-38.339734,142.636193,HUMAN_OBSERVATION,https://inaturalist-open-data.s3.amazonaws.com/photos/612280354/original.jpg,http://creativecommons.org/licenses/by-nc/4.0/,Jenny Emeny,Jenny Emeny,False
Potamogeton crispus,Potamogeton crispus L.,global,5301162,6163408935,Potamogeton crispus L.,2026-01-30T18:56:26,2026,iNaturalist research-grade observations,28eb1a3f-1c15-4a95-931a-4af90ecb574d,Australia,Victoria,-38.339734,142.636193,HUMAN_OBSERVATION,https://inaturalist-open-data.s3.amazonaws.com/photos/612288673/original.jpg,http://creativecommons.org/licenses/by-nc/4.0/,Jenny Emeny,Jenny Emeny,False
Potamogeton crispus,Potamogeton crispus L.,global,5301162,6185350228,Potamogeton crispus L.,2026-01-26T00:44,2026,iNaturalist research-grade observations,28eb1a3f-1c15-4a95-931a-4af90ecb574d,Australia,Victoria,-37.818218,144.572314,HUMAN_OBSERVATION,https://inaturalist-open-data.s3.amazonaws.com/photos/626995593/original.jpg,http://creativecommons.org/licenses/by-nc/4.0/,Marshal,Marshal,False
Potamogeton crispus,Potamogeton crispus L.,global,5301162,6431291532,Potamogeton crispus L.,2026-01-24T16:32,2026,iNaturalist research-grade observations,28eb1a3f-1c15-4a95-931a-4af90ecb574d,Japan,Tokyo,35.759255,139.522933,HUMAN_OBSERVATION,https://inaturalist-open-data.s3.amazonaws.com/photos/610637157/original.jpg,http://creativecommons.org/licenses/by-nc/4.0/,hakkahamushi,hakkahamushi,False
Potamogeton crispus,Potamogeton crispus L.,global,5301162,6431291532,Potamogeton crispus L.,2026-01-24T16:32,2026,iNaturalist research-grade observations,28eb1a3f-1c15-4a95-931a-4af90ecb574d,Japan,Tokyo,35.759255,139.522933,HUMAN_OBSERVATION,https://inaturalist-open-data.s3.amazonaws.com/photos/610637166/original.jpg,http://creativecommons.org/licenses/by-nc/4.0/,hakkahamushi,hakkahamushi,False
Potamogeton crispus,Potamogeton crispus L.,global,5301162,6480326213,Potamogeton crispus L.,2026-01-19T14:38:59,2026,iNaturalist research-grade observations,28eb1a3f-1c15-4a95-931a-4af90ecb574d,Chinese Taipei,Taiwan,24.526665,120.838163,HUMAN_OBSERVATION,https://inaturalist-open-data.s3.amazonaws.com/photos/609160014/original.jpg,http://creativecommons.org/licenses/by-nc/4.0/,lubukun,lubukun,False
Potamogeton crispus,Potamogeton crispus L.,global,5301162,6480326213,Potamogeton crispus L.,2026-01-19T14:38:59,2026,iNaturalist research-grade observations,28eb1a3f-1c15-4a95-931a-4af90ecb574d,Chinese Taipei,Taiwan,24.526665,120.838163,HUMAN_OBSERVATION,https://inaturalist-open-data.s3.amazonaws.com/photos/609160026/original.jpg,http://creativecommons.org/licenses/by-nc/4.0/,lubukun,lubukun,False
Potamogeton crispus,Potamogeton crispus L.,global,5301162,6133404589,Potamogeton crispus L.,2026-02-01T09:56:37,2026,iNaturalist research-grade observations,28eb1a3f-1c15-4a95-931a-4af90ecb574d,Chinese Taipei,Taichung,24.186166,120.628868,HUMAN_OBSERVATION,https://inaturalist-open-data.s3.amazonaws.com/photos/612307278/original.jpg,http://creativecommons.org/licenses/by-nc/4.0/,Abi,Abi,False
Potamogeton crispus,Potamogeton crispus L.,global,5301162,6133404589,Potamogeton crispus L.,2026-02-01T09:56:37,2026,iNaturalist research-grade observations,28eb1a3f-1c15-4a95-931a-4af90ecb574d,Chinese Taipei,Taichung,24.186166,120.628868,HUMAN_OBSERVATION,https://inaturalist-open-data.s3.amazonaws.com/photos/612307300/original.jpg,http://creativecommons.org/licenses/by-nc/4.0/,Abi,Abi,False
Potamogeton crispus,Potamogeton crispus L.,great_lakes_bbox,5301162,6184965525,Potamogeton crispus L.,2026-03-28T10:47:59,2026,iNaturalist research-grade observations,28eb1a3f-1c15-4a95-931a-4af90ecb574d,United States of America,Michigan,42.665078,-86.210961,HUMAN_OBSERVATION,https://inaturalist-open-data.s3.amazonaws.com/photos/630352791/original.jpg,http://creativecommons.org/licenses/by/4.0/,Alan Prather,Alan Prather,True
Potamogeton crispus,Potamogeton crispus L.,great_lakes_bbox,5301162,6184965525,Potamogeton crispus L.,2026-03-28T10:47:59,2026,iNaturalist research-grade observations,28eb1a3f-1c15-4a95-931a-4af90ecb574d,United States of America,Michigan,42.665078,-86.210961,HUMAN_OBSERVATION,https://inaturalist-open-data.s3.amazonaws.com/photos/630352824/original.jpg,http://creativecommons.org/licenses/by/4.0/,Alan Prather,Alan Prather,True
Potamogeton crispus,Potamogeton crispus L.,great_lakes_bbox,5301162,6184965525,Potamogeton crispus L.,2026-03-28T10:47:59,2026,iNaturalist research-grade observations,28eb1a3f-1c15-4a95-931a-4af90ecb574d,United States of America,Michigan,42.665078,-86.210961,HUMAN_OBSERVATION,https://inaturalist-open-data.s3.amazonaws.com/photos/630352838/original.jpg,http://creativecommons.org/licenses/by/4.0/,Alan Prather,Alan Prather,True
Potamogeton gramineus,Potamogeton gramineus L.,global,5301183,6162844885,Potamogeton gramineus L.,2026-01-21T14:23:57,2026,iNaturalist research-grade observations,28eb1a3f-1c15-4a95-931a-4af90ecb574d,United States of America,Florida,27.663375,-80.644225,HUMAN_OBSERVATION,https://inaturalist-open-data.s3.amazonaws.com/photos/609789584/original.jpg,http://creativecommons.org/licenses/by-nc/4.0/,James K. Wetterer,James K. Wetterer,False
Potamogeton gramineus,Potamogeton gramineus L.,global,5301183,6162844885,Potamogeton gramineus L.,2026-01-21T14:23:57,2026,iNaturalist research-grade observations,28eb1a3f-1c15-4a95-931a-4af90ecb574d,United States of America,Florida,27.663375,-80.644225,HUMAN_OBSERVATION,https://inaturalist-open-data.s3.amazonaws.com/photos/609789609/original.jpg,http://creativecommons.org/licenses/by-nc/4.0/,James K. Wetterer,James K. Wetterer,False
Potamogeton gramineus,Potamogeton gramineus L.,global,5301183,6162844885,Potamogeton gramineus L.,2026-01-21T14:23:57,2026,iNaturalist research-grade observations,28eb1a3f-1c15-4a95-931a-4af90ecb574d,United States of America,Florida,27.663375,-80.644225,HUMAN_OBSERVATION,https://inaturalist-open-data.s3.amazonaws.com/photos/609789627/original.jpg,http://creativecommons.org/licenses/by-nc/4.0/,James K. Wetterer,James K. Wetterer,False
Potamogeton gramineus,Potamogeton gramineus L.,global,5301183,6234594995,Potamogeton gramineus L.,2026-02-13T15:29,2026,iNaturalist research-grade observations,28eb1a3f-1c15-4a95-931a-4af90ecb574d,Mongolia,Hövsgöl,51.080831,99.705011,HUMAN_OBSERVATION,https://inaturalist-open-data.s3.amazonaws.com/photos/634577417/original.jpg,http://creativecommons.org/licenses/by-nc/4.0/,B.Byambajav,B.Byambajav,False
Potamogeton gramineus,Potamogeton gramineus L.,global,5301183,6234594995,Potamogeton gramineus L.,2026-02-13T15:29,2026,iNaturalist research-grade observations,28eb1a3f-1c15-4a95-931a-4af90ecb574d,Mongolia,Hövsgöl,51.080831,99.705011,HUMAN_OBSERVATION,https://inaturalist-open-data.s3.amazonaws.com/photos/634577424/original.jpg,http://creativecommons.org/licenses/by-nc/4.0/,B.Byambajav,B.Byambajav,False
Potamogeton gramineus,Potamogeton gramineus L.,global,5301183,6234594995,Potamogeton gramineus L.,2026-02-13T15:29,2026,iNaturalist research-grade observations,28eb1a3f-1c15-4a95-931a-4af90ecb574d,Mongolia,Hövsgöl,51.080831,99.705011,HUMAN_OBSERVATION,https://inaturalist-open-data.s3.amazonaws.com/photos/634577574/original.jpg,http://creativecommons.org/licenses/by-nc/4.0/,B.Byambajav,B.Byambajav,False
Potamogeton gramineus,Potamogeton gramineus L.,global,5301183,6234594995,Potamogeton gramineus L.,2026-02-13T15:29,2026,iNaturalist research-grade observations,28eb1a3f-1c15-4a95-931a-4af90ecb574d,Mongolia,Hövsgöl,51.080831,99.705011,HUMAN_OBSERVATION,https://inaturalist-open-data.s3.amazonaws.com/photos/634579101/original.jpg,http://creativecommons.org/licenses/by-nc/4.0/,B.Byambajav,B.Byambajav,False
Potamogeton gramineus,Potamogeton gramineus L.,global,5301183,6234594995,Potamogeton gramineus L.,2026-02-13T15:29,2026,iNaturalist research-grade observations,28eb1a3f-1c15-4a95-931a-4af90ecb574d,Mongolia,Hövsgöl,51.080831,99.705011,HUMAN_OBSERVATION,https://inaturalist-open-data.s3.amazonaws.com/photos/634579102/original.jpg,http://creativecommons.org/licenses/by-nc/4.0/,B.Byambajav,B.Byambajav,False
Potamogeton gramineus,Potamogeton gramineus L.,global,5301183,6186688996,Potamogeton gramineus L.,2026-04-04,2026,,c8d737e0-2ff8-42e8-b8fc-6b805d26fc5f,Netherlands,Zuid-Holland,51.85,4.0,HUMAN_OBSERVATION,https://observation.org/photos/146566817.jpg,http://creativecommons.org/licenses/by-nc/4.0/,Wim Langbroek,Wim Langbroek,False
Potamogeton gramineus,Potamogeton gramineus L.,global,5301183,6186688996,Potamogeton gramineus L.,2026-04-04,2026,,c8d737e0-2ff8-42e8-b8fc-6b805d26fc5f,Netherlands,Zuid-Holland,51.85,4.0,HUMAN_OBSERVATION,https://observation.org/photos/146566868.jpg,http://creativecommons.org/licenses/by-nc/4.0/,Wim Langbroek,Wim Langbroek,False
Potamogeton gramineus,Potamogeton gramineus L.,global,5301183,6228154428,Potamogeton gramineus L.,2026-04-25,2026,,c8d737e0-2ff8-42e8-b8fc-6b805d26fc5f,Netherlands,Zuid-Holland,51.85,4.05,HUMAN_OBSERVATION,https://observation.org/photos/148933250.jpg,http://creativecommons.org/licenses/by-nc/4.0/,Wim Langbroek,Wim Langbroek,False
Potamogeton gramineus,Potamogeton gramineus L.,global,5301183,6228154428,Potamogeton gramineus L.,2026-04-25,2026,,c8d737e0-2ff8-42e8-b8fc-6b805d26fc5f,Netherlands,Zuid-Holland,51.85,4.05,HUMAN_OBSERVATION,https://observation.org/photos/148933251.jpg,http://creativecommons.org/licenses/by-nc/4.0/,Wim Langbroek,Wim Langbroek,False
Potamogeton gramineus,Potamogeton gramineus L.,global,5301183,6228154428,Potamogeton gramineus L.,2026-04-25,2026,,c8d737e0-2ff8-42e8-b8fc-6b805d26fc5f,Netherlands,Zuid-Holland,51.85,4.05,HUMAN_OBSERVATION,https://observation.org/photos/148933253.jpg,http://creativecommons.org/licenses/by-nc/4.0/,Wim Langbroek,Wim Langbroek,False
Potamogeton gramineus,Potamogeton gramineus L.,global,5301183,6320057304,Potamogeton gramineus L.,2026-05-18T17:08:48,2026,iNaturalist research-grade observations,28eb1a3f-1c15-4a95-931a-4af90ecb574d,France,Bourgogne,47.602613,3.113572,HUMAN_OBSERVATION,https://inaturalist-open-data.s3.amazonaws.com/photos/662127616/original.jpg,http://creativecommons.org/licenses/by-nc/4.0/,nico2709,nico2709,False
Potamogeton gramineus,Potamogeton gramineus L.,global,5301183,6320057304,Potamogeton gramineus L.,2026-05-18T17:08:48,2026,iNaturalist research-grade observations,28eb1a3f-1c15-4a95-931a-4af90ecb574d,France,Bourgogne,47.602613,3.113572,HUMAN_OBSERVATION,https://inaturalist-open-data.s3.amazonaws.com/photos/662127673/original.jpg,http://creativecommons.org/licenses/by-nc/4.0/,nico2709,nico2709,False
Potamogeton gramineus,Potamogeton gramineus L.,global,5301183,6320057304,Potamogeton gramineus L.,2026-05-18T17:08:48,2026,iNaturalist research-grade observations,28eb1a3f-1c15-4a95-931a-4af90ecb574d,France,Bourgogne,47.602613,3.113572,HUMAN_OBSERVATION,https://inaturalist-open-data.s3.amazonaws.com/photos/662127757/original.jpg,http://creativecommons.org/licenses/by-nc/4.0/,nico2709,nico2709,False
Potamogeton gramineus,Potamogeton gramineus L.,global,5301183,6320057304,Potamogeton gramineus L.,2026-05-18T17:08:48,2026,iNaturalist research-grade observations,28eb1a3f-1c15-4a95-931a-4af90ecb574d,France,Bourgogne,47.602613,3.113572,HUMAN_OBSERVATION,https://inaturalist-open-data.s3.amazonaws.com/photos/662127821/original.jpg,http://creativecommons.org/licenses/by-nc/4.0/,nico2709,nico2709,False
Potamogeton gramineus,Potamogeton gramineus L.,global,5301183,6320057304,Potamogeton gramineus L.,2026-05-18T17:08:48,2026,iNaturalist research-grade observations,28eb1a3f-1c15-4a95-931a-4af90ecb574d,France,Bourgogne,47.602613,3.113572,HUMAN_OBSERVATION,https://inaturalist-open-data.s3.amazonaws.com/photos/662127883/original.jpg,http://creativecommons.org/licenses/by-nc/4.0/,nico2709,nico2709,False
Potamogeton gramineus,Potamogeton gramineus L.,global,5301183,6320057304,Potamogeton gramineus L.,2026-05-18T17:08:48,2026,iNaturalist research-grade observations,28eb1a3f-1c15-4a95-931a-4af90ecb574d,France,Bourgogne,47.602613,3.113572,HUMAN_OBSERVATION,https://inaturalist-open-data.s3.amazonaws.com/photos/662127934/original.jpg,http://creativecommons.org/licenses/by-nc/4.0/,nico2709,nico2709,False
Potamogeton gramineus,Potamogeton gramineus L.,global,5301183,6342895769,Potamogeton gramineus L.,2026-05-03,2026,,c8d737e0-2ff8-42e8-b8fc-6b805d26fc5f,Netherlands,Gelderland,52.1,6.45,HUMAN_OBSERVATION,https://observation.org/photos/150030165.jpg,http://creativecommons.org/licenses/by-nc-nd/4.0/,lennart van der Kamp,lennart van der Kamp,False
Potamogeton gramineus,Potamogeton gramineus L.,global,5301183,6342895769,Potamogeton gramineus L.,2026-05-03,2026,,c8d737e0-2ff8-42e8-b8fc-6b805d26fc5f,Netherlands,Gelderland,52.1,6.45,HUMAN_OBSERVATION,https://observation.org/photos/150030166.jpg,http://creativecommons.org/licenses/by-nc-nd/4.0/,lennart van der Kamp,lennart van der Kamp,False
Potamogeton gramineus,Potamogeton gramineus L.,global,5301183,6342895769,Potamogeton gramineus L.,2026-05-03,2026,,c8d737e0-2ff8-42e8-b8fc-6b805d26fc5f,Netherlands,Gelderland,52.1,6.45,HUMAN_OBSERVATION,https://observation.org/photos/150030167.jpg,http://creativecommons.org/licenses/by-nc-nd/4.0/,lennart van der Kamp,lennart van der Kamp,False
Potamogeton gramineus,Potamogeton gramineus L.,global,5301183,6343753460,Potamogeton gramineus L.,2026-05-20,2026,,c8d737e0-2ff8-42e8-b8fc-6b805d26fc5f,Netherlands,Noord-Brabant,51.65,5.25,HUMAN_OBSERVATION,https://observation.org/photos/154215269.jpg,http://creativecommons.org/licenses/by-nc-nd/4.0/,J. Kastelijn,J. Kastelijn,False
Potamogeton gramineus,Potamogeton gramineus L.,global,5301183,6343753460,Potamogeton gramineus L.,2026-05-20,2026,,c8d737e0-2ff8-42e8-b8fc-6b805d26fc5f,Netherlands,Noord-Brabant,51.65,5.25,HUMAN_OBSERVATION,https://observation.org/photos/154215270.jpg,http://creativecommons.org/licenses/by-nc-nd/4.0/,J. Kastelijn,J. Kastelijn,False
Potamogeton gramineus,Potamogeton gramineus L.,global,5301183,6343753460,Potamogeton gramineus L.,2026-05-20,2026,,c8d737e0-2ff8-42e8-b8fc-6b805d26fc5f,Netherlands,Noord-Brabant,51.65,5.25,HUMAN_OBSERVATION,https://observation.org/photos/154215271.jpg,http://creativecommons.org/licenses/by-nc-nd/4.0/,J. Kastelijn,J. Kastelijn,False
Potamogeton gramineus,Potamogeton gramineus L.,global,5301183,6343753460,Potamogeton gramineus L.,2026-05-20,2026,,c8d737e0-2ff8-42e8-b8fc-6b805d26fc5f,Netherlands,Noord-Brabant,51.65,5.25,HUMAN_OBSERVATION,https://observation.org/photos/154215272.jpg,http://creativecommons.org/licenses/by-nc-nd/4.0/,J. Kastelijn,J. Kastelijn,False
Potamogeton gramineus,Potamogeton gramineus L.,global,5301183,6343753460,Potamogeton gramineus L.,2026-05-20,2026,,c8d737e0-2ff8-42e8-b8fc-6b805d26fc5f,Netherlands,Noord-Brabant,51.65,5.25,HUMAN_OBSERVATION,https://observation.org/photos/154215273.jpg,http://creativecommons.org/licenses/by-nc-nd/4.0/,J. Kastelijn,J. Kastelijn,False
Potamogeton gramineus,Potamogeton gramineus L.,global,5301183,6343753460,Potamogeton gramineus L.,2026-05-20,2026,,c8d737e0-2ff8-42e8-b8fc-6b805d26fc5f,Netherlands,Noord-Brabant,51.65,5.25,HUMAN_OBSERVATION,https://observation.org/photos/154215308.jpg,http://creativecommons.org/licenses/by-nc-nd/4.0/,J. Kastelijn,J. Kastelijn,False
Potamogeton gramineus,Potamogeton gramineus L.,global,5301183,6398675573,Potamogeton gramineus L.,2026-06-10T13:42,2026,iNaturalist research-grade observations,28eb1a3f-1c15-4a95-931a-4af90ecb574d,Ireland,Clare,53.014741,-8.979211,HUMAN_OBSERVATION,https://inaturalist-open-data.s3.amazonaws.com/photos/677270202/original.jpg,http://creativecommons.org/licenses/by/4.0/,Jamie O'Neill,Jamie O'Neill,True
Potamogeton gramineus,Potamogeton gramineus L.,global,5301183,6398675573,Potamogeton gramineus L.,2026-06-10T13:42,2026,iNaturalist research-grade observations,28eb1a3f-1c15-4a95-931a-4af90ecb574d,Ireland,Clare,53.014741,-8.979211,HUMAN_OBSERVATION,https://inaturalist-open-data.s3.amazonaws.com/photos/677270313/original.jpg,http://creativecommons.org/licenses/by/4.0/,Jamie O'Neill,Jamie O'Neill,True
Potamogeton gramineus,Potamogeton gramineus L.,global,5301183,6398675573,Potamogeton gramineus L.,2026-06-10T13:42,2026,iNaturalist research-grade observations,28eb1a3f-1c15-4a95-931a-4af90ecb574d,Ireland,Clare,53.014741,-8.979211,HUMAN_OBSERVATION,https://inaturalist-open-data.s3.amazonaws.com/photos/677270374/original.jpg,http://creativecommons.org/licenses/by/4.0/,Jamie O'Neill,Jamie O'Neill,True
Potamogeton gramineus,Potamogeton gramineus L.,global,5301183,6398675573,Potamogeton gramineus L.,2026-06-10T13:42,2026,iNaturalist research-grade observations,28eb1a3f-1c15-4a95-931a-4af90ecb574d,Ireland,Clare,53.014741,-8.979211,HUMAN_OBSERVATION,https://inaturalist-open-data.s3.amazonaws.com/photos/677270472/original.jpg,http://creativecommons.org/licenses/by/4.0/,Jamie O'Neill,Jamie O'Neill,True
Potamogeton gramineus,Potamogeton gramineus L.,global,5301183,6398675573,Potamogeton gramineus L.,2026-06-10T13:42,2026,iNaturalist research-grade observations,28eb1a3f-1c15-4a95-931a-4af90ecb574d,Ireland,Clare,53.014741,-8.979211,HUMAN_OBSERVATION,https://inaturalist-open-data.s3.amazonaws.com/photos/677270521/original.jpg,http://creativecommons.org/licenses/by/4.0/,Jamie O'Neill,Jamie O'Neill,True
Potamogeton gramineus,Potamogeton gramineus L.,global,5301183,6398675573,Potamogeton gramineus L.,2026-06-10T13:42,2026,iNaturalist research-grade observations,28eb1a3f-1c15-4a95-931a-4af90ecb574d,Ireland,Clare,53.014741,-8.979211,HUMAN_OBSERVATION,https://inaturalist-open-data.s3.amazonaws.com/photos/677270593/original.jpg,http://creativecommons.org/licenses/by/4.0/,Jamie O'Neill,Jamie O'Neill,True
Potamogeton gramineus,Potamogeton gramineus L.,global,5301183,6398675573,Potamogeton gramineus L.,2026-06-10T13:42,2026,iNaturalist research-grade observations,28eb1a3f-1c15-4a95-931a-4af90ecb574d,Ireland,Clare,53.014741,-8.979211,HUMAN_OBSERVATION,https://inaturalist-open-data.s3.amazonaws.com/photos/677270746/original.jpg,http://creativecommons.org/licenses/by/4.0/,Jamie O'Neill,Jamie O'Neill,True
Potamogeton gramineus,Potamogeton gramineus L.,global,5301183,6398675573,Potamogeton gramineus L.,2026-06-10T13:42,2026,iNaturalist research-grade observations,28eb1a3f-1c15-4a95-931a-4af90ecb574d,Ireland,Clare,53.014741,-8.979211,HUMAN_OBSERVATION,https://inaturalist-open-data.s3.amazonaws.com/photos/677270806/original.jpg,http://creativecommons.org/licenses/by/4.0/,Jamie O'Neill,Jamie O'Neill,True
Potamogeton gramineus,Potamogeton gramineus L.,global,5301183,6398916823,Potamogeton gramineus L.,2026-06-09T17:55:13,2026,iNaturalist research-grade observations,28eb1a3f-1c15-4a95-931a-4af90ecb574d,United States of America,Michigan,44.042621,-86.458221,HUMAN_OBSERVATION,https://inaturalist-open-data.s3.amazonaws.com/photos/676200629/original.jpg,http://creativecommons.org/licenses/by-nc/4.0/,Chace Scholten,Chace Scholten,False
Potamogeton gramineus,Potamogeton gramineus L.,global,5301183,6410975584,Potamogeton gramineus L.,2026-06-21,2026,,c8d737e0-2ff8-42e8-b8fc-6b805d26fc5f,Netherlands,Zuid-Holland,51.9,4.05,HUMAN_OBSERVATION,https://observation.org/photos/158520224.jpg,http://creativecommons.org/licenses/by-nc-nd/4.0/,Sjoerd-Dirk,Sjoerd-Dirk,False
Potamogeton gramineus,Potamogeton gramineus L.,global,5301183,6410975584,Potamogeton gramineus L.,2026-06-21,2026,,c8d737e0-2ff8-42e8-b8fc-6b805d26fc5f,Netherlands,Zuid-Holland,51.9,4.05,HUMAN_OBSERVATION,https://observation.org/photos/158520225.jpg,http://creativecommons.org/licenses/by-nc-nd/4.0/,Sjoerd-Dirk,Sjoerd-Dirk,False
Potamogeton gramineus,Potamogeton gramineus L.,global,5301183,6410975584,Potamogeton gramineus L.,2026-06-21,2026,,c8d737e0-2ff8-42e8-b8fc-6b805d26fc5f,Netherlands,Zuid-Holland,51.9,4.05,HUMAN_OBSERVATION,https://observation.org/photos/158520226.jpg,http://creativecommons.org/licenses/by-nc-nd/4.0/,Sjoerd-Dirk,Sjoerd-Dirk,False
Potamogeton gramineus,Potamogeton gramineus L.,global,5301183,6410975584,Potamogeton gramineus L.,2026-06-21,2026,,c8d737e0-2ff8-42e8-b8fc-6b805d26fc5f,Netherlands,Zuid-Holland,51.9,4.05,HUMAN_OBSERVATION,https://observation.org/photos/158520227.jpg,http://creativecommons.org/licenses/by-nc-nd/4.0/,Sjoerd-Dirk,Sjoerd-Dirk,False
Potamogeton gramineus,Potamogeton gramineus L.,global,5301183,6411944949,Potamogeton gramineus L.,2026-06-16,2026,,c8d737e0-2ff8-42e8-b8fc-6b805d26fc5f,Netherlands,Zuid-Holland,51.85,4.0,HUMAN_OBSERVATION,https://observation.org/photos/157190414.jpg,http://creativecommons.org/licenses/by-nc/4.0/,Wim Langbroek,Wim Langbroek,False
Potamogeton gramineus,Potamogeton gramineus L.,global,5301183,6411944949,Potamogeton gramineus L.,2026-06-16,2026,,c8d737e0-2ff8-42e8-b8fc-6b805d26fc5f,Netherlands,Zuid-Holland,51.85,4.0,HUMAN_OBSERVATION,https://observation.org/photos/157190415.jpg,http://creativecommons.org/licenses/by-nc/4.0/,Wim Langbroek,Wim Langbroek,False
Potamogeton gramineus,Potamogeton gramineus L.,global,5301183,6411944949,Potamogeton gramineus L.,2026-06-16,2026,,c8d737e0-2ff8-42e8-b8fc-6b805d26fc5f,Netherlands,Zuid-Holland,51.85,4.0,HUMAN_OBSERVATION,https://observation.org/photos/157190416.jpg,http://creativecommons.org/licenses/by-nc/4.0/,Wim Langbroek,Wim Langbroek,False
Potamogeton gramineus,Potamogeton gramineus L.,global,5301183,6411944949,Potamogeton gramineus L.,2026-06-16,2026,,c8d737e0-2ff8-42e8-b8fc-6b805d26fc5f,Netherlands,Zuid-Holland,51.85,4.0,HUMAN_OBSERVATION,https://observation.org/photos/157190417.jpg,http://creativecommons.org/licenses/by-nc/4.0/,Wim Langbroek,Wim Langbroek,False
Potamogeton gramineus,Potamogeton gramineus L.,global,5301183,6411944949,Potamogeton gramineus L.,2026-06-16,2026,,c8d737e0-2ff8-42e8-b8fc-6b805d26fc5f,Netherlands,Zuid-Holland,51.85,4.0,HUMAN_OBSERVATION,https://observation.org/photos/157190418.jpg,http://creativecommons.org/licenses/by-nc/4.0/,Wim Langbroek,Wim Langbroek,False
Potamogeton gramineus,Potamogeton gramineus L.,global,5301183,6411944949,Potamogeton gramineus L.,2026-06-16,2026,,c8d737e0-2ff8-42e8-b8fc-6b805d26fc5f,Netherlands,Zuid-Holland,51.85,4.0,HUMAN_OBSERVATION,https://observation.org/photos/157190488.jpg,http://creativecommons.org/licenses/by-nc/4.0/,Wim Langbroek,Wim Langbroek,False
Potamogeton gramineus,Potamogeton gramineus L.,global,5301183,6413221630,Potamogeton gramineus L.,2026-06-20T10:47:18,2026,iNaturalist research-grade observations,28eb1a3f-1c15-4a95-931a-4af90ecb574d,Czechia,Pardubický,50.096742,15.78329,HUMAN_OBSERVATION,https://inaturalist-open-data.s3.amazonaws.com/photos/682925425/original.jpg,http://creativecommons.org/licenses/by-nc/4.0/,Věra Kafková,Věra Kafková,False
Potamogeton gramineus,Potamogeton gramineus L.,global,5301183,6413221630,Potamogeton gramineus L.,2026-06-20T10:47:18,2026,iNaturalist research-grade observations,28eb1a3f-1c15-4a95-931a-4af90ecb574d,Czechia,Pardubický,50.096742,15.78329,HUMAN_OBSERVATION,https://inaturalist-open-data.s3.amazonaws.com/photos/682925530/original.jpg,http://creativecommons.org/licenses/by-nc/4.0/,Věra Kafková,Věra Kafková,False
Potamogeton gramineus,Potamogeton gramineus L.,global,5301183,6413221630,Potamogeton gramineus L.,2026-06-20T10:47:18,2026,iNaturalist research-grade observations,28eb1a3f-1c15-4a95-931a-4af90ecb574d,Czechia,Pardubický,50.096742,15.78329,HUMAN_OBSERVATION,https://inaturalist-open-data.s3.amazonaws.com/photos/682925627/original.jpg,http://creativecommons.org/licenses/by-nc/4.0/,Věra Kafková,Věra Kafková,False
Potamogeton gramineus,Potamogeton gramineus L.,global,5301183,6413221630,Potamogeton gramineus L.,2026-06-20T10:47:18,2026,iNaturalist research-grade observations,28eb1a3f-1c15-4a95-931a-4af90ecb574d,Czechia,Pardubický,50.096742,15.78329,HUMAN_OBSERVATION,https://inaturalist-open-data.s3.amazonaws.com/photos/682925734/original.jpg,http://creativecommons.org/licenses/by-nc/4.0/,Věra Kafková,Věra Kafková,False
Potamogeton gramineus,Potamogeton gramineus L.,global,5301183,6413257745,Potamogeton gramineus L.,2026-06-16T08:34:29,2026,iNaturalist research-grade observations,28eb1a3f-1c15-4a95-931a-4af90ecb574d,Kazakhstan,West Kazakhstan,50.797195,49.983727,HUMAN_OBSERVATION,https://inaturalist-open-data.s3.amazonaws.com/photos/681272050/original.jpg,http://creativecommons.org/licenses/by-nc/4.0/,Andrey Efremov,Andrey Efremov,False
Potamogeton gramineus,Potamogeton gramineus L.,global,5301183,6413257745,Potamogeton gramineus L.,2026-06-16T08:34:29,2026,iNaturalist research-grade observations,28eb1a3f-1c15-4a95-931a-4af90ecb574d,Kazakhstan,West Kazakhstan,50.797195,49.983727,HUMAN_OBSERVATION,https://inaturalist-open-data.s3.amazonaws.com/photos/681272110/original.jpg,http://creativecommons.org/licenses/by-nc/4.0/,Andrey Efremov,Andrey Efremov,False
Potamogeton gramineus,Potamogeton gramineus L.,global,5301183,6413257745,Potamogeton gramineus L.,2026-06-16T08:34:29,2026,iNaturalist research-grade observations,28eb1a3f-1c15-4a95-931a-4af90ecb574d,Kazakhstan,West Kazakhstan,50.797195,49.983727,HUMAN_OBSERVATION,https://inaturalist-open-data.s3.amazonaws.com/photos/681272249/original.jpg,http://creativecommons.org/licenses/by-nc/4.0/,Andrey Efremov,Andrey Efremov,False
Potamogeton gramineus,Potamogeton gramineus L.,global,5301183,6413290659,Potamogeton gramineus L.,2026-06-20T10:46:14,2026,iNaturalist research-grade observations,28eb1a3f-1c15-4a95-931a-4af90ecb574d,Czechia,Pardubický,50.096694,15.783328,HUMAN_OBSERVATION,https://inaturalist-open-data.s3.amazonaws.com/photos/682588709/original.jpg,http://creativecommons.org/licenses/by-nc/4.0/,Anna Šolcová,Anna Šolcová,False
Potamogeton gramineus,Potamogeton gramineus L.,global,5301183,6413372493,Potamogeton gramineus L.,2026-06-20T10:43:02,2026,iNaturalist research-grade observations,28eb1a3f-1c15-4a95-931a-4af90ecb574d,Czechia,Pardubický,50.096757,15.783213,HUMAN_OBSERVATION,https://inaturalist-open-data.s3.amazonaws.com/photos/682867319/original.jpg,http://creativecommons.org/licenses/by-nc/4.0/,Zdenek Kaplan,Zdenek Kaplan,False
Potamogeton gramineus,Potamogeton gramineus L.,global,5301183,6413372493,Potamogeton gramineus L.,2026-06-20T10:43:02,2026,iNaturalist research-grade observations,28eb1a3f-1c15-4a95-931a-4af90ecb574d,Czechia,Pardubický,50.096757,15.783213,HUMAN_OBSERVATION,https://inaturalist-open-data.s3.amazonaws.com/photos/682867412/original.jpg,http://creativecommons.org/licenses/by-nc/4.0/,Zdenek Kaplan,Zdenek Kaplan,False
Potamogeton gramineus,Potamogeton gramineus L.,global,5301183,6413372493,Potamogeton gramineus L.,2026-06-20T10:43:02,2026,iNaturalist research-grade observations,28eb1a3f-1c15-4a95-931a-4af90ecb574d,Czechia,Pardubický,50.096757,15.783213,HUMAN_OBSERVATION,https://inaturalist-open-data.s3.amazonaws.com/photos/682867518/original.jpg,http://creativecommons.org/licenses/by-nc/4.0/,Zdenek Kaplan,Zdenek Kaplan,False
Potamogeton gramineus,Potamogeton gramineus L.,global,5301183,6413372493,Potamogeton gramineus L.,2026-06-20T10:43:02,2026,iNaturalist research-grade observations,28eb1a3f-1c15-4a95-931a-4af90ecb574d,Czechia,Pardubický,50.096757,15.783213,HUMAN_OBSERVATION,https://inaturalist-open-data.s3.amazonaws.com/photos/682868140/original.jpg,http://creativecommons.org/licenses/by-nc/4.0/,Zdenek Kaplan,Zdenek Kaplan,False
Potamogeton gramineus,Potamogeton gramineus L.,global,5301183,6413397614,Potamogeton gramineus L.,2026-06-19T16:39:26,2026,iNaturalist research-grade observations,28eb1a3f-1c15-4a95-931a-4af90ecb574d,Czechia,Královéhradecký,50.115427,15.443391,HUMAN_OBSERVATION,https://inaturalist-open-data.s3.amazonaws.com/photos/682330769/original.jpg,http://creativecommons.org/licenses/by-nc/4.0/,Věra Kafková,Věra Kafková,False
Potamogeton gramineus,Potamogeton gramineus L.,global,5301183,6413397614,Potamogeton gramineus L.,2026-06-19T16:39:26,2026,iNaturalist research-grade observations,28eb1a3f-1c15-4a95-931a-4af90ecb574d,Czechia,Královéhradecký,50.115427,15.443391,HUMAN_OBSERVATION,https://inaturalist-open-data.s3.amazonaws.com/photos/682330863/original.jpg,http://creativecommons.org/licenses/by-nc/4.0/,Věra Kafková,Věra Kafková,False
Potamogeton gramineus,Potamogeton gramineus L.,global,5301183,6413518701,Potamogeton gramineus L.,2026-06-21T14:42:28,2026,iNaturalist research-grade observations,28eb1a3f-1c15-4a95-931a-4af90ecb574d,Finland,Southern Finland,61.230734,28.943305,HUMAN_OBSERVATION,https://inaturalist-open-data.s3.amazonaws.com/photos/683353497/original.jpg,http://creativecommons.org/licenses/by-nc/4.0/,Jan Henrik Klaile,Jan Henrik Klaile,False
Potamogeton gramineus,Potamogeton gramineus L.,global,5301183,6413518701,Potamogeton gramineus L.,2026-06-21T14:42:28,2026,iNaturalist research-grade observations,28eb1a3f-1c15-4a95-931a-4af90ecb574d,Finland,Southern Finland,61.230734,28.943305,HUMAN_OBSERVATION,https://inaturalist-open-data.s3.amazonaws.com/photos/683353540/original.jpg,http://creativecommons.org/licenses/by-nc/4.0/,Jan Henrik Klaile,Jan Henrik Klaile,False
Potamogeton gramineus,Potamogeton gramineus L.,global,5301183,6413518701,Potamogeton gramineus L.,2026-06-21T14:42:28,2026,iNaturalist research-grade observations,28eb1a3f-1c15-4a95-931a-4af90ecb574d,Finland,Southern Finland,61.230734,28.943305,HUMAN_OBSERVATION,https://inaturalist-open-data.s3.amazonaws.com/photos/683353694/original.jpg,http://creativecommons.org/licenses/by-nc/4.0/,Jan Henrik Klaile,Jan Henrik Klaile,False
Potamogeton gramineus,Potamogeton gramineus L.,global,5301183,6413518701,Potamogeton gramineus L.,2026-06-21T14:42:28,2026,iNaturalist research-grade observations,28eb1a3f-1c15-4a95-931a-4af90ecb574d,Finland,Southern Finland,61.230734,28.943305,HUMAN_OBSERVATION,https://inaturalist-open-data.s3.amazonaws.com/photos/683353750/original.jpg,http://creativecommons.org/licenses/by-nc/4.0/,Jan Henrik Klaile,Jan Henrik Klaile,False
Potamogeton gramineus,Potamogeton gramineus L.,global,5301183,6413918773,Potamogeton gramineus L.,2026-06-15T15:51:20,2026,iNaturalist research-grade observations,28eb1a3f-1c15-4a95-931a-4af90ecb574d,United States of America,Minnesota,47.919762,-91.721062,HUMAN_OBSERVATION,https://inaturalist-open-data.s3.amazonaws.com/photos/680002550/original.jpg,http://creativecommons.org/licenses/by-nd/4.0/,William S. Popovici,William S. Popovici,False
Potamogeton gramineus,Potamogeton gramineus L.,global,5301183,6413918773,Potamogeton gramineus L.,2026-06-15T15:51:20,2026,iNaturalist research-grade observations,28eb1a3f-1c15-4a95-931a-4af90ecb574d,United States of America,Minnesota,47.919762,-91.721062,HUMAN_OBSERVATION,https://inaturalist-open-data.s3.amazonaws.com/photos/680002551/original.jpg,http://creativecommons.org/licenses/by-nd/4.0/,William S. Popovici,William S. Popovici,False
Potamogeton gramineus,Potamogeton gramineus L.,global,5301183,6413918773,Potamogeton gramineus L.,2026-06-15T15:51:20,2026,iNaturalist research-grade observations,28eb1a3f-1c15-4a95-931a-4af90ecb574d,United States of America,Minnesota,47.919762,-91.721062,HUMAN_OBSERVATION,https://inaturalist-open-data.s3.amazonaws.com/photos/680002709/original.jpg,http://creativecommons.org/licenses/by-nd/4.0/,William S. Popovici,William S. Popovici,False
Potamogeton gramineus,Potamogeton gramineus L.,global,5301183,6413918773,Potamogeton gramineus L.,2026-06-15T15:51:20,2026,iNaturalist research-grade observations,28eb1a3f-1c15-4a95-931a-4af90ecb574d,United States of America,Minnesota,47.919762,-91.721062,HUMAN_OBSERVATION,https://inaturalist-open-data.s3.amazonaws.com/photos/680002517/original.jpg,http://creativecommons.org/licenses/by-nd/4.0/,William S. Popovici,William S. Popovici,False
Potamogeton gramineus,Potamogeton gramineus L.,global,5301183,6413918773,Potamogeton gramineus L.,2026-06-15T15:51:20,2026,iNaturalist research-grade observations,28eb1a3f-1c15-4a95-931a-4af90ecb574d,United States of America,Minnesota,47.919762,-91.721062,HUMAN_OBSERVATION,https://inaturalist-open-data.s3.amazonaws.com/photos/680002637/original.jpg,http://creativecommons.org/licenses/by-nd/4.0/,William S. Popovici,William S. Popovici,False
Potamogeton gramineus,Potamogeton gramineus L.,global,5301183,6413918773,Potamogeton gramineus L.,2026-06-15T15:51:20,2026,iNaturalist research-grade observations,28eb1a3f-1c15-4a95-931a-4af90ecb574d,United States of America,Minnesota,47.919762,-91.721062,HUMAN_OBSERVATION,https://inaturalist-open-data.s3.amazonaws.com/photos/680002699/original.jpg,http://creativecommons.org/licenses/by-nd/4.0/,William S. Popovici,William S. Popovici,False
Potamogeton gramineus,Potamogeton gramineus L.,global,5301183,6413918773,Potamogeton gramineus L.,2026-06-15T15:51:20,2026,iNaturalist research-grade observations,28eb1a3f-1c15-4a95-931a-4af90ecb574d,United States of America,Minnesota,47.919762,-91.721062,HUMAN_OBSERVATION,https://inaturalist-open-data.s3.amazonaws.com/photos/680002534/original.jpg,http://creativecommons.org/licenses/by-nd/4.0/,William S. Popovici,William S. Popovici,False
Potamogeton gramineus,Potamogeton gramineus L.,global,5301183,6413918773,Potamogeton gramineus L.,2026-06-15T15:51:20,2026,iNaturalist research-grade observations,28eb1a3f-1c15-4a95-931a-4af90ecb574d,United States of America,Minnesota,47.919762,-91.721062,HUMAN_OBSERVATION,https://inaturalist-open-data.s3.amazonaws.com/photos/680002542/original.jpg,http://creativecommons.org/licenses/by-nd/4.0/,William S. Popovici,William S. Popovici,False
Potamogeton gramineus,Potamogeton gramineus L.,global,5301183,6413918773,Potamogeton gramineus L.,2026-06-15T15:51:20,2026,iNaturalist research-grade observations,28eb1a3f-1c15-4a95-931a-4af90ecb574d,United States of America,Minnesota,47.919762,-91.721062,HUMAN_OBSERVATION,https://inaturalist-open-data.s3.amazonaws.com/photos/680002693/original.jpg,http://creativecommons.org/licenses/by-nd/4.0/,William S. Popovici,William S. Popovici,False
Potamogeton gramineus,Potamogeton gramineus L.,global,5301183,6413918773,Potamogeton gramineus L.,2026-06-15T15:51:20,2026,iNaturalist research-grade observations,28eb1a3f-1c15-4a95-931a-4af90ecb574d,United States of America,Minnesota,47.919762,-91.721062,HUMAN_OBSERVATION,https://inaturalist-open-data.s3.amazonaws.com/photos/680002718/original.jpg,http://creativecommons.org/licenses/by-nd/4.0/,William S. Popovici,William S. Popovici,False
Potamogeton gramineus,Potamogeton gramineus L.,global,5301183,6413918773,Potamogeton gramineus L.,2026-06-15T15:51:20,2026,iNaturalist research-grade observations,28eb1a3f-1c15-4a95-931a-4af90ecb574d,United States of America,Minnesota,47.919762,-91.721062,HUMAN_OBSERVATION,https://inaturalist-open-data.s3.amazonaws.com/photos/680002701/original.jpg,http://creativecommons.org/licenses/by-nd/4.0/,William S. Popovici,William S. Popovici,False
Potamogeton gramineus,Potamogeton gramineus L.,global,5301183,6414047369,Potamogeton gramineus L.,2026-06-14T04:29,2026,iNaturalist research-grade observations,28eb1a3f-1c15-4a95-931a-4af90ecb574d,Canada,British Columbia,50.317511,-126.4206,HUMAN_OBSERVATION,https://inaturalist-open-data.s3.amazonaws.com/photos/681063681/original.jpg,http://creativecommons.org/licenses/by-nc/4.0/,Braden J. Judson,Braden J. Judson,False
Potamogeton gramineus,Potamogeton gramineus L.,global,5301183,6414080707,Potamogeton gramineus L.,2026-06-19T16:35:51,2026,iNaturalist research-grade observations,28eb1a3f-1c15-4a95-931a-4af90ecb574d,Czechia,Královéhradecký,50.115388,15.443399,HUMAN_OBSERVATION,https://inaturalist-open-data.s3.amazonaws.com/photos/682506772/original.jpg,http://creativecommons.org/licenses/by-nc/4.0/,Zdenek Kaplan,Zdenek Kaplan,False
Potamogeton gramineus,Potamogeton gramineus L.,global,5301183,6414080707,Potamogeton gramineus L.,2026-06-19T16:35:51,2026,iNaturalist research-grade observations,28eb1a3f-1c15-4a95-931a-4af90ecb574d,Czechia,Královéhradecký,50.115388,15.443399,HUMAN_OBSERVATION,https://inaturalist-open-data.s3.amazonaws.com/photos/682506832/original.jpg,http://creativecommons.org/licenses/by-nc/4.0/,Zdenek Kaplan,Zdenek Kaplan,False
Potamogeton gramineus,Potamogeton gramineus L.,global,5301183,6414080707,Potamogeton gramineus L.,2026-06-19T16:35:51,2026,iNaturalist research-grade observations,28eb1a3f-1c15-4a95-931a-4af90ecb574d,Czechia,Královéhradecký,50.115388,15.443399,HUMAN_OBSERVATION,https://inaturalist-open-data.s3.amazonaws.com/photos/682506882/original.jpg,http://creativecommons.org/licenses/by-nc/4.0/,Zdenek Kaplan,Zdenek Kaplan,False
Potamogeton gramineus,Potamogeton gramineus L.,global,5301183,6414080707,Potamogeton gramineus L.,2026-06-19T16:35:51,2026,iNaturalist research-grade observations,28eb1a3f-1c15-4a95-931a-4af90ecb574d,Czechia,Královéhradecký,50.115388,15.443399,HUMAN_OBSERVATION,https://inaturalist-open-data.s3.amazonaws.com/photos/682506932/original.jpg,http://creativecommons.org/licenses/by-nc/4.0/,Zdenek Kaplan,Zdenek Kaplan,False
Potamogeton gramineus,Potamogeton gramineus L.,global,5301183,6414080707,Potamogeton gramineus L.,2026-06-19T16:35:51,2026,iNaturalist research-grade observations,28eb1a3f-1c15-4a95-931a-4af90ecb574d,Czechia,Královéhradecký,50.115388,15.443399,HUMAN_OBSERVATION,https://inaturalist-open-data.s3.amazonaws.com/photos/682507361/original.jpg,http://creativecommons.org/licenses/by-nc/4.0/,Zdenek Kaplan,Zdenek Kaplan,False
Potamogeton gramineus,Potamogeton gramineus L.,global,5301183,6422146797,Potamogeton gramineus L.,2026-06-14T21:36:55,2026,iNaturalist research-grade observations,28eb1a3f-1c15-4a95-931a-4af90ecb574d,United States of America,Minnesota,47.918397,-91.720458,HUMAN_OBSERVATION,https://inaturalist-open-data.s3.amazonaws.com/photos/679414832/original.jpg,http://creativecommons.org/licenses/by-nd/4.0/,William S. Popovici,William S. Popovici,False
Potamogeton gramineus,Potamogeton gramineus L.,global,5301183,6422146797,Potamogeton gramineus L.,2026-06-14T21:36:55,2026,iNaturalist research-grade observations,28eb1a3f-1c15-4a95-931a-4af90ecb574d,United States of America,Minnesota,47.918397,-91.720458,HUMAN_OBSERVATION,https://inaturalist-open-data.s3.amazonaws.com/photos/679414834/original.jpg,http://creativecommons.org/licenses/by-nd/4.0/,William S. Popovici,William S. Popovici,False
Potamogeton gramineus,Potamogeton gramineus L.,global,5301183,6422146797,Potamogeton gramineus L.,2026-06-14T21:36:55,2026,iNaturalist research-grade observations,28eb1a3f-1c15-4a95-931a-4af90ecb574d,United States of America,Minnesota,47.918397,-91.720458,HUMAN_OBSERVATION,https://inaturalist-open-data.s3.amazonaws.com/photos/679414830/original.jpg,http://creativecommons.org/licenses/by-nd/4.0/,William S. Popovici,William S. Popovici,False
Potamogeton gramineus,Potamogeton gramineus L.,global,5301183,6422146797,Potamogeton gramineus L.,2026-06-14T21:36:55,2026,iNaturalist research-grade observations,28eb1a3f-1c15-4a95-931a-4af90ecb574d,United States of America,Minnesota,47.918397,-91.720458,HUMAN_OBSERVATION,https://inaturalist-open-data.s3.amazonaws.com/photos/679414828/original.jpg,http://creativecommons.org/licenses/by-nd/4.0/,William S. Popovici,William S. Popovici,False
Potamogeton gramineus,Potamogeton gramineus L.,global,5301183,6422146797,Potamogeton gramineus L.,2026-06-14T21:36:55,2026,iNaturalist research-grade observations,28eb1a3f-1c15-4a95-931a-4af90ecb574d,United States of America,Minnesota,47.918397,-91.720458,HUMAN_OBSERVATION,https://inaturalist-open-data.s3.amazonaws.com/photos/679423403/original.jpg,http://creativecommons.org/licenses/by-nd/4.0/,William S. Popovici,William S. Popovici,False
Potamogeton gramineus,Potamogeton gramineus L.,global,5301183,6422146797,Potamogeton gramineus L.,2026-06-14T21:36:55,2026,iNaturalist research-grade observations,28eb1a3f-1c15-4a95-931a-4af90ecb574d,United States of America,Minnesota,47.918397,-91.720458,HUMAN_OBSERVATION,https://inaturalist-open-data.s3.amazonaws.com/photos/679423406/original.jpg,http://creativecommons.org/licenses/by-nd/4.0/,William S. Popovici,William S. Popovici,False
Potamogeton gramineus,Potamogeton gramineus L.,global,5301183,6422146797,Potamogeton gramineus L.,2026-06-14T21:36:55,2026,iNaturalist research-grade observations,28eb1a3f-1c15-4a95-931a-4af90ecb574d,United States of America,Minnesota,47.918397,-91.720458,HUMAN_OBSERVATION,https://inaturalist-open-data.s3.amazonaws.com/photos/679423410/original.jpg,http://creativecommons.org/licenses/by-nd/4.0/,William S. Popovici,William S. Popovici,False
Potamogeton gramineus,Potamogeton gramineus L.,global,5301183,6422146797,Potamogeton gramineus L.,2026-06-14T21:36:55,2026,iNaturalist research-grade observations,28eb1a3f-1c15-4a95-931a-4af90ecb574d,United States of America,Minnesota,47.918397,-91.720458,HUMAN_OBSERVATION,https://inaturalist-open-data.s3.amazonaws.com/photos/679681711/original.jpg,http://creativecommons.org/licenses/by-nd/4.0/,William S. Popovici,William S. Popovici,False
Potamogeton gramineus,Potamogeton gramineus L.,global,5301183,6422146797,Potamogeton gramineus L.,2026-06-14T21:36:55,2026,iNaturalist research-grade observations,28eb1a3f-1c15-4a95-931a-4af90ecb574d,United States of America,Minnesota,47.918397,-91.720458,HUMAN_OBSERVATION,https://inaturalist-open-data.s3.amazonaws.com/photos/679681716/original.jpg,http://creativecommons.org/licenses/by-nd/4.0/,William S. Popovici,William S. Popovici,False
Potamogeton gramineus,Potamogeton gramineus L.,global,5301183,6422146797,Potamogeton gramineus L.,2026-06-14T21:36:55,2026,iNaturalist research-grade observations,28eb1a3f-1c15-4a95-931a-4af90ecb574d,United States of America,Minnesota,47.918397,-91.720458,HUMAN_OBSERVATION,https://inaturalist-open-data.s3.amazonaws.com/photos/679681713/original.jpg,http://creativecommons.org/licenses/by-nd/4.0/,William S. Popovici,William S. Popovici,False
Potamogeton gramineus,Potamogeton gramineus L.,global,5301183,6422146797,Potamogeton gramineus L.,2026-06-14T21:36:55,2026,iNaturalist research-grade observations,28eb1a3f-1c15-4a95-931a-4af90ecb574d,United States of America,Minnesota,47.918397,-91.720458,HUMAN_OBSERVATION,https://inaturalist-open-data.s3.amazonaws.com/photos/679681684/original.jpg,http://creativecommons.org/licenses/by-nd/4.0/,William S. Popovici,William S. Popovici,False
Potamogeton gramineus,Potamogeton gramineus L.,global,5301183,6422146797,Potamogeton gramineus L.,2026-06-14T21:36:55,2026,iNaturalist research-grade observations,28eb1a3f-1c15-4a95-931a-4af90ecb574d,United States of America,Minnesota,47.918397,-91.720458,HUMAN_OBSERVATION,https://inaturalist-open-data.s3.amazonaws.com/photos/679681717/original.jpg,http://creativecommons.org/licenses/by-nd/4.0/,William S. Popovici,William S. Popovici,False
Potamogeton gramineus,Potamogeton gramineus L.,global,5301183,6422146797,Potamogeton gramineus L.,2026-06-14T21:36:55,2026,iNaturalist research-grade observations,28eb1a3f-1c15-4a95-931a-4af90ecb574d,United States of America,Minnesota,47.918397,-91.720458,HUMAN_OBSERVATION,https://inaturalist-open-data.s3.amazonaws.com/photos/679681742/original.jpg,http://creativecommons.org/licenses/by-nd/4.0/,William S. Popovici,William S. Popovici,False
Potamogeton gramineus,Potamogeton gramineus L.,global,5301183,6422146797,Potamogeton gramineus L.,2026-06-14T21:36:55,2026,iNaturalist research-grade observations,28eb1a3f-1c15-4a95-931a-4af90ecb574d,United States of America,Minnesota,47.918397,-91.720458,HUMAN_OBSERVATION,https://inaturalist-open-data.s3.amazonaws.com/photos/679681733/original.jpg,http://creativecommons.org/licenses/by-nd/4.0/,William S. Popovici,William S. Popovici,False
Potamogeton gramineus,Potamogeton gramineus L.,global,5301183,6422146797,Potamogeton gramineus L.,2026-06-14T21:36:55,2026,iNaturalist research-grade observations,28eb1a3f-1c15-4a95-931a-4af90ecb574d,United States of America,Minnesota,47.918397,-91.720458,HUMAN_OBSERVATION,https://inaturalist-open-data.s3.amazonaws.com/photos/679681691/original.jpg,http://creativecommons.org/licenses/by-nd/4.0/,William S. Popovici,William S. Popovici,False
Potamogeton gramineus,Potamogeton gramineus L.,global,5301183,6422233007,Potamogeton gramineus L.,2026-06-27T14:22,2026,iNaturalist research-grade observations,28eb1a3f-1c15-4a95-931a-4af90ecb574d,Russian Federation,Bryansk,53.099837,33.513649,HUMAN_OBSERVATION,https://inaturalist-open-data.s3.amazonaws.com/photos/687981575/original.jpg,http://creativecommons.org/licenses/by-nc/4.0/,Юрий,Юрий,False
Potamogeton gramineus,Potamogeton gramineus L.,global,5301183,6422233007,Potamogeton gramineus L.,2026-06-27T14:22,2026,iNaturalist research-grade observations,28eb1a3f-1c15-4a95-931a-4af90ecb574d,Russian Federation,Bryansk,53.099837,33.513649,HUMAN_OBSERVATION,https://inaturalist-open-data.s3.amazonaws.com/photos/687981691/original.jpg,http://creativecommons.org/licenses/by-nc/4.0/,Юрий,Юрий,False
Potamogeton gramineus,Potamogeton gramineus L.,global,5301183,6422233007,Potamogeton gramineus L.,2026-06-27T14:22,2026,iNaturalist research-grade observations,28eb1a3f-1c15-4a95-931a-4af90ecb574d,Russian Federation,Bryansk,53.099837,33.513649,HUMAN_OBSERVATION,https://inaturalist-open-data.s3.amazonaws.com/photos/687981734/original.jpg,http://creativecommons.org/licenses/by-nc/4.0/,Юрий,Юрий,False
Potamogeton gramineus,Potamogeton gramineus L.,global,5301183,6422413781,Potamogeton gramineus L.,2026-06-27T12:40,2026,iNaturalist research-grade observations,28eb1a3f-1c15-4a95-931a-4af90ecb574d,Russian Federation,Bryansk,53.103994,33.505173,HUMAN_OBSERVATION,https://inaturalist-open-data.s3.amazonaws.com/photos/687949274/original.jpg,http://creativecommons.org/licenses/by-nc/4.0/,Юрий,Юрий,False
Potamogeton gramineus,Potamogeton gramineus L.,global,5301183,6422925604,Potamogeton gramineus L.,2026-06-24T04:06,2026,iNaturalist research-grade observations,28eb1a3f-1c15-4a95-931a-4af90ecb574d,United Kingdom of Great Britain and Northern Ireland,Wales,53.273903,-4.247297,HUMAN_OBSERVATION,https://inaturalist-open-data.s3.amazonaws.com/photos/685560085/original.jpg,http://creativecommons.org/licenses/by/4.0/,Henry Miller,Henry Miller,True
Potamogeton gramineus,Potamogeton gramineus L.,global,5301183,6422925604,Potamogeton gramineus L.,2026-06-24T04:06,2026,iNaturalist research-grade observations,28eb1a3f-1c15-4a95-931a-4af90ecb574d,United Kingdom of Great Britain and Northern Ireland,Wales,53.273903,-4.247297,HUMAN_OBSERVATION,https://inaturalist-open-data.s3.amazonaws.com/photos/685560135/original.jpg,http://creativecommons.org/licenses/by/4.0/,Henry Miller,Henry Miller,True
Potamogeton gramineus,Potamogeton gramineus L.,global,5301183,6422925604,Potamogeton gramineus L.,2026-06-24T04:06,2026,iNaturalist research-grade observations,28eb1a3f-1c15-4a95-931a-4af90ecb574d,United Kingdom of Great Britain and Northern Ireland,Wales,53.273903,-4.247297,HUMAN_OBSERVATION,https://inaturalist-open-data.s3.amazonaws.com/photos/685560152/original.jpg,http://creativecommons.org/licenses/by/4.0/,Henry Miller,Henry Miller,True
Potamogeton gramineus,Potamogeton gramineus L.,global,5301183,6431830463,Potamogeton gramineus L.,2026-06-22T16:30,2026,iNaturalist research-grade observations,28eb1a3f-1c15-4a95-931a-4af90ecb574d,United States of America,Michigan,45.795318,-84.952154,HUMAN_OBSERVATION,https://inaturalist-open-data.s3.amazonaws.com/photos/689970878/original.jpg,http://creativecommons.org/licenses/by-nc/4.0/,Andrew Gray,Andrew Gray,False
Potamogeton gramineus,Potamogeton gramineus L.,global,5301183,6431830463,Potamogeton gramineus L.,2026-06-22T16:30,2026,iNaturalist research-grade observations,28eb1a3f-1c15-4a95-931a-4af90ecb574d,United States of America,Michigan,45.795318,-84.952154,HUMAN_OBSERVATION,https://inaturalist-open-data.s3.amazonaws.com/photos/689970903/original.jpg,http://creativecommons.org/licenses/by-nc/4.0/,Andrew Gray,Andrew Gray,False
Potamogeton gramineus,Potamogeton gramineus L.,great_lakes_bbox,5301183,6398916823,Potamogeton gramineus L.,2026-06-09T17:55:13,2026,iNaturalist research-grade observations,28eb1a3f-1c15-4a95-931a-4af90ecb574d,United States of America,Michigan,44.042621,-86.458221,HUMAN_OBSERVATION,https://inaturalist-open-data.s3.amazonaws.com/photos/676200629/original.jpg,http://creativecommons.org/licenses/by-nc/4.0/,Chace Scholten,Chace Scholten,False
Potamogeton illinoensis,Potamogeton illinoensis Morong,global,5301138,6129909734,Potamogeton illinoensis Morong,2026-01-21T10:52:31,2026,iNaturalist research-grade observations,28eb1a3f-1c15-4a95-931a-4af90ecb574d,United States of America,Florida,26.774078,-80.122811,HUMAN_OBSERVATION,https://inaturalist-open-data.s3.amazonaws.com/photos/609993047/original.jpg,http://creativecommons.org/licenses/by-nc/4.0/,sebento,sebento,False
Potamogeton illinoensis,Potamogeton illinoensis Morong,global,5301138,6131139992,Potamogeton illinoensis Morong,2026-01-02T17:39:03,2026,iNaturalist research-grade observations,28eb1a3f-1c15-4a95-931a-4af90ecb574d,Argentina,Río Negro,-41.056531,-71.515328,HUMAN_OBSERVATION,https://inaturalist-open-data.s3.amazonaws.com/photos/606179233/original.jpg,http://creativecommons.org/licenses/by/4.0/,Ezequiel Racker,Ezequiel Racker,True
Potamogeton illinoensis,Potamogeton illinoensis Morong,global,5301138,6159475281,Potamogeton illinoensis Morong,2026-02-06T09:02:02,2026,iNaturalist research-grade observations,28eb1a3f-1c15-4a95-931a-4af90ecb574d,Mexico,Baja California Sur,23.903092,-110.207667,HUMAN_OBSERVATION,https://inaturalist-open-data.s3.amazonaws.com/photos/614295145/original.jpg,http://creativecommons.org/licenses/by-nc/4.0/,kimberleyvak,kimberleyvak,False
Potamogeton illinoensis,Potamogeton illinoensis Morong,global,5301138,6159475281,Potamogeton illinoensis Morong,2026-02-06T09:02:02,2026,iNaturalist research-grade observations,28eb1a3f-1c15-4a95-931a-4af90ecb574d,Mexico,Baja California Sur,23.903092,-110.207667,HUMAN_OBSERVATION,https://inaturalist-open-data.s3.amazonaws.com/photos/614295152/original.jpg,http://creativecommons.org/licenses/by-nc/4.0/,kimberleyvak,kimberleyvak,False
Potamogeton illinoensis,Potamogeton illinoensis Morong,global,5301138,6159475281,Potamogeton illinoensis Morong,2026-02-06T09:02:02,2026,iNaturalist research-grade observations,28eb1a3f-1c15-4a95-931a-4af90ecb574d,Mexico,Baja California Sur,23.903092,-110.207667,HUMAN_OBSERVATION,https://inaturalist-open-data.s3.amazonaws.com/photos/614295149/original.jpg,http://creativecommons.org/licenses/by-nc/4.0/,kimberleyvak,kimberleyvak,False
Potamogeton illinoensis,Potamogeton illinoensis Morong,global,5301138,6162944088,Potamogeton illinoensis Morong,2026-02-22,2026,iNaturalist research-grade observations,28eb1a3f-1c15-4a95-931a-4af90ecb574d,United States of America,Texas,29.709002,-98.13535,HUMAN_OBSERVATION,https://inaturalist-open-data.s3.amazonaws.com/photos/618272481/original.jpg,http://creativecommons.org/licenses/by-nc/4.0/,Chris Bentley,Chris Bentley,False
Potamogeton illinoensis,Potamogeton illinoensis Morong,global,5301138,6171098915,Potamogeton illinoensis Morong,2026-02-24T13:06:49,2026,iNaturalist research-grade observations,28eb1a3f-1c15-4a95-931a-4af90ecb574d,United States of America,Texas,31.04499,-98.414743,HUMAN_OBSERVATION,https://inaturalist-open-data.s3.amazonaws.com/photos/618830181/original.jpg,http://creativecommons.org/licenses/by-nc/4.0/,carrieschaefer,carrieschaefer,False
Potamogeton illinoensis,Potamogeton illinoensis Morong,global,5301138,6171098915,Potamogeton illinoensis Morong,2026-02-24T13:06:49,2026,iNaturalist research-grade observations,28eb1a3f-1c15-4a95-931a-4af90ecb574d,United States of America,Texas,31.04499,-98.414743,HUMAN_OBSERVATION,https://inaturalist-open-data.s3.amazonaws.com/photos/618830216/original.jpg,http://creativecommons.org/licenses/by-nc/4.0/,carrieschaefer,carrieschaefer,False
Potamogeton illinoensis,Potamogeton illinoensis Morong,global,5301138,6171098915,Potamogeton illinoensis Morong,2026-02-24T13:06:49,2026,iNaturalist research-grade observations,28eb1a3f-1c15-4a95-931a-4af90ecb574d,United States of America,Texas,31.04499,-98.414743,HUMAN_OBSERVATION,https://inaturalist-open-data.s3.amazonaws.com/photos/618830242/original.jpg,http://creativecommons.org/licenses/by-nc/4.0/,carrieschaefer,carrieschaefer,False
Potamogeton illinoensis,Potamogeton illinoensis Morong,global,5301138,6178300711,Potamogeton illinoensis Morong,2026-03-15T15:08:54,2026,iNaturalist research-grade observations,28eb1a3f-1c15-4a95-931a-4af90ecb574d,United States of America,Florida,27.896353,-80.593392,HUMAN_OBSERVATION,https://inaturalist-open-data.s3.amazonaws.com/photos/625093136/original.jpg,http://creativecommons.org/licenses/by-nc/4.0/,James K. Wetterer,James K. Wetterer,False
Potamogeton illinoensis,Potamogeton illinoensis Morong,global,5301138,6178300711,Potamogeton illinoensis Morong,2026-03-15T15:08:54,2026,iNaturalist research-grade observations,28eb1a3f-1c15-4a95-931a-4af90ecb574d,United States of America,Florida,27.896353,-80.593392,HUMAN_OBSERVATION,https://inaturalist-open-data.s3.amazonaws.com/photos/625093177/original.jpg,http://creativecommons.org/licenses/by-nc/4.0/,James K. Wetterer,James K. Wetterer,False
Potamogeton illinoensis,Potamogeton illinoensis Morong,global,5301138,6178300711,Potamogeton illinoensis Morong,2026-03-15T15:08:54,2026,iNaturalist research-grade observations,28eb1a3f-1c15-4a95-931a-4af90ecb574d,United States of America,Florida,27.896353,-80.593392,HUMAN_OBSERVATION,https://inaturalist-open-data.s3.amazonaws.com/photos/625093231/original.jpg,http://creativecommons.org/licenses/by-nc/4.0/,James K. Wetterer,James K. Wetterer,False
Potamogeton illinoensis,Potamogeton illinoensis Morong,global,5301138,6179130103,Potamogeton illinoensis Morong,2026-03-12T09:23:18,2026,iNaturalist research-grade observations,28eb1a3f-1c15-4a95-931a-4af90ecb574d,United States of America,Texas,29.78182,-98.70923,HUMAN_OBSERVATION,https://inaturalist-open-data.s3.amazonaws.com/photos/623932174/original.jpg,http://creativecommons.org/licenses/by-nc/4.0/,Eb Merritt,Eb Merritt,False
Potamogeton illinoensis,Potamogeton illinoensis Morong,global,5301138,6185960353,Potamogeton illinoensis Morong,2026-03-26T10:54,2026,iNaturalist research-grade observations,28eb1a3f-1c15-4a95-931a-4af90ecb574d,United States of America,Missouri,37.154777,-91.441653,HUMAN_OBSERVATION,https://inaturalist-open-data.s3.amazonaws.com/photos/629586046/original.jpg,http://creativecommons.org/licenses/by-nc/4.0/,Ethan,Ethan,False
Potamogeton illinoensis,Potamogeton illinoensis Morong,global,5301138,6195779064,Potamogeton illinoensis Morong,2026-04-08T15:13:52,2026,iNaturalist research-grade observations,28eb1a3f-1c15-4a95-931a-4af90ecb574d,United States of America,New Mexico,32.245606,-104.697287,HUMAN_OBSERVATION,https://inaturalist-open-data.s3.amazonaws.com/photos/635371779/original.jpg,http://creativecommons.org/licenses/by-nc/4.0/,devinb323,devinb323,False
Potamogeton illinoensis,Potamogeton illinoensis Morong,global,5301138,6252361905,Potamogeton illinoensis Morong,2026-04-26T10:11,2026,iNaturalist research-grade observations,28eb1a3f-1c15-4a95-931a-4af90ecb574d,United States of America,New Jersey,41.030394,-74.775765,HUMAN_OBSERVATION,https://inaturalist-open-data.s3.amazonaws.com/photos/653105402/original.jpg,http://creativecommons.org/licenses/by/4.0/,Bonnie Semmling,Bonnie Semmling,True
Potamogeton illinoensis,Potamogeton illinoensis Morong,global,5301138,6252361905,Potamogeton illinoensis Morong,2026-04-26T10:11,2026,iNaturalist research-grade observations,28eb1a3f-1c15-4a95-931a-4af90ecb574d,United States of America,New Jersey,41.030394,-74.775765,HUMAN_OBSERVATION,https://inaturalist-open-data.s3.amazonaws.com/photos/653106923/original.jpg,http://creativecommons.org/licenses/by/4.0/,Bonnie Semmling,Bonnie Semmling,True
Potamogeton illinoensis,Potamogeton illinoensis Morong,global,5301138,6252421723,Potamogeton illinoensis Morong,2026-04-25T11:31:20,2026,iNaturalist research-grade observations,28eb1a3f-1c15-4a95-931a-4af90ecb574d,United States of America,Florida,26.129039,-80.358733,HUMAN_OBSERVATION,https://inaturalist-open-data.s3.amazonaws.com/photos/645644263/original.jpg,http://creativecommons.org/licenses/by-nc/4.0/,James K. Wetterer,James K. Wetterer,False
Potamogeton illinoensis,Potamogeton illinoensis Morong,global,5301138,6252421723,Potamogeton illinoensis Morong,2026-04-25T11:31:20,2026,iNaturalist research-grade observations,28eb1a3f-1c15-4a95-931a-4af90ecb574d,United States of America,Florida,26.129039,-80.358733,HUMAN_OBSERVATION,https://inaturalist-open-data.s3.amazonaws.com/photos/645644390/original.jpg,http://creativecommons.org/licenses/by-nc/4.0/,James K. Wetterer,James K. Wetterer,False
Potamogeton illinoensis,Potamogeton illinoensis Morong,global,5301138,6252421723,Potamogeton illinoensis Morong,2026-04-25T11:31:20,2026,iNaturalist research-grade observations,28eb1a3f-1c15-4a95-931a-4af90ecb574d,United States of America,Florida,26.129039,-80.358733,HUMAN_OBSERVATION,https://inaturalist-open-data.s3.amazonaws.com/photos/645644492/original.jpg,http://creativecommons.org/licenses/by-nc/4.0/,James K. Wetterer,James K. Wetterer,False
Potamogeton illinoensis,Potamogeton illinoensis Morong,global,5301138,6252421723,Potamogeton illinoensis Morong,2026-04-25T11:31:20,2026,iNaturalist research-grade observations,28eb1a3f-1c15-4a95-931a-4af90ecb574d,United States of America,Florida,26.129039,-80.358733,HUMAN_OBSERVATION,https://inaturalist-open-data.s3.amazonaws.com/photos/645644579/original.jpg,http://creativecommons.org/licenses/by-nc/4.0/,James K. Wetterer,James K. Wetterer,False
Potamogeton illinoensis,Potamogeton illinoensis Morong,global,5301138,6274244870,Potamogeton illinoensis Morong,2026-04-27T08:18,2026,iNaturalist research-grade observations,28eb1a3f-1c15-4a95-931a-4af90ecb574d,Mexico,Baja California Sur,24.832102,-110.80118,HUMAN_OBSERVATION,https://inaturalist-open-data.s3.amazonaws.com/photos/653195328/original.jpg,http://creativecommons.org/licenses/by-nc/4.0/,Enrique Flores García,Enrique Flores García,False
Potamogeton illinoensis,Potamogeton illinoensis Morong,global,5301138,6274244870,Potamogeton illinoensis Morong,2026-04-27T08:18,2026,iNaturalist research-grade observations,28eb1a3f-1c15-4a95-931a-4af90ecb574d,Mexico,Baja California Sur,24.832102,-110.80118,HUMAN_OBSERVATION,https://inaturalist-open-data.s3.amazonaws.com/photos/653195348/original.jpg,http://creativecommons.org/licenses/by-nc/4.0/,Enrique Flores García,Enrique Flores García,False
Potamogeton illinoensis,Potamogeton illinoensis Morong,global,5301138,6274244870,Potamogeton illinoensis Morong,2026-04-27T08:18,2026,iNaturalist research-grade observations,28eb1a3f-1c15-4a95-931a-4af90ecb574d,Mexico,Baja California Sur,24.832102,-110.80118,HUMAN_OBSERVATION,https://inaturalist-open-data.s3.amazonaws.com/photos/653195389/original.jpg,http://creativecommons.org/licenses/by-nc/4.0/,Enrique Flores García,Enrique Flores García,False
Potamogeton illinoensis,Potamogeton illinoensis Morong,global,5301138,6274244870,Potamogeton illinoensis Morong,2026-04-27T08:18,2026,iNaturalist research-grade observations,28eb1a3f-1c15-4a95-931a-4af90ecb574d,Mexico,Baja California Sur,24.832102,-110.80118,HUMAN_OBSERVATION,https://inaturalist-open-data.s3.amazonaws.com/photos/653195403/original.jpg,http://creativecommons.org/licenses/by-nc/4.0/,Enrique Flores García,Enrique Flores García,False
Potamogeton illinoensis,Potamogeton illinoensis Morong,global,5301138,6274244870,Potamogeton illinoensis Morong,2026-04-27T08:18,2026,iNaturalist research-grade observations,28eb1a3f-1c15-4a95-931a-4af90ecb574d,Mexico,Baja California Sur,24.832102,-110.80118,HUMAN_OBSERVATION,https://inaturalist-open-data.s3.amazonaws.com/photos/653195409/original.jpg,http://creativecommons.org/licenses/by-nc/4.0/,Enrique Flores García,Enrique Flores García,False
Potamogeton illinoensis,Potamogeton illinoensis Morong,global,5301138,6352415884,Potamogeton illinoensis Morong,2026-04-27T06:08:48,2026,iNaturalist research-grade observations,28eb1a3f-1c15-4a95-931a-4af90ecb574d,Mexico,Baja California Sur,24.833069,-110.806267,HUMAN_OBSERVATION,https://inaturalist-open-data.s3.amazonaws.com/photos/650170472/original.jpg,http://creativecommons.org/licenses/by-nc/4.0/,Gerardo Marrón,Gerardo Marrón,False
Potamogeton illinoensis,Potamogeton illinoensis Morong,global,5301138,6352415884,Potamogeton illinoensis Morong,2026-04-27T06:08:48,2026,iNaturalist research-grade observations,28eb1a3f-1c15-4a95-931a-4af90ecb574d,Mexico,Baja California Sur,24.833069,-110.806267,HUMAN_OBSERVATION,https://inaturalist-open-data.s3.amazonaws.com/photos/650170526/original.jpg,http://creativecommons.org/licenses/by-nc/4.0/,Gerardo Marrón,Gerardo Marrón,False
Potamogeton illinoensis,Potamogeton illinoensis Morong,global,5301138,6352415884,Potamogeton illinoensis Morong,2026-04-27T06:08:48,2026,iNaturalist research-grade observations,28eb1a3f-1c15-4a95-931a-4af90ecb574d,Mexico,Baja California Sur,24.833069,-110.806267,HUMAN_OBSERVATION,https://inaturalist-open-data.s3.amazonaws.com/photos/650170610/original.jpg,http://creativecommons.org/licenses/by-nc/4.0/,Gerardo Marrón,Gerardo Marrón,False
Potamogeton illinoensis,Potamogeton illinoensis Morong,global,5301138,6469912790,Potamogeton illinoensis Morong,2026-04-23T11:16:10,2026,iNaturalist research-grade observations,28eb1a3f-1c15-4a95-931a-4af90ecb574d,United States of America,Florida,25.695164,-80.598252,HUMAN_OBSERVATION,https://inaturalist-open-data.s3.amazonaws.com/photos/644326022/original.jpg,http://creativecommons.org/licenses/by-nc/4.0/,McKenna,McKenna,False
Potamogeton illinoensis,Potamogeton illinoensis Morong,global,5301138,6469912790,Potamogeton illinoensis Morong,2026-04-23T11:16:10,2026,iNaturalist research-grade observations,28eb1a3f-1c15-4a95-931a-4af90ecb574d,United States of America,Florida,25.695164,-80.598252,HUMAN_OBSERVATION,https://inaturalist-open-data.s3.amazonaws.com/photos/644326129/original.jpg,http://creativecommons.org/licenses/by-nc/4.0/,McKenna,McKenna,False
Potamogeton illinoensis,Potamogeton illinoensis Morong,global,5301138,6273407164,Potamogeton illinoensis Morong,2026-05-05T19:08:22,2026,iNaturalist research-grade observations,28eb1a3f-1c15-4a95-931a-4af90ecb574d,United States of America,Florida,26.313802,-80.162391,HUMAN_OBSERVATION,https://inaturalist-open-data.s3.amazonaws.com/photos/654518389/original.jpg,http://creativecommons.org/licenses/by/4.0/,Kai Murphy,Kai Murphy,True
Potamogeton illinoensis,Potamogeton illinoensis Morong,global,5301138,6413683375,Potamogeton illinoensis Morong,2026-05-27T22:22:10,2026,iNaturalist research-grade observations,28eb1a3f-1c15-4a95-931a-4af90ecb574d,United States of America,Florida,26.176805,-80.448084,HUMAN_OBSERVATION,https://inaturalist-open-data.s3.amazonaws.com/photos/681218627/original.jpg,http://creativecommons.org/licenses/by-nc/4.0/,Ashleigh Chee Hing,Ashleigh Chee Hing,False
Potamogeton illinoensis,Potamogeton illinoensis Morong,global,5301138,6399789805,Potamogeton illinoensis Morong,2026-06-02T18:30:14,2026,iNaturalist research-grade observations,28eb1a3f-1c15-4a95-931a-4af90ecb574d,United States of America,Minnesota,45.302795,-93.897924,HUMAN_OBSERVATION,https://inaturalist-open-data.s3.amazonaws.com/photos/671916351/original.jpg,http://creativecommons.org/publicdomain/zero/1.0/,Carter Ertel,Carter Ertel,True
Potamogeton illinoensis,Potamogeton illinoensis Morong,global,5301138,6430968987,Potamogeton illinoensis Morong,2026-07-02T15:19:41,2026,iNaturalist research-grade observations,28eb1a3f-1c15-4a95-931a-4af90ecb574d,United States of America,Florida,26.739803,-80.900763,HUMAN_OBSERVATION,https://inaturalist-open-data.s3.amazonaws.com/photos/690463999/original.jpg,http://creativecommons.org/licenses/by-nc/4.0/,James K. Wetterer,James K. Wetterer,False
Potamogeton illinoensis,Potamogeton illinoensis Morong,global,5301138,6430968987,Potamogeton illinoensis Morong,2026-07-02T15:19:41,2026,iNaturalist research-grade observations,28eb1a3f-1c15-4a95-931a-4af90ecb574d,United States of America,Florida,26.739803,-80.900763,HUMAN_OBSERVATION,https://inaturalist-open-data.s3.amazonaws.com/photos/690464041/original.jpg,http://creativecommons.org/licenses/by-nc/4.0/,James K. Wetterer,James K. Wetterer,False
Potamogeton illinoensis,Potamogeton illinoensis Morong,global,5301138,6430968987,Potamogeton illinoensis Morong,2026-07-02T15:19:41,2026,iNaturalist research-grade observations,28eb1a3f-1c15-4a95-931a-4af90ecb574d,United States of America,Florida,26.739803,-80.900763,HUMAN_OBSERVATION,https://inaturalist-open-data.s3.amazonaws.com/photos/690464064/original.jpg,http://creativecommons.org/licenses/by-nc/4.0/,James K. Wetterer,James K. Wetterer,False
Potamogeton illinoensis,Potamogeton illinoensis Morong,global,5301138,6430968987,Potamogeton illinoensis Morong,2026-07-02T15:19:41,2026,iNaturalist research-grade observations,28eb1a3f-1c15-4a95-931a-4af90ecb574d,United States of America,Florida,26.739803,-80.900763,HUMAN_OBSERVATION,https://inaturalist-open-data.s3.amazonaws.com/photos/690464096/original.jpg,http://creativecommons.org/licenses/by-nc/4.0/,James K. Wetterer,James K. Wetterer,False
Potamogeton illinoensis,Potamogeton illinoensis Morong,global,5301138,6441257093,Potamogeton illinoensis Morong,2026-07-05T10:29:15,2026,iNaturalist research-grade observations,28eb1a3f-1c15-4a95-931a-4af90ecb574d,United States of America,Michigan,44.066136,-84.751962,HUMAN_OBSERVATION,https://inaturalist-open-data.s3.amazonaws.com/photos/693868581/original.jpg,http://creativecommons.org/licenses/by-nc/4.0/,albaker39,albaker39,False
Potamogeton illinoensis,Potamogeton illinoensis Morong,global,5301138,6441257093,Potamogeton illinoensis Morong,2026-07-05T10:29:15,2026,iNaturalist research-grade observations,28eb1a3f-1c15-4a95-931a-4af90ecb574d,United States of America,Michigan,44.066136,-84.751962,HUMAN_OBSERVATION,https://inaturalist-open-data.s3.amazonaws.com/photos/693868567/original.jpg,http://creativecommons.org/licenses/by-nc/4.0/,albaker39,albaker39,False
Potamogeton illinoensis,Potamogeton illinoensis Morong,global,5301138,6441257093,Potamogeton illinoensis Morong,2026-07-05T10:29:15,2026,iNaturalist research-grade observations,28eb1a3f-1c15-4a95-931a-4af90ecb574d,United States of America,Michigan,44.066136,-84.751962,HUMAN_OBSERVATION,https://inaturalist-open-data.s3.amazonaws.com/photos/693868594/original.jpg,http://creativecommons.org/licenses/by-nc/4.0/,albaker39,albaker39,False
Potamogeton illinoensis,Potamogeton illinoensis Morong,global,5301138,6441257093,Potamogeton illinoensis Morong,2026-07-05T10:29:15,2026,iNaturalist research-grade observations,28eb1a3f-1c15-4a95-931a-4af90ecb574d,United States of America,Michigan,44.066136,-84.751962,HUMAN_OBSERVATION,https://inaturalist-open-data.s3.amazonaws.com/photos/693868611/original.jpg,http://creativecommons.org/licenses/by-nc/4.0/,albaker39,albaker39,False
Potamogeton illinoensis,Potamogeton illinoensis Morong,global,5301138,6441257093,Potamogeton illinoensis Morong,2026-07-05T10:29:15,2026,iNaturalist research-grade observations,28eb1a3f-1c15-4a95-931a-4af90ecb574d,United States of America,Michigan,44.066136,-84.751962,HUMAN_OBSERVATION,https://inaturalist-open-data.s3.amazonaws.com/photos/693868651/original.jpg,http://creativecommons.org/licenses/by-nc/4.0/,albaker39,albaker39,False
Potamogeton illinoensis,Potamogeton illinoensis Morong,global,5301138,6481255931,Potamogeton illinoensis Morong,2026-07-29T13:47:44,2026,iNaturalist research-grade observations,28eb1a3f-1c15-4a95-931a-4af90ecb574d,United States of America,Minnesota,47.955673,-91.561773,HUMAN_OBSERVATION,https://inaturalist-open-data.s3.amazonaws.com/photos/707769933/original.jpg,http://creativecommons.org/licenses/by/4.0/,Norma Malinowski,Norma Malinowski,True
Potamogeton illinoensis,Potamogeton illinoensis Morong,global,5301138,6481255931,Potamogeton illinoensis Morong,2026-07-29T13:47:44,2026,iNaturalist research-grade observations,28eb1a3f-1c15-4a95-931a-4af90ecb574d,United States of America,Minnesota,47.955673,-91.561773,HUMAN_OBSERVATION,https://inaturalist-open-data.s3.amazonaws.com/photos/707770157/original.jpg,http://creativecommons.org/licenses/by/4.0/,Norma Malinowski,Norma Malinowski,True
Potamogeton illinoensis,Potamogeton illinoensis Morong,global,5301138,6481255931,Potamogeton illinoensis Morong,2026-07-29T13:47:44,2026,iNaturalist research-grade observations,28eb1a3f-1c15-4a95-931a-4af90ecb574d,United States of America,Minnesota,47.955673,-91.561773,HUMAN_OBSERVATION,https://inaturalist-open-data.s3.amazonaws.com/photos/707849122/original.jpg,http://creativecommons.org/licenses/by/4.0/,Norma Malinowski,Norma Malinowski,True
Potamogeton illinoensis,Potamogeton illinoensis Morong,global,5301138,6481255931,Potamogeton illinoensis Morong,2026-07-29T13:47:44,2026,iNaturalist research-grade observations,28eb1a3f-1c15-4a95-931a-4af90ecb574d,United States of America,Minnesota,47.955673,-91.561773,HUMAN_OBSERVATION,https://inaturalist-open-data.s3.amazonaws.com/photos/707849213/original.jpg,http://creativecommons.org/licenses/by/4.0/,Norma Malinowski,Norma Malinowski,True
Potamogeton illinoensis,Potamogeton illinoensis Morong,global,5301138,6481255931,Potamogeton illinoensis Morong,2026-07-29T13:47:44,2026,iNaturalist research-grade observations,28eb1a3f-1c15-4a95-931a-4af90ecb574d,United States of America,Minnesota,47.955673,-91.561773,HUMAN_OBSERVATION,https://inaturalist-open-data.s3.amazonaws.com/photos/708353745/original.jpg,http://creativecommons.org/licenses/by/4.0/,Norma Malinowski,Norma Malinowski,True
Potamogeton illinoensis,Potamogeton illinoensis Morong,global,5301138,6481263548,Potamogeton illinoensis Morong,2026-07-08T12:38,2026,iNaturalist research-grade observations,28eb1a3f-1c15-4a95-931a-4af90ecb574d,Canada,Ontario,44.790047,-79.742347,HUMAN_OBSERVATION,https://inaturalist-open-data.s3.amazonaws.com/photos/707296917/original.jpg,http://creativecommons.org/licenses/by-nc/4.0/,clairemlc,clairemlc,False
Potamogeton illinoensis,Potamogeton illinoensis Morong,global,5301138,6481263548,Potamogeton illinoensis Morong,2026-07-08T12:38,2026,iNaturalist research-grade observations,28eb1a3f-1c15-4a95-931a-4af90ecb574d,Canada,Ontario,44.790047,-79.742347,HUMAN_OBSERVATION,https://inaturalist-open-data.s3.amazonaws.com/photos/707296914/original.jpg,http://creativecommons.org/licenses/by-nc/4.0/,clairemlc,clairemlc,False
Potamogeton illinoensis,Potamogeton illinoensis Morong,global,5301138,6479939860,Potamogeton illinoensis Morong,2026-08-08T16:06:27,2026,iNaturalist research-grade observations,28eb1a3f-1c15-4a95-931a-4af90ecb574d,United States of America,Florida,25.660213,-80.38588,HUMAN_OBSERVATION,https://inaturalist-open-data.s3.amazonaws.com/photos/713403920/original.jpg,http://creativecommons.org/licenses/by-nc/4.0/,James K. Wetterer,James K. Wetterer,False
Potamogeton illinoensis,Potamogeton illinoensis Morong,global,5301138,6479939860,Potamogeton illinoensis Morong,2026-08-08T16:06:27,2026,iNaturalist research-grade observations,28eb1a3f-1c15-4a95-931a-4af90ecb574d,United States of America,Florida,25.660213,-80.38588,HUMAN_OBSERVATION,https://inaturalist-open-data.s3.amazonaws.com/photos/713403953/original.jpg,http://creativecommons.org/licenses/by-nc/4.0/,James K. Wetterer,James K. Wetterer,False
Potamogeton illinoensis,Potamogeton illinoensis Morong,global,5301138,6480060822,Potamogeton illinoensis Morong,2026-08-02T17:48,2026,iNaturalist research-grade observations,28eb1a3f-1c15-4a95-931a-4af90ecb574d,United States of America,New York,43.368349,-73.667633,HUMAN_OBSERVATION,https://inaturalist-open-data.s3.amazonaws.com/photos/711237014/original.jpg,http://creativecommons.org/licenses/by-nc/4.0/,alexparry,alexparry,False
Potamogeton illinoensis,Potamogeton illinoensis Morong,global,5301138,6480060822,Potamogeton illinoensis Morong,2026-08-02T17:48,2026,iNaturalist research-grade observations,28eb1a3f-1c15-4a95-931a-4af90ecb574d,United States of America,New York,43.368349,-73.667633,HUMAN_OBSERVATION,https://inaturalist-open-data.s3.amazonaws.com/photos/711237976/original.jpg,http://creativecommons.org/licenses/by-nc/4.0/,alexparry,alexparry,False
Potamogeton illinoensis,Potamogeton illinoensis Morong,global,5301138,6498148370,Potamogeton illinoensis Morong,2026-08-08T10:51:28,2026,iNaturalist research-grade observations,28eb1a3f-1c15-4a95-931a-4af90ecb574d,United States of America,Florida,29.72765,-82.417542,HUMAN_OBSERVATION,https://inaturalist-open-data.s3.amazonaws.com/photos/713157323/original.jpg,http://creativecommons.org/licenses/by-nc/4.0/,jirihulcr,jirihulcr,False
Potamogeton illinoensis,Potamogeton illinoensis Morong,global,5301138,6498225418,Potamogeton illinoensis Morong,2026-08-15T11:53:54,2026,iNaturalist research-grade observations,28eb1a3f-1c15-4a95-931a-4af90ecb574d,United States of America,New York,42.790282,-76.053395,HUMAN_OBSERVATION,https://inaturalist-open-data.s3.amazonaws.com/photos/717592174/original.jpg,http://creativecommons.org/licenses/by-nc/4.0/,Matthew Voelker,Matthew Voelker,False
Potamogeton illinoensis,Potamogeton illinoensis Morong,great_lakes_bbox,5301138,6441257093,Potamogeton illinoensis Morong,2026-07-05T10:29:15,2026,iNaturalist research-grade observations,28eb1a3f-1c15-4a95-931a-4af90ecb574d,United States of America,Michigan,44.066136,-84.751962,HUMAN_OBSERVATION,https://inaturalist-open-data.s3.amazonaws.com/photos/693868581/original.jpg,http://creativecommons.org/licenses/by-nc/4.0/,albaker39,albaker39,False
Potamogeton illinoensis,Potamogeton illinoensis Morong,great_lakes_bbox,5301138,6441257093,Potamogeton illinoensis Morong,2026-07-05T10:29:15,2026,iNaturalist research-grade observations,28eb1a3f-1c15-4a95-931a-4af90ecb574d,United States of America,Michigan,44.066136,-84.751962,HUMAN_OBSERVATION,https://inaturalist-open-data.s3.amazonaws.com/photos/693868567/original.jpg,http://creativecommons.org/licenses/by-nc/4.0/,albaker39,albaker39,False
Potamogeton illinoensis,Potamogeton illinoensis Morong,great_lakes_bbox,5301138,6441257093,Potamogeton illinoensis Morong,2026-07-05T10:29:15,2026,iNaturalist research-grade observations,28eb1a3f-1c15-4a95-931a-4af90ecb574d,United States of America,Michigan,44.066136,-84.751962,HUMAN_OBSERVATION,https://inaturalist-open-data.s3.amazonaws.com/photos/693868594/original.jpg,http://creativecommons.org/licenses/by-nc/4.0/,albaker39,albaker39,False
Potamogeton illinoensis,Potamogeton illinoensis Morong,great_lakes_bbox,5301138,6441257093,Potamogeton illinoensis Morong,2026-07-05T10:29:15,2026,iNaturalist research-grade observations,28eb1a3f-1c15-4a95-931a-4af90ecb574d,United States of America,Michigan,44.066136,-84.751962,HUMAN_OBSERVATION,https://inaturalist-open-data.s3.amazonaws.com/photos/693868611/original.jpg,http://creativecommons.org/licenses/by-nc/4.0/,albaker39,albaker39,False
Potamogeton illinoensis,Potamogeton illinoensis Morong,great_lakes_bbox,5301138,6441257093,Potamogeton illinoensis Morong,2026-07-05T10:29:15,2026,iNaturalist research-grade observations,28eb1a3f-1c15-4a95-931a-4af90ecb574d,United States of America,Michigan,44.066136,-84.751962,HUMAN_OBSERVATION,https://inaturalist-open-data.s3.amazonaws.com/photos/693868651/original.jpg,http://creativecommons.org/licenses/by-nc/4.0/,albaker39,albaker39,False
Potamogeton natans,Potamogeton natans L.,global,5301147,6130211696,Potamogeton natans L.,2026-01-11T12:38,2026,iNaturalist research-grade observations,28eb1a3f-1c15-4a95-931a-4af90ecb574d,United States of America,Oregon,45.114608,-122.934714,HUMAN_OBSERVATION,https://inaturalist-open-data.s3.amazonaws.com/photos/609936238/original.jpg,http://creativecommons.org/licenses/by-nc/4.0/,Connor E. J. Graham,Connor E. J. Graham,False
Potamogeton natans,Potamogeton natans L.,global,5301147,6152325815,Potamogeton natans L.,2026-01-30,2026,,c8d737e0-2ff8-42e8-b8fc-6b805d26fc5f,Netherlands,Zuid-Holland,52.25,4.45,HUMAN_OBSERVATION,https://observation.org/photos/143616741.jpg,http://creativecommons.org/licenses/by-nc-nd/4.0/,Alex Zuijdervliet,Alex Zuijdervliet,False
Potamogeton natans,Potamogeton natans L.,global,5301147,6152325815,Potamogeton natans L.,2026-01-30,2026,,c8d737e0-2ff8-42e8-b8fc-6b805d26fc5f,Netherlands,Zuid-Holland,52.25,4.45,HUMAN_OBSERVATION,https://observation.org/photos/143616742.jpg,http://creativecommons.org/licenses/by-nc-nd/4.0/,Alex Zuijdervliet,Alex Zuijdervliet,False
Potamogeton natans,Potamogeton natans L.,global,5301147,6178293562,Potamogeton natans L.,2026-03-07T13:17,2026,iNaturalist research-grade observations,28eb1a3f-1c15-4a95-931a-4af90ecb574d,Hungary,Borsod-Abaúj-Zemplén,48.483091,20.545153,HUMAN_OBSERVATION,https://inaturalist-open-data.s3.amazonaws.com/photos/622553859/original.jpg,http://creativecommons.org/licenses/by-nc/4.0/,Attila Steiner,Attila Steiner,False
Potamogeton natans,Potamogeton natans L.,global,5301147,6178390478,Potamogeton natans L.,2026-03-04T16:35,2026,iNaturalist research-grade observations,28eb1a3f-1c15-4a95-931a-4af90ecb574d,Spain,Principado de Asturias,43.521092,-5.616952,HUMAN_OBSERVATION,https://inaturalist-open-data.s3.amazonaws.com/photos/621702195/original.jpg,http://creativecommons.org/licenses/by-nc/4.0/,Sergio López Castelo,Sergio López Castelo,False
Potamogeton natans,Potamogeton natans L.,global,5301147,6178625949,Potamogeton natans L.,2026-03-04T17:14,2026,iNaturalist research-grade observations,28eb1a3f-1c15-4a95-931a-4af90ecb574d,Spain,Principado de Asturias,43.520952,-5.618108,HUMAN_OBSERVATION,https://inaturalist-open-data.s3.amazonaws.com/photos/621702771/original.jpg,http://creativecommons.org/licenses/by-nc/4.0/,Sergio López Castelo,Sergio López Castelo,False
Potamogeton natans,Potamogeton natans L.,global,5301147,6179146802,Potamogeton natans L.,2026-03-05T13:07:24,2026,iNaturalist research-grade observations,28eb1a3f-1c15-4a95-931a-4af90ecb574d,Croatia,Primorsko-Goranska,45.088763,14.466689,HUMAN_OBSERVATION,https://inaturalist-open-data.s3.amazonaws.com/photos/621424558/original.jpg,http://creativecommons.org/licenses/by-nc/4.0/,suncicas,suncicas,False
Potamogeton natans,Potamogeton natans L.,global,5301147,6184788798,Potamogeton natans L.,2026-03-23T09:43,2026,iNaturalist research-grade observations,28eb1a3f-1c15-4a95-931a-4af90ecb574d,Canada,British Columbia,49.087575,-125.787419,HUMAN_OBSERVATION,https://inaturalist-open-data.s3.amazonaws.com/photos/629008621/original.jpg,http://creativecommons.org/licenses/by-nc/4.0/,Ian Cruickshank,Ian Cruickshank,False
Potamogeton natans,Potamogeton natans L.,global,5301147,6185134354,Potamogeton natans L.,2026-03-27T12:13:55Z,2026,iNaturalist research-grade observations,28eb1a3f-1c15-4a95-931a-4af90ecb574d,United Kingdom of Great Britain and Northern Ireland,Scotland,57.279694,-4.317645,HUMAN_OBSERVATION,https://inaturalist-open-data.s3.amazonaws.com/photos/629575253/original.jpg,http://creativecommons.org/licenses/by-nc/4.0/,watkinsa,watkinsa,False
Potamogeton natans,Potamogeton natans L.,global,5301147,6186708335,Potamogeton natans L.,2026-03-30,2026,,c8d737e0-2ff8-42e8-b8fc-6b805d26fc5f,Netherlands,Gelderland,52.1,6.3,HUMAN_OBSERVATION,https://observation.org/photos/146204718.jpg,http://creativecommons.org/licenses/by-nc-nd/4.0/,Eloy Overvelde,Eloy Overvelde,False
Potamogeton natans,Potamogeton natans L.,global,5301147,6186802158,Potamogeton natans L.,2026-03-29,2026,,c8d737e0-2ff8-42e8-b8fc-6b805d26fc5f,Netherlands,Noord-Holland,52.6,4.6,HUMAN_OBSERVATION,https://observation.org/photos/146204994.jpg,http://creativecommons.org/licenses/by-nc-nd/4.0/,Tessa van den Bongaardt,Tessa van den Bongaardt,False
Potamogeton natans,Potamogeton natans L.,global,5301147,6186692823,Potamogeton natans L.,2026-04-04,2026,,c8d737e0-2ff8-42e8-b8fc-6b805d26fc5f,Netherlands,Limburg,50.8,5.75,HUMAN_OBSERVATION,https://observation.org/photos/146516721.jpg,http://creativecommons.org/licenses/by-nc-nd/4.0/,grace,grace,False
Potamogeton natans,Potamogeton natans L.,global,5301147,6186692823,Potamogeton natans L.,2026-04-04,2026,,c8d737e0-2ff8-42e8-b8fc-6b805d26fc5f,Netherlands,Limburg,50.8,5.75,HUMAN_OBSERVATION,https://observation.org/photos/146516722.jpg,http://creativecommons.org/licenses/by-nc-nd/4.0/,grace,grace,False
Potamogeton natans,Potamogeton natans L.,global,5301147,6186692823,Potamogeton natans L.,2026-04-04,2026,,c8d737e0-2ff8-42e8-b8fc-6b805d26fc5f,Netherlands,Limburg,50.8,5.75,HUMAN_OBSERVATION,https://observation.org/photos/146516723.jpg,http://creativecommons.org/licenses/by-nc-nd/4.0/,grace,grace,False
Potamogeton natans,Potamogeton natans L.,global,5301147,6186692823,Potamogeton natans L.,2026-04-04,2026,,c8d737e0-2ff8-42e8-b8fc-6b805d26fc5f,Netherlands,Limburg,50.8,5.75,HUMAN_OBSERVATION,https://observation.org/photos/146516724.jpg,http://creativecommons.org/licenses/by-nc-nd/4.0/,grace,grace,False
Potamogeton natans,Potamogeton natans L.,global,5301147,6186776834,Potamogeton natans L.,2026-04-04,2026,,c8d737e0-2ff8-42e8-b8fc-6b805d26fc5f,Netherlands,Noord-Brabant,51.5,5.7,HUMAN_OBSERVATION,https://observation.org/photos/146556992.jpg,http://creativecommons.org/licenses/by-nc-nd/4.0/,L. van Hal,L. van Hal,False
Potamogeton natans,Potamogeton natans L.,global,5301147,6186776834,Potamogeton natans L.,2026-04-04,2026,,c8d737e0-2ff8-42e8-b8fc-6b805d26fc5f,Netherlands,Noord-Brabant,51.5,5.7,HUMAN_OBSERVATION,https://observation.org/photos/146556993.jpg,http://creativecommons.org/licenses/by-nc-nd/4.0/,L. van Hal,L. van Hal,False
Potamogeton natans,Potamogeton natans L.,global,5301147,6186776834,Potamogeton natans L.,2026-04-04,2026,,c8d737e0-2ff8-42e8-b8fc-6b805d26fc5f,Netherlands,Noord-Brabant,51.5,5.7,HUMAN_OBSERVATION,https://observation.org/photos/146556994.jpg,http://creativecommons.org/licenses/by-nc-nd/4.0/,L. van Hal,L. van Hal,False
Potamogeton natans,Potamogeton natans L.,global,5301147,6188557954,Potamogeton natans L.,2026-04-05T13:53:29,2026,iNaturalist research-grade observations,28eb1a3f-1c15-4a95-931a-4af90ecb574d,Canada,British Columbia,49.266783,-124.905939,HUMAN_OBSERVATION,https://inaturalist-open-data.s3.amazonaws.com/photos/634006567/original.jpg,http://creativecommons.org/licenses/by-nc/4.0/,Dev Johnson,Dev Johnson,False
Potamogeton natans,Potamogeton natans L.,global,5301147,6188557954,Potamogeton natans L.,2026-04-05T13:53:29,2026,iNaturalist research-grade observations,28eb1a3f-1c15-4a95-931a-4af90ecb574d,Canada,British Columbia,49.266783,-124.905939,HUMAN_OBSERVATION,https://inaturalist-open-data.s3.amazonaws.com/photos/634006599/original.jpg,http://creativecommons.org/licenses/by-nc/4.0/,Dev Johnson,Dev Johnson,False
Potamogeton natans,Potamogeton natans L.,global,5301147,6193146821,Potamogeton natans L.,2026-04-06,2026,,c8d737e0-2ff8-42e8-b8fc-6b805d26fc5f,Netherlands,Friesland,53.05,6.1,HUMAN_OBSERVATION,https://observation.org/photos/146752765.jpg,http://creativecommons.org/licenses/by-nc/4.0/,J. Dolstra,J. Dolstra,False
Potamogeton natans,Potamogeton natans L.,global,5301147,6193146821,Potamogeton natans L.,2026-04-06,2026,,c8d737e0-2ff8-42e8-b8fc-6b805d26fc5f,Netherlands,Friesland,53.05,6.1,HUMAN_OBSERVATION,https://observation.org/photos/146752766.jpg,http://creativecommons.org/licenses/by-nc/4.0/,J. Dolstra,J. Dolstra,False
Potamogeton natans,Potamogeton natans L.,global,5301147,6193443435,Potamogeton natans L.,2026-04-11,2026,,c8d737e0-2ff8-42e8-b8fc-6b805d26fc5f,Netherlands,Noord-Brabant,51.6,4.7,HUMAN_OBSERVATION,https://observation.org/photos/147321995.jpg,http://creativecommons.org/licenses/by-nc-nd/4.0/,Quincy Doornik,Quincy Doornik,False
Potamogeton natans,Potamogeton natans L.,global,5301147,6193443435,Potamogeton natans L.,2026-04-11,2026,,c8d737e0-2ff8-42e8-b8fc-6b805d26fc5f,Netherlands,Noord-Brabant,51.6,4.7,HUMAN_OBSERVATION,https://observation.org/photos/147321996.jpg,http://creativecommons.org/licenses/by-nc-nd/4.0/,Quincy Doornik,Quincy Doornik,False
Potamogeton natans,Potamogeton natans L.,global,5301147,6195514219,Potamogeton natans L.,2026-04-10T09:27:25,2026,iNaturalist research-grade observations,28eb1a3f-1c15-4a95-931a-4af90ecb574d,United States of America,California,40.634183,-121.862938,HUMAN_OBSERVATION,https://inaturalist-open-data.s3.amazonaws.com/photos/636600390/original.jpg,http://creativecommons.org/licenses/by-nc/4.0/,Stephen Clifford,Stephen Clifford,False
Potamogeton natans,Potamogeton natans L.,global,5301147,6195514219,Potamogeton natans L.,2026-04-10T09:27:25,2026,iNaturalist research-grade observations,28eb1a3f-1c15-4a95-931a-4af90ecb574d,United States of America,California,40.634183,-121.862938,HUMAN_OBSERVATION,https://inaturalist-open-data.s3.amazonaws.com/photos/636600446/original.jpg,http://creativecommons.org/licenses/by-nc/4.0/,Stephen Clifford,Stephen Clifford,False
Potamogeton natans,Potamogeton natans L.,global,5301147,6195514219,Potamogeton natans L.,2026-04-10T09:27:25,2026,iNaturalist research-grade observations,28eb1a3f-1c15-4a95-931a-4af90ecb574d,United States of America,California,40.634183,-121.862938,HUMAN_OBSERVATION,https://inaturalist-open-data.s3.amazonaws.com/photos/636600498/original.jpg,http://creativecommons.org/licenses/by-nc/4.0/,Stephen Clifford,Stephen Clifford,False
Potamogeton natans,Potamogeton natans L.,global,5301147,6195880543,Potamogeton natans L.,2026-04-09T13:51:59,2026,iNaturalist research-grade observations,28eb1a3f-1c15-4a95-931a-4af90ecb574d,Austria,Burgenland,47.412812,16.288908,HUMAN_OBSERVATION,https://inaturalist-open-data.s3.amazonaws.com/photos/635942003/original.jpg,http://creativecommons.org/licenses/by-nc/4.0/,Benjamin Schedl,Benjamin Schedl,False
Potamogeton natans,Potamogeton natans L.,global,5301147,6213175228,Potamogeton natans L.,2026-04-03,2026,,c8d737e0-2ff8-42e8-b8fc-6b805d26fc5f,Netherlands,Gelderland,52.0,5.8,HUMAN_OBSERVATION,https://observation.org/photos/147546471.jpg,http://creativecommons.org/licenses/by-nc-sa/4.0/,Max Janse,Max Janse,False
Potamogeton natans,Potamogeton natans L.,global,5301147,6213276692,Potamogeton natans L.,2026-04-17,2026,,c8d737e0-2ff8-42e8-b8fc-6b805d26fc5f,Netherlands,Friesland,52.95,6.35,HUMAN_OBSERVATION,https://observation.org/photos/147957176.jpg,http://creativecommons.org/licenses/by-nc-nd/4.0/,Koert Scholten,Koert Scholten,False
Potamogeton natans,Potamogeton natans L.,global,5301147,6213276692,Potamogeton natans L.,2026-04-17,2026,,c8d737e0-2ff8-42e8-b8fc-6b805d26fc5f,Netherlands,Friesland,52.95,6.35,HUMAN_OBSERVATION,https://observation.org/photos/147957177.jpg,http://creativecommons.org/licenses/by-nc-nd/4.0/,Koert Scholten,Koert Scholten,False
Potamogeton natans,Potamogeton natans L.,global,5301147,6213309810,Potamogeton natans L.,2026-04-14,2026,,c8d737e0-2ff8-42e8-b8fc-6b805d26fc5f,Netherlands,Noord-Holland,52.8,4.65,HUMAN_OBSERVATION,https://observation.org/photos/147565250.jpg,http://creativecommons.org/licenses/by-nc-nd/4.0/,bernard lucas,bernard lucas,False
Potamogeton natans,Potamogeton natans L.,global,5301147,6213519898,Potamogeton natans L.,2026-04-18,2026,,c8d737e0-2ff8-42e8-b8fc-6b805d26fc5f,Netherlands,Overijssel,52.65,6.1,HUMAN_OBSERVATION,https://observation.org/photos/148094011.jpg,http://creativecommons.org/licenses/by-nc-nd/4.0/,Jeroen Hoek,Jeroen Hoek,False
Potamogeton natans,Potamogeton natans L.,global,5301147,6213543591,Potamogeton natans L.,2026-04-16,2026,,c8d737e0-2ff8-42e8-b8fc-6b805d26fc5f,Netherlands,Gelderland,52.15,5.55,HUMAN_OBSERVATION,https://observation.org/photos/147791159.jpg,http://creativecommons.org/licenses/by-nc-nd/4.0/,Boogert,Boogert,False
Potamogeton natans,Potamogeton natans L.,global,5301147,6227504443,Potamogeton natans L.,2026-04-24,2026,,c8d737e0-2ff8-42e8-b8fc-6b805d26fc5f,Netherlands,Drenthe,52.7,6.2,HUMAN_OBSERVATION,https://observation.org/photos/148803337.jpg,http://creativecommons.org/licenses/by-nc-nd/4.0/,Joachim van der Valk,Joachim van der Valk,False
Potamogeton natans,Potamogeton natans L.,global,5301147,6227518357,Potamogeton natans L.,2026-04-21,2026,,c8d737e0-2ff8-42e8-b8fc-6b805d26fc5f,Netherlands,Groningen,53.05,7.15,HUMAN_OBSERVATION,https://observation.org/photos/148453073.jpg,http://creativecommons.org/licenses/by-nc-nd/4.0/,Rudie Jullens,Rudie Jullens,False
Potamogeton natans,Potamogeton natans L.,global,5301147,6227732353,Potamogeton natans L.,2026-04-20,2026,,c8d737e0-2ff8-42e8-b8fc-6b805d26fc5f,Netherlands,Drenthe,52.7,6.45,HUMAN_OBSERVATION,https://observation.org/photos/148291929.jpg,http://creativecommons.org/licenses/by-nc-nd/4.0/,Denis Bruins,Denis Bruins,False
Potamogeton natans,Potamogeton natans L.,great_lakes_bbox,5301147,6399324749,Potamogeton natans L.,2026-06-11T12:53,2026,iNaturalist research-grade observations,28eb1a3f-1c15-4a95-931a-4af90ecb574d,Canada,Ontario,44.045072,-77.743606,HUMAN_OBSERVATION,https://inaturalist-open-data.s3.amazonaws.com/photos/677300503/original.jpg,http://creativecommons.org/licenses/by-nc/4.0/,Andrea Kingsley,Andrea Kingsley,False
Potamogeton praelongus,Potamogeton praelongus Wulfen,global,5301213,6163057714,Potamogeton praelongus Wulfen,2026-02-22T12:58:35,2026,iNaturalist research-grade observations,28eb1a3f-1c15-4a95-931a-4af90ecb574d,United States of America,Minnesota,46.256355,-95.661614,HUMAN_OBSERVATION,https://inaturalist-open-data.s3.amazonaws.com/photos/618159773/original.jpg,http://creativecommons.org/licenses/by-nc/4.0/,wes_inc,wes_inc,False
Potamogeton praelongus,Potamogeton praelongus Wulfen,global,5301213,6163057714,Potamogeton praelongus Wulfen,2026-02-22T12:58:35,2026,iNaturalist research-grade observations,28eb1a3f-1c15-4a95-931a-4af90ecb574d,United States of America,Minnesota,46.256355,-95.661614,HUMAN_OBSERVATION,https://inaturalist-open-data.s3.amazonaws.com/photos/618159796/original.jpg,http://creativecommons.org/licenses/by-nc/4.0/,wes_inc,wes_inc,False
Potamogeton praelongus,Potamogeton praelongus Wulfen,global,5301213,6163057714,Potamogeton praelongus Wulfen,2026-02-22T12:58:35,2026,iNaturalist research-grade observations,28eb1a3f-1c15-4a95-931a-4af90ecb574d,United States of America,Minnesota,46.256355,-95.661614,HUMAN_OBSERVATION,https://inaturalist-open-data.s3.amazonaws.com/photos/618159816/original.jpg,http://creativecommons.org/licenses/by-nc/4.0/,wes_inc,wes_inc,False
Potamogeton praelongus,Potamogeton praelongus Wulfen,global,5301213,6163057714,Potamogeton praelongus Wulfen,2026-02-22T12:58:35,2026,iNaturalist research-grade observations,28eb1a3f-1c15-4a95-931a-4af90ecb574d,United States of America,Minnesota,46.256355,-95.661614,HUMAN_OBSERVATION,https://inaturalist-open-data.s3.amazonaws.com/photos/618159843/original.jpg,http://creativecommons.org/licenses/by-nc/4.0/,wes_inc,wes_inc,False
Potamogeton praelongus,Potamogeton praelongus Wulfen,global,5301213,6163057714,Potamogeton praelongus Wulfen,2026-02-22T12:58:35,2026,iNaturalist research-grade observations,28eb1a3f-1c15-4a95-931a-4af90ecb574d,United States of America,Minnesota,46.256355,-95.661614,HUMAN_OBSERVATION,https://inaturalist-open-data.s3.amazonaws.com/photos/618159873/original.jpg,http://creativecommons.org/licenses/by-nc/4.0/,wes_inc,wes_inc,False
Potamogeton praelongus,Potamogeton praelongus Wulfen,global,5301213,6163057714,Potamogeton praelongus Wulfen,2026-02-22T12:58:35,2026,iNaturalist research-grade observations,28eb1a3f-1c15-4a95-931a-4af90ecb574d,United States of America,Minnesota,46.256355,-95.661614,HUMAN_OBSERVATION,https://inaturalist-open-data.s3.amazonaws.com/photos/618170829/original.jpg,http://creativecommons.org/licenses/by-nc/4.0/,wes_inc,wes_inc,False
Potamogeton praelongus,Potamogeton praelongus Wulfen,global,5301213,6163057714,Potamogeton praelongus Wulfen,2026-02-22T12:58:35,2026,iNaturalist research-grade observations,28eb1a3f-1c15-4a95-931a-4af90ecb574d,United States of America,Minnesota,46.256355,-95.661614,HUMAN_OBSERVATION,https://inaturalist-open-data.s3.amazonaws.com/photos/618170849/original.jpg,http://creativecommons.org/licenses/by-nc/4.0/,wes_inc,wes_inc,False
Potamogeton praelongus,Potamogeton praelongus Wulfen,global,5301213,6163057714,Potamogeton praelongus Wulfen,2026-02-22T12:58:35,2026,iNaturalist research-grade observations,28eb1a3f-1c15-4a95-931a-4af90ecb574d,United States of America,Minnesota,46.256355,-95.661614,HUMAN_OBSERVATION,https://inaturalist-open-data.s3.amazonaws.com/photos/618170883/original.jpg,http://creativecommons.org/licenses/by-nc/4.0/,wes_inc,wes_inc,False
Potamogeton praelongus,Potamogeton praelongus Wulfen,global,5301213,6163057714,Potamogeton praelongus Wulfen,2026-02-22T12:58:35,2026,iNaturalist research-grade observations,28eb1a3f-1c15-4a95-931a-4af90ecb574d,United States of America,Minnesota,46.256355,-95.661614,HUMAN_OBSERVATION,https://inaturalist-open-data.s3.amazonaws.com/photos/618170911/original.jpg,http://creativecommons.org/licenses/by-nc/4.0/,wes_inc,wes_inc,False
Potamogeton praelongus,Potamogeton praelongus Wulfen,global,5301213,6186158633,Potamogeton praelongus Wulfen,2026-03-25T13:35:17,2026,iNaturalist research-grade observations,28eb1a3f-1c15-4a95-931a-4af90ecb574d,Canada,Ontario,44.237287,-76.617662,HUMAN_OBSERVATION,https://inaturalist-open-data.s3.amazonaws.com/photos/628946423/original.jpg,http://creativecommons.org/licenses/by-nc/4.0/,George Cook,George Cook,False
Potamogeton praelongus,Potamogeton praelongus Wulfen,global,5301213,6186158633,Potamogeton praelongus Wulfen,2026-03-25T13:35:17,2026,iNaturalist research-grade observations,28eb1a3f-1c15-4a95-931a-4af90ecb574d,Canada,Ontario,44.237287,-76.617662,HUMAN_OBSERVATION,https://inaturalist-open-data.s3.amazonaws.com/photos/628946451/original.jpg,http://creativecommons.org/licenses/by-nc/4.0/,George Cook,George Cook,False
Potamogeton praelongus,Potamogeton praelongus Wulfen,global,5301213,6186158633,Potamogeton praelongus Wulfen,2026-03-25T13:35:17,2026,iNaturalist research-grade observations,28eb1a3f-1c15-4a95-931a-4af90ecb574d,Canada,Ontario,44.237287,-76.617662,HUMAN_OBSERVATION,https://inaturalist-open-data.s3.amazonaws.com/photos/629455450/original.jpg,http://creativecommons.org/licenses/by-nc/4.0/,George Cook,George Cook,False
Potamogeton praelongus,Potamogeton praelongus Wulfen,global,5301213,6398660004,Potamogeton praelongus Wulfen,2026-05-26T13:51,2026,iNaturalist research-grade observations,28eb1a3f-1c15-4a95-931a-4af90ecb574d,Canada,Prince Edward Island,46.219043,-62.978176,HUMAN_OBSERVATION,https://inaturalist-open-data.s3.amazonaws.com/photos/671941550/original.jpg,http://creativecommons.org/licenses/by-nc/4.0/,Daniel McRae,Daniel McRae,False
Potamogeton praelongus,Potamogeton praelongus Wulfen,global,5301213,6398660004,Potamogeton praelongus Wulfen,2026-05-26T13:51,2026,iNaturalist research-grade observations,28eb1a3f-1c15-4a95-931a-4af90ecb574d,Canada,Prince Edward Island,46.219043,-62.978176,HUMAN_OBSERVATION,https://inaturalist-open-data.s3.amazonaws.com/photos/671943043/original.jpg,http://creativecommons.org/licenses/by-nc/4.0/,Daniel McRae,Daniel McRae,False
Potamogeton praelongus,Potamogeton praelongus Wulfen,global,5301213,6398651766,Potamogeton praelongus Wulfen,2026-06-07T13:14:46,2026,iNaturalist research-grade observations,28eb1a3f-1c15-4a95-931a-4af90ecb574d,Germany,Bayern,47.551318,11.240374,HUMAN_OBSERVATION,https://inaturalist-open-data.s3.amazonaws.com/photos/674870591/original.jpg,http://creativecommons.org/licenses/by-nc/4.0/,Sebastian Puzoń,Sebastian Puzoń,False
Potamogeton praelongus,Potamogeton praelongus Wulfen,global,5301213,6398651766,Potamogeton praelongus Wulfen,2026-06-07T13:14:46,2026,iNaturalist research-grade observations,28eb1a3f-1c15-4a95-931a-4af90ecb574d,Germany,Bayern,47.551318,11.240374,HUMAN_OBSERVATION,https://inaturalist-open-data.s3.amazonaws.com/photos/674870658/original.jpg,http://creativecommons.org/licenses/by-nc/4.0/,Sebastian Puzoń,Sebastian Puzoń,False
Potamogeton praelongus,Potamogeton praelongus Wulfen,global,5301213,6398651766,Potamogeton praelongus Wulfen,2026-06-07T13:14:46,2026,iNaturalist research-grade observations,28eb1a3f-1c15-4a95-931a-4af90ecb574d,Germany,Bayern,47.551318,11.240374,HUMAN_OBSERVATION,https://inaturalist-open-data.s3.amazonaws.com/photos/674870730/original.jpg,http://creativecommons.org/licenses/by-nc/4.0/,Sebastian Puzoń,Sebastian Puzoń,False
Potamogeton praelongus,Potamogeton praelongus Wulfen,global,5301213,6399189893,Potamogeton praelongus Wulfen,2026-06-13T09:22:09,2026,iNaturalist research-grade observations,28eb1a3f-1c15-4a95-931a-4af90ecb574d,Lithuania,Vilniaus,54.544903,24.490817,HUMAN_OBSERVATION,https://inaturalist-open-data.s3.amazonaws.com/photos/678117195/original.jpg,http://creativecommons.org/licenses/by-nc/4.0/,Lukas Petrulaitis,Lukas Petrulaitis,False
Potamogeton praelongus,Potamogeton praelongus Wulfen,global,5301213,6399189893,Potamogeton praelongus Wulfen,2026-06-13T09:22:09,2026,iNaturalist research-grade observations,28eb1a3f-1c15-4a95-931a-4af90ecb574d,Lithuania,Vilniaus,54.544903,24.490817,HUMAN_OBSERVATION,https://inaturalist-open-data.s3.amazonaws.com/photos/678117354/original.jpg,http://creativecommons.org/licenses/by-nc/4.0/,Lukas Petrulaitis,Lukas Petrulaitis,False
Potamogeton praelongus,Potamogeton praelongus Wulfen,global,5301213,6399189893,Potamogeton praelongus Wulfen,2026-06-13T09:22:09,2026,iNaturalist research-grade observations,28eb1a3f-1c15-4a95-931a-4af90ecb574d,Lithuania,Vilniaus,54.544903,24.490817,HUMAN_OBSERVATION,https://inaturalist-open-data.s3.amazonaws.com/photos/678117602/original.jpg,http://creativecommons.org/licenses/by-nc/4.0/,Lukas Petrulaitis,Lukas Petrulaitis,False
Potamogeton praelongus,Potamogeton praelongus Wulfen,global,5301213,6400334393,Potamogeton praelongus Wulfen,2026-06-03T18:03:18,2026,iNaturalist research-grade observations,28eb1a3f-1c15-4a95-931a-4af90ecb574d,United States of America,Minnesota,47.008147,-94.734453,HUMAN_OBSERVATION,https://inaturalist-open-data.s3.amazonaws.com/photos/672438060/original.jpg,http://creativecommons.org/licenses/by-nc/4.0/,Russell Marotzke,Russell Marotzke,False
Potamogeton praelongus,Potamogeton praelongus Wulfen,global,5301213,6400334393,Potamogeton praelongus Wulfen,2026-06-03T18:03:18,2026,iNaturalist research-grade observations,28eb1a3f-1c15-4a95-931a-4af90ecb574d,United States of America,Minnesota,47.008147,-94.734453,HUMAN_OBSERVATION,https://inaturalist-open-data.s3.amazonaws.com/photos/672438120/original.jpg,http://creativecommons.org/licenses/by-nc/4.0/,Russell Marotzke,Russell Marotzke,False
Potamogeton praelongus,Potamogeton praelongus Wulfen,global,5301213,6400334393,Potamogeton praelongus Wulfen,2026-06-03T18:03:18,2026,iNaturalist research-grade observations,28eb1a3f-1c15-4a95-931a-4af90ecb574d,United States of America,Minnesota,47.008147,-94.734453,HUMAN_OBSERVATION,https://inaturalist-open-data.s3.amazonaws.com/photos/672438179/original.jpg,http://creativecommons.org/licenses/by-nc/4.0/,Russell Marotzke,Russell Marotzke,False
Potamogeton praelongus,Potamogeton praelongus Wulfen,global,5301213,6400696662,Potamogeton praelongus Wulfen,2026-06-03T18:14:12,2026,iNaturalist research-grade observations,28eb1a3f-1c15-4a95-931a-4af90ecb574d,Canada,Alberta,53.556433,-116.767862,HUMAN_OBSERVATION,https://inaturalist-open-data.s3.amazonaws.com/photos/673151261/original.jpg,http://creativecommons.org/publicdomain/zero/1.0/,Kallum McDonald,Kallum McDonald,True
Potamogeton praelongus,Potamogeton praelongus Wulfen,global,5301213,6400696662,Potamogeton praelongus Wulfen,2026-06-03T18:14:12,2026,iNaturalist research-grade observations,28eb1a3f-1c15-4a95-931a-4af90ecb574d,Canada,Alberta,53.556433,-116.767862,HUMAN_OBSERVATION,https://inaturalist-open-data.s3.amazonaws.com/photos/673151260/original.jpg,http://creativecommons.org/publicdomain/zero/1.0/,Kallum McDonald,Kallum McDonald,True
Potamogeton praelongus,Potamogeton praelongus Wulfen,global,5301213,6400696662,Potamogeton praelongus Wulfen,2026-06-03T18:14:12,2026,iNaturalist research-grade observations,28eb1a3f-1c15-4a95-931a-4af90ecb574d,Canada,Alberta,53.556433,-116.767862,HUMAN_OBSERVATION,https://inaturalist-open-data.s3.amazonaws.com/photos/673151263/original.jpg,http://creativecommons.org/publicdomain/zero/1.0/,Kallum McDonald,Kallum McDonald,True
Potamogeton praelongus,Potamogeton praelongus Wulfen,global,5301213,6400696662,Potamogeton praelongus Wulfen,2026-06-03T18:14:12,2026,iNaturalist research-grade observations,28eb1a3f-1c15-4a95-931a-4af90ecb574d,Canada,Alberta,53.556433,-116.767862,HUMAN_OBSERVATION,https://inaturalist-open-data.s3.amazonaws.com/photos/673151262/original.jpg,http://creativecommons.org/publicdomain/zero/1.0/,Kallum McDonald,Kallum McDonald,True
Potamogeton praelongus,Potamogeton praelongus Wulfen,global,5301213,6400822901,Potamogeton praelongus Wulfen,2026-06-03T18:01:19,2026,iNaturalist research-grade observations,28eb1a3f-1c15-4a95-931a-4af90ecb574d,Canada,Alberta,53.556495,-116.767953,HUMAN_OBSERVATION,https://inaturalist-open-data.s3.amazonaws.com/photos/673153587/original.jpg,http://creativecommons.org/publicdomain/zero/1.0/,Kallum McDonald,Kallum McDonald,True
Potamogeton praelongus,Potamogeton praelongus Wulfen,global,5301213,6400822901,Potamogeton praelongus Wulfen,2026-06-03T18:01:19,2026,iNaturalist research-grade observations,28eb1a3f-1c15-4a95-931a-4af90ecb574d,Canada,Alberta,53.556495,-116.767953,HUMAN_OBSERVATION,https://inaturalist-open-data.s3.amazonaws.com/photos/673153586/original.jpg,http://creativecommons.org/publicdomain/zero/1.0/,Kallum McDonald,Kallum McDonald,True
Potamogeton praelongus,Potamogeton praelongus Wulfen,global,5301213,6400873579,Potamogeton praelongus Wulfen,2026-06-05T14:21:40,2026,iNaturalist research-grade observations,28eb1a3f-1c15-4a95-931a-4af90ecb574d,Finland,Western Finland,61.067388,24.865552,HUMAN_OBSERVATION,https://inaturalist-open-data.s3.amazonaws.com/photos/674746621/original.jpg,http://creativecommons.org/licenses/by-nc/4.0/,Minttu Hummelholm,Minttu Hummelholm,False
Potamogeton praelongus,Potamogeton praelongus Wulfen,global,5301213,6400873579,Potamogeton praelongus Wulfen,2026-06-05T14:21:40,2026,iNaturalist research-grade observations,28eb1a3f-1c15-4a95-931a-4af90ecb574d,Finland,Western Finland,61.067388,24.865552,HUMAN_OBSERVATION,https://inaturalist-open-data.s3.amazonaws.com/photos/674820024/original.jpg,http://creativecommons.org/licenses/by-nc/4.0/,Minttu Hummelholm,Minttu Hummelholm,False
Potamogeton praelongus,Potamogeton praelongus Wulfen,global,5301213,6400873579,Potamogeton praelongus Wulfen,2026-06-05T14:21:40,2026,iNaturalist research-grade observations,28eb1a3f-1c15-4a95-931a-4af90ecb574d,Finland,Western Finland,61.067388,24.865552,HUMAN_OBSERVATION,https://inaturalist-open-data.s3.amazonaws.com/photos/674820102/original.jpg,http://creativecommons.org/licenses/by-nc/4.0/,Minttu Hummelholm,Minttu Hummelholm,False
Potamogeton praelongus,Potamogeton praelongus Wulfen,global,5301213,6400873579,Potamogeton praelongus Wulfen,2026-06-05T14:21:40,2026,iNaturalist research-grade observations,28eb1a3f-1c15-4a95-931a-4af90ecb574d,Finland,Western Finland,61.067388,24.865552,HUMAN_OBSERVATION,https://inaturalist-open-data.s3.amazonaws.com/photos/674820185/original.jpg,http://creativecommons.org/licenses/by-nc/4.0/,Minttu Hummelholm,Minttu Hummelholm,False
Potamogeton praelongus,Potamogeton praelongus Wulfen,global,5301213,6400873579,Potamogeton praelongus Wulfen,2026-06-05T14:21:40,2026,iNaturalist research-grade observations,28eb1a3f-1c15-4a95-931a-4af90ecb574d,Finland,Western Finland,61.067388,24.865552,HUMAN_OBSERVATION,https://inaturalist-open-data.s3.amazonaws.com/photos/674820257/original.jpg,http://creativecommons.org/licenses/by-nc/4.0/,Minttu Hummelholm,Minttu Hummelholm,False
Potamogeton praelongus,Potamogeton praelongus Wulfen,global,5301213,6400918783,Potamogeton praelongus Wulfen,2026-06-13T14:32:41,2026,iNaturalist research-grade observations,28eb1a3f-1c15-4a95-931a-4af90ecb574d,Russian Federation,Nizhegorod,55.658382,43.592467,HUMAN_OBSERVATION,https://inaturalist-open-data.s3.amazonaws.com/photos/678279672/original.jpg,http://creativecommons.org/licenses/by-nc/4.0/,Olga Biryukova,Olga Biryukova,False
Potamogeton praelongus,Potamogeton praelongus Wulfen,global,5301213,6400918783,Potamogeton praelongus Wulfen,2026-06-13T14:32:41,2026,iNaturalist research-grade observations,28eb1a3f-1c15-4a95-931a-4af90ecb574d,Russian Federation,Nizhegorod,55.658382,43.592467,HUMAN_OBSERVATION,https://inaturalist-open-data.s3.amazonaws.com/photos/678279795/original.jpg,http://creativecommons.org/licenses/by-nc/4.0/,Olga Biryukova,Olga Biryukova,False
Potamogeton praelongus,Potamogeton praelongus Wulfen,global,5301213,6400918783,Potamogeton praelongus Wulfen,2026-06-13T14:32:41,2026,iNaturalist research-grade observations,28eb1a3f-1c15-4a95-931a-4af90ecb574d,Russian Federation,Nizhegorod,55.658382,43.592467,HUMAN_OBSERVATION,https://inaturalist-open-data.s3.amazonaws.com/photos/678279938/original.jpg,http://creativecommons.org/licenses/by-nc/4.0/,Olga Biryukova,Olga Biryukova,False
Potamogeton praelongus,Potamogeton praelongus Wulfen,global,5301213,6400918783,Potamogeton praelongus Wulfen,2026-06-13T14:32:41,2026,iNaturalist research-grade observations,28eb1a3f-1c15-4a95-931a-4af90ecb574d,Russian Federation,Nizhegorod,55.658382,43.592467,HUMAN_OBSERVATION,https://inaturalist-open-data.s3.amazonaws.com/photos/678280070/original.jpg,http://creativecommons.org/licenses/by-nc/4.0/,Olga Biryukova,Olga Biryukova,False
Potamogeton praelongus,Potamogeton praelongus Wulfen,global,5301213,6400918783,Potamogeton praelongus Wulfen,2026-06-13T14:32:41,2026,iNaturalist research-grade observations,28eb1a3f-1c15-4a95-931a-4af90ecb574d,Russian Federation,Nizhegorod,55.658382,43.592467,HUMAN_OBSERVATION,https://inaturalist-open-data.s3.amazonaws.com/photos/678280211/original.jpg,http://creativecommons.org/licenses/by-nc/4.0/,Olga Biryukova,Olga Biryukova,False
Potamogeton praelongus,Potamogeton praelongus Wulfen,global,5301213,6400918783,Potamogeton praelongus Wulfen,2026-06-13T14:32:41,2026,iNaturalist research-grade observations,28eb1a3f-1c15-4a95-931a-4af90ecb574d,Russian Federation,Nizhegorod,55.658382,43.592467,HUMAN_OBSERVATION,https://inaturalist-open-data.s3.amazonaws.com/photos/678280336/original.jpg,http://creativecommons.org/licenses/by-nc/4.0/,Olga Biryukova,Olga Biryukova,False
Potamogeton praelongus,Potamogeton praelongus Wulfen,global,5301213,6414004380,Potamogeton praelongus Wulfen,2026-06-20T17:11:54,2026,iNaturalist research-grade observations,28eb1a3f-1c15-4a95-931a-4af90ecb574d,Denmark,Nordjylland,57.168143,9.715847,HUMAN_OBSERVATION,https://inaturalist-open-data.s3.amazonaws.com/photos/682753028/original.jpg,http://creativecommons.org/publicdomain/zero/1.0/,Jane Kirkegaard,Jane Kirkegaard,True
Potamogeton praelongus,Potamogeton praelongus Wulfen,global,5301213,6422366877,Potamogeton praelongus Wulfen,2026-06-15T12:19:21,2026,iNaturalist research-grade observations,28eb1a3f-1c15-4a95-931a-4af90ecb574d,United States of America,Pennsylvania,42.067835,-80.194051,HUMAN_OBSERVATION,https://inaturalist-open-data.s3.amazonaws.com/photos/684598220/original.jpg,http://creativecommons.org/licenses/by-nc/4.0/,Matthew StClair,Matthew StClair,False
Potamogeton praelongus,Potamogeton praelongus Wulfen,global,5301213,6422366877,Potamogeton praelongus Wulfen,2026-06-15T12:19:21,2026,iNaturalist research-grade observations,28eb1a3f-1c15-4a95-931a-4af90ecb574d,United States of America,Pennsylvania,42.067835,-80.194051,HUMAN_OBSERVATION,https://inaturalist-open-data.s3.amazonaws.com/photos/684598266/original.jpg,http://creativecommons.org/licenses/by-nc/4.0/,Matthew StClair,Matthew StClair,False
Potamogeton praelongus,Potamogeton praelongus Wulfen,global,5301213,6422366877,Potamogeton praelongus Wulfen,2026-06-15T12:19:21,2026,iNaturalist research-grade observations,28eb1a3f-1c15-4a95-931a-4af90ecb574d,United States of America,Pennsylvania,42.067835,-80.194051,HUMAN_OBSERVATION,https://inaturalist-open-data.s3.amazonaws.com/photos/684598291/original.jpg,http://creativecommons.org/licenses/by-nc/4.0/,Matthew StClair,Matthew StClair,False
Potamogeton praelongus,Potamogeton praelongus Wulfen,global,5301213,6423171531,Potamogeton praelongus Wulfen,2026-06-22T16:15:39,2026,iNaturalist research-grade observations,28eb1a3f-1c15-4a95-931a-4af90ecb574d,United States of America,Wisconsin,46.947752,-90.886581,HUMAN_OBSERVATION,https://inaturalist-open-data.s3.amazonaws.com/photos/685455580/original.jpg,http://creativecommons.org/licenses/by-nc/4.0/,Nate Martineau,Nate Martineau,False
Potamogeton praelongus,Potamogeton praelongus Wulfen,global,5301213,6423171531,Potamogeton praelongus Wulfen,2026-06-22T16:15:39,2026,iNaturalist research-grade observations,28eb1a3f-1c15-4a95-931a-4af90ecb574d,United States of America,Wisconsin,46.947752,-90.886581,HUMAN_OBSERVATION,https://inaturalist-open-data.s3.amazonaws.com/photos/685455620/original.jpg,http://creativecommons.org/licenses/by-nc/4.0/,Nate Martineau,Nate Martineau,False
Potamogeton praelongus,Potamogeton praelongus Wulfen,global,5301213,6423171531,Potamogeton praelongus Wulfen,2026-06-22T16:15:39,2026,iNaturalist research-grade observations,28eb1a3f-1c15-4a95-931a-4af90ecb574d,United States of America,Wisconsin,46.947752,-90.886581,HUMAN_OBSERVATION,https://inaturalist-open-data.s3.amazonaws.com/photos/685455649/original.jpg,http://creativecommons.org/licenses/by-nc/4.0/,Nate Martineau,Nate Martineau,False
Potamogeton praelongus,Potamogeton praelongus Wulfen,global,5301213,6423171531,Potamogeton praelongus Wulfen,2026-06-22T16:15:39,2026,iNaturalist research-grade observations,28eb1a3f-1c15-4a95-931a-4af90ecb574d,United States of America,Wisconsin,46.947752,-90.886581,HUMAN_OBSERVATION,https://inaturalist-open-data.s3.amazonaws.com/photos/685455688/original.jpg,http://creativecommons.org/licenses/by-nc/4.0/,Nate Martineau,Nate Martineau,False
Potamogeton praelongus,Potamogeton praelongus Wulfen,global,5301213,6430992848,Potamogeton praelongus Wulfen,2026-06-29T12:24:32,2026,iNaturalist research-grade observations,28eb1a3f-1c15-4a95-931a-4af90ecb574d,Poland,Warmian-Masurian,53.729208,19.559769,HUMAN_OBSERVATION,https://inaturalist-open-data.s3.amazonaws.com/photos/689076133/original.jpg,http://creativecommons.org/publicdomain/zero/1.0/,Paweł Sadkowski,Paweł Sadkowski,True
Potamogeton praelongus,Potamogeton praelongus Wulfen,global,5301213,6430992848,Potamogeton praelongus Wulfen,2026-06-29T12:24:32,2026,iNaturalist research-grade observations,28eb1a3f-1c15-4a95-931a-4af90ecb574d,Poland,Warmian-Masurian,53.729208,19.559769,HUMAN_OBSERVATION,https://inaturalist-open-data.s3.amazonaws.com/photos/689076263/original.jpg,http://creativecommons.org/publicdomain/zero/1.0/,Paweł Sadkowski,Paweł Sadkowski,True
Potamogeton praelongus,Potamogeton praelongus Wulfen,global,5301213,6431044337,Potamogeton praelongus Wulfen,2026-06-20T12:57,2026,iNaturalist research-grade observations,28eb1a3f-1c15-4a95-931a-4af90ecb574d,Russian Federation,Moscow City,55.792941,37.418317,HUMAN_OBSERVATION,https://inaturalist-open-data.s3.amazonaws.com/photos/690328708/original.jpg,http://creativecommons.org/licenses/by-nc/4.0/,Pavel Safonov,Pavel Safonov,False
Potamogeton praelongus,Potamogeton praelongus Wulfen,global,5301213,6495443602,Potamogeton praelongus Wulfen,2026-06-30,2026,,1a4e6112-b3af-402e-b29f-c2ade2167f72,Denmark,,56.124088,9.611444,HUMAN_OBSERVATION,https://arter.dk/media/a1401813-b238-4cb7-a5a2-27a9fff83e6b.jpg,http://creativecommons.org/licenses/by/4.0/,Hans Henrik Bruun,Hans Henrik Bruun,True
Potamogeton praelongus,Potamogeton praelongus Wulfen,global,5301213,6495443602,Potamogeton praelongus Wulfen,2026-06-30,2026,,1a4e6112-b3af-402e-b29f-c2ade2167f72,Denmark,,56.124088,9.611444,HUMAN_OBSERVATION,https://arter.dk/media/d9acffab-e1e4-42d2-a50b-a25c1b697736.jpg,http://creativecommons.org/licenses/by/4.0/,Hans Henrik Bruun,Hans Henrik Bruun,True
Potamogeton praelongus,Potamogeton praelongus Wulfen,global,5301213,6430951493,Potamogeton praelongus Wulfen,2026-07-04T12:36:25,2026,iNaturalist research-grade observations,28eb1a3f-1c15-4a95-931a-4af90ecb574d,Canada,Alberta,56.368325,-111.285112,HUMAN_OBSERVATION,https://inaturalist-open-data.s3.amazonaws.com/photos/692120385/original.jpg,http://creativecommons.org/publicdomain/zero/1.0/,Kallum McDonald,Kallum McDonald,True
Potamogeton praelongus,Potamogeton praelongus Wulfen,global,5301213,6430951493,Potamogeton praelongus Wulfen,2026-07-04T12:36:25,2026,iNaturalist research-grade observations,28eb1a3f-1c15-4a95-931a-4af90ecb574d,Canada,Alberta,56.368325,-111.285112,HUMAN_OBSERVATION,https://inaturalist-open-data.s3.amazonaws.com/photos/692120390/original.jpg,http://creativecommons.org/publicdomain/zero/1.0/,Kallum McDonald,Kallum McDonald,True
Potamogeton praelongus,Potamogeton praelongus Wulfen,global,5301213,6430951493,Potamogeton praelongus Wulfen,2026-07-04T12:36:25,2026,iNaturalist research-grade observations,28eb1a3f-1c15-4a95-931a-4af90ecb574d,Canada,Alberta,56.368325,-111.285112,HUMAN_OBSERVATION,https://inaturalist-open-data.s3.amazonaws.com/photos/692120382/original.jpg,http://creativecommons.org/publicdomain/zero/1.0/,Kallum McDonald,Kallum McDonald,True
Potamogeton praelongus,Potamogeton praelongus Wulfen,global,5301213,6431237454,Potamogeton praelongus Wulfen,2026-07-02T12:37:07,2026,iNaturalist research-grade observations,28eb1a3f-1c15-4a95-931a-4af90ecb574d,Canada,Alberta,54.587672,-114.183655,HUMAN_OBSERVATION,https://inaturalist-open-data.s3.amazonaws.com/photos/692197689/original.jpg,http://creativecommons.org/publicdomain/zero/1.0/,Kallum McDonald,Kallum McDonald,True
Potamogeton praelongus,Potamogeton praelongus Wulfen,global,5301213,6431237454,Potamogeton praelongus Wulfen,2026-07-02T12:37:07,2026,iNaturalist research-grade observations,28eb1a3f-1c15-4a95-931a-4af90ecb574d,Canada,Alberta,54.587672,-114.183655,HUMAN_OBSERVATION,https://inaturalist-open-data.s3.amazonaws.com/photos/692197692/original.jpg,http://creativecommons.org/publicdomain/zero/1.0/,Kallum McDonald,Kallum McDonald,True
Potamogeton praelongus,Potamogeton praelongus Wulfen,global,5301213,6431237454,Potamogeton praelongus Wulfen,2026-07-02T12:37:07,2026,iNaturalist research-grade observations,28eb1a3f-1c15-4a95-931a-4af90ecb574d,Canada,Alberta,54.587672,-114.183655,HUMAN_OBSERVATION,https://inaturalist-open-data.s3.amazonaws.com/photos/692197798/original.jpg,http://creativecommons.org/publicdomain/zero/1.0/,Kallum McDonald,Kallum McDonald,True
Potamogeton praelongus,Potamogeton praelongus Wulfen,global,5301213,6431237454,Potamogeton praelongus Wulfen,2026-07-02T12:37:07,2026,iNaturalist research-grade observations,28eb1a3f-1c15-4a95-931a-4af90ecb574d,Canada,Alberta,54.587672,-114.183655,HUMAN_OBSERVATION,https://inaturalist-open-data.s3.amazonaws.com/photos/692197634/original.jpg,http://creativecommons.org/publicdomain/zero/1.0/,Kallum McDonald,Kallum McDonald,True
Potamogeton praelongus,Potamogeton praelongus Wulfen,global,5301213,6431237454,Potamogeton praelongus Wulfen,2026-07-02T12:37:07,2026,iNaturalist research-grade observations,28eb1a3f-1c15-4a95-931a-4af90ecb574d,Canada,Alberta,54.587672,-114.183655,HUMAN_OBSERVATION,https://inaturalist-open-data.s3.amazonaws.com/photos/692197859/original.jpg,http://creativecommons.org/publicdomain/zero/1.0/,Kallum McDonald,Kallum McDonald,True
Potamogeton praelongus,Potamogeton praelongus Wulfen,global,5301213,6431758935,Potamogeton praelongus Wulfen,2026-07-03T11:31:04,2026,iNaturalist research-grade observations,28eb1a3f-1c15-4a95-931a-4af90ecb574d,Canada,Alberta,54.827342,-113.533805,HUMAN_OBSERVATION,https://inaturalist-open-data.s3.amazonaws.com/photos/692146655/original.jpg,http://creativecommons.org/publicdomain/zero/1.0/,Kallum McDonald,Kallum McDonald,True
Potamogeton praelongus,Potamogeton praelongus Wulfen,global,5301213,6431758935,Potamogeton praelongus Wulfen,2026-07-03T11:31:04,2026,iNaturalist research-grade observations,28eb1a3f-1c15-4a95-931a-4af90ecb574d,Canada,Alberta,54.827342,-113.533805,HUMAN_OBSERVATION,https://inaturalist-open-data.s3.amazonaws.com/photos/692146653/original.jpg,http://creativecommons.org/publicdomain/zero/1.0/,Kallum McDonald,Kallum McDonald,True
Potamogeton praelongus,Potamogeton praelongus Wulfen,global,5301213,6431758935,Potamogeton praelongus Wulfen,2026-07-03T11:31:04,2026,iNaturalist research-grade observations,28eb1a3f-1c15-4a95-931a-4af90ecb574d,Canada,Alberta,54.827342,-113.533805,HUMAN_OBSERVATION,https://inaturalist-open-data.s3.amazonaws.com/photos/692146651/original.jpg,http://creativecommons.org/publicdomain/zero/1.0/,Kallum McDonald,Kallum McDonald,True
Potamogeton praelongus,Potamogeton praelongus Wulfen,global,5301213,6431758935,Potamogeton praelongus Wulfen,2026-07-03T11:31:04,2026,iNaturalist research-grade observations,28eb1a3f-1c15-4a95-931a-4af90ecb574d,Canada,Alberta,54.827342,-113.533805,HUMAN_OBSERVATION,https://inaturalist-open-data.s3.amazonaws.com/photos/692146652/original.jpg,http://creativecommons.org/publicdomain/zero/1.0/,Kallum McDonald,Kallum McDonald,True
Potamogeton praelongus,Potamogeton praelongus Wulfen,global,5301213,6441020902,Potamogeton praelongus Wulfen,2026-07-13T11:12:11,2026,iNaturalist research-grade observations,28eb1a3f-1c15-4a95-931a-4af90ecb574d,Canada,Québec,45.732889,-71.417389,HUMAN_OBSERVATION,https://inaturalist-open-data.s3.amazonaws.com/photos/697235464/original.jpg,http://creativecommons.org/licenses/by-nc/4.0/,ellimac444,ellimac444,False
Potamogeton praelongus,Potamogeton praelongus Wulfen,global,5301213,6441020902,Potamogeton praelongus Wulfen,2026-07-13T11:12:11,2026,iNaturalist research-grade observations,28eb1a3f-1c15-4a95-931a-4af90ecb574d,Canada,Québec,45.732889,-71.417389,HUMAN_OBSERVATION,https://inaturalist-open-data.s3.amazonaws.com/photos/697235538/original.jpg,http://creativecommons.org/licenses/by-nc/4.0/,ellimac444,ellimac444,False
Potamogeton praelongus,Potamogeton praelongus Wulfen,global,5301213,6441024918,Potamogeton praelongus Wulfen,2026-07-11T15:08:32,2026,iNaturalist research-grade observations,28eb1a3f-1c15-4a95-931a-4af90ecb574d,Germany,Bayern,47.816123,12.840992,HUMAN_OBSERVATION,https://inaturalist-open-data.s3.amazonaws.com/photos/695751789/original.jpg,http://creativecommons.org/licenses/by-nc/4.0/,Filip Vyskočil,Filip Vyskočil,False
Potamogeton praelongus,Potamogeton praelongus Wulfen,global,5301213,6441024918,Potamogeton praelongus Wulfen,2026-07-11T15:08:32,2026,iNaturalist research-grade observations,28eb1a3f-1c15-4a95-931a-4af90ecb574d,Germany,Bayern,47.816123,12.840992,HUMAN_OBSERVATION,https://inaturalist-open-data.s3.amazonaws.com/photos/695751961/original.jpg,http://creativecommons.org/licenses/by-nc/4.0/,Filip Vyskočil,Filip Vyskočil,False
Potamogeton praelongus,Potamogeton praelongus Wulfen,global,5301213,6441024918,Potamogeton praelongus Wulfen,2026-07-11T15:08:32,2026,iNaturalist research-grade observations,28eb1a3f-1c15-4a95-931a-4af90ecb574d,Germany,Bayern,47.816123,12.840992,HUMAN_OBSERVATION,https://inaturalist-open-data.s3.amazonaws.com/photos/695752177/original.jpg,http://creativecommons.org/licenses/by-nc/4.0/,Filip Vyskočil,Filip Vyskočil,False
Potamogeton praelongus,Potamogeton praelongus Wulfen,global,5301213,6441173929,Potamogeton praelongus Wulfen,2026-07-07T09:15:50,2026,iNaturalist research-grade observations,28eb1a3f-1c15-4a95-931a-4af90ecb574d,United States of America,Minnesota,44.871153,-93.696297,HUMAN_OBSERVATION,https://inaturalist-open-data.s3.amazonaws.com/photos/693367785/original.jpg,http://creativecommons.org/publicdomain/zero/1.0/,vandenbrink,vandenbrink,True
Potamogeton praelongus,Potamogeton praelongus Wulfen,global,5301213,6441173929,Potamogeton praelongus Wulfen,2026-07-07T09:15:50,2026,iNaturalist research-grade observations,28eb1a3f-1c15-4a95-931a-4af90ecb574d,United States of America,Minnesota,44.871153,-93.696297,HUMAN_OBSERVATION,https://inaturalist-open-data.s3.amazonaws.com/photos/693368746/original.jpg,http://creativecommons.org/publicdomain/zero/1.0/,vandenbrink,vandenbrink,True
Potamogeton praelongus,Potamogeton praelongus Wulfen,global,5301213,6441173929,Potamogeton praelongus Wulfen,2026-07-07T09:15:50,2026,iNaturalist research-grade observations,28eb1a3f-1c15-4a95-931a-4af90ecb574d,United States of America,Minnesota,44.871153,-93.696297,HUMAN_OBSERVATION,https://inaturalist-open-data.s3.amazonaws.com/photos/693369309/original.jpg,http://creativecommons.org/publicdomain/zero/1.0/,vandenbrink,vandenbrink,True
Potamogeton praelongus,Potamogeton praelongus Wulfen,global,5301213,6441173929,Potamogeton praelongus Wulfen,2026-07-07T09:15:50,2026,iNaturalist research-grade observations,28eb1a3f-1c15-4a95-931a-4af90ecb574d,United States of America,Minnesota,44.871153,-93.696297,HUMAN_OBSERVATION,https://inaturalist-open-data.s3.amazonaws.com/photos/693369447/original.jpg,http://creativecommons.org/publicdomain/zero/1.0/,vandenbrink,vandenbrink,True
Potamogeton praelongus,Potamogeton praelongus Wulfen,global,5301213,6441173929,Potamogeton praelongus Wulfen,2026-07-07T09:15:50,2026,iNaturalist research-grade observations,28eb1a3f-1c15-4a95-931a-4af90ecb574d,United States of America,Minnesota,44.871153,-93.696297,HUMAN_OBSERVATION,https://inaturalist-open-data.s3.amazonaws.com/photos/693369526/original.jpg,http://creativecommons.org/publicdomain/zero/1.0/,vandenbrink,vandenbrink,True
Potamogeton praelongus,Potamogeton praelongus Wulfen,global,5301213,6441535869,Potamogeton praelongus Wulfen,2026-07-11T14:37,2026,iNaturalist research-grade observations,28eb1a3f-1c15-4a95-931a-4af90ecb574d,Germany,Bayern,47.81625,12.840929,HUMAN_OBSERVATION,https://inaturalist-open-data.s3.amazonaws.com/photos/696707144/original.jpg,http://creativecommons.org/licenses/by-nc/4.0/,Vojtěch Vyskočil,Vojtěch Vyskočil,False
Potamogeton praelongus,Potamogeton praelongus Wulfen,global,5301213,6441535869,Potamogeton praelongus Wulfen,2026-07-11T14:37,2026,iNaturalist research-grade observations,28eb1a3f-1c15-4a95-931a-4af90ecb574d,Germany,Bayern,47.81625,12.840929,HUMAN_OBSERVATION,https://inaturalist-open-data.s3.amazonaws.com/photos/696707303/original.jpg,http://creativecommons.org/licenses/by-nc/4.0/,Vojtěch Vyskočil,Vojtěch Vyskočil,False
Potamogeton praelongus,Potamogeton praelongus Wulfen,global,5301213,6441535869,Potamogeton praelongus Wulfen,2026-07-11T14:37,2026,iNaturalist research-grade observations,28eb1a3f-1c15-4a95-931a-4af90ecb574d,Germany,Bayern,47.81625,12.840929,HUMAN_OBSERVATION,https://inaturalist-open-data.s3.amazonaws.com/photos/696707288/original.jpg,http://creativecommons.org/licenses/by-nc/4.0/,Vojtěch Vyskočil,Vojtěch Vyskočil,False
Potamogeton praelongus,Potamogeton praelongus Wulfen,global,5301213,6441535869,Potamogeton praelongus Wulfen,2026-07-11T14:37,2026,iNaturalist research-grade observations,28eb1a3f-1c15-4a95-931a-4af90ecb574d,Germany,Bayern,47.81625,12.840929,HUMAN_OBSERVATION,https://inaturalist-open-data.s3.amazonaws.com/photos/696707400/original.jpg,http://creativecommons.org/licenses/by-nc/4.0/,Vojtěch Vyskočil,Vojtěch Vyskočil,False
Potamogeton praelongus,Potamogeton praelongus Wulfen,global,5301213,6441875629,Potamogeton praelongus Wulfen,2026-07-07T18:13:44,2026,iNaturalist research-grade observations,28eb1a3f-1c15-4a95-931a-4af90ecb574d,Canada,British Columbia,51.263233,-116.982069,HUMAN_OBSERVATION,https://inaturalist-open-data.s3.amazonaws.com/photos/694398226/original.jpg,http://creativecommons.org/licenses/by-nc/4.0/,haydenob,haydenob,False
Potamogeton praelongus,Potamogeton praelongus Wulfen,global,5301213,6441875629,Potamogeton praelongus Wulfen,2026-07-07T18:13:44,2026,iNaturalist research-grade observations,28eb1a3f-1c15-4a95-931a-4af90ecb574d,Canada,British Columbia,51.263233,-116.982069,HUMAN_OBSERVATION,https://inaturalist-open-data.s3.amazonaws.com/photos/694398243/original.jpg,http://creativecommons.org/licenses/by-nc/4.0/,haydenob,haydenob,False
Potamogeton praelongus,Potamogeton praelongus Wulfen,global,5301213,6441875629,Potamogeton praelongus Wulfen,2026-07-07T18:13:44,2026,iNaturalist research-grade observations,28eb1a3f-1c15-4a95-931a-4af90ecb574d,Canada,British Columbia,51.263233,-116.982069,HUMAN_OBSERVATION,https://inaturalist-open-data.s3.amazonaws.com/photos/694398263/original.jpg,http://creativecommons.org/licenses/by-nc/4.0/,haydenob,haydenob,False
Potamogeton praelongus,Potamogeton praelongus Wulfen,global,5301213,6441875629,Potamogeton praelongus Wulfen,2026-07-07T18:13:44,2026,iNaturalist research-grade observations,28eb1a3f-1c15-4a95-931a-4af90ecb574d,Canada,British Columbia,51.263233,-116.982069,HUMAN_OBSERVATION,https://inaturalist-open-data.s3.amazonaws.com/photos/694398295/original.jpg,http://creativecommons.org/licenses/by-nc/4.0/,haydenob,haydenob,False
Potamogeton praelongus,Potamogeton praelongus Wulfen,global,5301213,6441875629,Potamogeton praelongus Wulfen,2026-07-07T18:13:44,2026,iNaturalist research-grade observations,28eb1a3f-1c15-4a95-931a-4af90ecb574d,Canada,British Columbia,51.263233,-116.982069,HUMAN_OBSERVATION,https://inaturalist-open-data.s3.amazonaws.com/photos/694398311/original.jpg,http://creativecommons.org/licenses/by-nc/4.0/,haydenob,haydenob,False
Potamogeton praelongus,Potamogeton praelongus Wulfen,global,5301213,6441875629,Potamogeton praelongus Wulfen,2026-07-07T18:13:44,2026,iNaturalist research-grade observations,28eb1a3f-1c15-4a95-931a-4af90ecb574d,Canada,British Columbia,51.263233,-116.982069,HUMAN_OBSERVATION,https://inaturalist-open-data.s3.amazonaws.com/photos/694398329/original.jpg,http://creativecommons.org/licenses/by-nc/4.0/,haydenob,haydenob,False
Potamogeton praelongus,Potamogeton praelongus Wulfen,global,5301213,6441977427,Potamogeton praelongus Wulfen,2026-07-04T06:31,2026,iNaturalist research-grade observations,28eb1a3f-1c15-4a95-931a-4af90ecb574d,United States of America,Minnesota,44.786486,-93.143957,HUMAN_OBSERVATION,https://inaturalist-open-data.s3.amazonaws.com/photos/693959250/original.jpg,http://creativecommons.org/licenses/by-nc/4.0/,sls42,sls42,False
Potamogeton praelongus,Potamogeton praelongus Wulfen,global,5301213,6441977427,Potamogeton praelongus Wulfen,2026-07-04T06:31,2026,iNaturalist research-grade observations,28eb1a3f-1c15-4a95-931a-4af90ecb574d,United States of America,Minnesota,44.786486,-93.143957,HUMAN_OBSERVATION,https://inaturalist-open-data.s3.amazonaws.com/photos/693959254/original.jpg,http://creativecommons.org/licenses/by-nc/4.0/,sls42,sls42,False
Potamogeton praelongus,Potamogeton praelongus Wulfen,great_lakes_bbox,5301213,6186158633,Potamogeton praelongus Wulfen,2026-03-25T13:35:17,2026,iNaturalist research-grade observations,28eb1a3f-1c15-4a95-931a-4af90ecb574d,Canada,Ontario,44.237287,-76.617662,HUMAN_OBSERVATION,https://inaturalist-open-data.s3.amazonaws.com/photos/628946423/original.jpg,http://creativecommons.org/licenses/by-nc/4.0/,George Cook,George Cook,False
Potamogeton praelongus,Potamogeton praelongus Wulfen,great_lakes_bbox,5301213,6186158633,Potamogeton praelongus Wulfen,2026-03-25T13:35:17,2026,iNaturalist research-grade observations,28eb1a3f-1c15-4a95-931a-4af90ecb574d,Canada,Ontario,44.237287,-76.617662,HUMAN_OBSERVATION,https://inaturalist-open-data.s3.amazonaws.com/photos/628946451/original.jpg,http://creativecommons.org/licenses/by-nc/4.0/,George Cook,George Cook,False
Potamogeton praelongus,Potamogeton praelongus Wulfen,great_lakes_bbox,5301213,6186158633,Potamogeton praelongus Wulfen,2026-03-25T13:35:17,2026,iNaturalist research-grade observations,28eb1a3f-1c15-4a95-931a-4af90ecb574d,Canada,Ontario,44.237287,-76.617662,HUMAN_OBSERVATION,https://inaturalist-open-data.s3.amazonaws.com/photos/629455450/original.jpg,http://creativecommons.org/licenses/by-nc/4.0/,George Cook,George Cook,False
Potamogeton richardsonii,Potamogeton richardsonii (A.Benn.) Rydb.,global,5301198,5938353092,Potamogeton richardsonii (A.Benn.) Rydb.,2026-01-03T14:49:58,2026,iNaturalist research-grade observations,28eb1a3f-1c15-4a95-931a-4af90ecb574d,United States of America,New York,43.320101,-77.728082,HUMAN_OBSERVATION,https://inaturalist-open-data.s3.amazonaws.com/photos/605140988/original.jpg,http://creativecommons.org/licenses/by-nc/4.0/,Jennifer Rycenga,Jennifer Rycenga,False
Potamogeton richardsonii,Potamogeton richardsonii (A.Benn.) Rydb.,global,5301198,5938353092,Potamogeton richardsonii (A.Benn.) Rydb.,2026-01-03T14:49:58,2026,iNaturalist research-grade observations,28eb1a3f-1c15-4a95-931a-4af90ecb574d,United States of America,New York,43.320101,-77.728082,HUMAN_OBSERVATION,https://inaturalist-open-data.s3.amazonaws.com/photos/605140989/original.jpg,http://creativecommons.org/licenses/by-nc/4.0/,Jennifer Rycenga,Jennifer Rycenga,False
Potamogeton richardsonii,Potamogeton richardsonii (A.Benn.) Rydb.,global,5301198,6320690909,Potamogeton richardsonii (A.Benn.) Rydb.,2026-05-17T19:31:29,2026,iNaturalist research-grade observations,28eb1a3f-1c15-4a95-931a-4af90ecb574d,Canada,Ontario,48.370838,-88.801797,HUMAN_OBSERVATION,https://inaturalist-open-data.s3.amazonaws.com/photos/661782777/original.jpg,http://creativecommons.org/licenses/by-nc/4.0/,edelweissprice,edelweissprice,False
Potamogeton richardsonii,Potamogeton richardsonii (A.Benn.) Rydb.,global,5301198,6320690909,Potamogeton richardsonii (A.Benn.) Rydb.,2026-05-17T19:31:29,2026,iNaturalist research-grade observations,28eb1a3f-1c15-4a95-931a-4af90ecb574d,Canada,Ontario,48.370838,-88.801797,HUMAN_OBSERVATION,https://inaturalist-open-data.s3.amazonaws.com/photos/661782770/original.jpg,http://creativecommons.org/licenses/by-nc/4.0/,edelweissprice,edelweissprice,False
Potamogeton richardsonii,Potamogeton richardsonii (A.Benn.) Rydb.,global,5301198,6334057441,Potamogeton richardsonii (A.Benn.) Rydb.,2026-05-24T11:14:23,2026,iNaturalist research-grade observations,28eb1a3f-1c15-4a95-931a-4af90ecb574d,Canada,Ontario,45.025038,-75.678732,HUMAN_OBSERVATION,https://inaturalist-open-data.s3.amazonaws.com/photos/665812092/original.jpg,http://creativecommons.org/licenses/by-nc/4.0/,nathanorbrandon,nathanorbrandon,False
Potamogeton richardsonii,Potamogeton richardsonii (A.Benn.) Rydb.,global,5301198,6352421361,Potamogeton richardsonii (A.Benn.) Rydb.,2026-05-31T13:37:05,2026,iNaturalist research-grade observations,28eb1a3f-1c15-4a95-931a-4af90ecb574d,Canada,Saskatchewan,52.161206,-106.58331,HUMAN_OBSERVATION,https://inaturalist-open-data.s3.amazonaws.com/photos/670714712/original.jpg,http://creativecommons.org/licenses/by-nc/4.0/,Stacy Simpkins,Stacy Simpkins,False
Potamogeton richardsonii,Potamogeton richardsonii (A.Benn.) Rydb.,global,5301198,6352895485,Potamogeton richardsonii (A.Benn.) Rydb.,2026-05-30T12:43:13,2026,iNaturalist research-grade observations,28eb1a3f-1c15-4a95-931a-4af90ecb574d,Canada,Alberta,53.837783,-113.32743,HUMAN_OBSERVATION,https://inaturalist-open-data.s3.amazonaws.com/photos/670042978/original.jpg,http://creativecommons.org/publicdomain/zero/1.0/,Kallum McDonald,Kallum McDonald,True
Potamogeton richardsonii,Potamogeton richardsonii (A.Benn.) Rydb.,global,5301198,6398607030,Potamogeton richardsonii (A.Benn.) Rydb.,2026-06-04T16:48:36,2026,iNaturalist research-grade observations,28eb1a3f-1c15-4a95-931a-4af90ecb574d,Canada,Alberta,53.528013,-114.290237,HUMAN_OBSERVATION,https://inaturalist-open-data.s3.amazonaws.com/photos/673095996/original.jpg,http://creativecommons.org/publicdomain/zero/1.0/,Kallum McDonald,Kallum McDonald,True
Potamogeton richardsonii,Potamogeton richardsonii (A.Benn.) Rydb.,global,5301198,6398607030,Potamogeton richardsonii (A.Benn.) Rydb.,2026-06-04T16:48:36,2026,iNaturalist research-grade observations,28eb1a3f-1c15-4a95-931a-4af90ecb574d,Canada,Alberta,53.528013,-114.290237,HUMAN_OBSERVATION,https://inaturalist-open-data.s3.amazonaws.com/photos/673096002/original.jpg,http://creativecommons.org/publicdomain/zero/1.0/,Kallum McDonald,Kallum McDonald,True
Potamogeton richardsonii,Potamogeton richardsonii (A.Benn.) Rydb.,global,5301198,6398607030,Potamogeton richardsonii (A.Benn.) Rydb.,2026-06-04T16:48:36,2026,iNaturalist research-grade observations,28eb1a3f-1c15-4a95-931a-4af90ecb574d,Canada,Alberta,53.528013,-114.290237,HUMAN_OBSERVATION,https://inaturalist-open-data.s3.amazonaws.com/photos/673096004/original.jpg,http://creativecommons.org/publicdomain/zero/1.0/,Kallum McDonald,Kallum McDonald,True
Potamogeton richardsonii,Potamogeton richardsonii (A.Benn.) Rydb.,global,5301198,6398607030,Potamogeton richardsonii (A.Benn.) Rydb.,2026-06-04T16:48:36,2026,iNaturalist research-grade observations,28eb1a3f-1c15-4a95-931a-4af90ecb574d,Canada,Alberta,53.528013,-114.290237,HUMAN_OBSERVATION,https://inaturalist-open-data.s3.amazonaws.com/photos/673096003/original.jpg,http://creativecommons.org/publicdomain/zero/1.0/,Kallum McDonald,Kallum McDonald,True
Potamogeton richardsonii,Potamogeton richardsonii (A.Benn.) Rydb.,global,5301198,6398691655,Potamogeton richardsonii (A.Benn.) Rydb.,2026-06-09T13:51:49,2026,iNaturalist research-grade observations,28eb1a3f-1c15-4a95-931a-4af90ecb574d,Canada,Ontario,44.533106,-76.582957,HUMAN_OBSERVATION,https://inaturalist-open-data.s3.amazonaws.com/photos/676660087/original.jpg,http://creativecommons.org/licenses/by-nc/4.0/,Dale Kristensen,Dale Kristensen,False
Potamogeton richardsonii,Potamogeton richardsonii (A.Benn.) Rydb.,global,5301198,6398758750,Potamogeton richardsonii (A.Benn.) Rydb.,2026-06-03T10:44,2026,iNaturalist research-grade observations,28eb1a3f-1c15-4a95-931a-4af90ecb574d,United States of America,Minnesota,45.984372,-93.278528,HUMAN_OBSERVATION,https://inaturalist-open-data.s3.amazonaws.com/photos/676618783/original.jpg,http://creativecommons.org/licenses/by-nc/4.0/,sls42,sls42,False
Potamogeton richardsonii,Potamogeton richardsonii (A.Benn.) Rydb.,global,5301198,6399191280,Potamogeton richardsonii (A.Benn.) Rydb.,2026-06-04T15:19:15,2026,iNaturalist research-grade observations,28eb1a3f-1c15-4a95-931a-4af90ecb574d,Canada,Alberta,53.557997,-114.73361,HUMAN_OBSERVATION,https://inaturalist-open-data.s3.amazonaws.com/photos/673099876/original.jpg,http://creativecommons.org/publicdomain/zero/1.0/,Kallum McDonald,Kallum McDonald,True
Potamogeton richardsonii,Potamogeton richardsonii (A.Benn.) Rydb.,global,5301198,6399191280,Potamogeton richardsonii (A.Benn.) Rydb.,2026-06-04T15:19:15,2026,iNaturalist research-grade observations,28eb1a3f-1c15-4a95-931a-4af90ecb574d,Canada,Alberta,53.557997,-114.73361,HUMAN_OBSERVATION,https://inaturalist-open-data.s3.amazonaws.com/photos/673099877/original.jpg,http://creativecommons.org/publicdomain/zero/1.0/,Kallum McDonald,Kallum McDonald,True
Potamogeton richardsonii,Potamogeton richardsonii (A.Benn.) Rydb.,global,5301198,6399202819,Potamogeton richardsonii (A.Benn.) Rydb.,2026-06-03T10:10,2026,iNaturalist research-grade observations,28eb1a3f-1c15-4a95-931a-4af90ecb574d,United States of America,Vermont,43.992659,-72.117082,HUMAN_OBSERVATION,https://inaturalist-open-data.s3.amazonaws.com/photos/672984836/original.jpg,http://creativecommons.org/licenses/by-nc/4.0/,hollyyoung,hollyyoung,False
Potamogeton richardsonii,Potamogeton richardsonii (A.Benn.) Rydb.,global,5301198,6399202819,Potamogeton richardsonii (A.Benn.) Rydb.,2026-06-03T10:10,2026,iNaturalist research-grade observations,28eb1a3f-1c15-4a95-931a-4af90ecb574d,United States of America,Vermont,43.992659,-72.117082,HUMAN_OBSERVATION,https://inaturalist-open-data.s3.amazonaws.com/photos/673058109/original.jpg,http://creativecommons.org/licenses/by-nc/4.0/,hollyyoung,hollyyoung,False
Potamogeton richardsonii,Potamogeton richardsonii (A.Benn.) Rydb.,global,5301198,6399202819,Potamogeton richardsonii (A.Benn.) Rydb.,2026-06-03T10:10,2026,iNaturalist research-grade observations,28eb1a3f-1c15-4a95-931a-4af90ecb574d,United States of America,Vermont,43.992659,-72.117082,HUMAN_OBSERVATION,https://inaturalist-open-data.s3.amazonaws.com/photos/673058118/original.jpg,http://creativecommons.org/licenses/by-nc/4.0/,hollyyoung,hollyyoung,False
Potamogeton richardsonii,Potamogeton richardsonii (A.Benn.) Rydb.,global,5301198,6399202819,Potamogeton richardsonii (A.Benn.) Rydb.,2026-06-03T10:10,2026,iNaturalist research-grade observations,28eb1a3f-1c15-4a95-931a-4af90ecb574d,United States of America,Vermont,43.992659,-72.117082,HUMAN_OBSERVATION,https://inaturalist-open-data.s3.amazonaws.com/photos/673058123/original.jpg,http://creativecommons.org/licenses/by-nc/4.0/,hollyyoung,hollyyoung,False
Potamogeton richardsonii,Potamogeton richardsonii (A.Benn.) Rydb.,global,5301198,6399211898,Potamogeton richardsonii (A.Benn.) Rydb.,2026-06-04T16:42:59,2026,iNaturalist research-grade observations,28eb1a3f-1c15-4a95-931a-4af90ecb574d,Canada,Alberta,53.528072,-114.29013,HUMAN_OBSERVATION,https://inaturalist-open-data.s3.amazonaws.com/photos/673096544/original.jpg,http://creativecommons.org/publicdomain/zero/1.0/,Kallum McDonald,Kallum McDonald,True
Potamogeton richardsonii,Potamogeton richardsonii (A.Benn.) Rydb.,global,5301198,6399211898,Potamogeton richardsonii (A.Benn.) Rydb.,2026-06-04T16:42:59,2026,iNaturalist research-grade observations,28eb1a3f-1c15-4a95-931a-4af90ecb574d,Canada,Alberta,53.528072,-114.29013,HUMAN_OBSERVATION,https://inaturalist-open-data.s3.amazonaws.com/photos/673096547/original.jpg,http://creativecommons.org/publicdomain/zero/1.0/,Kallum McDonald,Kallum McDonald,True
Potamogeton richardsonii,Potamogeton richardsonii (A.Benn.) Rydb.,global,5301198,6399211898,Potamogeton richardsonii (A.Benn.) Rydb.,2026-06-04T16:42:59,2026,iNaturalist research-grade observations,28eb1a3f-1c15-4a95-931a-4af90ecb574d,Canada,Alberta,53.528072,-114.29013,HUMAN_OBSERVATION,https://inaturalist-open-data.s3.amazonaws.com/photos/673096548/original.jpg,http://creativecommons.org/publicdomain/zero/1.0/,Kallum McDonald,Kallum McDonald,True
Potamogeton richardsonii,Potamogeton richardsonii (A.Benn.) Rydb.,global,5301198,6399211898,Potamogeton richardsonii (A.Benn.) Rydb.,2026-06-04T16:42:59,2026,iNaturalist research-grade observations,28eb1a3f-1c15-4a95-931a-4af90ecb574d,Canada,Alberta,53.528072,-114.29013,HUMAN_OBSERVATION,https://inaturalist-open-data.s3.amazonaws.com/photos/673096550/original.jpg,http://creativecommons.org/publicdomain/zero/1.0/,Kallum McDonald,Kallum McDonald,True
Potamogeton richardsonii,Potamogeton richardsonii (A.Benn.) Rydb.,global,5301198,6399247249,Potamogeton richardsonii (A.Benn.) Rydb.,2026-06-04T16:44:51,2026,iNaturalist research-grade observations,28eb1a3f-1c15-4a95-931a-4af90ecb574d,Canada,Alberta,53.528058,-114.290222,HUMAN_OBSERVATION,https://inaturalist-open-data.s3.amazonaws.com/photos/673096501/original.jpg,http://creativecommons.org/publicdomain/zero/1.0/,Kallum McDonald,Kallum McDonald,True
Potamogeton richardsonii,Potamogeton richardsonii (A.Benn.) Rydb.,global,5301198,6399247249,Potamogeton richardsonii (A.Benn.) Rydb.,2026-06-04T16:44:51,2026,iNaturalist research-grade observations,28eb1a3f-1c15-4a95-931a-4af90ecb574d,Canada,Alberta,53.528058,-114.290222,HUMAN_OBSERVATION,https://inaturalist-open-data.s3.amazonaws.com/photos/673096505/original.jpg,http://creativecommons.org/publicdomain/zero/1.0/,Kallum McDonald,Kallum McDonald,True
Potamogeton richardsonii,Potamogeton richardsonii (A.Benn.) Rydb.,global,5301198,6399247249,Potamogeton richardsonii (A.Benn.) Rydb.,2026-06-04T16:44:51,2026,iNaturalist research-grade observations,28eb1a3f-1c15-4a95-931a-4af90ecb574d,Canada,Alberta,53.528058,-114.290222,HUMAN_OBSERVATION,https://inaturalist-open-data.s3.amazonaws.com/photos/673096513/original.jpg,http://creativecommons.org/publicdomain/zero/1.0/,Kallum McDonald,Kallum McDonald,True
Potamogeton richardsonii,Potamogeton richardsonii (A.Benn.) Rydb.,global,5301198,6399247249,Potamogeton richardsonii (A.Benn.) Rydb.,2026-06-04T16:44:51,2026,iNaturalist research-grade observations,28eb1a3f-1c15-4a95-931a-4af90ecb574d,Canada,Alberta,53.528058,-114.290222,HUMAN_OBSERVATION,https://inaturalist-open-data.s3.amazonaws.com/photos/673096504/original.jpg,http://creativecommons.org/publicdomain/zero/1.0/,Kallum McDonald,Kallum McDonald,True
Potamogeton richardsonii,Potamogeton richardsonii (A.Benn.) Rydb.,global,5301198,6399279396,Potamogeton richardsonii (A.Benn.) Rydb.,2026-06-03T18:26:23,2026,iNaturalist research-grade observations,28eb1a3f-1c15-4a95-931a-4af90ecb574d,Canada,Alberta,53.556488,-116.766822,HUMAN_OBSERVATION,https://inaturalist-open-data.s3.amazonaws.com/photos/673150074/original.jpg,http://creativecommons.org/publicdomain/zero/1.0/,Kallum McDonald,Kallum McDonald,True
Potamogeton richardsonii,Potamogeton richardsonii (A.Benn.) Rydb.,global,5301198,6399279396,Potamogeton richardsonii (A.Benn.) Rydb.,2026-06-03T18:26:23,2026,iNaturalist research-grade observations,28eb1a3f-1c15-4a95-931a-4af90ecb574d,Canada,Alberta,53.556488,-116.766822,HUMAN_OBSERVATION,https://inaturalist-open-data.s3.amazonaws.com/photos/673150077/original.jpg,http://creativecommons.org/publicdomain/zero/1.0/,Kallum McDonald,Kallum McDonald,True
Potamogeton richardsonii,Potamogeton richardsonii (A.Benn.) Rydb.,global,5301198,6399279396,Potamogeton richardsonii (A.Benn.) Rydb.,2026-06-03T18:26:23,2026,iNaturalist research-grade observations,28eb1a3f-1c15-4a95-931a-4af90ecb574d,Canada,Alberta,53.556488,-116.766822,HUMAN_OBSERVATION,https://inaturalist-open-data.s3.amazonaws.com/photos/673150076/original.jpg,http://creativecommons.org/publicdomain/zero/1.0/,Kallum McDonald,Kallum McDonald,True
Potamogeton richardsonii,Potamogeton richardsonii (A.Benn.) Rydb.,global,5301198,6399701249,Potamogeton richardsonii (A.Benn.) Rydb.,2026-06-06T17:32:44,2026,iNaturalist research-grade observations,28eb1a3f-1c15-4a95-931a-4af90ecb574d,Canada,Ontario,44.873153,-79.85693,HUMAN_OBSERVATION,https://inaturalist-open-data.s3.amazonaws.com/photos/676366478/original.jpg,http://creativecommons.org/licenses/by-nc/4.0/,Rob Routledge,Rob Routledge,False
Potamogeton richardsonii,Potamogeton richardsonii (A.Benn.) Rydb.,global,5301198,6399701249,Potamogeton richardsonii (A.Benn.) Rydb.,2026-06-06T17:32:44,2026,iNaturalist research-grade observations,28eb1a3f-1c15-4a95-931a-4af90ecb574d,Canada,Ontario,44.873153,-79.85693,HUMAN_OBSERVATION,https://inaturalist-open-data.s3.amazonaws.com/photos/676366501/original.jpg,http://creativecommons.org/licenses/by-nc/4.0/,Rob Routledge,Rob Routledge,False
Potamogeton richardsonii,Potamogeton richardsonii (A.Benn.) Rydb.,global,5301198,6399701249,Potamogeton richardsonii (A.Benn.) Rydb.,2026-06-06T17:32:44,2026,iNaturalist research-grade observations,28eb1a3f-1c15-4a95-931a-4af90ecb574d,Canada,Ontario,44.873153,-79.85693,HUMAN_OBSERVATION,https://inaturalist-open-data.s3.amazonaws.com/photos/676366524/original.jpg,http://creativecommons.org/licenses/by-nc/4.0/,Rob Routledge,Rob Routledge,False
Potamogeton richardsonii,Potamogeton richardsonii (A.Benn.) Rydb.,global,5301198,6399701249,Potamogeton richardsonii (A.Benn.) Rydb.,2026-06-06T17:32:44,2026,iNaturalist research-grade observations,28eb1a3f-1c15-4a95-931a-4af90ecb574d,Canada,Ontario,44.873153,-79.85693,HUMAN_OBSERVATION,https://inaturalist-open-data.s3.amazonaws.com/photos/676366539/original.jpg,http://creativecommons.org/licenses/by-nc/4.0/,Rob Routledge,Rob Routledge,False
Potamogeton richardsonii,Potamogeton richardsonii (A.Benn.) Rydb.,global,5301198,6399701249,Potamogeton richardsonii (A.Benn.) Rydb.,2026-06-06T17:32:44,2026,iNaturalist research-grade observations,28eb1a3f-1c15-4a95-931a-4af90ecb574d,Canada,Ontario,44.873153,-79.85693,HUMAN_OBSERVATION,https://inaturalist-open-data.s3.amazonaws.com/photos/676366562/original.jpg,http://creativecommons.org/licenses/by-nc/4.0/,Rob Routledge,Rob Routledge,False
Potamogeton richardsonii,Potamogeton richardsonii (A.Benn.) Rydb.,global,5301198,6399943322,Potamogeton richardsonii (A.Benn.) Rydb.,2026-06-04T19:33:17,2026,iNaturalist research-grade observations,28eb1a3f-1c15-4a95-931a-4af90ecb574d,United States of America,Michigan,44.931462,-84.693428,HUMAN_OBSERVATION,https://inaturalist-open-data.s3.amazonaws.com/photos/673044017/original.jpg,http://creativecommons.org/licenses/by-nc/4.0/,ed,ed,False
Potamogeton richardsonii,Potamogeton richardsonii (A.Benn.) Rydb.,global,5301198,6400115766,Potamogeton richardsonii (A.Benn.) Rydb.,2026-06-11T15:03:27,2026,iNaturalist research-grade observations,28eb1a3f-1c15-4a95-931a-4af90ecb574d,United States of America,Michigan,45.572693,-84.74523,HUMAN_OBSERVATION,https://inaturalist-open-data.s3.amazonaws.com/photos/679821161/original.jpg,http://creativecommons.org/licenses/by-nc/4.0/,mcassels,mcassels,False
Potamogeton richardsonii,Potamogeton richardsonii (A.Benn.) Rydb.,global,5301198,6400115766,Potamogeton richardsonii (A.Benn.) Rydb.,2026-06-11T15:03:27,2026,iNaturalist research-grade observations,28eb1a3f-1c15-4a95-931a-4af90ecb574d,United States of America,Michigan,45.572693,-84.74523,HUMAN_OBSERVATION,https://inaturalist-open-data.s3.amazonaws.com/photos/679821227/original.jpg,http://creativecommons.org/licenses/by-nc/4.0/,mcassels,mcassels,False
Potamogeton richardsonii,Potamogeton richardsonii (A.Benn.) Rydb.,global,5301198,6400115766,Potamogeton richardsonii (A.Benn.) Rydb.,2026-06-11T15:03:27,2026,iNaturalist research-grade observations,28eb1a3f-1c15-4a95-931a-4af90ecb574d,United States of America,Michigan,45.572693,-84.74523,HUMAN_OBSERVATION,https://inaturalist-open-data.s3.amazonaws.com/photos/679821277/original.jpg,http://creativecommons.org/licenses/by-nc/4.0/,mcassels,mcassels,False
Potamogeton richardsonii,Potamogeton richardsonii (A.Benn.) Rydb.,global,5301198,6400459585,Potamogeton richardsonii (A.Benn.) Rydb.,2026-06-04T16:58:43,2026,iNaturalist research-grade observations,28eb1a3f-1c15-4a95-931a-4af90ecb574d,Canada,Alberta,53.52768,-114.290733,HUMAN_OBSERVATION,https://inaturalist-open-data.s3.amazonaws.com/photos/673094418/original.jpg,http://creativecommons.org/publicdomain/zero/1.0/,Kallum McDonald,Kallum McDonald,True
Potamogeton richardsonii,Potamogeton richardsonii (A.Benn.) Rydb.,global,5301198,6400459585,Potamogeton richardsonii (A.Benn.) Rydb.,2026-06-04T16:58:43,2026,iNaturalist research-grade observations,28eb1a3f-1c15-4a95-931a-4af90ecb574d,Canada,Alberta,53.52768,-114.290733,HUMAN_OBSERVATION,https://inaturalist-open-data.s3.amazonaws.com/photos/673094417/original.jpg,http://creativecommons.org/publicdomain/zero/1.0/,Kallum McDonald,Kallum McDonald,True
Potamogeton richardsonii,Potamogeton richardsonii (A.Benn.) Rydb.,global,5301198,6400459585,Potamogeton richardsonii (A.Benn.) Rydb.,2026-06-04T16:58:43,2026,iNaturalist research-grade observations,28eb1a3f-1c15-4a95-931a-4af90ecb574d,Canada,Alberta,53.52768,-114.290733,HUMAN_OBSERVATION,https://inaturalist-open-data.s3.amazonaws.com/photos/673094419/original.jpg,http://creativecommons.org/publicdomain/zero/1.0/,Kallum McDonald,Kallum McDonald,True
Potamogeton richardsonii,Potamogeton richardsonii (A.Benn.) Rydb.,global,5301198,6400459585,Potamogeton richardsonii (A.Benn.) Rydb.,2026-06-04T16:58:43,2026,iNaturalist research-grade observations,28eb1a3f-1c15-4a95-931a-4af90ecb574d,Canada,Alberta,53.52768,-114.290733,HUMAN_OBSERVATION,https://inaturalist-open-data.s3.amazonaws.com/photos/673094422/original.jpg,http://creativecommons.org/publicdomain/zero/1.0/,Kallum McDonald,Kallum McDonald,True
Potamogeton richardsonii,Potamogeton richardsonii (A.Benn.) Rydb.,global,5301198,6400533475,Potamogeton richardsonii (A.Benn.) Rydb.,2026-06-11T21:18:21,2026,iNaturalist research-grade observations,28eb1a3f-1c15-4a95-931a-4af90ecb574d,Canada,Ontario,46.968012,-84.684022,HUMAN_OBSERVATION,https://inaturalist-open-data.s3.amazonaws.com/photos/677600165/original.jpg,http://creativecommons.org/licenses/by-nc/4.0/,renaudkasey,renaudkasey,False
Potamogeton richardsonii,Potamogeton richardsonii (A.Benn.) Rydb.,global,5301198,6400535837,Potamogeton richardsonii (A.Benn.) Rydb.,2026-06-05T11:33:48,2026,iNaturalist research-grade observations,28eb1a3f-1c15-4a95-931a-4af90ecb574d,United States of America,Pennsylvania,41.563962,-75.707742,HUMAN_OBSERVATION,https://inaturalist-open-data.s3.amazonaws.com/photos/673415262/original.jpg,http://creativecommons.org/licenses/by-nc/4.0/,Kylie Wirebach,Kylie Wirebach,False
Potamogeton richardsonii,Potamogeton richardsonii (A.Benn.) Rydb.,global,5301198,6400535837,Potamogeton richardsonii (A.Benn.) Rydb.,2026-06-05T11:33:48,2026,iNaturalist research-grade observations,28eb1a3f-1c15-4a95-931a-4af90ecb574d,United States of America,Pennsylvania,41.563962,-75.707742,HUMAN_OBSERVATION,https://inaturalist-open-data.s3.amazonaws.com/photos/673415250/original.jpg,http://creativecommons.org/licenses/by-nc/4.0/,Kylie Wirebach,Kylie Wirebach,False
Potamogeton richardsonii,Potamogeton richardsonii (A.Benn.) Rydb.,global,5301198,6400535837,Potamogeton richardsonii (A.Benn.) Rydb.,2026-06-05T11:33:48,2026,iNaturalist research-grade observations,28eb1a3f-1c15-4a95-931a-4af90ecb574d,United States of America,Pennsylvania,41.563962,-75.707742,HUMAN_OBSERVATION,https://inaturalist-open-data.s3.amazonaws.com/photos/673415251/original.jpg,http://creativecommons.org/licenses/by-nc/4.0/,Kylie Wirebach,Kylie Wirebach,False
Potamogeton richardsonii,Potamogeton richardsonii (A.Benn.) Rydb.,global,5301198,6400535837,Potamogeton richardsonii (A.Benn.) Rydb.,2026-06-05T11:33:48,2026,iNaturalist research-grade observations,28eb1a3f-1c15-4a95-931a-4af90ecb574d,United States of America,Pennsylvania,41.563962,-75.707742,HUMAN_OBSERVATION,https://inaturalist-open-data.s3.amazonaws.com/photos/673415255/original.jpg,http://creativecommons.org/licenses/by-nc/4.0/,Kylie Wirebach,Kylie Wirebach,False
Potamogeton richardsonii,Potamogeton richardsonii (A.Benn.) Rydb.,global,5301198,6400535837,Potamogeton richardsonii (A.Benn.) Rydb.,2026-06-05T11:33:48,2026,iNaturalist research-grade observations,28eb1a3f-1c15-4a95-931a-4af90ecb574d,United States of America,Pennsylvania,41.563962,-75.707742,HUMAN_OBSERVATION,https://inaturalist-open-data.s3.amazonaws.com/photos/673415254/original.jpg,http://creativecommons.org/licenses/by-nc/4.0/,Kylie Wirebach,Kylie Wirebach,False
Potamogeton richardsonii,Potamogeton richardsonii (A.Benn.) Rydb.,global,5301198,6400535837,Potamogeton richardsonii (A.Benn.) Rydb.,2026-06-05T11:33:48,2026,iNaturalist research-grade observations,28eb1a3f-1c15-4a95-931a-4af90ecb574d,United States of America,Pennsylvania,41.563962,-75.707742,HUMAN_OBSERVATION,https://inaturalist-open-data.s3.amazonaws.com/photos/673415239/original.jpg,http://creativecommons.org/licenses/by-nc/4.0/,Kylie Wirebach,Kylie Wirebach,False
Potamogeton richardsonii,Potamogeton richardsonii (A.Benn.) Rydb.,global,5301198,6400535837,Potamogeton richardsonii (A.Benn.) Rydb.,2026-06-05T11:33:48,2026,iNaturalist research-grade observations,28eb1a3f-1c15-4a95-931a-4af90ecb574d,United States of America,Pennsylvania,41.563962,-75.707742,HUMAN_OBSERVATION,https://inaturalist-open-data.s3.amazonaws.com/photos/673415306/original.jpg,http://creativecommons.org/licenses/by-nc/4.0/,Kylie Wirebach,Kylie Wirebach,False
Potamogeton richardsonii,Potamogeton richardsonii (A.Benn.) Rydb.,global,5301198,6400535837,Potamogeton richardsonii (A.Benn.) Rydb.,2026-06-05T11:33:48,2026,iNaturalist research-grade observations,28eb1a3f-1c15-4a95-931a-4af90ecb574d,United States of America,Pennsylvania,41.563962,-75.707742,HUMAN_OBSERVATION,https://inaturalist-open-data.s3.amazonaws.com/photos/673415281/original.jpg,http://creativecommons.org/licenses/by-nc/4.0/,Kylie Wirebach,Kylie Wirebach,False
Potamogeton richardsonii,Potamogeton richardsonii (A.Benn.) Rydb.,global,5301198,6400535837,Potamogeton richardsonii (A.Benn.) Rydb.,2026-06-05T11:33:48,2026,iNaturalist research-grade observations,28eb1a3f-1c15-4a95-931a-4af90ecb574d,United States of America,Pennsylvania,41.563962,-75.707742,HUMAN_OBSERVATION,https://inaturalist-open-data.s3.amazonaws.com/photos/673415301/original.jpg,http://creativecommons.org/licenses/by-nc/4.0/,Kylie Wirebach,Kylie Wirebach,False
Potamogeton richardsonii,Potamogeton richardsonii (A.Benn.) Rydb.,global,5301198,6400884551,Potamogeton richardsonii (A.Benn.) Rydb.,2026-06-14T20:00,2026,iNaturalist research-grade observations,28eb1a3f-1c15-4a95-931a-4af90ecb574d,United States of America,Minnesota,46.886376,-94.357083,HUMAN_OBSERVATION,https://inaturalist-open-data.s3.amazonaws.com/photos/679371472/original.jpg,http://creativecommons.org/licenses/by-nc/4.0/,kdeboer19,kdeboer19,False
Potamogeton richardsonii,Potamogeton richardsonii (A.Benn.) Rydb.,global,5301198,6412931600,Potamogeton richardsonii (A.Benn.) Rydb.,2026-06-20T13:17:56,2026,iNaturalist research-grade observations,28eb1a3f-1c15-4a95-931a-4af90ecb574d,United States of America,Pennsylvania,42.167601,-80.074753,HUMAN_OBSERVATION,https://inaturalist-open-data.s3.amazonaws.com/photos/682834775/original.jpg,http://creativecommons.org/licenses/by-nc/4.0/,photolith,photolith,False
Potamogeton richardsonii,Potamogeton richardsonii (A.Benn.) Rydb.,global,5301198,6412975432,Potamogeton richardsonii (A.Benn.) Rydb.,2026-06-10T10:33:09,2026,iNaturalist research-grade observations,28eb1a3f-1c15-4a95-931a-4af90ecb574d,United States of America,Wisconsin,43.087975,-89.415767,HUMAN_OBSERVATION,https://inaturalist-open-data.s3.amazonaws.com/photos/683499047/original.jpg,http://creativecommons.org/licenses/by-nc/4.0/,Bryn Scriver,Bryn Scriver,False
Potamogeton richardsonii,Potamogeton richardsonii (A.Benn.) Rydb.,global,5301198,6413415403,Potamogeton richardsonii (A.Benn.) Rydb.,2026-06-21T19:22:09,2026,iNaturalist research-grade observations,28eb1a3f-1c15-4a95-931a-4af90ecb574d,United States of America,Pennsylvania,42.004253,-79.895325,HUMAN_OBSERVATION,https://inaturalist-open-data.s3.amazonaws.com/photos/684229558/original.jpg,http://creativecommons.org/licenses/by-nc/4.0/,photolith,photolith,False
Potamogeton richardsonii,Potamogeton richardsonii (A.Benn.) Rydb.,global,5301198,6413438415,Potamogeton richardsonii (A.Benn.) Rydb.,2026-06-15T18:11:48,2026,iNaturalist research-grade observations,28eb1a3f-1c15-4a95-931a-4af90ecb574d,Canada,Alberta,53.577195,-114.758238,HUMAN_OBSERVATION,https://inaturalist-open-data.s3.amazonaws.com/photos/680096272/original.jpg,http://creativecommons.org/publicdomain/zero/1.0/,Kallum McDonald,Kallum McDonald,True
Potamogeton richardsonii,Potamogeton richardsonii (A.Benn.) Rydb.,global,5301198,6413438415,Potamogeton richardsonii (A.Benn.) Rydb.,2026-06-15T18:11:48,2026,iNaturalist research-grade observations,28eb1a3f-1c15-4a95-931a-4af90ecb574d,Canada,Alberta,53.577195,-114.758238,HUMAN_OBSERVATION,https://inaturalist-open-data.s3.amazonaws.com/photos/680096270/original.jpg,http://creativecommons.org/publicdomain/zero/1.0/,Kallum McDonald,Kallum McDonald,True
Potamogeton richardsonii,Potamogeton richardsonii (A.Benn.) Rydb.,global,5301198,6413438415,Potamogeton richardsonii (A.Benn.) Rydb.,2026-06-15T18:11:48,2026,iNaturalist research-grade observations,28eb1a3f-1c15-4a95-931a-4af90ecb574d,Canada,Alberta,53.577195,-114.758238,HUMAN_OBSERVATION,https://inaturalist-open-data.s3.amazonaws.com/photos/680096273/original.jpg,http://creativecommons.org/publicdomain/zero/1.0/,Kallum McDonald,Kallum McDonald,True
Potamogeton richardsonii,Potamogeton richardsonii (A.Benn.) Rydb.,global,5301198,6413439387,Potamogeton richardsonii (A.Benn.) Rydb.,2026-06-17T14:32:46,2026,iNaturalist research-grade observations,28eb1a3f-1c15-4a95-931a-4af90ecb574d,United States of America,Pennsylvania,40.661888,-78.555145,HUMAN_OBSERVATION,https://inaturalist-open-data.s3.amazonaws.com/photos/681088054/original.jpg,http://creativecommons.org/licenses/by-nc/4.0/,Kylie Wirebach,Kylie Wirebach,False
Potamogeton richardsonii,Potamogeton richardsonii (A.Benn.) Rydb.,global,5301198,6413439387,Potamogeton richardsonii (A.Benn.) Rydb.,2026-06-17T14:32:46,2026,iNaturalist research-grade observations,28eb1a3f-1c15-4a95-931a-4af90ecb574d,United States of America,Pennsylvania,40.661888,-78.555145,HUMAN_OBSERVATION,https://inaturalist-open-data.s3.amazonaws.com/photos/681088045/original.jpg,http://creativecommons.org/licenses/by-nc/4.0/,Kylie Wirebach,Kylie Wirebach,False
Potamogeton richardsonii,Potamogeton richardsonii (A.Benn.) Rydb.,global,5301198,6413439387,Potamogeton richardsonii (A.Benn.) Rydb.,2026-06-17T14:32:46,2026,iNaturalist research-grade observations,28eb1a3f-1c15-4a95-931a-4af90ecb574d,United States of America,Pennsylvania,40.661888,-78.555145,HUMAN_OBSERVATION,https://inaturalist-open-data.s3.amazonaws.com/photos/681088015/original.jpg,http://creativecommons.org/licenses/by-nc/4.0/,Kylie Wirebach,Kylie Wirebach,False
Potamogeton richardsonii,Potamogeton richardsonii (A.Benn.) Rydb.,great_lakes_bbox,5301198,5938353092,Potamogeton richardsonii (A.Benn.) Rydb.,2026-01-03T14:49:58,2026,iNaturalist research-grade observations,28eb1a3f-1c15-4a95-931a-4af90ecb574d,United States of America,New York,43.320101,-77.728082,HUMAN_OBSERVATION,https://inaturalist-open-data.s3.amazonaws.com/photos/605140988/original.jpg,http://creativecommons.org/licenses/by-nc/4.0/,Jennifer Rycenga,Jennifer Rycenga,False
Potamogeton richardsonii,Potamogeton richardsonii (A.Benn.) Rydb.,great_lakes_bbox,5301198,5938353092,Potamogeton richardsonii (A.Benn.) Rydb.,2026-01-03T14:49:58,2026,iNaturalist research-grade observations,28eb1a3f-1c15-4a95-931a-4af90ecb574d,United States of America,New York,43.320101,-77.728082,HUMAN_OBSERVATION,https://inaturalist-open-data.s3.amazonaws.com/photos/605140989/original.jpg,http://creativecommons.org/licenses/by-nc/4.0/,Jennifer Rycenga,Jennifer Rycenga,False
Potamogeton robbinsii,Potamogeton robbinsii Oakes,global,5301182,6185641753,Potamogeton robbinsii Oakes,2026-03-16T16:17,2026,iNaturalist research-grade observations,28eb1a3f-1c15-4a95-931a-4af90ecb574d,United States of America,Massachusetts,42.423364,-72.212277,HUMAN_OBSERVATION,https://inaturalist-open-data.s3.amazonaws.com/photos/626658633/original.jpg,http://creativecommons.org/licenses/by-nc/4.0/,Erik Danielsen,Erik Danielsen,False
Potamogeton robbinsii,Potamogeton robbinsii Oakes,global,5301182,6185641753,Potamogeton robbinsii Oakes,2026-03-16T16:17,2026,iNaturalist research-grade observations,28eb1a3f-1c15-4a95-931a-4af90ecb574d,United States of America,Massachusetts,42.423364,-72.212277,HUMAN_OBSERVATION,https://inaturalist-open-data.s3.amazonaws.com/photos/626658631/original.jpg,http://creativecommons.org/licenses/by-nc/4.0/,Erik Danielsen,Erik Danielsen,False
Potamogeton robbinsii,Potamogeton robbinsii Oakes,global,5301182,6334983580,Potamogeton robbinsii Oakes,2026-05-16T20:00:56,2026,iNaturalist research-grade observations,28eb1a3f-1c15-4a95-931a-4af90ecb574d,Canada,Ontario,45.576432,-78.51649,HUMAN_OBSERVATION,https://inaturalist-open-data.s3.amazonaws.com/photos/662417326/original.jpg,http://creativecommons.org/licenses/by-nc/4.0/,Lily Martin,Lily Martin,False
Potamogeton robbinsii,Potamogeton robbinsii Oakes,global,5301182,6352768421,Potamogeton robbinsii Oakes,2026-05-27T09:37:03,2026,iNaturalist research-grade observations,28eb1a3f-1c15-4a95-931a-4af90ecb574d,United States of America,Indiana,41.610258,-87.264895,HUMAN_OBSERVATION,https://inaturalist-open-data.s3.amazonaws.com/photos/668596627/original.jpg,http://creativecommons.org/licenses/by-nc/4.0/,hairypuccoon,hairypuccoon,False
Potamogeton robbinsii,Potamogeton robbinsii Oakes,global,5301182,6352768421,Potamogeton robbinsii Oakes,2026-05-27T09:37:03,2026,iNaturalist research-grade observations,28eb1a3f-1c15-4a95-931a-4af90ecb574d,United States of America,Indiana,41.610258,-87.264895,HUMAN_OBSERVATION,https://inaturalist-open-data.s3.amazonaws.com/photos/668596665/original.jpg,http://creativecommons.org/licenses/by-nc/4.0/,hairypuccoon,hairypuccoon,False
Potamogeton robbinsii,Potamogeton robbinsii Oakes,global,5301182,6353028815,Potamogeton robbinsii Oakes,2026-05-28T11:05:12,2026,iNaturalist research-grade observations,28eb1a3f-1c15-4a95-931a-4af90ecb574d,United States of America,Wisconsin,45.593088,-89.541062,HUMAN_OBSERVATION,https://inaturalist-open-data.s3.amazonaws.com/photos/668562940/original.jpg,http://creativecommons.org/licenses/by-nc/4.0/,Gracie,Gracie,False
Potamogeton robbinsii,Potamogeton robbinsii Oakes,global,5301182,6399903313,Potamogeton robbinsii Oakes,2026-05-26T14:43,2026,iNaturalist research-grade observations,28eb1a3f-1c15-4a95-931a-4af90ecb574d,Canada,Ontario,44.896069,-77.190789,HUMAN_OBSERVATION,https://inaturalist-open-data.s3.amazonaws.com/photos/671005201/original.jpg,http://creativecommons.org/licenses/by-nc/4.0/,Ava Moskaluk,Ava Moskaluk,False
Potamogeton robbinsii,Potamogeton robbinsii Oakes,global,5301182,6398687207,Potamogeton robbinsii Oakes,2026-06-06T15:30:49,2026,iNaturalist research-grade observations,28eb1a3f-1c15-4a95-931a-4af90ecb574d,United States of America,New York,42.090812,-73.717417,HUMAN_OBSERVATION,https://inaturalist-open-data.s3.amazonaws.com/photos/674217756/original.jpg,http://creativecommons.org/publicdomain/zero/1.0/,peakaytea,peakaytea,True
Potamogeton robbinsii,Potamogeton robbinsii Oakes,global,5301182,6399497298,Potamogeton robbinsii Oakes,2026-06-02T12:33:53,2026,iNaturalist research-grade observations,28eb1a3f-1c15-4a95-931a-4af90ecb574d,United States of America,Minnesota,47.792169,-93.407694,HUMAN_OBSERVATION,https://inaturalist-open-data.s3.amazonaws.com/photos/671916326/original.jpg,http://creativecommons.org/licenses/by/4.0/,Norma Malinowski,Norma Malinowski,True
Potamogeton robbinsii,Potamogeton robbinsii Oakes,global,5301182,6400431932,Potamogeton robbinsii Oakes,2026-06-07T13:07:25,2026,iNaturalist research-grade observations,28eb1a3f-1c15-4a95-931a-4af90ecb574d,Canada,Ontario,45.988788,-77.698792,HUMAN_OBSERVATION,https://inaturalist-open-data.s3.amazonaws.com/photos/677087243/original.jpg,http://creativecommons.org/licenses/by-nc/4.0/,Alexander Skevington,Alexander Skevington,False
Potamogeton robbinsii,Potamogeton robbinsii Oakes,global,5301182,6422146432,Potamogeton robbinsii Oakes,2026-06-24T10:22:15,2026,iNaturalist research-grade observations,28eb1a3f-1c15-4a95-931a-4af90ecb574d,Canada,Ontario,44.672486,-76.95608,HUMAN_OBSERVATION,https://inaturalist-open-data.s3.amazonaws.com/photos/685349403/original.jpg,http://creativecommons.org/licenses/by-nc/4.0/,QC Invasive Species,QC Invasive Species,False
Potamogeton robbinsii,Potamogeton robbinsii Oakes,global,5301182,6422194803,Potamogeton robbinsii Oakes,2026-06-22T11:00:12,2026,iNaturalist research-grade observations,28eb1a3f-1c15-4a95-931a-4af90ecb574d,Canada,Ontario,46.24853,-83.508976,HUMAN_OBSERVATION,https://inaturalist-open-data.s3.amazonaws.com/photos/685118241/original.jpg,http://creativecommons.org/licenses/by-nc/4.0/,Rob Routledge,Rob Routledge,False
Potamogeton robbinsii,Potamogeton robbinsii Oakes,global,5301182,6422194803,Potamogeton robbinsii Oakes,2026-06-22T11:00:12,2026,iNaturalist research-grade observations,28eb1a3f-1c15-4a95-931a-4af90ecb574d,Canada,Ontario,46.24853,-83.508976,HUMAN_OBSERVATION,https://inaturalist-open-data.s3.amazonaws.com/photos/685118272/original.jpg,http://creativecommons.org/licenses/by-nc/4.0/,Rob Routledge,Rob Routledge,False
Potamogeton robbinsii,Potamogeton robbinsii Oakes,global,5301182,6422194803,Potamogeton robbinsii Oakes,2026-06-22T11:00:12,2026,iNaturalist research-grade observations,28eb1a3f-1c15-4a95-931a-4af90ecb574d,Canada,Ontario,46.24853,-83.508976,HUMAN_OBSERVATION,https://inaturalist-open-data.s3.amazonaws.com/photos/685118306/original.jpg,http://creativecommons.org/licenses/by-nc/4.0/,Rob Routledge,Rob Routledge,False
Potamogeton robbinsii,Potamogeton robbinsii Oakes,global,5301182,6422194803,Potamogeton robbinsii Oakes,2026-06-22T11:00:12,2026,iNaturalist research-grade observations,28eb1a3f-1c15-4a95-931a-4af90ecb574d,Canada,Ontario,46.24853,-83.508976,HUMAN_OBSERVATION,https://inaturalist-open-data.s3.amazonaws.com/photos/685118348/original.jpg,http://creativecommons.org/licenses/by-nc/4.0/,Rob Routledge,Rob Routledge,False
Potamogeton robbinsii,Potamogeton robbinsii Oakes,global,5301182,6422194803,Potamogeton robbinsii Oakes,2026-06-22T11:00:12,2026,iNaturalist research-grade observations,28eb1a3f-1c15-4a95-931a-4af90ecb574d,Canada,Ontario,46.24853,-83.508976,HUMAN_OBSERVATION,https://inaturalist-open-data.s3.amazonaws.com/photos/685118372/original.jpg,http://creativecommons.org/licenses/by-nc/4.0/,Rob Routledge,Rob Routledge,False
Potamogeton robbinsii,Potamogeton robbinsii Oakes,global,5301182,6441666302,Potamogeton robbinsii Oakes,2026-06-27T17:31,2026,iNaturalist research-grade observations,28eb1a3f-1c15-4a95-931a-4af90ecb574d,United States of America,Wisconsin,45.866109,-89.655352,HUMAN_OBSERVATION,https://inaturalist-open-data.s3.amazonaws.com/photos/693149232/original.jpg,http://creativecommons.org/licenses/by-nc/4.0/,coomilonimbus,coomilonimbus,False
Potamogeton robbinsii,Potamogeton robbinsii Oakes,global,5301182,6441666302,Potamogeton robbinsii Oakes,2026-06-27T17:31,2026,iNaturalist research-grade observations,28eb1a3f-1c15-4a95-931a-4af90ecb574d,United States of America,Wisconsin,45.866109,-89.655352,HUMAN_OBSERVATION,https://inaturalist-open-data.s3.amazonaws.com/photos/693149247/original.jpg,http://creativecommons.org/licenses/by-nc/4.0/,coomilonimbus,coomilonimbus,False
Potamogeton robbinsii,Potamogeton robbinsii Oakes,global,5301182,6441666302,Potamogeton robbinsii Oakes,2026-06-27T17:31,2026,iNaturalist research-grade observations,28eb1a3f-1c15-4a95-931a-4af90ecb574d,United States of America,Wisconsin,45.866109,-89.655352,HUMAN_OBSERVATION,https://inaturalist-open-data.s3.amazonaws.com/photos/693149264/original.jpg,http://creativecommons.org/licenses/by-nc/4.0/,coomilonimbus,coomilonimbus,False
Potamogeton robbinsii,Potamogeton robbinsii Oakes,global,5301182,6500074547,Potamogeton robbinsii Oakes,2026-06-28T21:28:36,2026,iNaturalist research-grade observations,28eb1a3f-1c15-4a95-931a-4af90ecb574d,Canada,British Columbia,49.121761,-125.648637,HUMAN_OBSERVATION,https://inaturalist-open-data.s3.amazonaws.com/photos/688733547/original.jpg,http://creativecommons.org/licenses/by-nc/4.0/,Meredith White,Meredith White,False
Potamogeton robbinsii,Potamogeton robbinsii Oakes,global,5301182,6431314862,Potamogeton robbinsii Oakes,2026-07-02T16:07,2026,iNaturalist research-grade observations,28eb1a3f-1c15-4a95-931a-4af90ecb574d,Canada,Ontario,48.775994,-88.695634,HUMAN_OBSERVATION,https://inaturalist-open-data.s3.amazonaws.com/photos/690742428/original.jpg,http://creativecommons.org/publicdomain/zero/1.0/,Allan Harris,Allan Harris,True
Potamogeton robbinsii,Potamogeton robbinsii Oakes,global,5301182,6431692550,Potamogeton robbinsii Oakes,2026-07-02T16:53,2026,iNaturalist research-grade observations,28eb1a3f-1c15-4a95-931a-4af90ecb574d,Canada,Ontario,44.65643,-76.603537,HUMAN_OBSERVATION,https://inaturalist-open-data.s3.amazonaws.com/photos/690882708/original.jpg,http://creativecommons.org/licenses/by-nc/4.0/,lynneypaws,lynneypaws,False
Potamogeton robbinsii,Potamogeton robbinsii Oakes,global,5301182,6431699865,Potamogeton robbinsii Oakes,2026-07-02T16:20,2026,iNaturalist research-grade observations,28eb1a3f-1c15-4a95-931a-4af90ecb574d,Canada,Ontario,44.656427,-76.603419,HUMAN_OBSERVATION,https://inaturalist-open-data.s3.amazonaws.com/photos/690877081/original.jpg,http://creativecommons.org/licenses/by-nc/4.0/,lynneypaws,lynneypaws,False
Potamogeton robbinsii,Potamogeton robbinsii Oakes,global,5301182,6441036834,Potamogeton robbinsii Oakes,2026-07-08T14:41:09,2026,iNaturalist research-grade observations,28eb1a3f-1c15-4a95-931a-4af90ecb574d,United States of America,Minnesota,48.044856,-90.362783,HUMAN_OBSERVATION,https://inaturalist-open-data.s3.amazonaws.com/photos/694326916/original.jpg,http://creativecommons.org/licenses/by-nc/4.0/,Fred Watson,Fred Watson,False
Potamogeton robbinsii,Potamogeton robbinsii Oakes,global,5301182,6441257024,Potamogeton robbinsii Oakes,2026-07-09T09:43:09,2026,iNaturalist research-grade observations,28eb1a3f-1c15-4a95-931a-4af90ecb574d,United States of America,Wisconsin,46.197872,-89.801147,HUMAN_OBSERVATION,https://inaturalist-open-data.s3.amazonaws.com/photos/695487332/original.jpg,http://creativecommons.org/licenses/by-nc/4.0/,halle boldt,halle boldt,False
Potamogeton robbinsii,Potamogeton robbinsii Oakes,global,5301182,6441296159,Potamogeton robbinsii Oakes,2026-07-06T19:04:45,2026,iNaturalist research-grade observations,28eb1a3f-1c15-4a95-931a-4af90ecb574d,Canada,Québec,45.602754,-76.003377,HUMAN_OBSERVATION,https://inaturalist-open-data.s3.amazonaws.com/photos/694564003/original.jpg,http://creativecommons.org/licenses/by-nc/4.0/,mza267,mza267,False
Potamogeton robbinsii,Potamogeton robbinsii Oakes,global,5301182,6441296159,Potamogeton robbinsii Oakes,2026-07-06T19:04:45,2026,iNaturalist research-grade observations,28eb1a3f-1c15-4a95-931a-4af90ecb574d,Canada,Québec,45.602754,-76.003377,HUMAN_OBSERVATION,https://inaturalist-open-data.s3.amazonaws.com/photos/694563995/original.jpg,http://creativecommons.org/licenses/by-nc/4.0/,mza267,mza267,False
Potamogeton robbinsii,Potamogeton robbinsii Oakes,global,5301182,6441907924,Potamogeton robbinsii Oakes,2026-07-05T18:39:53,2026,iNaturalist research-grade observations,28eb1a3f-1c15-4a95-931a-4af90ecb574d,Canada,Québec,45.942881,-74.563062,HUMAN_OBSERVATION,https://inaturalist-open-data.s3.amazonaws.com/photos/692398013/original.jpg,http://creativecommons.org/licenses/by-nc/4.0/,Mackenzie Soules,Mackenzie Soules,False
Potamogeton robbinsii,Potamogeton robbinsii Oakes,global,5301182,6451989072,Potamogeton robbinsii Oakes,2026-07-19T11:34:56,2026,iNaturalist research-grade observations,28eb1a3f-1c15-4a95-931a-4af90ecb574d,Canada,Ontario,44.599455,-76.974208,HUMAN_OBSERVATION,https://inaturalist-open-data.s3.amazonaws.com/photos/701528141/original.jpg,http://creativecommons.org/licenses/by-nc/4.0/,Baxter Naday,Baxter Naday,False
Potamogeton robbinsii,Potamogeton robbinsii Oakes,global,5301182,6451989072,Potamogeton robbinsii Oakes,2026-07-19T11:34:56,2026,iNaturalist research-grade observations,28eb1a3f-1c15-4a95-931a-4af90ecb574d,Canada,Ontario,44.599455,-76.974208,HUMAN_OBSERVATION,https://inaturalist-open-data.s3.amazonaws.com/photos/701528748/original.jpg,http://creativecommons.org/licenses/by-nc/4.0/,Baxter Naday,Baxter Naday,False
Potamogeton robbinsii,Potamogeton robbinsii Oakes,global,5301182,6452120328,Potamogeton robbinsii Oakes,2026-07-17T15:56:42,2026,iNaturalist research-grade observations,28eb1a3f-1c15-4a95-931a-4af90ecb574d,Canada,Québec,45.401383,-72.239408,HUMAN_OBSERVATION,https://inaturalist-open-data.s3.amazonaws.com/photos/700118654/original.jpg,http://creativecommons.org/licenses/by-nc/4.0/,ellimac444,ellimac444,False
Potamogeton robbinsii,Potamogeton robbinsii Oakes,global,5301182,6452120328,Potamogeton robbinsii Oakes,2026-07-17T15:56:42,2026,iNaturalist research-grade observations,28eb1a3f-1c15-4a95-931a-4af90ecb574d,Canada,Québec,45.401383,-72.239408,HUMAN_OBSERVATION,https://inaturalist-open-data.s3.amazonaws.com/photos/700118694/original.jpg,http://creativecommons.org/licenses/by-nc/4.0/,ellimac444,ellimac444,False
Potamogeton robbinsii,Potamogeton robbinsii Oakes,global,5301182,6452120328,Potamogeton robbinsii Oakes,2026-07-17T15:56:42,2026,iNaturalist research-grade observations,28eb1a3f-1c15-4a95-931a-4af90ecb574d,Canada,Québec,45.401383,-72.239408,HUMAN_OBSERVATION,https://inaturalist-open-data.s3.amazonaws.com/photos/700118721/original.jpg,http://creativecommons.org/licenses/by-nc/4.0/,ellimac444,ellimac444,False
Potamogeton robbinsii,Potamogeton robbinsii Oakes,global,5301182,6452120328,Potamogeton robbinsii Oakes,2026-07-17T15:56:42,2026,iNaturalist research-grade observations,28eb1a3f-1c15-4a95-931a-4af90ecb574d,Canada,Québec,45.401383,-72.239408,HUMAN_OBSERVATION,https://inaturalist-open-data.s3.amazonaws.com/photos/700118767/original.jpg,http://creativecommons.org/licenses/by-nc/4.0/,ellimac444,ellimac444,False
Potamogeton robbinsii,Potamogeton robbinsii Oakes,global,5301182,6452157725,Potamogeton robbinsii Oakes,2026-07-16T10:02:46,2026,iNaturalist research-grade observations,28eb1a3f-1c15-4a95-931a-4af90ecb574d,United States of America,Wisconsin,46.319007,-91.49075,HUMAN_OBSERVATION,https://inaturalist-open-data.s3.amazonaws.com/photos/699020689/original.jpg,http://creativecommons.org/licenses/by-nc/4.0/,Matthew S. Berg,Matthew S. Berg,False
Potamogeton robbinsii,Potamogeton robbinsii Oakes,global,5301182,6452286485,Potamogeton robbinsii Oakes,2026-07-13T12:42:11,2026,iNaturalist research-grade observations,28eb1a3f-1c15-4a95-931a-4af90ecb574d,Canada,Saskatchewan,54.31213,-101.820525,HUMAN_OBSERVATION,https://inaturalist-open-data.s3.amazonaws.com/photos/699394529/original.jpg,http://creativecommons.org/licenses/by/4.0/,Dustin Snider,Dustin Snider,True
Potamogeton robbinsii,Potamogeton robbinsii Oakes,global,5301182,6452286485,Potamogeton robbinsii Oakes,2026-07-13T12:42:11,2026,iNaturalist research-grade observations,28eb1a3f-1c15-4a95-931a-4af90ecb574d,Canada,Saskatchewan,54.31213,-101.820525,HUMAN_OBSERVATION,https://inaturalist-open-data.s3.amazonaws.com/photos/699394822/original.jpg,http://creativecommons.org/licenses/by/4.0/,Dustin Snider,Dustin Snider,True
Potamogeton robbinsii,Potamogeton robbinsii Oakes,global,5301182,6452286485,Potamogeton robbinsii Oakes,2026-07-13T12:42:11,2026,iNaturalist research-grade observations,28eb1a3f-1c15-4a95-931a-4af90ecb574d,Canada,Saskatchewan,54.31213,-101.820525,HUMAN_OBSERVATION,https://inaturalist-open-data.s3.amazonaws.com/photos/699394842/original.jpg,http://creativecommons.org/licenses/by/4.0/,Dustin Snider,Dustin Snider,True
Potamogeton robbinsii,Potamogeton robbinsii Oakes,global,5301182,6469906619,Potamogeton robbinsii Oakes,2026-07-25T11:29:08,2026,iNaturalist research-grade observations,28eb1a3f-1c15-4a95-931a-4af90ecb574d,United States of America,Massachusetts,42.301829,-73.070809,HUMAN_OBSERVATION,https://inaturalist-open-data.s3.amazonaws.com/photos/704634963/original.jpg,http://creativecommons.org/licenses/by-nc/4.0/,Donovan Drummey,Donovan Drummey,False
Potamogeton robbinsii,Potamogeton robbinsii Oakes,global,5301182,6469906619,Potamogeton robbinsii Oakes,2026-07-25T11:29:08,2026,iNaturalist research-grade observations,28eb1a3f-1c15-4a95-931a-4af90ecb574d,United States of America,Massachusetts,42.301829,-73.070809,HUMAN_OBSERVATION,https://inaturalist-open-data.s3.amazonaws.com/photos/704634945/original.jpg,http://creativecommons.org/licenses/by-nc/4.0/,Donovan Drummey,Donovan Drummey,False
Potamogeton robbinsii,Potamogeton robbinsii Oakes,global,5301182,6469906619,Potamogeton robbinsii Oakes,2026-07-25T11:29:08,2026,iNaturalist research-grade observations,28eb1a3f-1c15-4a95-931a-4af90ecb574d,United States of America,Massachusetts,42.301829,-73.070809,HUMAN_OBSERVATION,https://inaturalist-open-data.s3.amazonaws.com/photos/704634959/original.jpg,http://creativecommons.org/licenses/by-nc/4.0/,Donovan Drummey,Donovan Drummey,False
Potamogeton robbinsii,Potamogeton robbinsii Oakes,global,5301182,6469914971,Potamogeton robbinsii Oakes,2026-07-20T13:07:35,2026,iNaturalist research-grade observations,28eb1a3f-1c15-4a95-931a-4af90ecb574d,Canada,New Brunswick,47.420147,-66.868447,HUMAN_OBSERVATION,https://inaturalist-open-data.s3.amazonaws.com/photos/701814029/original.jpg,http://creativecommons.org/licenses/by-nc/4.0/,Deborah Mosher,Deborah Mosher,False
Potamogeton robbinsii,Potamogeton robbinsii Oakes,global,5301182,6469914971,Potamogeton robbinsii Oakes,2026-07-20T13:07:35,2026,iNaturalist research-grade observations,28eb1a3f-1c15-4a95-931a-4af90ecb574d,Canada,New Brunswick,47.420147,-66.868447,HUMAN_OBSERVATION,https://inaturalist-open-data.s3.amazonaws.com/photos/701814192/original.jpg,http://creativecommons.org/licenses/by-nc/4.0/,Deborah Mosher,Deborah Mosher,False
Potamogeton robbinsii,Potamogeton robbinsii Oakes,great_lakes_bbox,5301182,6334983580,Potamogeton robbinsii Oakes,2026-05-16T20:00:56,2026,iNaturalist research-grade observations,28eb1a3f-1c15-4a95-931a-4af90ecb574d,Canada,Ontario,45.576432,-78.51649,HUMAN_OBSERVATION,https://inaturalist-open-data.s3.amazonaws.com/photos/662417326/original.jpg,http://creativecommons.org/licenses/by-nc/4.0/,Lily Martin,Lily Martin,False
Ranunculus aquatilis,Ranunculus aquatilis L.,global,3033464,6183792932,Ranunculus aquatilis L.,2026-03-22,2026,,c8d737e0-2ff8-42e8-b8fc-6b805d26fc5f,Netherlands,Zeeland,51.35,4.0,HUMAN_OBSERVATION,https://observation.org/photos/145724254.jpg,http://creativecommons.org/licenses/by-nc-nd/4.0/,Rik Bak,Rik Bak,False
Ranunculus aquatilis,Ranunculus aquatilis L.,global,3033464,6183792932,Ranunculus aquatilis L.,2026-03-22,2026,,c8d737e0-2ff8-42e8-b8fc-6b805d26fc5f,Netherlands,Zeeland,51.35,4.0,HUMAN_OBSERVATION,https://observation.org/photos/145724255.jpg,http://creativecommons.org/licenses/by-nc-nd/4.0/,Rik Bak,Rik Bak,False
Ranunculus aquatilis,Ranunculus aquatilis L.,global,3033464,6183792932,Ranunculus aquatilis L.,2026-03-22,2026,,c8d737e0-2ff8-42e8-b8fc-6b805d26fc5f,Netherlands,Zeeland,51.35,4.0,HUMAN_OBSERVATION,https://observation.org/photos/145724256.jpg,http://creativecommons.org/licenses/by-nc-nd/4.0/,Rik Bak,Rik Bak,False
Ranunculus aquatilis,Ranunculus aquatilis L.,global,3033464,6183792932,Ranunculus aquatilis L.,2026-03-22,2026,,c8d737e0-2ff8-42e8-b8fc-6b805d26fc5f,Netherlands,Zeeland,51.35,4.0,HUMAN_OBSERVATION,https://observation.org/photos/145724257.jpg,http://creativecommons.org/licenses/by-nc-nd/4.0/,Rik Bak,Rik Bak,False
Ranunculus aquatilis,Ranunculus aquatilis L.,global,3033464,6183792932,Ranunculus aquatilis L.,2026-03-22,2026,,c8d737e0-2ff8-42e8-b8fc-6b805d26fc5f,Netherlands,Zeeland,51.35,4.0,HUMAN_OBSERVATION,https://observation.org/photos/145724258.jpg,http://creativecommons.org/licenses/by-nc-nd/4.0/,Rik Bak,Rik Bak,False
Ranunculus aquatilis,Ranunculus aquatilis L.,global,3033464,6186810605,Ranunculus aquatilis L.,2026-03-29,2026,,c8d737e0-2ff8-42e8-b8fc-6b805d26fc5f,Austria,Salzburg,47.246543,13.199415,HUMAN_OBSERVATION,https://observation.org/photos/146202858.jpg,http://creativecommons.org/licenses/by-nc-nd/4.0/,Daniel Kendler,Daniel Kendler,False
Ranunculus aquatilis,Ranunculus aquatilis L.,global,3033464,6186810605,Ranunculus aquatilis L.,2026-03-29,2026,,c8d737e0-2ff8-42e8-b8fc-6b805d26fc5f,Austria,Salzburg,47.246543,13.199415,HUMAN_OBSERVATION,https://observation.org/photos/146202859.jpg,http://creativecommons.org/licenses/by-nc-nd/4.0/,Daniel Kendler,Daniel Kendler,False
Ranunculus aquatilis,Ranunculus aquatilis L.,global,3033464,6195702670,Ranunculus aquatilis L.,2026-03-22T10:58,2026,iNaturalist research-grade observations,28eb1a3f-1c15-4a95-931a-4af90ecb574d,Germany,Bayern,49.535053,11.446642,HUMAN_OBSERVATION,https://inaturalist-open-data.s3.amazonaws.com/photos/634873229/original.jpg,http://creativecommons.org/licenses/by-nc/4.0/,andreaszehm,andreaszehm,False
Ranunculus aquatilis,Ranunculus aquatilis L.,global,3033464,6195702670,Ranunculus aquatilis L.,2026-03-22T10:58,2026,iNaturalist research-grade observations,28eb1a3f-1c15-4a95-931a-4af90ecb574d,Germany,Bayern,49.535053,11.446642,HUMAN_OBSERVATION,https://inaturalist-open-data.s3.amazonaws.com/photos/634873277/original.jpg,http://creativecommons.org/licenses/by-nc/4.0/,andreaszehm,andreaszehm,False
Ranunculus aquatilis,Ranunculus aquatilis L.,global,3033464,6274303317,Ranunculus aquatilis L.,2026-03-17T13:56,2026,iNaturalist research-grade observations,28eb1a3f-1c15-4a95-931a-4af90ecb574d,Spain,Andalucía,37.519393,-6.221549,HUMAN_OBSERVATION,https://inaturalist-open-data.s3.amazonaws.com/photos/625726743/original.jpg,http://creativecommons.org/licenses/by-nc/4.0/,Mario Ruiz,Mario Ruiz,False
Ranunculus aquatilis,Ranunculus aquatilis L.,global,3033464,6193248103,Ranunculus aquatilis L.,2026-04-08,2026,,c8d737e0-2ff8-42e8-b8fc-6b805d26fc5f,Netherlands,Overijssel,52.3,6.15,HUMAN_OBSERVATION,https://observation.org/photos/147007744.jpg,http://creativecommons.org/licenses/by-nc-nd/4.0/,Han Brendeke,Han Brendeke,False
Ranunculus aquatilis,Ranunculus aquatilis L.,global,3033464,6193248103,Ranunculus aquatilis L.,2026-04-08,2026,,c8d737e0-2ff8-42e8-b8fc-6b805d26fc5f,Netherlands,Overijssel,52.3,6.15,HUMAN_OBSERVATION,https://observation.org/photos/147007745.jpg,http://creativecommons.org/licenses/by-nc-nd/4.0/,Han Brendeke,Han Brendeke,False
Ranunculus aquatilis,Ranunculus aquatilis L.,global,3033464,6193248103,Ranunculus aquatilis L.,2026-04-08,2026,,c8d737e0-2ff8-42e8-b8fc-6b805d26fc5f,Netherlands,Overijssel,52.3,6.15,HUMAN_OBSERVATION,https://observation.org/photos/147007746.jpg,http://creativecommons.org/licenses/by-nc-nd/4.0/,Han Brendeke,Han Brendeke,False
Ranunculus aquatilis,Ranunculus aquatilis L.,global,3033464,6193248103,Ranunculus aquatilis L.,2026-04-08,2026,,c8d737e0-2ff8-42e8-b8fc-6b805d26fc5f,Netherlands,Overijssel,52.3,6.15,HUMAN_OBSERVATION,https://observation.org/photos/147007747.jpg,http://creativecommons.org/licenses/by-nc-nd/4.0/,Han Brendeke,Han Brendeke,False
Ranunculus aquatilis,Ranunculus aquatilis L.,global,3033464,6193436695,Ranunculus aquatilis L.,2026-04-10,2026,,c8d737e0-2ff8-42e8-b8fc-6b805d26fc5f,Netherlands,Gelderland,52.1,6.1,HUMAN_OBSERVATION,https://observation.org/photos/147234332.jpg,http://creativecommons.org/licenses/by-nc-nd/4.0/,Koen Bakkers,Koen Bakkers,False
Ranunculus aquatilis,Ranunculus aquatilis L.,global,3033464,6193436695,Ranunculus aquatilis L.,2026-04-10,2026,,c8d737e0-2ff8-42e8-b8fc-6b805d26fc5f,Netherlands,Gelderland,52.1,6.1,HUMAN_OBSERVATION,https://observation.org/photos/147234333.jpg,http://creativecommons.org/licenses/by-nc-nd/4.0/,Koen Bakkers,Koen Bakkers,False
Ranunculus aquatilis,Ranunculus aquatilis L.,global,3033464,6193436695,Ranunculus aquatilis L.,2026-04-10,2026,,c8d737e0-2ff8-42e8-b8fc-6b805d26fc5f,Netherlands,Gelderland,52.1,6.1,HUMAN_OBSERVATION,https://observation.org/photos/147234334.jpg,http://creativecommons.org/licenses/by-nc-nd/4.0/,Koen Bakkers,Koen Bakkers,False
Ranunculus aquatilis,Ranunculus aquatilis L.,global,3033464,6193436695,Ranunculus aquatilis L.,2026-04-10,2026,,c8d737e0-2ff8-42e8-b8fc-6b805d26fc5f,Netherlands,Gelderland,52.1,6.1,HUMAN_OBSERVATION,https://observation.org/photos/147234335.jpg,http://creativecommons.org/licenses/by-nc-nd/4.0/,Koen Bakkers,Koen Bakkers,False
Ranunculus aquatilis,Ranunculus aquatilis L.,global,3033464,6213109489,Ranunculus aquatilis L.,2026-04-16,2026,,c8d737e0-2ff8-42e8-b8fc-6b805d26fc5f,Netherlands,Gelderland,51.95,5.95,HUMAN_OBSERVATION,https://observation.org/photos/147854348.jpg,http://creativecommons.org/licenses/by-nc-nd/4.0/,Richard D,Richard D,False
Ranunculus aquatilis,Ranunculus aquatilis L.,global,3033464,6213119494,Ranunculus aquatilis L.,2026-04-13,2026,,c8d737e0-2ff8-42e8-b8fc-6b805d26fc5f,Netherlands,Noord-Brabant,51.5,5.35,HUMAN_OBSERVATION,https://observation.org/photos/147520849.jpg,http://creativecommons.org/licenses/by-nc-nd/4.0/,Hanneke Kanters,Hanneke Kanters,False
Ranunculus aquatilis,Ranunculus aquatilis L.,global,3033464,6213148105,Ranunculus aquatilis L.,2026-04-12,2026,,c8d737e0-2ff8-42e8-b8fc-6b805d26fc5f,Netherlands,Gelderland,51.95,6.4,HUMAN_OBSERVATION,https://observation.org/photos/147441136.jpg,http://creativecommons.org/licenses/by-nc-nd/4.0/,Jeltje Berendsen,Jeltje Berendsen,False
Ranunculus aquatilis,Ranunculus aquatilis L.,global,3033464,6213148105,Ranunculus aquatilis L.,2026-04-12,2026,,c8d737e0-2ff8-42e8-b8fc-6b805d26fc5f,Netherlands,Gelderland,51.95,6.4,HUMAN_OBSERVATION,https://observation.org/photos/147441137.jpg,http://creativecommons.org/licenses/by-nc-nd/4.0/,Jeltje Berendsen,Jeltje Berendsen,False
Ranunculus aquatilis,Ranunculus aquatilis L.,global,3033464,6213148105,Ranunculus aquatilis L.,2026-04-12,2026,,c8d737e0-2ff8-42e8-b8fc-6b805d26fc5f,Netherlands,Gelderland,51.95,6.4,HUMAN_OBSERVATION,https://observation.org/photos/147441138.jpg,http://creativecommons.org/licenses/by-nc-nd/4.0/,Jeltje Berendsen,Jeltje Berendsen,False
Ranunculus aquatilis,Ranunculus aquatilis L.,global,3033464,6213148105,Ranunculus aquatilis L.,2026-04-12,2026,,c8d737e0-2ff8-42e8-b8fc-6b805d26fc5f,Netherlands,Gelderland,51.95,6.4,HUMAN_OBSERVATION,https://observation.org/photos/147441139.jpg,http://creativecommons.org/licenses/by-nc-nd/4.0/,Jeltje Berendsen,Jeltje Berendsen,False
Ranunculus aquatilis,Ranunculus aquatilis L.,global,3033464,6213177923,Ranunculus aquatilis L.,2026-04-11,2026,,c8d737e0-2ff8-42e8-b8fc-6b805d26fc5f,Netherlands,Zeeland,51.3,3.85,HUMAN_OBSERVATION,https://observation.org/photos/147697361.jpg,http://creativecommons.org/licenses/by-nc-nd/4.0/,Nathalie De Somer,Nathalie De Somer,False
Ranunculus aquatilis,Ranunculus aquatilis L.,global,3033464,6213177923,Ranunculus aquatilis L.,2026-04-11,2026,,c8d737e0-2ff8-42e8-b8fc-6b805d26fc5f,Netherlands,Zeeland,51.3,3.85,HUMAN_OBSERVATION,https://observation.org/photos/147697362.jpg,http://creativecommons.org/licenses/by-nc-nd/4.0/,Nathalie De Somer,Nathalie De Somer,False
Ranunculus aquatilis,Ranunculus aquatilis L.,global,3033464,6213177923,Ranunculus aquatilis L.,2026-04-11,2026,,c8d737e0-2ff8-42e8-b8fc-6b805d26fc5f,Netherlands,Zeeland,51.3,3.85,HUMAN_OBSERVATION,https://observation.org/photos/147697363.jpg,http://creativecommons.org/licenses/by-nc-nd/4.0/,Nathalie De Somer,Nathalie De Somer,False
Ranunculus aquatilis,Ranunculus aquatilis L.,global,3033464,6213177923,Ranunculus aquatilis L.,2026-04-11,2026,,c8d737e0-2ff8-42e8-b8fc-6b805d26fc5f,Netherlands,Zeeland,51.3,3.85,HUMAN_OBSERVATION,https://observation.org/photos/147697364.jpg,http://creativecommons.org/licenses/by-nc-nd/4.0/,Nathalie De Somer,Nathalie De Somer,False
Ranunculus aquatilis,Ranunculus aquatilis L.,global,3033464,6213177923,Ranunculus aquatilis L.,2026-04-11,2026,,c8d737e0-2ff8-42e8-b8fc-6b805d26fc5f,Netherlands,Zeeland,51.3,3.85,HUMAN_OBSERVATION,https://observation.org/photos/147697365.jpg,http://creativecommons.org/licenses/by-nc-nd/4.0/,Nathalie De Somer,Nathalie De Somer,False
Ranunculus aquatilis,Ranunculus aquatilis L.,global,3033464,6213177923,Ranunculus aquatilis L.,2026-04-11,2026,,c8d737e0-2ff8-42e8-b8fc-6b805d26fc5f,Netherlands,Zeeland,51.3,3.85,HUMAN_OBSERVATION,https://observation.org/photos/147697366.jpg,http://creativecommons.org/licenses/by-nc-nd/4.0/,Nathalie De Somer,Nathalie De Somer,False
Ranunculus aquatilis,Ranunculus aquatilis L.,global,3033464,6213177923,Ranunculus aquatilis L.,2026-04-11,2026,,c8d737e0-2ff8-42e8-b8fc-6b805d26fc5f,Netherlands,Zeeland,51.3,3.85,HUMAN_OBSERVATION,https://observation.org/photos/147697367.jpg,http://creativecommons.org/licenses/by-nc-nd/4.0/,Nathalie De Somer,Nathalie De Somer,False
Ranunculus aquatilis,Ranunculus aquatilis L.,global,3033464,6213177923,Ranunculus aquatilis L.,2026-04-11,2026,,c8d737e0-2ff8-42e8-b8fc-6b805d26fc5f,Netherlands,Zeeland,51.3,3.85,HUMAN_OBSERVATION,https://observation.org/photos/147697369.jpg,http://creativecommons.org/licenses/by-nc-nd/4.0/,Nathalie De Somer,Nathalie De Somer,False
Ranunculus aquatilis,Ranunculus aquatilis L.,global,3033464,6213319266,Ranunculus aquatilis L.,2026-04-13,2026,,c8d737e0-2ff8-42e8-b8fc-6b805d26fc5f,Netherlands,Noord-Brabant,51.5,5.35,HUMAN_OBSERVATION,https://observation.org/photos/147521222.jpg,http://creativecommons.org/licenses/by-nc-nd/4.0/,Hanneke Kanters,Hanneke Kanters,False
Ranunculus aquatilis,Ranunculus aquatilis L.,global,3033464,6213363999,Ranunculus aquatilis L.,2026-04-13,2026,,c8d737e0-2ff8-42e8-b8fc-6b805d26fc5f,Netherlands,Noord-Brabant,51.5,5.35,HUMAN_OBSERVATION,https://observation.org/photos/147538212.jpg,http://creativecommons.org/licenses/by-nc-nd/4.0/,Jeanne Soetens,Jeanne Soetens,False
Ranunculus aquatilis,Ranunculus aquatilis L.,global,3033464,6213516537,Ranunculus aquatilis L.,2026-04-18,2026,,c8d737e0-2ff8-42e8-b8fc-6b805d26fc5f,Netherlands,Gelderland,52.1,6.35,HUMAN_OBSERVATION,https://observation.org/photos/148148329.jpg,http://creativecommons.org/licenses/by-nc-nd/4.0/,H.G. Kreeftenberg,H.G. Kreeftenberg,False
Ranunculus aquatilis,Ranunculus aquatilis L.,global,3033464,6213516537,Ranunculus aquatilis L.,2026-04-18,2026,,c8d737e0-2ff8-42e8-b8fc-6b805d26fc5f,Netherlands,Gelderland,52.1,6.35,HUMAN_OBSERVATION,https://observation.org/photos/148148330.jpg,http://creativecommons.org/licenses/by-nc-nd/4.0/,H.G. Kreeftenberg,H.G. Kreeftenberg,False
Ranunculus aquatilis,Ranunculus aquatilis L.,global,3033464,6213516537,Ranunculus aquatilis L.,2026-04-18,2026,,c8d737e0-2ff8-42e8-b8fc-6b805d26fc5f,Netherlands,Gelderland,52.1,6.35,HUMAN_OBSERVATION,https://observation.org/photos/148148331.jpg,http://creativecommons.org/licenses/by-nc-nd/4.0/,H.G. Kreeftenberg,H.G. Kreeftenberg,False
Ranunculus aquatilis,Ranunculus aquatilis L.,global,3033464,6213516537,Ranunculus aquatilis L.,2026-04-18,2026,,c8d737e0-2ff8-42e8-b8fc-6b805d26fc5f,Netherlands,Gelderland,52.1,6.35,HUMAN_OBSERVATION,https://observation.org/photos/148148332.jpg,http://creativecommons.org/licenses/by-nc-nd/4.0/,H.G. Kreeftenberg,H.G. Kreeftenberg,False
Ranunculus aquatilis,Ranunculus aquatilis L.,global,3033464,6213516537,Ranunculus aquatilis L.,2026-04-18,2026,,c8d737e0-2ff8-42e8-b8fc-6b805d26fc5f,Netherlands,Gelderland,52.1,6.35,HUMAN_OBSERVATION,https://observation.org/photos/148148334.jpg,http://creativecommons.org/licenses/by-nc-nd/4.0/,H.G. Kreeftenberg,H.G. Kreeftenberg,False
Ranunculus aquatilis,Ranunculus aquatilis L.,global,3033464,6213563347,Ranunculus aquatilis L.,2026-04-19,2026,,c8d737e0-2ff8-42e8-b8fc-6b805d26fc5f,Netherlands,Gelderland,51.85,6.3,HUMAN_OBSERVATION,https://observation.org/photos/148236870.jpg,http://creativecommons.org/licenses/by-nc-nd/4.0/,Jeltje Berendsen,Jeltje Berendsen,False
Ranunculus aquatilis,Ranunculus aquatilis L.,global,3033464,6213563347,Ranunculus aquatilis L.,2026-04-19,2026,,c8d737e0-2ff8-42e8-b8fc-6b805d26fc5f,Netherlands,Gelderland,51.85,6.3,HUMAN_OBSERVATION,https://observation.org/photos/148236871.jpg,http://creativecommons.org/licenses/by-nc-nd/4.0/,Jeltje Berendsen,Jeltje Berendsen,False
Ranunculus aquatilis,Ranunculus aquatilis L.,global,3033464,6213563347,Ranunculus aquatilis L.,2026-04-19,2026,,c8d737e0-2ff8-42e8-b8fc-6b805d26fc5f,Netherlands,Gelderland,51.85,6.3,HUMAN_OBSERVATION,https://observation.org/photos/148236872.jpg,http://creativecommons.org/licenses/by-nc-nd/4.0/,Jeltje Berendsen,Jeltje Berendsen,False
Ranunculus aquatilis,Ranunculus aquatilis L.,global,3033464,6213597835,Ranunculus aquatilis L.,2026-04-16,2026,,c8d737e0-2ff8-42e8-b8fc-6b805d26fc5f,Netherlands,Gelderland,51.85,6.3,HUMAN_OBSERVATION,https://observation.org/photos/147989487.jpg,http://creativecommons.org/licenses/by-nc-nd/4.0/,Hans Naves,Hans Naves,False
Ranunculus aquatilis,Ranunculus aquatilis L.,global,3033464,6227388593,Ranunculus aquatilis L.,2026-04-24,2026,,c8d737e0-2ff8-42e8-b8fc-6b805d26fc5f,Netherlands,Noord-Brabant,51.6,5.4,HUMAN_OBSERVATION,https://observation.org/photos/148813453.jpg,http://creativecommons.org/licenses/by-nc-nd/4.0/,Rien Ondersteijn,Rien Ondersteijn,False
Ranunculus aquatilis,Ranunculus aquatilis L.,global,3033464,6227388593,Ranunculus aquatilis L.,2026-04-24,2026,,c8d737e0-2ff8-42e8-b8fc-6b805d26fc5f,Netherlands,Noord-Brabant,51.6,5.4,HUMAN_OBSERVATION,https://observation.org/photos/148813454.jpg,http://creativecommons.org/licenses/by-nc-nd/4.0/,Rien Ondersteijn,Rien Ondersteijn,False
Ranunculus aquatilis,Ranunculus aquatilis L.,global,3033464,6227388593,Ranunculus aquatilis L.,2026-04-24,2026,,c8d737e0-2ff8-42e8-b8fc-6b805d26fc5f,Netherlands,Noord-Brabant,51.6,5.4,HUMAN_OBSERVATION,https://observation.org/photos/148813455.jpg,http://creativecommons.org/licenses/by-nc-nd/4.0/,Rien Ondersteijn,Rien Ondersteijn,False
Ranunculus aquatilis,Ranunculus aquatilis L.,global,3033464,6227537522,Ranunculus aquatilis L.,2026-04-18,2026,,c8d737e0-2ff8-42e8-b8fc-6b805d26fc5f,Netherlands,Gelderland,52.05,6.35,HUMAN_OBSERVATION,https://observation.org/photos/148427979.jpg,http://creativecommons.org/licenses/by-nc-nd/4.0/,H. Dutij,H. Dutij,False
Ranunculus aquatilis,Ranunculus aquatilis L.,global,3033464,6227579625,Ranunculus aquatilis L.,2026-04-25,2026,,c8d737e0-2ff8-42e8-b8fc-6b805d26fc5f,Netherlands,Gelderland,52.15,6.5,HUMAN_OBSERVATION,https://observation.org/photos/148854682.jpg,http://creativecommons.org/licenses/by-nc-nd/4.0/,Lampetra-x,Lampetra-x,False
Ranunculus aquatilis,Ranunculus aquatilis L.,global,3033464,6227606407,Ranunculus aquatilis L.,2026-04-20,2026,,c8d737e0-2ff8-42e8-b8fc-6b805d26fc5f,Netherlands,Overijssel,52.4,6.1,HUMAN_OBSERVATION,https://observation.org/photos/148292040.jpg,http://creativecommons.org/licenses/by-nc-nd/4.0/,Wilbert Huls,Wilbert Huls,False
Ranunculus aquatilis,Ranunculus aquatilis L.,global,3033464,6227606407,Ranunculus aquatilis L.,2026-04-20,2026,,c8d737e0-2ff8-42e8-b8fc-6b805d26fc5f,Netherlands,Overijssel,52.4,6.1,HUMAN_OBSERVATION,https://observation.org/photos/148292041.jpg,http://creativecommons.org/licenses/by-nc-nd/4.0/,Wilbert Huls,Wilbert Huls,False
Ranunculus aquatilis,Ranunculus aquatilis L.,global,3033464,6227772599,Ranunculus aquatilis L.,2026-04-25,2026,,c8d737e0-2ff8-42e8-b8fc-6b805d26fc5f,Netherlands,Gelderland,51.8,5.25,HUMAN_OBSERVATION,https://observation.org/photos/148937457.jpg,http://creativecommons.org/licenses/by-nc-nd/4.0/,F T van Binsbergen,F T van Binsbergen,False
Ranunculus aquatilis,Ranunculus aquatilis L.,global,3033464,6227772599,Ranunculus aquatilis L.,2026-04-25,2026,,c8d737e0-2ff8-42e8-b8fc-6b805d26fc5f,Netherlands,Gelderland,51.8,5.25,HUMAN_OBSERVATION,https://observation.org/photos/148937458.jpg,http://creativecommons.org/licenses/by-nc-nd/4.0/,F T van Binsbergen,F T van Binsbergen,False
Ranunculus aquatilis,Ranunculus aquatilis L.,global,3033464,6227995542,Ranunculus aquatilis L.,2026-04-23,2026,,c8d737e0-2ff8-42e8-b8fc-6b805d26fc5f,Netherlands,Gelderland,51.9,6.05,HUMAN_OBSERVATION,https://observation.org/photos/148643443.jpg,http://creativecommons.org/licenses/by-nc-nd/4.0/,Nico Omlo,Nico Omlo,False
Ranunculus aquatilis,Ranunculus aquatilis L.,global,3033464,6228097597,Ranunculus aquatilis L.,2026-04-19,2026,,c8d737e0-2ff8-42e8-b8fc-6b805d26fc5f,Netherlands,Noord-Holland,52.8,4.7,HUMAN_OBSERVATION,https://observation.org/photos/148456977.jpg,http://creativecommons.org/licenses/by-nc-nd/4.0/,Gwenny en Elco,Gwenny en Elco,False
Ranunculus aquatilis,Ranunculus aquatilis L.,global,3033464,6228097597,Ranunculus aquatilis L.,2026-04-19,2026,,c8d737e0-2ff8-42e8-b8fc-6b805d26fc5f,Netherlands,Noord-Holland,52.8,4.7,HUMAN_OBSERVATION,https://observation.org/photos/148456978.jpg,http://creativecommons.org/licenses/by-nc-nd/4.0/,Gwenny en Elco,Gwenny en Elco,False
Ranunculus aquatilis,Ranunculus aquatilis L.,global,3033464,6228097597,Ranunculus aquatilis L.,2026-04-19,2026,,c8d737e0-2ff8-42e8-b8fc-6b805d26fc5f,Netherlands,Noord-Holland,52.8,4.7,HUMAN_OBSERVATION,https://observation.org/photos/148456979.jpg,http://creativecommons.org/licenses/by-nc-nd/4.0/,Gwenny en Elco,Gwenny en Elco,False
Ranunculus aquatilis,Ranunculus aquatilis L.,global,3033464,6228380547,Ranunculus aquatilis L.,2026-04-24,2026,,c8d737e0-2ff8-42e8-b8fc-6b805d26fc5f,Netherlands,Noord-Brabant,51.6,5.45,HUMAN_OBSERVATION,https://observation.org/photos/148936351.jpg,http://creativecommons.org/licenses/by-nc-nd/4.0/,J. Kastelijn,J. Kastelijn,False
Ranunculus aquatilis,Ranunculus aquatilis L.,global,3033464,6228380547,Ranunculus aquatilis L.,2026-04-24,2026,,c8d737e0-2ff8-42e8-b8fc-6b805d26fc5f,Netherlands,Noord-Brabant,51.6,5.45,HUMAN_OBSERVATION,https://observation.org/photos/148936352.jpg,http://creativecommons.org/licenses/by-nc-nd/4.0/,J. Kastelijn,J. Kastelijn,False
Ranunculus aquatilis,Ranunculus aquatilis L.,global,3033464,6228380547,Ranunculus aquatilis L.,2026-04-24,2026,,c8d737e0-2ff8-42e8-b8fc-6b805d26fc5f,Netherlands,Noord-Brabant,51.6,5.45,HUMAN_OBSERVATION,https://observation.org/photos/148936353.jpg,http://creativecommons.org/licenses/by-nc-nd/4.0/,J. Kastelijn,J. Kastelijn,False
Ranunculus aquatilis,Ranunculus aquatilis L.,global,3033464,6228380547,Ranunculus aquatilis L.,2026-04-24,2026,,c8d737e0-2ff8-42e8-b8fc-6b805d26fc5f,Netherlands,Noord-Brabant,51.6,5.45,HUMAN_OBSERVATION,https://observation.org/photos/148936354.jpg,http://creativecommons.org/licenses/by-nc-nd/4.0/,J. Kastelijn,J. Kastelijn,False
Ranunculus aquatilis,Ranunculus aquatilis L.,global,3033464,6228380547,Ranunculus aquatilis L.,2026-04-24,2026,,c8d737e0-2ff8-42e8-b8fc-6b805d26fc5f,Netherlands,Noord-Brabant,51.6,5.45,HUMAN_OBSERVATION,https://observation.org/photos/148936355.jpg,http://creativecommons.org/licenses/by-nc-nd/4.0/,J. Kastelijn,J. Kastelijn,False
Ranunculus aquatilis,Ranunculus aquatilis L.,global,3033464,6228383406,Ranunculus aquatilis L.,2026-04-22,2026,,c8d737e0-2ff8-42e8-b8fc-6b805d26fc5f,Netherlands,Gelderland,52.1,6.25,HUMAN_OBSERVATION,https://observation.org/photos/148469910.jpg,http://creativecommons.org/licenses/by-nc-nd/4.0/,Peter Muileman,Peter Muileman,False
Ranunculus aquatilis,Ranunculus aquatilis L.,global,3033464,6234531434,Ranunculus aquatilis L.,2026-04-27T14:50:09,2026,iNaturalist research-grade observations,28eb1a3f-1c15-4a95-931a-4af90ecb574d,Germany,Schleswig-Holstein,54.375375,10.285047,HUMAN_OBSERVATION,https://inaturalist-open-data.s3.amazonaws.com/photos/648061366/original.jpg,http://creativecommons.org/licenses/by-nc/4.0/,Birger,Birger,False
Ranunculus aquatilis,Ranunculus aquatilis L.,global,3033464,6234531434,Ranunculus aquatilis L.,2026-04-27T14:50:09,2026,iNaturalist research-grade observations,28eb1a3f-1c15-4a95-931a-4af90ecb574d,Germany,Schleswig-Holstein,54.375375,10.285047,HUMAN_OBSERVATION,https://inaturalist-open-data.s3.amazonaws.com/photos/648061458/original.jpg,http://creativecommons.org/licenses/by-nc/4.0/,Birger,Birger,False
Ranunculus aquatilis,Ranunculus aquatilis L.,global,3033464,6234531434,Ranunculus aquatilis L.,2026-04-27T14:50:09,2026,iNaturalist research-grade observations,28eb1a3f-1c15-4a95-931a-4af90ecb574d,Germany,Schleswig-Holstein,54.375375,10.285047,HUMAN_OBSERVATION,https://inaturalist-open-data.s3.amazonaws.com/photos/648061557/original.jpg,http://creativecommons.org/licenses/by-nc/4.0/,Birger,Birger,False
Ranunculus aquatilis,Ranunculus aquatilis L.,great_lakes_bbox,3033464,6552238075,Ranunculus aquatilis L.,2026-09-10T15:38:51,2026,iNaturalist research-grade observations,28eb1a3f-1c15-4a95-931a-4af90ecb574d,United States of America,New York,42.885812,-75.641478,HUMAN_OBSERVATION,https://inaturalist-open-data.s3.amazonaws.com/photos/732140523/original.jpg,http://creativecommons.org/licenses/by-nc/4.0/,alyssa092,alyssa092,False
Vallisneria americana,Vallisneria americana Michx.,global,2865501,5938103010,Vallisneria americana Michx.,2026-01-03T15:16:53,2026,iNaturalist research-grade observations,28eb1a3f-1c15-4a95-931a-4af90ecb574d,United States of America,Florida,26.071921,-80.32204,HUMAN_OBSERVATION,https://inaturalist-open-data.s3.amazonaws.com/photos/605147586/original.jpg,http://creativecommons.org/licenses/by-nc/4.0/,Jen,Jen,False
Vallisneria americana,Vallisneria americana Michx.,global,2865501,6130541867,Vallisneria americana Michx.,2026-01-11T12:45:57,2026,iNaturalist research-grade observations,28eb1a3f-1c15-4a95-931a-4af90ecb574d,United States of America,North Carolina,35.919075,-78.39042,HUMAN_OBSERVATION,https://inaturalist-open-data.s3.amazonaws.com/photos/607258256/original.jpg,http://creativecommons.org/licenses/by-nc/4.0/,Magnolia,Magnolia,False
Vallisneria americana,Vallisneria americana Michx.,global,2865501,6130541867,Vallisneria americana Michx.,2026-01-11T12:45:57,2026,iNaturalist research-grade observations,28eb1a3f-1c15-4a95-931a-4af90ecb574d,United States of America,North Carolina,35.919075,-78.39042,HUMAN_OBSERVATION,https://inaturalist-open-data.s3.amazonaws.com/photos/607258234/original.jpg,http://creativecommons.org/licenses/by-nc/4.0/,Magnolia,Magnolia,False
Vallisneria americana,Vallisneria americana Michx.,global,2865501,6130541867,Vallisneria americana Michx.,2026-01-11T12:45:57,2026,iNaturalist research-grade observations,28eb1a3f-1c15-4a95-931a-4af90ecb574d,United States of America,North Carolina,35.919075,-78.39042,HUMAN_OBSERVATION,https://inaturalist-open-data.s3.amazonaws.com/photos/607258274/original.jpg,http://creativecommons.org/licenses/by-nc/4.0/,Magnolia,Magnolia,False
Vallisneria americana,Vallisneria americana Michx.,global,2865501,6159412724,Vallisneria neotropicalis Vict.,2026-02-10T10:34:12,2026,iNaturalist research-grade observations,28eb1a3f-1c15-4a95-931a-4af90ecb574d,United States of America,Florida,27.068229,-80.877945,HUMAN_OBSERVATION,https://inaturalist-open-data.s3.amazonaws.com/photos/614744271/original.jpg,http://creativecommons.org/licenses/by-nc/4.0/,Jen,Jen,False
Vallisneria americana,Vallisneria americana Michx.,global,2865501,6159412724,Vallisneria neotropicalis Vict.,2026-02-10T10:34:12,2026,iNaturalist research-grade observations,28eb1a3f-1c15-4a95-931a-4af90ecb574d,United States of America,Florida,27.068229,-80.877945,HUMAN_OBSERVATION,https://inaturalist-open-data.s3.amazonaws.com/photos/614744286/original.jpg,http://creativecommons.org/licenses/by-nc/4.0/,Jen,Jen,False
Vallisneria americana,Vallisneria americana Michx.,global,2865501,6159412724,Vallisneria neotropicalis Vict.,2026-02-10T10:34:12,2026,iNaturalist research-grade observations,28eb1a3f-1c15-4a95-931a-4af90ecb574d,United States of America,Florida,27.068229,-80.877945,HUMAN_OBSERVATION,https://inaturalist-open-data.s3.amazonaws.com/photos/614806706/original.jpg,http://creativecommons.org/licenses/by-nc/4.0/,Jen,Jen,False
Vallisneria americana,Vallisneria americana Michx.,global,2865501,6159412724,Vallisneria neotropicalis Vict.,2026-02-10T10:34:12,2026,iNaturalist research-grade observations,28eb1a3f-1c15-4a95-931a-4af90ecb574d,United States of America,Florida,27.068229,-80.877945,HUMAN_OBSERVATION,https://inaturalist-open-data.s3.amazonaws.com/photos/614806728/original.jpg,http://creativecommons.org/licenses/by-nc/4.0/,Jen,Jen,False
Vallisneria americana,Vallisneria americana Michx.,global,2865501,6159412724,Vallisneria neotropicalis Vict.,2026-02-10T10:34:12,2026,iNaturalist research-grade observations,28eb1a3f-1c15-4a95-931a-4af90ecb574d,United States of America,Florida,27.068229,-80.877945,HUMAN_OBSERVATION,https://inaturalist-open-data.s3.amazonaws.com/photos/614806745/original.jpg,http://creativecommons.org/licenses/by-nc/4.0/,Jen,Jen,False
Vallisneria americana,Vallisneria americana Michx.,global,2865501,6184804953,Vallisneria americana Michx.,2026-02-27T12:17:20,2026,iNaturalist research-grade observations,28eb1a3f-1c15-4a95-931a-4af90ecb574d,United States of America,Florida,28.756033,-81.499031,HUMAN_OBSERVATION,https://inaturalist-open-data.s3.amazonaws.com/photos/620247794/original.jpg,http://creativecommons.org/licenses/by-nc/4.0/,chelsea,chelsea,False
Vallisneria americana,Vallisneria americana Michx.,global,2865501,6184911348,Vallisneria neotropicalis Vict.,2026-03-22T12:07:48,2026,iNaturalist research-grade observations,28eb1a3f-1c15-4a95-931a-4af90ecb574d,United States of America,Florida,28.370295,-81.519172,HUMAN_OBSERVATION,https://inaturalist-open-data.s3.amazonaws.com/photos/627812641/original.jpg,http://creativecommons.org/licenses/by-nc/4.0/,sebento,sebento,False
Vallisneria americana,Vallisneria americana Michx.,global,2865501,6252377212,Vallisneria americana Michx.,2026-03-25T13:17,2026,iNaturalist research-grade observations,28eb1a3f-1c15-4a95-931a-4af90ecb574d,United States of America,Missouri,37.393763,-91.573813,HUMAN_OBSERVATION,https://inaturalist-open-data.s3.amazonaws.com/photos/629475951/original.jpg,http://creativecommons.org/licenses/by-nc/4.0/,Ethan,Ethan,False
Vallisneria americana,Vallisneria americana Michx.,global,2865501,6195894844,Vallisneria neotropicalis Vict.,2026-04-06T09:35:48,2026,iNaturalist research-grade observations,28eb1a3f-1c15-4a95-931a-4af90ecb574d,United States of America,Florida,27.14468,-80.865866,HUMAN_OBSERVATION,https://inaturalist-open-data.s3.amazonaws.com/photos/634531775/original.jpg,http://creativecommons.org/licenses/by-nc/4.0/,larvalfishguy,larvalfishguy,False
Vallisneria americana,Vallisneria americana Michx.,global,2865501,6195894844,Vallisneria neotropicalis Vict.,2026-04-06T09:35:48,2026,iNaturalist research-grade observations,28eb1a3f-1c15-4a95-931a-4af90ecb574d,United States of America,Florida,27.14468,-80.865866,HUMAN_OBSERVATION,https://inaturalist-open-data.s3.amazonaws.com/photos/634531802/original.jpg,http://creativecommons.org/licenses/by-nc/4.0/,larvalfishguy,larvalfishguy,False
Vallisneria americana,Vallisneria americana Michx.,global,2865501,6195894844,Vallisneria neotropicalis Vict.,2026-04-06T09:35:48,2026,iNaturalist research-grade observations,28eb1a3f-1c15-4a95-931a-4af90ecb574d,United States of America,Florida,27.14468,-80.865866,HUMAN_OBSERVATION,https://inaturalist-open-data.s3.amazonaws.com/photos/634531820/original.jpg,http://creativecommons.org/licenses/by-nc/4.0/,larvalfishguy,larvalfishguy,False
Vallisneria americana,Vallisneria americana Michx.,global,2865501,6195894844,Vallisneria neotropicalis Vict.,2026-04-06T09:35:48,2026,iNaturalist research-grade observations,28eb1a3f-1c15-4a95-931a-4af90ecb574d,United States of America,Florida,27.14468,-80.865866,HUMAN_OBSERVATION,https://inaturalist-open-data.s3.amazonaws.com/photos/634531856/original.jpg,http://creativecommons.org/licenses/by-nc/4.0/,larvalfishguy,larvalfishguy,False
Vallisneria americana,Vallisneria americana Michx.,global,2865501,6196002395,Vallisneria neotropicalis Vict.,2026-04-06T09:49:56,2026,iNaturalist research-grade observations,28eb1a3f-1c15-4a95-931a-4af90ecb574d,United States of America,Florida,27.14478,-80.866258,HUMAN_OBSERVATION,https://inaturalist-open-data.s3.amazonaws.com/photos/634502066/original.jpg,http://creativecommons.org/licenses/by-nc/4.0/,larvalfishguy,larvalfishguy,False
Vallisneria americana,Vallisneria americana Michx.,global,2865501,6196002395,Vallisneria neotropicalis Vict.,2026-04-06T09:49:56,2026,iNaturalist research-grade observations,28eb1a3f-1c15-4a95-931a-4af90ecb574d,United States of America,Florida,27.14478,-80.866258,HUMAN_OBSERVATION,https://inaturalist-open-data.s3.amazonaws.com/photos/634502100/original.jpg,http://creativecommons.org/licenses/by-nc/4.0/,larvalfishguy,larvalfishguy,False
Vallisneria americana,Vallisneria americana Michx.,global,2865501,6196002395,Vallisneria neotropicalis Vict.,2026-04-06T09:49:56,2026,iNaturalist research-grade observations,28eb1a3f-1c15-4a95-931a-4af90ecb574d,United States of America,Florida,27.14478,-80.866258,HUMAN_OBSERVATION,https://inaturalist-open-data.s3.amazonaws.com/photos/634502117/original.jpg,http://creativecommons.org/licenses/by-nc/4.0/,larvalfishguy,larvalfishguy,False
Vallisneria americana,Vallisneria americana Michx.,global,2865501,6196002395,Vallisneria neotropicalis Vict.,2026-04-06T09:49:56,2026,iNaturalist research-grade observations,28eb1a3f-1c15-4a95-931a-4af90ecb574d,United States of America,Florida,27.14478,-80.866258,HUMAN_OBSERVATION,https://inaturalist-open-data.s3.amazonaws.com/photos/634502159/original.jpg,http://creativecommons.org/licenses/by-nc/4.0/,larvalfishguy,larvalfishguy,False
Vallisneria americana,Vallisneria americana Michx.,global,2865501,6234165842,Vallisneria americana Michx.,2026-04-21T16:53,2026,iNaturalist research-grade observations,28eb1a3f-1c15-4a95-931a-4af90ecb574d,United States of America,Michigan,42.468937,-83.996645,HUMAN_OBSERVATION,https://inaturalist-open-data.s3.amazonaws.com/photos/642743321/original.jpg,http://creativecommons.org/licenses/by-nc/4.0/,Ken Potter,Ken Potter,False
Vallisneria americana,Vallisneria americana Michx.,global,2865501,6234165842,Vallisneria americana Michx.,2026-04-21T16:53,2026,iNaturalist research-grade observations,28eb1a3f-1c15-4a95-931a-4af90ecb574d,United States of America,Michigan,42.468937,-83.996645,HUMAN_OBSERVATION,https://inaturalist-open-data.s3.amazonaws.com/photos/642743335/original.jpg,http://creativecommons.org/licenses/by-nc/4.0/,Ken Potter,Ken Potter,False
Vallisneria americana,Vallisneria americana Michx.,global,2865501,6234165842,Vallisneria americana Michx.,2026-04-21T16:53,2026,iNaturalist research-grade observations,28eb1a3f-1c15-4a95-931a-4af90ecb574d,United States of America,Michigan,42.468937,-83.996645,HUMAN_OBSERVATION,https://inaturalist-open-data.s3.amazonaws.com/photos/642743354/original.jpg,http://creativecommons.org/licenses/by-nc/4.0/,Ken Potter,Ken Potter,False
Vallisneria americana,Vallisneria americana Michx.,global,2865501,6234682449,Vallisneria neotropicalis Vict.,2026-04-23T10:13:01,2026,iNaturalist research-grade observations,28eb1a3f-1c15-4a95-931a-4af90ecb574d,United States of America,Florida,27.14282,-80.866028,HUMAN_OBSERVATION,https://inaturalist-open-data.s3.amazonaws.com/photos/643086309/original.jpg,http://creativecommons.org/licenses/by-nc/4.0/,larvalfishguy,larvalfishguy,False
Vallisneria americana,Vallisneria americana Michx.,global,2865501,6234682449,Vallisneria neotropicalis Vict.,2026-04-23T10:13:01,2026,iNaturalist research-grade observations,28eb1a3f-1c15-4a95-931a-4af90ecb574d,United States of America,Florida,27.14282,-80.866028,HUMAN_OBSERVATION,https://inaturalist-open-data.s3.amazonaws.com/photos/643086350/original.jpg,http://creativecommons.org/licenses/by-nc/4.0/,larvalfishguy,larvalfishguy,False
Vallisneria americana,Vallisneria americana Michx.,global,2865501,6234682449,Vallisneria neotropicalis Vict.,2026-04-23T10:13:01,2026,iNaturalist research-grade observations,28eb1a3f-1c15-4a95-931a-4af90ecb574d,United States of America,Florida,27.14282,-80.866028,HUMAN_OBSERVATION,https://inaturalist-open-data.s3.amazonaws.com/photos/643086421/original.jpg,http://creativecommons.org/licenses/by-nc/4.0/,larvalfishguy,larvalfishguy,False
Vallisneria americana,Vallisneria americana Michx.,global,2865501,6235160339,Vallisneria americana Michx.,2026-04-26T15:43:52,2026,iNaturalist research-grade observations,28eb1a3f-1c15-4a95-931a-4af90ecb574d,United States of America,New York,41.017775,-72.020533,HUMAN_OBSERVATION,https://inaturalist-open-data.s3.amazonaws.com/photos/647411077/original.jpg,http://creativecommons.org/licenses/by/4.0/,Frog The Kermit,Frog The Kermit,True
Vallisneria americana,Vallisneria americana Michx.,global,2865501,6235555001,Vallisneria americana Michx.,2026-04-11T16:40:14,2026,iNaturalist research-grade observations,28eb1a3f-1c15-4a95-931a-4af90ecb574d,United States of America,Florida,30.235035,-84.301424,HUMAN_OBSERVATION,https://inaturalist-open-data.s3.amazonaws.com/photos/639160766/original.jpg,http://creativecommons.org/licenses/by-nc/4.0/,reed,reed,False
Vallisneria americana,Vallisneria americana Michx.,global,2865501,6235978829,Vallisneria neotropicalis Vict.,2026-04-23T09:54:45,2026,iNaturalist research-grade observations,28eb1a3f-1c15-4a95-931a-4af90ecb574d,United States of America,Florida,27.144547,-80.865503,HUMAN_OBSERVATION,https://inaturalist-open-data.s3.amazonaws.com/photos/643085939/original.jpg,http://creativecommons.org/licenses/by-nc/4.0/,larvalfishguy,larvalfishguy,False
Vallisneria americana,Vallisneria americana Michx.,global,2865501,6235978829,Vallisneria neotropicalis Vict.,2026-04-23T09:54:45,2026,iNaturalist research-grade observations,28eb1a3f-1c15-4a95-931a-4af90ecb574d,United States of America,Florida,27.144547,-80.865503,HUMAN_OBSERVATION,https://inaturalist-open-data.s3.amazonaws.com/photos/643085980/original.jpg,http://creativecommons.org/licenses/by-nc/4.0/,larvalfishguy,larvalfishguy,False
Vallisneria americana,Vallisneria americana Michx.,global,2865501,6251508215,Vallisneria neotropicalis Vict.,2026-04-06T11:18:20,2026,iNaturalist research-grade observations,28eb1a3f-1c15-4a95-931a-4af90ecb574d,United States of America,Florida,27.080887,-80.867763,HUMAN_OBSERVATION,https://inaturalist-open-data.s3.amazonaws.com/photos/634258423/original.jpg,http://creativecommons.org/licenses/by-nc/4.0/,Jen,Jen,False
Vallisneria americana,Vallisneria americana Michx.,global,2865501,6253223499,Vallisneria neotropicalis Vict.,2026-04-06T12:21:03,2026,iNaturalist research-grade observations,28eb1a3f-1c15-4a95-931a-4af90ecb574d,United States of America,Florida,27.06543,-80.881805,HUMAN_OBSERVATION,https://inaturalist-open-data.s3.amazonaws.com/photos/634291164/original.jpg,http://creativecommons.org/licenses/by-nc/4.0/,Jen,Jen,False
Vallisneria americana,Vallisneria americana Michx.,global,2865501,6273735685,Vallisneria neotropicalis Vict.,2026-04-30T09:56:29,2026,iNaturalist research-grade observations,28eb1a3f-1c15-4a95-931a-4af90ecb574d,United States of America,Florida,27.17332,-80.89028,HUMAN_OBSERVATION,https://inaturalist-open-data.s3.amazonaws.com/photos/650935751/original.jpg,http://creativecommons.org/licenses/by-nc/4.0/,larvalfishguy,larvalfishguy,False
Vallisneria americana,Vallisneria americana Michx.,global,2865501,6273735685,Vallisneria neotropicalis Vict.,2026-04-30T09:56:29,2026,iNaturalist research-grade observations,28eb1a3f-1c15-4a95-931a-4af90ecb574d,United States of America,Florida,27.17332,-80.89028,HUMAN_OBSERVATION,https://inaturalist-open-data.s3.amazonaws.com/photos/650935889/original.jpg,http://creativecommons.org/licenses/by-nc/4.0/,larvalfishguy,larvalfishguy,False
Vallisneria americana,Vallisneria americana Michx.,global,2865501,6273991654,Vallisneria neotropicalis Vict.,2026-04-30T09:10:49,2026,iNaturalist research-grade observations,28eb1a3f-1c15-4a95-931a-4af90ecb574d,United States of America,Florida,27.151839,-80.873512,HUMAN_OBSERVATION,https://inaturalist-open-data.s3.amazonaws.com/photos/650950613/original.jpg,http://creativecommons.org/licenses/by-nc/4.0/,larvalfishguy,larvalfishguy,False
Vallisneria americana,Vallisneria americana Michx.,global,2865501,6274021306,Vallisneria neotropicalis Vict.,2026-04-30T09:42:52,2026,iNaturalist research-grade observations,28eb1a3f-1c15-4a95-931a-4af90ecb574d,United States of America,Florida,27.173463,-80.888292,HUMAN_OBSERVATION,https://inaturalist-open-data.s3.amazonaws.com/photos/650941035/original.jpg,http://creativecommons.org/licenses/by-nc/4.0/,larvalfishguy,larvalfishguy,False
Vallisneria americana,Vallisneria americana Michx.,global,2865501,6274021306,Vallisneria neotropicalis Vict.,2026-04-30T09:42:52,2026,iNaturalist research-grade observations,28eb1a3f-1c15-4a95-931a-4af90ecb574d,United States of America,Florida,27.173463,-80.888292,HUMAN_OBSERVATION,https://inaturalist-open-data.s3.amazonaws.com/photos/650941103/original.jpg,http://creativecommons.org/licenses/by-nc/4.0/,larvalfishguy,larvalfishguy,False
Vallisneria americana,Vallisneria americana Michx.,global,2865501,6252888024,Vallisneria americana Michx.,2026-05-01T14:37:33,2026,iNaturalist research-grade observations,28eb1a3f-1c15-4a95-931a-4af90ecb574d,United States of America,Rhode Island,41.458158,-71.598389,HUMAN_OBSERVATION,https://inaturalist-open-data.s3.amazonaws.com/photos/651810546/original.jpg,http://creativecommons.org/licenses/by-nc/4.0/,Tom Groves,Tom Groves,False
Vallisneria americana,Vallisneria americana Michx.,global,2865501,6252888024,Vallisneria americana Michx.,2026-05-01T14:37:33,2026,iNaturalist research-grade observations,28eb1a3f-1c15-4a95-931a-4af90ecb574d,United States of America,Rhode Island,41.458158,-71.598389,HUMAN_OBSERVATION,https://inaturalist-open-data.s3.amazonaws.com/photos/651810604/original.jpg,http://creativecommons.org/licenses/by-nc/4.0/,Tom Groves,Tom Groves,False
Vallisneria americana,Vallisneria americana Michx.,global,2865501,6252888024,Vallisneria americana Michx.,2026-05-01T14:37:33,2026,iNaturalist research-grade observations,28eb1a3f-1c15-4a95-931a-4af90ecb574d,United States of America,Rhode Island,41.458158,-71.598389,HUMAN_OBSERVATION,https://inaturalist-open-data.s3.amazonaws.com/photos/651810637/original.jpg,http://creativecommons.org/licenses/by-nc/4.0/,Tom Groves,Tom Groves,False
Vallisneria americana,Vallisneria americana Michx.,global,2865501,6252888024,Vallisneria americana Michx.,2026-05-01T14:37:33,2026,iNaturalist research-grade observations,28eb1a3f-1c15-4a95-931a-4af90ecb574d,United States of America,Rhode Island,41.458158,-71.598389,HUMAN_OBSERVATION,https://inaturalist-open-data.s3.amazonaws.com/photos/651810676/original.jpg,http://creativecommons.org/licenses/by-nc/4.0/,Tom Groves,Tom Groves,False
Vallisneria americana,Vallisneria americana Michx.,global,2865501,6320184441,Vallisneria americana Michx.,2026-05-16T19:49:44,2026,iNaturalist research-grade observations,28eb1a3f-1c15-4a95-931a-4af90ecb574d,United States of America,Michigan,44.67547,-84.644711,HUMAN_OBSERVATION,https://inaturalist-open-data.s3.amazonaws.com/photos/710674302/original.jpg,http://creativecommons.org/licenses/by-nc/4.0/,elhamm,elhamm,False
Vallisneria americana,Vallisneria americana Michx.,global,2865501,6320752971,Vallisneria americana Michx.,2026-05-14T14:02:03,2026,iNaturalist research-grade observations,28eb1a3f-1c15-4a95-931a-4af90ecb574d,United States of America,Pennsylvania,40.915281,-78.060833,HUMAN_OBSERVATION,https://inaturalist-open-data.s3.amazonaws.com/photos/659831550/original.jpg,http://creativecommons.org/licenses/by-nc/4.0/,Savannah Fink,Savannah Fink,False
Vallisneria americana,Vallisneria americana Michx.,global,2865501,6321002686,Vallisneria americana Michx.,2026-05-16T17:24:45,2026,iNaturalist research-grade observations,28eb1a3f-1c15-4a95-931a-4af90ecb574d,United States of America,Pennsylvania,40.827808,-76.468117,HUMAN_OBSERVATION,https://inaturalist-open-data.s3.amazonaws.com/photos/661069708/original.jpg,http://creativecommons.org/licenses/by-nc/4.0/,paul_dennehy,paul_dennehy,False
Vallisneria americana,Vallisneria americana Michx.,global,2865501,6321002686,Vallisneria americana Michx.,2026-05-16T17:24:45,2026,iNaturalist research-grade observations,28eb1a3f-1c15-4a95-931a-4af90ecb574d,United States of America,Pennsylvania,40.827808,-76.468117,HUMAN_OBSERVATION,https://inaturalist-open-data.s3.amazonaws.com/photos/661069752/original.jpg,http://creativecommons.org/licenses/by-nc/4.0/,paul_dennehy,paul_dennehy,False
Vallisneria americana,Vallisneria americana Michx.,global,2865501,6321002686,Vallisneria americana Michx.,2026-05-16T17:24:45,2026,iNaturalist research-grade observations,28eb1a3f-1c15-4a95-931a-4af90ecb574d,United States of America,Pennsylvania,40.827808,-76.468117,HUMAN_OBSERVATION,https://inaturalist-open-data.s3.amazonaws.com/photos/661069799/original.jpg,http://creativecommons.org/licenses/by-nc/4.0/,paul_dennehy,paul_dennehy,False
Vallisneria americana,Vallisneria americana Michx.,global,2865501,6321002686,Vallisneria americana Michx.,2026-05-16T17:24:45,2026,iNaturalist research-grade observations,28eb1a3f-1c15-4a95-931a-4af90ecb574d,United States of America,Pennsylvania,40.827808,-76.468117,HUMAN_OBSERVATION,https://inaturalist-open-data.s3.amazonaws.com/photos/661069859/original.jpg,http://creativecommons.org/licenses/by-nc/4.0/,paul_dennehy,paul_dennehy,False
Vallisneria americana,Vallisneria americana Michx.,global,2865501,6334180490,Vallisneria americana Michx.,2026-05-24T10:03,2026,iNaturalist research-grade observations,28eb1a3f-1c15-4a95-931a-4af90ecb574d,United States of America,Pennsylvania,40.880263,-78.082917,HUMAN_OBSERVATION,https://inaturalist-open-data.s3.amazonaws.com/photos/665904564/original.jpg,http://creativecommons.org/licenses/by-nc/4.0/,itsandrizzle,itsandrizzle,False
Vallisneria americana,Vallisneria americana Michx.,global,2865501,6334686950,Vallisneria americana Michx.,2026-05-17T14:16:01,2026,iNaturalist research-grade observations,28eb1a3f-1c15-4a95-931a-4af90ecb574d,United States of America,Florida,28.03918,-81.718724,HUMAN_OBSERVATION,https://inaturalist-open-data.s3.amazonaws.com/photos/662837470/original.jpg,http://creativecommons.org/licenses/by/4.0/,Scott Allen Davis,Scott Allen Davis,True
Vallisneria americana,Vallisneria americana Michx.,global,2865501,6334686950,Vallisneria americana Michx.,2026-05-17T14:16:01,2026,iNaturalist research-grade observations,28eb1a3f-1c15-4a95-931a-4af90ecb574d,United States of America,Florida,28.03918,-81.718724,HUMAN_OBSERVATION,https://inaturalist-open-data.s3.amazonaws.com/photos/662837520/original.jpg,http://creativecommons.org/licenses/by/4.0/,Scott Allen Davis,Scott Allen Davis,True
Vallisneria americana,Vallisneria americana Michx.,global,2865501,6334686950,Vallisneria americana Michx.,2026-05-17T14:16:01,2026,iNaturalist research-grade observations,28eb1a3f-1c15-4a95-931a-4af90ecb574d,United States of America,Florida,28.03918,-81.718724,HUMAN_OBSERVATION,https://inaturalist-open-data.s3.amazonaws.com/photos/662837931/original.jpg,http://creativecommons.org/licenses/by/4.0/,Scott Allen Davis,Scott Allen Davis,True
Vallisneria americana,Vallisneria americana Michx.,global,2865501,6334904353,Vallisneria americana Michx.,2026-05-14T10:33,2026,iNaturalist research-grade observations,28eb1a3f-1c15-4a95-931a-4af90ecb574d,United States of America,Missouri,37.46057,-91.68345,HUMAN_OBSERVATION,https://inaturalist-open-data.s3.amazonaws.com/photos/663405758/original.jpg,http://creativecommons.org/licenses/by-nc-sa/4.0/,Lee Elliott,Lee Elliott,False
Vallisneria americana,Vallisneria americana Michx.,great_lakes_bbox,2865501,6234165842,Vallisneria americana Michx.,2026-04-21T16:53,2026,iNaturalist research-grade observations,28eb1a3f-1c15-4a95-931a-4af90ecb574d,United States of America,Michigan,42.468937,-83.996645,HUMAN_OBSERVATION,https://inaturalist-open-data.s3.amazonaws.com/photos/642743321/original.jpg,http://creativecommons.org/licenses/by-nc/4.0/,Ken Potter,Ken Potter,False
Vallisneria americana,Vallisneria americana Michx.,great_lakes_bbox,2865501,6234165842,Vallisneria americana Michx.,2026-04-21T16:53,2026,iNaturalist research-grade observations,28eb1a3f-1c15-4a95-931a-4af90ecb574d,United States of America,Michigan,42.468937,-83.996645,HUMAN_OBSERVATION,https://inaturalist-open-data.s3.amazonaws.com/photos/642743335/original.jpg,http://creativecommons.org/licenses/by-nc/4.0/,Ken Potter,Ken Potter,False
Vallisneria americana,Vallisneria americana Michx.,great_lakes_bbox,2865501,6234165842,Vallisneria americana Michx.,2026-04-21T16:53,2026,iNaturalist research-grade observations,28eb1a3f-1c15-4a95-931a-4af90ecb574d,United States of America,Michigan,42.468937,-83.996645,HUMAN_OBSERVATION,https://inaturalist-open-data.s3.amazonaws.com/photos/642743354/original.jpg,http://creativecommons.org/licenses/by-nc/4.0/,Ken Potter,Ken Potter,False
