species,inat_taxon_id,observation_id,observed_on,quality_grade,lat,lon,photo_url,photo_id,photo_license_code,license_looks_open
Brasenia schreberi,75867,404863250,2026-09-30,research,35.1098638333,-78.9434366667,https://inaturalist-open-data.s3.amazonaws.com/photos/743562794/square.jpg,743562794,cc-by-nc,True
Brasenia schreberi,75867,404853315,2026-09-27,research,44.3793397997,-64.8822808,https://inaturalist-open-data.s3.amazonaws.com/photos/743529679/square.jpg,743529679,cc-by-nc,True
Brasenia schreberi,75867,404849666,2026-09-30,research,35.1540487453,-79.3683059401,https://inaturalist-open-data.s3.amazonaws.com/photos/743533522/square.jpg,743533522,cc-by-nc,True
Brasenia schreberi,75867,404835563,2026-09-30,research,45.58446249,-72.1360127,https://inaturalist-open-data.s3.amazonaws.com/photos/743505344/square.jpg,743505344,cc-by-nc,True
Brasenia schreberi,75867,404810850,2026-09-26,research,41.6868141387,-80.8789107855,https://inaturalist-open-data.s3.amazonaws.com/photos/743454784/square.jpg,743454784,cc-by-nc,True
Brasenia schreberi,75867,404810850,2026-09-26,research,41.6868141387,-80.8789107855,https://inaturalist-open-data.s3.amazonaws.com/photos/743454864/square.jpg,743454864,cc-by-nc,True
Brasenia schreberi,75867,404807967,2026-09-30,research,41.4000333333,-72.4967033333,https://inaturalist-open-data.s3.amazonaws.com/photos/743449230/square.jpg,743449230,cc-by,True
Brasenia schreberi,75867,404807967,2026-09-30,research,41.4000333333,-72.4967033333,https://inaturalist-open-data.s3.amazonaws.com/photos/743449234/square.jpg,743449234,cc-by,True
Brasenia schreberi,75867,404807967,2026-09-30,research,41.4000333333,-72.4967033333,https://inaturalist-open-data.s3.amazonaws.com/photos/743449233/square.jpg,743449233,cc-by,True
Brasenia schreberi,75867,404807434,2026-08-29,research,44.789341609,-84.5487349761,https://inaturalist-open-data.s3.amazonaws.com/photos/743448305/square.jpg,743448305,cc-by-nc,True
Brasenia schreberi,75867,404805890,2026-09-30,research,41.3998216667,-72.4975133333,https://inaturalist-open-data.s3.amazonaws.com/photos/743445162/square.jpg,743445162,cc-by,True
Brasenia schreberi,75867,404805890,2026-09-30,research,41.3998216667,-72.4975133333,https://inaturalist-open-data.s3.amazonaws.com/photos/743445171/square.jpg,743445171,cc-by,True
Brasenia schreberi,75867,404805890,2026-09-30,research,41.3998216667,-72.4975133333,https://inaturalist-open-data.s3.amazonaws.com/photos/743445170/square.jpg,743445170,cc-by,True
Brasenia schreberi,75867,404805890,2026-09-30,research,41.3998216667,-72.4975133333,https://inaturalist-open-data.s3.amazonaws.com/photos/743445173/square.jpg,743445173,cc-by,True
Brasenia schreberi,75867,404805890,2026-09-30,research,41.3998216667,-72.4975133333,https://inaturalist-open-data.s3.amazonaws.com/photos/743445177/square.jpg,743445177,cc-by,True
Brasenia schreberi,75867,404798158,2023-05-19,research,32.6569033333,-87.97612,https://inaturalist-open-data.s3.amazonaws.com/photos/743429866/square.jpg,743429866,cc-by-nc,True
Brasenia schreberi,75867,404640945,2026-08-20,research,47.792973,-92.086782,https://inaturalist-open-data.s3.amazonaws.com/photos/743126466/square.jpg,743126466,cc-by-nc,True
Brasenia schreberi,75867,404631326,2026-09-29,research,44.58967,-76.9806216667,https://static.inaturalist.org/photos/743108222/square.jpg,743108222,,False
Brasenia schreberi,75867,404606861,2026-09-20,research,44.8241975457,-79.5101425022,https://static.inaturalist.org/photos/743048053/square.jpg,743048053,,False
Brasenia schreberi,75867,404573569,2026-09-29,research,35.43515,-88.6724616667,https://inaturalist-open-data.s3.amazonaws.com/photos/742984923/square.jpg,742984923,cc-by-nc,True
Brasenia schreberi,75867,404561599,2026-09-23,research,30.5353583333,-86.4679716667,https://static.inaturalist.org/photos/742960210/square.jpg,742960210,,False
Brasenia schreberi,75867,404561599,2026-09-23,research,30.5353583333,-86.4679716667,https://static.inaturalist.org/photos/742960207/square.jpg,742960207,,False
Brasenia schreberi,75867,404456758,2026-08-31,research,45.2992336461,-91.6013205353,https://inaturalist-open-data.s3.amazonaws.com/photos/742758506/square.jpg,742758506,cc-by-nc,True
Brasenia schreberi,75867,404440848,2026-09-27,research,44.936498939,-77.822812946,https://inaturalist-open-data.s3.amazonaws.com/photos/742726716/square.jpg,742726716,cc-by-nc,True
Brasenia schreberi,75867,404429838,2026-09-24,research,41.8564716667,-72.0004277783,https://static.inaturalist.org/photos/742705889/square.jpg,742705889,,False
Brasenia schreberi,75867,404388069,2026-09-28,research,49.3441616667,-124.6284716667,https://static.inaturalist.org/photos/742624522/square.jpg,742624522,,False
Brasenia schreberi,75867,404386171,2026-09-28,research,49.3430133333,-124.6289583333,https://static.inaturalist.org/photos/742620418/square.jpg,742620418,,False
Brasenia schreberi,75867,404367403,2026-09-24,research,46.630255,-87.4868466667,https://inaturalist-open-data.s3.amazonaws.com/photos/742582499/square.jpg,742582499,cc-by-nc,True
Brasenia schreberi,75867,404363900,2026-08-30,research,45.988275,-73.99893,https://inaturalist-open-data.s3.amazonaws.com/photos/742575329/square.jpg,742575329,cc-by-nc,True
Brasenia schreberi,75867,404363900,2026-08-30,research,45.988275,-73.99893,https://inaturalist-open-data.s3.amazonaws.com/photos/742575340/square.jpg,742575340,cc-by-nc,True
Brasenia schreberi,75867,404363900,2026-08-30,research,45.988275,-73.99893,https://inaturalist-open-data.s3.amazonaws.com/photos/742575350/square.jpg,742575350,cc-by-nc,True
Brasenia schreberi,75867,404363900,2026-08-30,research,45.988275,-73.99893,https://inaturalist-open-data.s3.amazonaws.com/photos/742575346/square.jpg,742575346,cc-by-nc,True
Brasenia schreberi,75867,404363900,2026-08-30,research,45.988275,-73.99893,https://inaturalist-open-data.s3.amazonaws.com/photos/742575347/square.jpg,742575347,cc-by-nc,True
Brasenia schreberi,75867,404363900,2026-08-30,research,45.988275,-73.99893,https://inaturalist-open-data.s3.amazonaws.com/photos/742575328/square.jpg,742575328,cc-by-nc,True
Brasenia schreberi,75867,404363900,2026-08-30,research,45.988275,-73.99893,https://inaturalist-open-data.s3.amazonaws.com/photos/742575358/square.jpg,742575358,cc-by-nc,True
Brasenia schreberi,75867,404355691,2026-09-23,research,42.9739962449,-81.3240941618,https://inaturalist-open-data.s3.amazonaws.com/photos/742549780/square.jpg,742549780,cc-by-nc,True
Brasenia schreberi,75867,404335500,2026-09-27,research,44.7889741997,-78.1952234,https://inaturalist-open-data.s3.amazonaws.com/photos/742517129/square.jpg,742517129,cc-by,True
Brasenia schreberi,75867,404335265,2026-09-27,research,44.7889612,-78.1951981997,https://inaturalist-open-data.s3.amazonaws.com/photos/742516513/square.jpg,742516513,cc-by,True
Brasenia schreberi,75867,404308755,2026-09-26,research,38.415807,-83.61293,https://inaturalist-open-data.s3.amazonaws.com/photos/742462155/square.jpg,742462155,cc-by-nc,True
Brasenia schreberi,75867,404308755,2026-09-26,research,38.415807,-83.61293,https://inaturalist-open-data.s3.amazonaws.com/photos/742462215/square.jpg,742462215,cc-by-nc,True
Brasenia schreberi,75867,404308755,2026-09-26,research,38.415807,-83.61293,https://inaturalist-open-data.s3.amazonaws.com/photos/742462264/square.jpg,742462264,cc-by-nc,True
Brasenia schreberi,75867,404308755,2026-09-26,research,38.415807,-83.61293,https://inaturalist-open-data.s3.amazonaws.com/photos/742462323/square.jpg,742462323,cc-by-nc,True
Cabomba,72023,404599389,2026-09-26,research,40.0843229016,-87.7490502764,https://inaturalist-open-data.s3.amazonaws.com/photos/743023017/square.jpg,743023017,cc-by,True
Cabomba,72023,404599389,2026-09-26,research,40.0843229016,-87.7490502764,https://inaturalist-open-data.s3.amazonaws.com/photos/743023023/square.jpg,743023023,cc-by,True
Cabomba,72023,404599389,2026-09-26,research,40.0843229016,-87.7490502764,https://inaturalist-open-data.s3.amazonaws.com/photos/743023030/square.jpg,743023030,cc-by,True
Cabomba,72023,404599389,2026-09-26,research,40.0843229016,-87.7490502764,https://inaturalist-open-data.s3.amazonaws.com/photos/743023094/square.jpg,743023094,cc-by,True
Cabomba,72023,404599389,2026-09-26,research,40.0843229016,-87.7490502764,https://inaturalist-open-data.s3.amazonaws.com/photos/743023093/square.jpg,743023093,cc-by,True
Cabomba,72023,404599389,2026-09-26,research,40.0843229016,-87.7490502764,https://inaturalist-open-data.s3.amazonaws.com/photos/743023170/square.jpg,743023170,cc-by,True
Cabomba,72023,404082408,2026-09-23,research,32.5638466997,-86.3331675997,https://static.inaturalist.org/photos/742327637/square.jpg,742327637,,False
Cabomba,72023,403836794,2026-09-23,research,41.7810111111,-71.8650666667,https://inaturalist-open-data.s3.amazonaws.com/photos/741510622/square.jpg,741510622,cc-by-nc,True
Cabomba,72023,403836794,2026-09-23,research,41.7810111111,-71.8650666667,https://inaturalist-open-data.s3.amazonaws.com/photos/741510684/square.jpg,741510684,cc-by-nc,True
Cabomba,72023,403836794,2026-09-23,research,41.7810111111,-71.8650666667,https://inaturalist-open-data.s3.amazonaws.com/photos/741510682/square.jpg,741510682,cc-by-nc,True
Cabomba,72023,403836794,2026-09-23,research,41.7810111111,-71.8650666667,https://inaturalist-open-data.s3.amazonaws.com/photos/741510761/square.jpg,741510761,cc-by-nc,True
Cabomba,72023,403676454,2026-09-25,research,34.7682684171,-87.4376106262,https://inaturalist-open-data.s3.amazonaws.com/photos/741206359/square.jpg,741206359,cc-by-nc,True
Cabomba,72023,403676454,2026-09-25,research,34.7682684171,-87.4376106262,https://inaturalist-open-data.s3.amazonaws.com/photos/741206445/square.jpg,741206445,cc-by-nc,True
Cabomba,72023,403676454,2026-09-25,research,34.7682684171,-87.4376106262,https://inaturalist-open-data.s3.amazonaws.com/photos/741206504/square.jpg,741206504,cc-by-nc,True
Cabomba,72023,403676454,2026-09-25,research,34.7682684171,-87.4376106262,https://inaturalist-open-data.s3.amazonaws.com/photos/741206605/square.jpg,741206605,cc-by-nc,True
Cabomba,72023,403676454,2026-09-25,research,34.7682684171,-87.4376106262,https://inaturalist-open-data.s3.amazonaws.com/photos/741206672/square.jpg,741206672,cc-by-nc,True
Cabomba,72023,403675409,2026-09-26,research,40.0953307603,-87.6882717213,https://inaturalist-open-data.s3.amazonaws.com/photos/741235961/square.jpg,741235961,cc-by-nc,True
Cabomba,72023,403675409,2026-09-26,research,40.0953307603,-87.6882717213,https://inaturalist-open-data.s3.amazonaws.com/photos/741236028/square.jpg,741236028,cc-by-nc,True
Cabomba,72023,403675409,2026-09-26,research,40.0953307603,-87.6882717213,https://inaturalist-open-data.s3.amazonaws.com/photos/741236122/square.jpg,741236122,cc-by-nc,True
Cabomba,72023,403675409,2026-09-26,research,40.0953307603,-87.6882717213,https://inaturalist-open-data.s3.amazonaws.com/photos/741236177/square.jpg,741236177,cc-by-nc,True
Cabomba,72023,403675409,2026-09-26,research,40.0953307603,-87.6882717213,https://inaturalist-open-data.s3.amazonaws.com/photos/741236270/square.jpg,741236270,cc-by-nc,True
Cabomba,72023,403675409,2026-09-26,research,40.0953307603,-87.6882717213,https://inaturalist-open-data.s3.amazonaws.com/photos/741236311/square.jpg,741236311,cc-by-nc,True
Cabomba,72023,403587251,2026-09-25,research,34.7703166728,-87.4407994375,https://inaturalist-open-data.s3.amazonaws.com/photos/741029862/square.jpg,741029862,cc-by-nc,True
Cabomba,72023,403560223,2026-09-25,research,34.7703166728,-87.4407994375,https://inaturalist-open-data.s3.amazonaws.com/photos/740978492/square.jpg,740978492,cc-by-nc,True
Cabomba,72023,403560223,2026-09-25,research,34.7703166728,-87.4407994375,https://inaturalist-open-data.s3.amazonaws.com/photos/740978547/square.jpg,740978547,cc-by-nc,True
Cabomba,72023,403272048,2026-09-25,research,33.9490021423,-84.3171782792,https://static.inaturalist.org/photos/740412289/square.jpg,740412289,,False
Cabomba,72023,403272048,2026-09-25,research,33.9490021423,-84.3171782792,https://static.inaturalist.org/photos/740425832/square.jpg,740425832,,False
Cabomba,72023,403272048,2026-09-25,research,33.9490021423,-84.3171782792,https://static.inaturalist.org/photos/740425896/square.jpg,740425896,,False
Cabomba,72023,402903664,2026-09-23,research,33.935325,-93.4444805556,https://inaturalist-open-data.s3.amazonaws.com/photos/739692360/square.jpg,739692360,cc-by-nc,True
Cabomba,72023,402903664,2026-09-23,research,33.935325,-93.4444805556,https://inaturalist-open-data.s3.amazonaws.com/photos/739692356/square.jpg,739692356,cc-by-nc,True
Cabomba,72023,402903664,2026-09-23,research,33.935325,-93.4444805556,https://inaturalist-open-data.s3.amazonaws.com/photos/739692359/square.jpg,739692359,cc-by-nc,True
Cabomba,72023,402903664,2026-09-23,research,33.935325,-93.4444805556,https://inaturalist-open-data.s3.amazonaws.com/photos/739692385/square.jpg,739692385,cc-by-nc,True
Cabomba,72023,402903463,2026-09-23,research,33.9328888889,-93.4441055556,https://inaturalist-open-data.s3.amazonaws.com/photos/739691938/square.jpg,739691938,cc-by-nc,True
Cabomba,72023,402903463,2026-09-23,research,33.9328888889,-93.4441055556,https://inaturalist-open-data.s3.amazonaws.com/photos/739691939/square.jpg,739691939,cc-by-nc,True
Cabomba,72023,402903463,2026-09-23,research,33.9328888889,-93.4441055556,https://inaturalist-open-data.s3.amazonaws.com/photos/739691937/square.jpg,739691937,cc-by-nc,True
Cabomba,72023,402862855,2026-09-23,research,33.9352916667,-93.4444283333,https://inaturalist-open-data.s3.amazonaws.com/photos/739608069/square.jpg,739608069,cc-by-nc,True
Cabomba,72023,402862855,2026-09-23,research,33.9352916667,-93.4444283333,https://inaturalist-open-data.s3.amazonaws.com/photos/739608123/square.jpg,739608123,cc-by-nc,True
Cabomba,72023,402862855,2026-09-23,research,33.9352916667,-93.4444283333,https://inaturalist-open-data.s3.amazonaws.com/photos/739608159/square.jpg,739608159,cc-by-nc,True
Cabomba,72023,402862855,2026-09-23,research,33.9352916667,-93.4444283333,https://inaturalist-open-data.s3.amazonaws.com/photos/739608209/square.jpg,739608209,cc-by-nc,True
Cabomba,72023,402862855,2026-09-23,research,33.9352916667,-93.4444283333,https://inaturalist-open-data.s3.amazonaws.com/photos/739608256/square.jpg,739608256,cc-by-nc,True
Cabomba,72023,402861926,2026-09-23,research,33.8797416667,-93.29898,https://inaturalist-open-data.s3.amazonaws.com/photos/739606110/square.jpg,739606110,cc-by-nc,True
Cabomba,72023,402861926,2026-09-23,research,33.8797416667,-93.29898,https://inaturalist-open-data.s3.amazonaws.com/photos/739606141/square.jpg,739606141,cc-by-nc,True
Cabomba,72023,402861926,2026-09-23,research,33.8797416667,-93.29898,https://inaturalist-open-data.s3.amazonaws.com/photos/739606166/square.jpg,739606166,cc-by-nc,True
Cabomba,72023,402314194,2026-09-21,research,42.5932888889,-72.5754694444,https://inaturalist-open-data.s3.amazonaws.com/photos/738532637/square.jpg,738532637,cc-by,True
Cabomba,72023,402314194,2026-09-21,research,42.5932888889,-72.5754694444,https://inaturalist-open-data.s3.amazonaws.com/photos/738532643/square.jpg,738532643,cc-by,True
Cabomba,72023,402313807,2026-09-21,research,42.5914944444,-72.5763166667,https://inaturalist-open-data.s3.amazonaws.com/photos/738531588/square.jpg,738531588,cc-by,True
Cabomba,72023,402313807,2026-09-21,research,42.5914944444,-72.5763166667,https://inaturalist-open-data.s3.amazonaws.com/photos/738531587/square.jpg,738531587,cc-by,True
Cabomba,72023,402292559,2026-09-21,research,40.6638189722,-73.5190099722,https://inaturalist-open-data.s3.amazonaws.com/photos/738498686/square.jpg,738498686,cc-by-nc,True
Cabomba,72023,402292559,2026-09-21,research,40.6638189722,-73.5190099722,https://inaturalist-open-data.s3.amazonaws.com/photos/738498758/square.jpg,738498758,cc-by-nc,True
Cabomba,72023,402292559,2026-09-21,research,40.6638189722,-73.5190099722,https://inaturalist-open-data.s3.amazonaws.com/photos/738498812/square.jpg,738498812,cc-by-nc,True
Cabomba,72023,402271814,2026-09-21,research,41.7591171265,-72.1772613525,https://inaturalist-open-data.s3.amazonaws.com/photos/738459184/square.jpg,738459184,cc-by-nc,True
Cabomba,72023,402096157,2026-07-29,research,29.7030801229,-98.1163760508,https://inaturalist-open-data.s3.amazonaws.com/photos/738114158/square.jpg,738114158,cc-by-nc,True
Cabomba,72023,401415734,2026-09-18,research,40.4396365467,-74.3345355604,https://inaturalist-open-data.s3.amazonaws.com/photos/736722507/square.jpg,736722507,cc-by,True
Cabomba,72023,401230091,2026-09-18,research,42.6672231945,-72.2083416581,https://inaturalist-open-data.s3.amazonaws.com/photos/736406918/square.jpg,736406918,cc-by-nc,True
Cabomba,72023,400818350,2026-09-16,research,42.2896575808,-71.302573982,https://inaturalist-open-data.s3.amazonaws.com/photos/735593348/square.jpg,735593348,cc-by-nc,True
Cabomba,72023,400817910,2026-09-16,research,42.289610932,-71.3029897921,https://inaturalist-open-data.s3.amazonaws.com/photos/735592620/square.jpg,735592620,cc-by-nc,True
Cabomba,72023,400349350,2026-09-14,research,41.2933025,-76.1323316,https://inaturalist-open-data.s3.amazonaws.com/photos/734860946/square.jpg,734860946,cc-by-nc,True
Cabomba,72023,400349350,2026-09-14,research,41.2933025,-76.1323316,https://inaturalist-open-data.s3.amazonaws.com/photos/734864776/square.jpg,734864776,cc-by-nc,True
Cabomba,72023,400349350,2026-09-14,research,41.2933025,-76.1323316,https://inaturalist-open-data.s3.amazonaws.com/photos/734864828/square.jpg,734864828,cc-by-nc,True
Cabomba,72023,399957163,2026-09-13,research,42.295655,-71.2949133333,https://inaturalist-open-data.s3.amazonaws.com/photos/733857739/square.jpg,733857739,cc-by-nc,True
Cabomba,72023,399956877,2026-09-13,research,42.295655,-71.2949133333,https://inaturalist-open-data.s3.amazonaws.com/photos/733857270/square.jpg,733857270,cc-by-nc,True
Cabomba,72023,399956808,2026-09-13,research,42.295655,-71.2949133333,https://inaturalist-open-data.s3.amazonaws.com/photos/733857093/square.jpg,733857093,cc-by-nc,True
Ceratophyllum demersum,60997,404945473,2026-09-30,research,53.9195937,38.4241397997,https://inaturalist-open-data.s3.amazonaws.com/photos/743726153/square.jpg,743726153,cc-by-nc,True
Ceratophyllum demersum,60997,404928664,2019-09-10,research,52.309185,10.6057716667,https://inaturalist-open-data.s3.amazonaws.com/photos/743694868/square.jpg,743694868,cc-by-nc,True
Ceratophyllum demersum,60997,404820915,2026-09-30,research,42.3419383333,-71.5664666667,https://inaturalist-open-data.s3.amazonaws.com/photos/743810553/square.jpg,743810553,cc-by-nc,True
Ceratophyllum demersum,60997,404819004,2026-09-30,research,42.3409616667,-71.5648716667,https://inaturalist-open-data.s3.amazonaws.com/photos/743496163/square.jpg,743496163,cc-by,True
Ceratophyllum demersum,60997,404628346,2026-09-29,research,44.1235861667,-77.3254783333,https://inaturalist-open-data.s3.amazonaws.com/photos/743101867/square.jpg,743101867,cc-by-nc,True
Ceratophyllum demersum,60997,404628346,2026-09-29,research,44.1235861667,-77.3254783333,https://inaturalist-open-data.s3.amazonaws.com/photos/743101914/square.jpg,743101914,cc-by-nc,True
Ceratophyllum demersum,60997,404565758,2026-09-17,research,50.3180627807,15.0252715498,https://inaturalist-open-data.s3.amazonaws.com/photos/742969293/square.jpg,742969293,cc-by-nc,True
Ceratophyllum demersum,60997,404565758,2026-09-17,research,50.3180627807,15.0252715498,https://inaturalist-open-data.s3.amazonaws.com/photos/742969348/square.jpg,742969348,cc-by-nc,True
Ceratophyllum demersum,60997,404565510,2026-08-02,research,49.7469938743,20.7309202105,https://inaturalist-open-data.s3.amazonaws.com/photos/742968739/square.jpg,742968739,cc-by-nc,True
Ceratophyllum demersum,60997,404564110,2026-09-29,research,41.1588098414,-96.0801238562,https://inaturalist-open-data.s3.amazonaws.com/photos/742965597/square.jpg,742965597,cc-by-nc,True
Ceratophyllum demersum,60997,404564110,2026-09-29,research,41.1588098414,-96.0801238562,https://inaturalist-open-data.s3.amazonaws.com/photos/742965617/square.jpg,742965617,cc-by-nc,True
Ceratophyllum demersum,60997,404564110,2026-09-29,research,41.1588098414,-96.0801238562,https://inaturalist-open-data.s3.amazonaws.com/photos/742965629/square.jpg,742965629,cc-by-nc,True
Ceratophyllum demersum,60997,404564068,2026-09-29,research,41.1587908898,-96.0801453935,https://inaturalist-open-data.s3.amazonaws.com/photos/742965481/square.jpg,742965481,cc-by-nc,True
Ceratophyllum demersum,60997,404564068,2026-09-29,research,41.1587908898,-96.0801453935,https://inaturalist-open-data.s3.amazonaws.com/photos/742965490/square.jpg,742965490,cc-by-nc,True
Ceratophyllum demersum,60997,404563886,2026-09-29,research,41.158801414,-96.0801290781,https://inaturalist-open-data.s3.amazonaws.com/photos/742965716/square.jpg,742965716,cc-by-nc,True
Ceratophyllum demersum,60997,404563886,2026-09-29,research,41.158801414,-96.0801290781,https://inaturalist-open-data.s3.amazonaws.com/photos/742965724/square.jpg,742965724,cc-by-nc,True
Ceratophyllum demersum,60997,404554069,2026-09-29,research,40.5727645997,-79.0257066,https://static.inaturalist.org/photos/742945355/square.jpg,742945355,,False
Ceratophyllum demersum,60997,404506850,2026-09-29,research,49.4081716667,0.846975,https://inaturalist-open-data.s3.amazonaws.com/photos/742851079/square.jpg,742851079,cc-by-nc,True
Ceratophyllum demersum,60997,404483434,2026-09-06,research,55.5000866997,48.4747535997,https://inaturalist-open-data.s3.amazonaws.com/photos/742803345/square.jpg,742803345,cc-by-nc,True
Ceratophyllum demersum,60997,404483434,2026-09-06,research,55.5000866997,48.4747535997,https://inaturalist-open-data.s3.amazonaws.com/photos/742803381/square.jpg,742803381,cc-by-nc,True
Ceratophyllum demersum,60997,404483434,2026-09-06,research,55.5000866997,48.4747535997,https://inaturalist-open-data.s3.amazonaws.com/photos/742803094/square.jpg,742803094,cc-by-nc,True
Ceratophyllum demersum,60997,404346721,2026-09-28,research,40.5721099806,-79.0168781206,https://static.inaturalist.org/photos/742540166/square.jpg,742540166,,False
Ceratophyllum demersum,60997,404336872,2026-09-28,research,52.1001173,27.5915883,https://inaturalist-open-data.s3.amazonaws.com/photos/742520279/square.jpg,742520279,cc-by-nc,True
Ceratophyllum demersum,60997,404228229,2026-09-15,research,45.1790603047,8.844649347,https://static.inaturalist.org/photos/742296726/square.jpg,742296726,,False
Ceratophyllum demersum,60997,404199019,2026-09-28,research,45.3403358459,-75.6971969604,https://inaturalist-open-data.s3.amazonaws.com/photos/742245388/square.jpg,742245388,cc-by-nc,True
Ceratophyllum demersum,60997,404171639,2026-07-30,research,52.0592980206,20.193982259,https://static.inaturalist.org/photos/742158545/square.jpg,742158545,,False
Ceratophyllum demersum,60997,404171639,2026-07-30,research,52.0592980206,20.193982259,https://static.inaturalist.org/photos/742158530/square.jpg,742158530,,False
Ceratophyllum demersum,60997,403928409,2026-09-27,research,42.5519166667,-96.4724883333,https://static.inaturalist.org/photos/741704054/square.jpg,741704054,,False
Ceratophyllum demersum,60997,403912122,2026-09-26,research,54.79445797,37.22920296,https://inaturalist-open-data.s3.amazonaws.com/photos/741662925/square.jpg,741662925,cc-by,True
Ceratophyllum demersum,60997,403897567,2026-05-17,research,42.7291731941,-90.5012652185,https://inaturalist-open-data.s3.amazonaws.com/photos/741448075/square.jpg,741448075,cc-by,True
Ceratophyllum demersum,60997,403878403,2026-08-18,research,42.4410134933,-71.1462761323,https://inaturalist-open-data.s3.amazonaws.com/photos/741600396/square.jpg,741600396,cc0,True
Ceratophyllum demersum,60997,403878403,2026-08-18,research,42.4410134933,-71.1462761323,https://inaturalist-open-data.s3.amazonaws.com/photos/741600389/square.jpg,741600389,cc0,True
Ceratophyllum demersum,60997,403878403,2026-08-18,research,42.4410134933,-71.1462761323,https://inaturalist-open-data.s3.amazonaws.com/photos/741600383/square.jpg,741600383,cc0,True
Ceratophyllum demersum,60997,403875635,2026-09-27,research,43.6554348,4.2799745,https://static.inaturalist.org/photos/741602913/square.jpg,741602913,,False
Ceratophyllum demersum,60997,403866646,2026-09-15,research,45.1072716313,8.8499734249,https://static.inaturalist.org/photos/741581556/square.jpg,741581556,,False
Ceratophyllum demersum,60997,403866646,2026-09-15,research,45.1072716313,8.8499734249,https://static.inaturalist.org/photos/741581562/square.jpg,741581562,,False
Ceratophyllum demersum,60997,403857502,2026-09-27,research,47.2262138889,-95.197075,https://static.inaturalist.org/photos/741568110/square.jpg,741568110,,False
Ceratophyllum demersum,60997,403857502,2026-09-27,research,47.2262138889,-95.197075,https://static.inaturalist.org/photos/741568153/square.jpg,741568153,,False
Ceratophyllum demersum,60997,403857502,2026-09-27,research,47.2262138889,-95.197075,https://static.inaturalist.org/photos/741568208/square.jpg,741568208,,False
Ceratophyllum demersum,60997,403857502,2026-09-27,research,47.2262138889,-95.197075,https://static.inaturalist.org/photos/741568261/square.jpg,741568261,,False
Elodea canadensis,76793,404945476,2026-09-30,research,53.9195589997,38.4240993,https://inaturalist-open-data.s3.amazonaws.com/photos/743726175/square.jpg,743726175,cc-by-nc,True
Elodea canadensis,76793,404945476,2026-09-30,research,53.9195589997,38.4240993,https://inaturalist-open-data.s3.amazonaws.com/photos/743726187/square.jpg,743726187,cc-by-nc,True
Elodea canadensis,76793,404945476,2026-09-30,research,53.9195589997,38.4240993,https://inaturalist-open-data.s3.amazonaws.com/photos/743726188/square.jpg,743726188,cc-by-nc,True
Elodea canadensis,76793,404794580,2026-09-30,research,53.355795928,34.0890396306,https://inaturalist-open-data.s3.amazonaws.com/photos/743367385/square.jpg,743367385,cc-by-nc,True
Elodea canadensis,76793,404794580,2026-09-30,research,53.355795928,34.0890396306,https://inaturalist-open-data.s3.amazonaws.com/photos/743367380/square.jpg,743367380,cc-by-nc,True
Elodea canadensis,76793,404794580,2026-09-30,research,53.355795928,34.0890396306,https://inaturalist-open-data.s3.amazonaws.com/photos/743367394/square.jpg,743367394,cc-by-nc,True
Elodea canadensis,76793,404794414,2026-09-30,research,53.3675150095,34.1006343874,https://inaturalist-open-data.s3.amazonaws.com/photos/743365704/square.jpg,743365704,cc-by-nc,True
Elodea canadensis,76793,404794414,2026-09-30,research,53.3675150095,34.1006343874,https://inaturalist-open-data.s3.amazonaws.com/photos/743365722/square.jpg,743365722,cc-by-nc,True
Elodea canadensis,76793,404794414,2026-09-30,research,53.3675150095,34.1006343874,https://inaturalist-open-data.s3.amazonaws.com/photos/743365730/square.jpg,743365730,cc-by-nc,True
Elodea canadensis,76793,404794414,2026-09-30,research,53.3675150095,34.1006343874,https://inaturalist-open-data.s3.amazonaws.com/photos/743365747/square.jpg,743365747,cc-by-nc,True
Elodea canadensis,76793,404742838,2026-09-30,research,47.8823283333,16.3827583333,https://inaturalist-open-data.s3.amazonaws.com/photos/743321685/square.jpg,743321685,cc-by-nc,True
Elodea canadensis,76793,404742838,2026-09-30,research,47.8823283333,16.3827583333,https://inaturalist-open-data.s3.amazonaws.com/photos/743321690/square.jpg,743321690,cc-by-nc,True
Elodea canadensis,76793,404742838,2026-09-30,research,47.8823283333,16.3827583333,https://inaturalist-open-data.s3.amazonaws.com/photos/743321686/square.jpg,743321686,cc-by-nc,True
Elodea canadensis,76793,404742838,2026-09-30,research,47.8823283333,16.3827583333,https://inaturalist-open-data.s3.amazonaws.com/photos/743321683/square.jpg,743321683,cc-by-nc,True
Elodea canadensis,76793,404742838,2026-09-30,research,47.8823283333,16.3827583333,https://inaturalist-open-data.s3.amazonaws.com/photos/743321682/square.jpg,743321682,cc-by-nc,True
Elodea canadensis,76793,404566763,2026-09-29,research,52.7192795059,0.7280568749,https://inaturalist-open-data.s3.amazonaws.com/photos/742967651/square.jpg,742967651,cc-by,True
Elodea canadensis,76793,404496200,2026-09-24,research,52.8140756411,45.0717670623,https://inaturalist-open-data.s3.amazonaws.com/photos/742809281/square.jpg,742809281,cc-by-nc,True
Elodea canadensis,76793,404496200,2026-09-24,research,52.8140756411,45.0717670623,https://inaturalist-open-data.s3.amazonaws.com/photos/742809245/square.jpg,742809245,cc-by-nc,True
Elodea canadensis,76793,404496200,2026-09-24,research,52.8140756411,45.0717670623,https://inaturalist-open-data.s3.amazonaws.com/photos/742809231/square.jpg,742809231,cc-by-nc,True
Elodea canadensis,76793,404496200,2026-09-24,research,52.8140756411,45.0717670623,https://inaturalist-open-data.s3.amazonaws.com/photos/742809233/square.jpg,742809233,cc-by-nc,True
Elodea canadensis,76793,404212258,2026-09-23,research,45.9041849,-64.3674148,https://inaturalist-open-data.s3.amazonaws.com/photos/742260973/square.jpg,742260973,cc-by-nc,True
Elodea canadensis,76793,404139717,2026-09-28,research,58.1408195,15.5256,https://inaturalist-open-data.s3.amazonaws.com/photos/742124403/square.jpg,742124403,cc-by-nc,True
Elodea canadensis,76793,404130625,2026-09-25,research,50.3417168369,15.4941535369,https://inaturalist-open-data.s3.amazonaws.com/photos/742106706/square.jpg,742106706,cc-by-nc,True
Elodea canadensis,76793,404130625,2026-09-25,research,50.3417168369,15.4941535369,https://inaturalist-open-data.s3.amazonaws.com/photos/742106737/square.jpg,742106737,cc-by-nc,True
Elodea canadensis,76793,404130625,2026-09-25,research,50.3417168369,15.4941535369,https://inaturalist-open-data.s3.amazonaws.com/photos/742106763/square.jpg,742106763,cc-by-nc,True
Elodea canadensis,76793,404130625,2026-09-25,research,50.3417168369,15.4941535369,https://inaturalist-open-data.s3.amazonaws.com/photos/742106800/square.jpg,742106800,cc-by-nc,True
Elodea canadensis,76793,404130625,2026-09-25,research,50.3417168369,15.4941535369,https://inaturalist-open-data.s3.amazonaws.com/photos/742106843/square.jpg,742106843,cc-by-nc,True
Elodea canadensis,76793,403998460,2026-09-27,research,56.3570940914,43.5593199738,https://inaturalist-open-data.s3.amazonaws.com/photos/741809240/square.jpg,741809240,cc-by-nc,True
Elodea canadensis,76793,403998460,2026-09-27,research,56.3570940914,43.5593199738,https://inaturalist-open-data.s3.amazonaws.com/photos/741809237/square.jpg,741809237,cc-by-nc,True
Elodea canadensis,76793,403998460,2026-09-27,research,56.3570940914,43.5593199738,https://inaturalist-open-data.s3.amazonaws.com/photos/741809249/square.jpg,741809249,cc-by-nc,True
Elodea canadensis,76793,403998460,2026-09-27,research,56.3570940914,43.5593199738,https://inaturalist-open-data.s3.amazonaws.com/photos/741809200/square.jpg,741809200,cc-by-nc,True
Elodea canadensis,76793,403992026,2026-07-29,research,51.046976,25.1028729722,https://inaturalist-open-data.s3.amazonaws.com/photos/741820366/square.jpg,741820366,cc-by-nc,True
Elodea canadensis,76793,403992026,2026-07-29,research,51.046976,25.1028729722,https://inaturalist-open-data.s3.amazonaws.com/photos/741820349/square.jpg,741820349,cc-by-nc,True
Elodea canadensis,76793,403992026,2026-07-29,research,51.046976,25.1028729722,https://inaturalist-open-data.s3.amazonaws.com/photos/741820348/square.jpg,741820348,cc-by-nc,True
Elodea canadensis,76793,403946442,2026-09-26,research,47.1356133997,16.0771945997,https://inaturalist-open-data.s3.amazonaws.com/photos/741740112/square.jpg,741740112,cc-by-nc,True
Elodea canadensis,76793,403946442,2026-09-26,research,47.1356133997,16.0771945997,https://inaturalist-open-data.s3.amazonaws.com/photos/741740235/square.jpg,741740235,cc-by-nc,True
Elodea canadensis,76793,403785490,2026-09-26,research,54.8924664371,37.3685540352,https://inaturalist-open-data.s3.amazonaws.com/photos/741429667/square.jpg,741429667,cc-by,True
Elodea canadensis,76793,403742025,2026-09-26,research,42.9111473968,-78.4986409694,https://inaturalist-open-data.s3.amazonaws.com/photos/741341816/square.jpg,741341816,cc-by-nc,True
Elodea canadensis,76793,403734430,2026-09-07,research,43.2679828393,-81.8117143575,https://inaturalist-open-data.s3.amazonaws.com/photos/741324120/square.jpg,741324120,cc-by-nc-nd,True
Elodea canadensis,76793,403734430,2026-09-07,research,43.2679828393,-81.8117143575,https://inaturalist-open-data.s3.amazonaws.com/photos/741324171/square.jpg,741324171,cc-by-nc-nd,True
Elodea canadensis,76793,403652680,2026-09-26,research,53.2119825064,34.7358076884,https://inaturalist-open-data.s3.amazonaws.com/photos/741111951/square.jpg,741111951,cc-by-nc,True
Elodea canadensis,76793,403652680,2026-09-26,research,53.2119825064,34.7358076884,https://inaturalist-open-data.s3.amazonaws.com/photos/741111943/square.jpg,741111943,cc-by-nc,True
Elodea canadensis,76793,403438721,2026-09-25,research,42.8810651129,-75.7125543185,https://inaturalist-open-data.s3.amazonaws.com/photos/740743294/square.jpg,740743294,cc-by-nc,True
Elodea canadensis,76793,403432201,2026-09-25,research,42.8814,-75.712625,https://inaturalist-open-data.s3.amazonaws.com/photos/740730403/square.jpg,740730403,cc-by-nc,True
Elodea canadensis,76793,403413295,2026-09-23,research,44.3313616667,-78.728395,https://inaturalist-open-data.s3.amazonaws.com/photos/740690448/square.jpg,740690448,cc-by-nc,True
Elodea canadensis,76793,403304492,2026-09-25,research,42.8814253457,-75.7126089813,https://inaturalist-open-data.s3.amazonaws.com/photos/740473254/square.jpg,740473254,cc-by-nc,True
Elodea canadensis,76793,403143183,2026-09-24,research,43.260175,-81.82567,https://inaturalist-open-data.s3.amazonaws.com/photos/740156703/square.jpg,740156703,cc-by-nc,True
Elodea canadensis,76793,403143183,2026-09-24,research,43.260175,-81.82567,https://inaturalist-open-data.s3.amazonaws.com/photos/740156743/square.jpg,740156743,cc-by-nc,True
Elodea canadensis,76793,403143183,2026-09-24,research,43.260175,-81.82567,https://inaturalist-open-data.s3.amazonaws.com/photos/740156792/square.jpg,740156792,cc-by-nc,True
Elodea canadensis,76793,403091459,2026-09-24,research,42.88203743,-75.71345497,https://inaturalist-open-data.s3.amazonaws.com/photos/740055281/square.jpg,740055281,cc-by-nc,True
Elodea canadensis,76793,403083270,2026-09-24,research,45.9038856746,-64.3683976361,https://inaturalist-open-data.s3.amazonaws.com/photos/740038420/square.jpg,740038420,cc-by-nc,True
Elodea canadensis,76793,402983984,2026-09-14,research,42.8840533333,-75.6383583333,https://inaturalist-open-data.s3.amazonaws.com/photos/739849329/square.jpg,739849329,cc-by-nc,True
Elodea canadensis,76793,402947817,2026-09-24,research,55.70841421,13.47276273,https://inaturalist-open-data.s3.amazonaws.com/photos/739779472/square.jpg,739779472,cc-by-nc,True
Heteranthera dubia,77393,404643050,2026-09-29,research,44.5896416667,-76.9878466667,https://static.inaturalist.org/photos/743131293/square.jpg,743131293,,False
Heteranthera dubia,77393,404618432,2026-09-20,research,39.1443221667,-77.8672416667,https://inaturalist-open-data.s3.amazonaws.com/photos/743080960/square.jpg,743080960,cc-by-nc,True
Heteranthera dubia,77393,404092766,2026-09-19,research,26.0798932833,-98.1410139167,https://inaturalist-open-data.s3.amazonaws.com/photos/742031032/square.jpg,742031032,cc-by,True
Heteranthera dubia,77393,404092766,2026-09-19,research,26.0798932833,-98.1410139167,https://inaturalist-open-data.s3.amazonaws.com/photos/742031029/square.jpg,742031029,cc-by,True
Heteranthera dubia,77393,404092766,2026-09-19,research,26.0798932833,-98.1410139167,https://inaturalist-open-data.s3.amazonaws.com/photos/742031027/square.jpg,742031027,cc-by,True
Heteranthera dubia,77393,403588023,2026-09-26,research,30.2505550385,-97.7089080811,https://inaturalist-open-data.s3.amazonaws.com/photos/741153080/square.jpg,741153080,cc-by-nc,True
Heteranthera dubia,77393,403588023,2026-09-26,research,30.2505550385,-97.7089080811,https://inaturalist-open-data.s3.amazonaws.com/photos/741153076/square.jpg,741153076,cc-by-nc,True
Heteranthera dubia,77393,403588023,2026-09-26,research,30.2505550385,-97.7089080811,https://inaturalist-open-data.s3.amazonaws.com/photos/743019765/square.jpg,743019765,cc-by-nc,True
Heteranthera dubia,77393,403379254,2026-09-25,research,42.8813473661,-75.7126576483,https://inaturalist-open-data.s3.amazonaws.com/photos/740621064/square.jpg,740621064,cc-by-nc,True
Heteranthera dubia,77393,403371259,2026-09-25,research,42.8814,-75.712625,https://inaturalist-open-data.s3.amazonaws.com/photos/740610545/square.jpg,740610545,cc-by-nc,True
Heteranthera dubia,77393,403170591,2026-09-20,research,45.076980881,-93.2506468575,https://inaturalist-open-data.s3.amazonaws.com/photos/740213686/square.jpg,740213686,cc-by-nc,True
Heteranthera dubia,77393,402901310,2026-09-23,research,34.22548,-93.09006,https://inaturalist-open-data.s3.amazonaws.com/photos/739681765/square.jpg,739681765,cc-by-nc,True
Heteranthera dubia,77393,402901310,2026-09-23,research,34.22548,-93.09006,https://inaturalist-open-data.s3.amazonaws.com/photos/739681761/square.jpg,739681761,cc-by-nc,True
Heteranthera dubia,77393,402901310,2026-09-23,research,34.22548,-93.09006,https://inaturalist-open-data.s3.amazonaws.com/photos/739681755/square.jpg,739681755,cc-by-nc,True
Heteranthera dubia,77393,402901310,2026-09-23,research,34.22548,-93.09006,https://inaturalist-open-data.s3.amazonaws.com/photos/739681787/square.jpg,739681787,cc-by-nc,True
Heteranthera dubia,77393,402901310,2026-09-23,research,34.22548,-93.09006,https://inaturalist-open-data.s3.amazonaws.com/photos/739681836/square.jpg,739681836,cc-by-nc,True
Heteranthera dubia,77393,402901310,2026-09-23,research,34.22548,-93.09006,https://inaturalist-open-data.s3.amazonaws.com/photos/739681837/square.jpg,739681837,cc-by-nc,True
Heteranthera dubia,77393,402864104,2026-09-23,research,34.2254716667,-93.09005,https://inaturalist-open-data.s3.amazonaws.com/photos/739610409/square.jpg,739610409,cc-by-nc,True
Heteranthera dubia,77393,402864104,2026-09-23,research,34.2254716667,-93.09005,https://inaturalist-open-data.s3.amazonaws.com/photos/739610447/square.jpg,739610447,cc-by-nc,True
Heteranthera dubia,77393,402853786,2026-09-23,research,42.8839453803,-75.6381733058,https://inaturalist-open-data.s3.amazonaws.com/photos/739589960/square.jpg,739589960,cc-by-nc,True
Heteranthera dubia,77393,402763988,2026-09-23,research,28.69967737,-100.51052253,https://inaturalist-open-data.s3.amazonaws.com/photos/739418978/square.jpg,739418978,cc-by-nc,True
Heteranthera dubia,77393,402753008,2026-09-23,research,28.704188,-100.511442,https://inaturalist-open-data.s3.amazonaws.com/photos/739399009/square.jpg,739399009,cc-by-nc,True
Heteranthera dubia,77393,402745000,2026-09-23,research,28.70421125,-100.51123158,https://inaturalist-open-data.s3.amazonaws.com/photos/739383411/square.jpg,739383411,cc-by-nc,True
Heteranthera dubia,77393,402728391,2026-09-23,research,45.1859527778,-76.6859111111,https://static.inaturalist.org/photos/739355352/square.jpg,739355352,,False
Heteranthera dubia,77393,402553935,2026-09-22,research,43.7235987997,-96.287237,https://inaturalist-open-data.s3.amazonaws.com/photos/739007811/square.jpg,739007811,cc-by-nc,True
Heteranthera dubia,77393,402373021,2026-09-20,research,39.1443221667,-77.8672166667,https://inaturalist-open-data.s3.amazonaws.com/photos/738661395/square.jpg,738661395,cc-by-nc,True
Heteranthera dubia,77393,402373021,2026-09-20,research,39.1443221667,-77.8672166667,https://inaturalist-open-data.s3.amazonaws.com/photos/738661378/square.jpg,738661378,cc-by-nc,True
Heteranthera dubia,77393,402373021,2026-09-20,research,39.1443221667,-77.8672166667,https://inaturalist-open-data.s3.amazonaws.com/photos/738661375/square.jpg,738661375,cc-by-nc,True
Heteranthera dubia,77393,402373021,2026-09-20,research,39.1443221667,-77.8672166667,https://inaturalist-open-data.s3.amazonaws.com/photos/738661386/square.jpg,738661386,cc-by-nc,True
Heteranthera dubia,77393,402338602,2026-09-20,research,39.1442833333,-77.8672333333,https://inaturalist-open-data.s3.amazonaws.com/photos/738590724/square.jpg,738590724,cc-by,True
Heteranthera dubia,77393,402338602,2026-09-20,research,39.1442833333,-77.8672333333,https://inaturalist-open-data.s3.amazonaws.com/photos/738590722/square.jpg,738590722,cc-by,True
Heteranthera dubia,77393,402300133,2026-09-20,research,39.1336028333,-77.87918,https://inaturalist-open-data.s3.amazonaws.com/photos/738512990/square.jpg,738512990,cc-by-nc,True
Heteranthera dubia,77393,402178331,2026-09-21,research,30.635589151,-97.5655886381,https://static.inaturalist.org/photos/738274907/square.jpg,738274907,,False
Heteranthera dubia,77393,402165910,2026-09-20,research,39.1442796997,-77.8672703,https://inaturalist-open-data.s3.amazonaws.com/photos/738308409/square.jpg,738308409,cc-by-nc,True
Heteranthera dubia,77393,402014594,2026-09-20,research,42.8828283333,-75.63845,https://inaturalist-open-data.s3.amazonaws.com/photos/737946226/square.jpg,737946226,cc-by-nc,True
Heteranthera dubia,77393,402013981,2026-09-20,research,45.0768166667,-93.2507783333,https://inaturalist-open-data.s3.amazonaws.com/photos/737945168/square.jpg,737945168,cc-by-nc,True
Heteranthera dubia,77393,401509319,2026-09-08,research,39.1388700518,-77.8713773426,https://inaturalist-open-data.s3.amazonaws.com/photos/735746201/square.jpg,735746201,cc-by-nc,True
Heteranthera dubia,77393,401509285,2026-09-08,research,39.1429695818,-77.8663213405,https://inaturalist-open-data.s3.amazonaws.com/photos/735747193/square.jpg,735747193,cc-by-nc,True
Heteranthera dubia,77393,401114079,2026-09-12,research,45.5989399997,-73.4718931,https://inaturalist-open-data.s3.amazonaws.com/photos/736176670/square.jpg,736176670,cc-by-nc,True
Heteranthera dubia,77393,401114079,2026-09-12,research,45.5989399997,-73.4718931,https://inaturalist-open-data.s3.amazonaws.com/photos/736176668/square.jpg,736176668,cc-by-nc,True
Heteranthera dubia,77393,401114079,2026-09-12,research,45.5989399997,-73.4718931,https://inaturalist-open-data.s3.amazonaws.com/photos/736176680/square.jpg,736176680,cc-by-nc,True
Hydrocharis morsus-ranae,81600,404660344,2025-08-12,research,52.0023858547,20.5541711554,https://inaturalist-open-data.s3.amazonaws.com/photos/743164496/square.jpg,743164496,cc-by-nc,True
Hydrocharis morsus-ranae,81600,404571500,2026-09-29,research,51.81653975,39.4148445,https://static.inaturalist.org/photos/742980376/square.jpg,742980376,,False
Hydrocharis morsus-ranae,81600,404538507,2026-07-20,research,55.9004539,-3.1463762,https://static.inaturalist.org/photos/742913280/square.jpg,742913280,,False
Hydrocharis morsus-ranae,81600,404519445,2026-09-29,research,56.3164747664,43.8783936477,https://inaturalist-open-data.s3.amazonaws.com/photos/742875764/square.jpg,742875764,cc-by-nc,True
Hydrocharis morsus-ranae,81600,404510822,2026-09-20,research,55.3823559035,37.093170178,https://inaturalist-open-data.s3.amazonaws.com/photos/742855616/square.jpg,742855616,cc-by,True
Hydrocharis morsus-ranae,81600,404463485,2026-09-25,research,57.2462798087,33.0745958592,https://inaturalist-open-data.s3.amazonaws.com/photos/742768460/square.jpg,742768460,cc-by-nc,True
Hydrocharis morsus-ranae,81600,404463485,2026-09-25,research,57.2462798087,33.0745958592,https://inaturalist-open-data.s3.amazonaws.com/photos/742768457/square.jpg,742768457,cc-by-nc,True
Hydrocharis morsus-ranae,81600,404463485,2026-09-25,research,57.2462798087,33.0745958592,https://inaturalist-open-data.s3.amazonaws.com/photos/742768433/square.jpg,742768433,cc-by-nc,True
Hydrocharis morsus-ranae,81600,404366911,2026-09-28,research,44.31385,-73.1280833333,https://inaturalist-open-data.s3.amazonaws.com/photos/742581748/square.jpg,742581748,cc-by-nc,True
Hydrocharis morsus-ranae,81600,404174096,2026-09-25,research,47.0082211162,6.994261788,https://inaturalist-open-data.s3.amazonaws.com/photos/742194473/square.jpg,742194473,cc-by-nc,True
Hydrocharis morsus-ranae,81600,404171693,2026-07-30,research,52.0590109722,20.1940939722,https://static.inaturalist.org/photos/742158879/square.jpg,742158879,,False
Hydrocharis morsus-ranae,81600,404171693,2026-07-30,research,52.0590109722,20.1940939722,https://static.inaturalist.org/photos/742158881/square.jpg,742158881,,False
Hydrocharis morsus-ranae,81600,404171693,2026-07-30,research,52.0590109722,20.1940939722,https://static.inaturalist.org/photos/742158880/square.jpg,742158880,,False
Hydrocharis morsus-ranae,81600,404031654,2026-09-27,research,45.3715216667,-76.90625,https://inaturalist-open-data.s3.amazonaws.com/photos/741905386/square.jpg,741905386,cc-by-nc,True
Hydrocharis morsus-ranae,81600,403908020,2026-09-27,research,46.9484457781,15.3994848044,https://inaturalist-open-data.s3.amazonaws.com/photos/741662002/square.jpg,741662002,cc-by-nc,True
Hydrocharis morsus-ranae,81600,403908020,2026-09-27,research,46.9484457781,15.3994848044,https://inaturalist-open-data.s3.amazonaws.com/photos/741662013/square.jpg,741662013,cc-by-nc,True
Hydrocharis morsus-ranae,81600,403908020,2026-09-27,research,46.9484457781,15.3994848044,https://inaturalist-open-data.s3.amazonaws.com/photos/741661952/square.jpg,741661952,cc-by-nc,True
Hydrocharis morsus-ranae,81600,403908020,2026-09-27,research,46.9484457781,15.3994848044,https://inaturalist-open-data.s3.amazonaws.com/photos/741662060/square.jpg,741662060,cc-by-nc,True
Hydrocharis morsus-ranae,81600,403908020,2026-09-27,research,46.9484457781,15.3994848044,https://inaturalist-open-data.s3.amazonaws.com/photos/741662196/square.jpg,741662196,cc-by-nc,True
Hydrocharis morsus-ranae,81600,403908020,2026-09-27,research,46.9484457781,15.3994848044,https://inaturalist-open-data.s3.amazonaws.com/photos/741662212/square.jpg,741662212,cc-by-nc,True
Hydrocharis morsus-ranae,81600,403908020,2026-09-27,research,46.9484457781,15.3994848044,https://inaturalist-open-data.s3.amazonaws.com/photos/741662236/square.jpg,741662236,cc-by-nc,True
Hydrocharis morsus-ranae,81600,403862339,2026-09-27,research,52.2390889722,10.514713,https://inaturalist-open-data.s3.amazonaws.com/photos/741577350/square.jpg,741577350,cc-by-nc,True
Hydrocharis morsus-ranae,81600,403858404,2026-09-15,research,44.6262388889,-73.2272638889,https://inaturalist-open-data.s3.amazonaws.com/photos/741565538/square.jpg,741565538,cc-by,True
Hydrocharis morsus-ranae,81600,403858404,2026-09-15,research,44.6262388889,-73.2272638889,https://inaturalist-open-data.s3.amazonaws.com/photos/741565564/square.jpg,741565564,cc-by,True
Hydrocharis morsus-ranae,81600,403858404,2026-09-15,research,44.6262388889,-73.2272638889,https://inaturalist-open-data.s3.amazonaws.com/photos/741565544/square.jpg,741565544,cc-by,True
Hydrocharis morsus-ranae,81600,403828040,2026-09-13,research,55.8431361172,37.3239955157,https://inaturalist-open-data.s3.amazonaws.com/photos/741510788/square.jpg,741510788,cc-by-nc,True
Hydrocharis morsus-ranae,81600,403828040,2026-09-13,research,55.8431361172,37.3239955157,https://inaturalist-open-data.s3.amazonaws.com/photos/741510801/square.jpg,741510801,cc-by-nc,True
Hydrocharis morsus-ranae,81600,403812879,2026-07-15,research,55.4263013287,43.8419918059,https://inaturalist-open-data.s3.amazonaws.com/photos/741472387/square.jpg,741472387,cc-by,True
Hydrocharis morsus-ranae,81600,403812879,2026-07-15,research,55.4263013287,43.8419918059,https://inaturalist-open-data.s3.amazonaws.com/photos/741472398/square.jpg,741472398,cc-by,True
Hydrocharis morsus-ranae,81600,403812879,2026-07-15,research,55.4263013287,43.8419918059,https://inaturalist-open-data.s3.amazonaws.com/photos/741472405/square.jpg,741472405,cc-by,True
Hydrocharis morsus-ranae,81600,403804997,2026-07-14,research,55.3559327858,43.8207640686,https://inaturalist-open-data.s3.amazonaws.com/photos/741462199/square.jpg,741462199,cc-by,True
Hydrocharis morsus-ranae,81600,403804997,2026-07-14,research,55.3559327858,43.8207640686,https://inaturalist-open-data.s3.amazonaws.com/photos/741462189/square.jpg,741462189,cc-by,True
Hydrocharis morsus-ranae,81600,403804997,2026-07-14,research,55.3559327858,43.8207640686,https://inaturalist-open-data.s3.amazonaws.com/photos/741462207/square.jpg,741462207,cc-by,True
Hydrocharis morsus-ranae,81600,403646314,2026-09-26,research,47.1291749997,16.0843907,https://inaturalist-open-data.s3.amazonaws.com/photos/741147527/square.jpg,741147527,cc-by-nc,True
Hydrocharis morsus-ranae,81600,403646314,2026-09-26,research,47.1291749997,16.0843907,https://inaturalist-open-data.s3.amazonaws.com/photos/741158210/square.jpg,741158210,cc-by-nc,True
Hydrocharis morsus-ranae,81600,403499168,2026-07-12,research,54.1185991762,45.2316724652,https://inaturalist-open-data.s3.amazonaws.com/photos/740846024/square.jpg,740846024,cc-by,True
Hydrocharis morsus-ranae,81600,403499168,2026-07-12,research,54.1185991762,45.2316724652,https://inaturalist-open-data.s3.amazonaws.com/photos/740846031/square.jpg,740846031,cc-by,True
Hydrocharis morsus-ranae,81600,403413199,2026-09-23,research,44.3308133333,-78.7297883333,https://inaturalist-open-data.s3.amazonaws.com/photos/740690205/square.jpg,740690205,cc-by-nc,True
Hydrocharis morsus-ranae,81600,403375748,2026-09-25,research,51.6255037024,39.399336259,https://inaturalist-open-data.s3.amazonaws.com/photos/740584352/square.jpg,740584352,cc-by-nc,True
Hydrocharis morsus-ranae,81600,403349115,2026-09-25,research,46.9794833333,7.044475,https://inaturalist-open-data.s3.amazonaws.com/photos/740557124/square.jpg,740557124,cc-by,True
Hydrocharis morsus-ranae,81600,403349076,2026-09-25,research,47.0082083333,6.9942222222,https://inaturalist-open-data.s3.amazonaws.com/photos/740556817/square.jpg,740556817,cc-by,True
Hydrocharis morsus-ranae,81600,403346473,2026-09-25,research,51.1987333333,-2.7845583333,https://inaturalist-open-data.s3.amazonaws.com/photos/740554681/square.jpg,740554681,cc-by-nc,True
Hydrocharis morsus-ranae,81600,403253002,2026-09-21,research,44.8453111942,-77.2509998616,https://inaturalist-open-data.s3.amazonaws.com/photos/740374125/square.jpg,740374125,cc-by-nc,True
Hydrocharis morsus-ranae,81600,403253002,2026-09-21,research,44.8453111942,-77.2509998616,https://inaturalist-open-data.s3.amazonaws.com/photos/740374154/square.jpg,740374154,cc-by-nc,True
Hydrocharis morsus-ranae,81600,403253002,2026-09-21,research,44.8453111942,-77.2509998616,https://inaturalist-open-data.s3.amazonaws.com/photos/740374161/square.jpg,740374161,cc-by-nc,True
Hydrocharis morsus-ranae,81600,403253002,2026-09-21,research,44.8453111942,-77.2509998616,https://inaturalist-open-data.s3.amazonaws.com/photos/740374152/square.jpg,740374152,cc-by-nc,True
Hydrocharis morsus-ranae,81600,403253002,2026-09-21,research,44.8453111942,-77.2509998616,https://inaturalist-open-data.s3.amazonaws.com/photos/740374131/square.jpg,740374131,cc-by-nc,True
Hydrocharis morsus-ranae,81600,403253002,2026-09-21,research,44.8453111942,-77.2509998616,https://inaturalist-open-data.s3.amazonaws.com/photos/740374113/square.jpg,740374113,cc-by-nc,True
Hydrocharis morsus-ranae,81600,403253002,2026-09-21,research,44.8453111942,-77.2509998616,https://inaturalist-open-data.s3.amazonaws.com/photos/740374202/square.jpg,740374202,cc-by-nc,True
Hydrocharis morsus-ranae,81600,403253002,2026-09-21,research,44.8453111942,-77.2509998616,https://inaturalist-open-data.s3.amazonaws.com/photos/740374200/square.jpg,740374200,cc-by-nc,True
Hydrocharis morsus-ranae,81600,403253002,2026-09-21,research,44.8453111942,-77.2509998616,https://inaturalist-open-data.s3.amazonaws.com/photos/740374190/square.jpg,740374190,cc-by-nc,True
Hydrocharis morsus-ranae,81600,403215248,2026-08-29,research,50.9718450002,4.7879971965,https://inaturalist-open-data.s3.amazonaws.com/photos/740299887/square.jpg,740299887,cc-by-nc,True
Myriophyllum sibiricum,61034,401526339,2026-09-19,research,49.932380198,36.2155515701,https://inaturalist-open-data.s3.amazonaws.com/photos/736984967/square.jpg,736984967,cc-by-nc,True
Myriophyllum sibiricum,61034,401526339,2026-09-19,research,49.932380198,36.2155515701,https://inaturalist-open-data.s3.amazonaws.com/photos/736985029/square.jpg,736985029,cc-by-nc,True
Myriophyllum sibiricum,61034,401526339,2026-09-19,research,49.932380198,36.2155515701,https://inaturalist-open-data.s3.amazonaws.com/photos/736985086/square.jpg,736985086,cc-by-nc,True
Myriophyllum sibiricum,61034,401501207,2026-09-14,research,43.62448,-96.2120666667,https://inaturalist-open-data.s3.amazonaws.com/photos/736935873/square.jpg,736935873,cc-by-nc-nd,True
Myriophyllum sibiricum,61034,399258045,2026-09-10,research,53.55565,-114.7355194444,https://inaturalist-open-data.s3.amazonaws.com/photos/732496058/square.jpg,732496058,cc0,True
Myriophyllum sibiricum,61034,399258045,2026-09-10,research,53.55565,-114.7355194444,https://inaturalist-open-data.s3.amazonaws.com/photos/732496076/square.jpg,732496076,cc0,True
Myriophyllum sibiricum,61034,399258045,2026-09-10,research,53.55565,-114.7355194444,https://inaturalist-open-data.s3.amazonaws.com/photos/732496121/square.jpg,732496121,cc0,True
Myriophyllum sibiricum,61034,397595010,2026-09-05,research,40.6041735,-111.5889376,https://inaturalist-open-data.s3.amazonaws.com/photos/729250390/square.jpg,729250390,cc-by,True
Myriophyllum sibiricum,61034,397595005,2026-09-05,research,40.6041735,-111.5889376,https://inaturalist-open-data.s3.amazonaws.com/photos/729250371/square.jpg,729250371,cc-by,True
Myriophyllum sibiricum,61034,397594950,2026-09-05,research,40.6041735,-111.5889376,https://inaturalist-open-data.s3.amazonaws.com/photos/729249934/square.jpg,729249934,cc-by,True
Myriophyllum sibiricum,61034,397374516,2026-09-05,research,47.6491060039,108.3385935969,https://static.inaturalist.org/photos/728825467/square.jpg,728825467,,False
Myriophyllum sibiricum,61034,397143919,2026-08-14,research,53.1994779997,26.0173756,https://inaturalist-open-data.s3.amazonaws.com/photos/728375764/square.jpg,728375764,cc-by-nc,True
Myriophyllum sibiricum,61034,397143919,2026-08-14,research,53.1994779997,26.0173756,https://inaturalist-open-data.s3.amazonaws.com/photos/728375766/square.jpg,728375766,cc-by-nc,True
Myriophyllum sibiricum,61034,396229890,2026-08-31,research,51.8244133333,-100.89318,https://inaturalist-open-data.s3.amazonaws.com/photos/726625756/square.jpg,726625756,cc-by-nc,True
Myriophyllum sibiricum,61034,395694533,2026-08-26,research,53.5556333333,-114.7346194444,https://inaturalist-open-data.s3.amazonaws.com/photos/725562327/square.jpg,725562327,cc-by,True
Myriophyllum sibiricum,61034,395694533,2026-08-26,research,53.5556333333,-114.7346194444,https://inaturalist-open-data.s3.amazonaws.com/photos/725562330/square.jpg,725562330,cc-by,True
Myriophyllum sibiricum,61034,394157428,2026-08-23,research,48.0449254997,-92.9129207,https://inaturalist-open-data.s3.amazonaws.com/photos/722560161/square.jpg,722560161,cc-by-nc,True
Myriophyllum sibiricum,61034,394157428,2026-08-23,research,48.0449254997,-92.9129207,https://inaturalist-open-data.s3.amazonaws.com/photos/722560224/square.jpg,722560224,cc-by-nc,True
Myriophyllum sibiricum,61034,394157428,2026-08-23,research,48.0449254997,-92.9129207,https://inaturalist-open-data.s3.amazonaws.com/photos/722560277/square.jpg,722560277,cc-by-nc,True
Myriophyllum sibiricum,61034,394157428,2026-08-23,research,48.0449254997,-92.9129207,https://inaturalist-open-data.s3.amazonaws.com/photos/722560335/square.jpg,722560335,cc-by-nc,True
Myriophyllum sibiricum,61034,393101749,2026-08-20,research,45.30358,-94.9325466667,https://inaturalist-open-data.s3.amazonaws.com/photos/720491682/square.jpg,720491682,cc-by-nc,True
Myriophyllum sibiricum,61034,393081533,2026-08-20,research,45.2871351931,-93.9078844555,https://inaturalist-open-data.s3.amazonaws.com/photos/720451222/square.jpg,720451222,cc-by-nc,True
Myriophyllum sibiricum,61034,392940419,2026-08-20,research,45.287084,-93.9078609722,https://inaturalist-open-data.s3.amazonaws.com/photos/720173202/square.jpg,720173202,cc-by-nc,True
Myriophyllum sibiricum,61034,392836382,2026-08-19,research,52.3771016997,-114.1651243,https://inaturalist-open-data.s3.amazonaws.com/photos/719971258/square.jpg,719971258,cc-by-nc,True
Myriophyllum sibiricum,61034,392836382,2026-08-19,research,52.3771016997,-114.1651243,https://inaturalist-open-data.s3.amazonaws.com/photos/719971303/square.jpg,719971303,cc-by-nc,True
Myriophyllum sibiricum,61034,392836382,2026-08-19,research,52.3771016997,-114.1651243,https://inaturalist-open-data.s3.amazonaws.com/photos/719971345/square.jpg,719971345,cc-by-nc,True
Myriophyllum sibiricum,61034,392836382,2026-08-19,research,52.3771016997,-114.1651243,https://inaturalist-open-data.s3.amazonaws.com/photos/719971371/square.jpg,719971371,cc-by-nc,True
Myriophyllum sibiricum,61034,392836382,2026-08-19,research,52.3771016997,-114.1651243,https://inaturalist-open-data.s3.amazonaws.com/photos/719971404/square.jpg,719971404,cc-by-nc,True
Myriophyllum sibiricum,61034,392836382,2026-08-19,research,52.3771016997,-114.1651243,https://inaturalist-open-data.s3.amazonaws.com/photos/719971499/square.jpg,719971499,cc-by-nc,True
Myriophyllum sibiricum,61034,392836382,2026-08-19,research,52.3771016997,-114.1651243,https://inaturalist-open-data.s3.amazonaws.com/photos/719971590/square.jpg,719971590,cc-by-nc,True
Myriophyllum sibiricum,61034,387508595,2026-07-28,research,47.6214633,102.0052455,https://inaturalist-open-data.s3.amazonaws.com/photos/709593095/square.jpg,709593095,cc-by-nc,True
Myriophyllum sibiricum,61034,387508595,2026-07-28,research,47.6214633,102.0052455,https://inaturalist-open-data.s3.amazonaws.com/photos/709593090/square.jpg,709593090,cc-by-nc,True
Myriophyllum sibiricum,61034,387508595,2026-07-28,research,47.6214633,102.0052455,https://inaturalist-open-data.s3.amazonaws.com/photos/709593083/square.jpg,709593083,cc-by-nc,True
Myriophyllum sibiricum,61034,387508595,2026-07-28,research,47.6214633,102.0052455,https://inaturalist-open-data.s3.amazonaws.com/photos/709593107/square.jpg,709593107,cc-by-nc,True
Myriophyllum sibiricum,61034,386498622,2026-07-30,research,50.5394959634,101.4655011536,https://static.inaturalist.org/photos/707665410/square.jpg,707665410,,False
Myriophyllum sibiricum,61034,385519065,2026-07-26,research,37.6274251788,-119.0744519741,https://inaturalist-open-data.s3.amazonaws.com/photos/705797896/square.jpg,705797896,cc-by-nc,True
Myriophyllum sibiricum,61034,385519065,2026-07-26,research,37.6274251788,-119.0744519741,https://inaturalist-open-data.s3.amazonaws.com/photos/705797891/square.jpg,705797891,cc-by-nc,True
Myriophyllum sibiricum,61034,385519065,2026-07-26,research,37.6274251788,-119.0744519741,https://inaturalist-open-data.s3.amazonaws.com/photos/705797876/square.jpg,705797876,cc-by-nc,True
Myriophyllum sibiricum,61034,385519065,2026-07-26,research,37.6274251788,-119.0744519741,https://inaturalist-open-data.s3.amazonaws.com/photos/705797870/square.jpg,705797870,cc-by-nc,True
Myriophyllum sibiricum,61034,385519065,2026-07-26,research,37.6274251788,-119.0744519741,https://inaturalist-open-data.s3.amazonaws.com/photos/705787155/square.jpg,705787155,cc-by-nc,True
Myriophyllum sibiricum,61034,385516099,2026-07-25,research,37.6197447254,-119.0072535781,https://inaturalist-open-data.s3.amazonaws.com/photos/705780464/square.jpg,705780464,cc-by-nc,True
Myriophyllum sibiricum,61034,384251209,2026-07-22,research,37.5849711805,-118.8612111315,https://inaturalist-open-data.s3.amazonaws.com/photos/703360841/square.jpg,703360841,cc-by-nc,True
Myriophyllum sibiricum,61034,384251209,2026-07-22,research,37.5849711805,-118.8612111315,https://inaturalist-open-data.s3.amazonaws.com/photos/703360834/square.jpg,703360834,cc-by-nc,True
Myriophyllum sibiricum,61034,383788587,2026-07-18,research,49.8637155145,-119.4596359091,https://inaturalist-open-data.s3.amazonaws.com/photos/702466012/square.jpg,702466012,cc-by-sa,True
Myriophyllum sibiricum,61034,383788587,2026-07-18,research,49.8637155145,-119.4596359091,https://inaturalist-open-data.s3.amazonaws.com/photos/702466048/square.jpg,702466048,cc-by-sa,True
Myriophyllum sibiricum,61034,382450886,2026-07-02,research,49.1058471667,96.6721333333,https://static.inaturalist.org/photos/699896090/square.jpg,699896090,,False
Myriophyllum sibiricum,61034,382450886,2026-07-02,research,49.1058471667,96.6721333333,https://static.inaturalist.org/photos/699896091/square.jpg,699896091,,False
Myriophyllum sibiricum,61034,382450448,2026-07-02,research,49.1062666667,96.672975,https://static.inaturalist.org/photos/699895244/square.jpg,699895244,,False
Myriophyllum sibiricum,61034,382450448,2026-07-02,research,49.1062666667,96.672975,https://static.inaturalist.org/photos/699895247/square.jpg,699895247,,False
Myriophyllum sibiricum,61034,378977484,2026-07-06,research,60.1004916667,-133.8177638889,https://inaturalist-open-data.s3.amazonaws.com/photos/693173989/square.jpg,693173989,cc-by-nc,True
Myriophyllum sibiricum,61034,378721425,2026-07-05,research,57.1208646357,40.8522547118,https://inaturalist-open-data.s3.amazonaws.com/photos/692681829/square.jpg,692681829,cc-by,True
Myriophyllum sibiricum,61034,378721425,2026-07-05,research,57.1208646357,40.8522547118,https://inaturalist-open-data.s3.amazonaws.com/photos/692682775/square.jpg,692682775,cc-by,True
Myriophyllum sibiricum,61034,378721425,2026-07-05,research,57.1208646357,40.8522547118,https://inaturalist-open-data.s3.amazonaws.com/photos/692682786/square.jpg,692682786,cc-by,True
Myriophyllum spicatum,78157,404929123,2026-10-01,research,45.1874461997,9.166187,https://inaturalist-open-data.s3.amazonaws.com/photos/743695668/square.jpg,743695668,cc-by-sa,True
Myriophyllum spicatum,78157,404817326,2026-09-30,research,45.72062,-121.508555,https://inaturalist-open-data.s3.amazonaws.com/photos/743468000/square.jpg,743468000,cc-by-nc,True
Myriophyllum spicatum,78157,404794923,2026-09-30,research,53.3234886697,34.2312223782,https://inaturalist-open-data.s3.amazonaws.com/photos/743397922/square.jpg,743397922,cc-by-nc,True
Myriophyllum spicatum,78157,404794923,2026-09-30,research,53.3234886697,34.2312223782,https://inaturalist-open-data.s3.amazonaws.com/photos/743397909/square.jpg,743397909,cc-by-nc,True
Myriophyllum spicatum,78157,404794887,2026-09-30,research,53.3235435356,34.2306945311,https://inaturalist-open-data.s3.amazonaws.com/photos/743397238/square.jpg,743397238,cc-by-nc,True
Myriophyllum spicatum,78157,404794887,2026-09-30,research,53.3235435356,34.2306945311,https://inaturalist-open-data.s3.amazonaws.com/photos/743397259/square.jpg,743397259,cc-by-nc,True
Myriophyllum spicatum,78157,404794753,2026-09-30,research,53.3521718787,34.0980396207,https://inaturalist-open-data.s3.amazonaws.com/photos/743394556/square.jpg,743394556,cc-by-nc,True
Myriophyllum spicatum,78157,404794753,2026-09-30,research,53.3521718787,34.0980396207,https://inaturalist-open-data.s3.amazonaws.com/photos/743394694/square.jpg,743394694,cc-by-nc,True
Myriophyllum spicatum,78157,404794753,2026-09-30,research,53.3521718787,34.0980396207,https://inaturalist-open-data.s3.amazonaws.com/photos/743394695/square.jpg,743394695,cc-by-nc,True
Myriophyllum spicatum,78157,404785192,2026-09-05,research,46.5186032821,-87.3829829292,https://inaturalist-open-data.s3.amazonaws.com/photos/743401474/square.jpg,743401474,cc-by-nc,True
Myriophyllum spicatum,78157,404741706,2026-09-30,research,48.1597784,17.2211761997,https://inaturalist-open-data.s3.amazonaws.com/photos/743319662/square.jpg,743319662,cc-by-nc,True
Myriophyllum spicatum,78157,404703286,2026-09-30,research,39.9982681746,116.2106966464,https://inaturalist-open-data.s3.amazonaws.com/photos/743237087/square.jpg,743237087,cc-by-nc,True
Myriophyllum spicatum,78157,404680159,2026-08-03,research,50.1010410464,21.4648463577,https://inaturalist-open-data.s3.amazonaws.com/photos/743204298/square.jpg,743204298,cc-by-nc,True
Myriophyllum spicatum,78157,404678479,2026-08-03,research,50.0999470335,21.4627559111,https://inaturalist-open-data.s3.amazonaws.com/photos/743201126/square.jpg,743201126,cc-by-nc,True
Myriophyllum spicatum,78157,404677688,2026-08-03,research,50.1007550183,21.4647206292,https://inaturalist-open-data.s3.amazonaws.com/photos/743199404/square.jpg,743199404,cc-by-nc,True
Myriophyllum spicatum,78157,404677080,2026-08-03,research,50.10112879,21.4649140835,https://inaturalist-open-data.s3.amazonaws.com/photos/743198678/square.jpg,743198678,cc-by-nc,True
Myriophyllum spicatum,78157,404667516,2026-08-02,research,49.7470612503,20.7308870181,https://inaturalist-open-data.s3.amazonaws.com/photos/743179873/square.jpg,743179873,cc-by-nc,True
Myriophyllum spicatum,78157,404667000,2026-08-02,research,49.747039586,20.7308752835,https://inaturalist-open-data.s3.amazonaws.com/photos/743179006/square.jpg,743179006,cc-by-nc,True
Myriophyllum spicatum,78157,404554282,2026-09-29,research,40.5719828,-79.0313845997,https://static.inaturalist.org/photos/742945657/square.jpg,742945657,,False
Myriophyllum spicatum,78157,404511827,2026-09-26,research,41.9267149029,13.8580700755,https://static.inaturalist.org/photos/742860382/square.jpg,742860382,,False
Myriophyllum spicatum,78157,404491249,2026-07-06,research,49.5010450567,14.0580365843,https://inaturalist-open-data.s3.amazonaws.com/photos/742820683/square.jpg,742820683,cc-by-nc,True
Myriophyllum spicatum,78157,404491249,2026-07-06,research,49.5010450567,14.0580365843,https://inaturalist-open-data.s3.amazonaws.com/photos/742820675/square.jpg,742820675,cc-by-nc,True
Myriophyllum spicatum,78157,404491249,2026-07-06,research,49.5010450567,14.0580365843,https://inaturalist-open-data.s3.amazonaws.com/photos/742820696/square.jpg,742820696,cc-by-nc,True
Myriophyllum spicatum,78157,404267176,2026-09-25,research,43.8722729658,-94.0116650245,https://inaturalist-open-data.s3.amazonaws.com/photos/742377022/square.jpg,742377022,cc-by-nc,True
Myriophyllum spicatum,78157,403873929,2026-09-27,research,43.6568695027,3.3961805329,https://inaturalist-open-data.s3.amazonaws.com/photos/741599584/square.jpg,741599584,cc-by-nc,True
Myriophyllum spicatum,78157,403644451,2026-09-26,research,43.0899624619,-77.3769609793,https://inaturalist-open-data.s3.amazonaws.com/photos/741141096/square.jpg,741141096,cc-by-nc,True
Myriophyllum spicatum,78157,403527735,2026-07-30,research,50.1005573784,21.4644507319,https://inaturalist-open-data.s3.amazonaws.com/photos/740917447/square.jpg,740917447,cc-by-nc,True
Myriophyllum spicatum,78157,403412959,2026-09-23,research,44.332725,-78.7278366667,https://inaturalist-open-data.s3.amazonaws.com/photos/740689586/square.jpg,740689586,cc-by-nc,True
Myriophyllum spicatum,78157,403370045,2026-09-25,research,42.8813486753,-75.7126469357,https://inaturalist-open-data.s3.amazonaws.com/photos/740602403/square.jpg,740602403,cc-by-nc,True
Myriophyllum spicatum,78157,403323684,2026-09-19,research,42.4206484845,-71.3559874293,https://inaturalist-open-data.s3.amazonaws.com/photos/740510639/square.jpg,740510639,cc-by-nc,True
Myriophyllum spicatum,78157,403323490,2026-09-19,research,42.4280186312,-71.3560353414,https://inaturalist-open-data.s3.amazonaws.com/photos/740510231/square.jpg,740510231,cc-by-nc,True
Najas flexilis,1646522,402108031,2026-07-31,research,52.5132303358,-110.0923377429,https://inaturalist-open-data.s3.amazonaws.com/photos/738137529/square.jpg,738137529,cc-by,True
Najas flexilis,1646522,401674179,2026-08-30,research,52.8797333333,-101.850945,https://inaturalist-open-data.s3.amazonaws.com/photos/737265226/square.jpg,737265226,cc-by,True
Najas flexilis,1646522,395511042,2026-08-27,research,43.9102666667,-65.8799138889,https://inaturalist-open-data.s3.amazonaws.com/photos/725217689/square.jpg,725217689,cc-by-nc,True
Najas flexilis,1646522,395511042,2026-08-27,research,43.9102666667,-65.8799138889,https://inaturalist-open-data.s3.amazonaws.com/photos/725217688/square.jpg,725217688,cc-by-nc,True
Najas flexilis,1646522,395511042,2026-08-27,research,43.9102666667,-65.8799138889,https://inaturalist-open-data.s3.amazonaws.com/photos/725217692/square.jpg,725217692,cc-by-nc,True
Najas flexilis,1646522,394263573,2026-08-22,research,45.961933,-90.8543099722,https://inaturalist-open-data.s3.amazonaws.com/photos/722859997/square.jpg,722859997,cc-by-nc-nd,True
Najas flexilis,1646522,394263573,2026-08-22,research,45.961933,-90.8543099722,https://inaturalist-open-data.s3.amazonaws.com/photos/722860021/square.jpg,722860021,cc-by-nc-nd,True
Najas flexilis,1646522,394263573,2026-08-22,research,45.961933,-90.8543099722,https://inaturalist-open-data.s3.amazonaws.com/photos/722860041/square.jpg,722860041,cc-by-nc-nd,True
Najas flexilis,1646522,394263573,2026-08-22,research,45.961933,-90.8543099722,https://inaturalist-open-data.s3.amazonaws.com/photos/722860059/square.jpg,722860059,cc-by-nc-nd,True
Najas flexilis,1646522,393026823,2026-08-16,research,45.5915916667,-78.5179133333,https://inaturalist-open-data.s3.amazonaws.com/photos/720341656/square.jpg,720341656,cc-by-nc,True
Najas flexilis,1646522,393026823,2026-08-16,research,45.5915916667,-78.5179133333,https://inaturalist-open-data.s3.amazonaws.com/photos/720341509/square.jpg,720341509,cc-by-nc,True
Najas flexilis,1646522,393026823,2026-08-16,research,45.5915916667,-78.5179133333,https://inaturalist-open-data.s3.amazonaws.com/photos/720341581/square.jpg,720341581,cc-by-nc,True
Najas flexilis,1646522,391381814,2026-08-14,research,45.2735216667,-80.2504883333,https://inaturalist-open-data.s3.amazonaws.com/photos/717139237/square.jpg,717139237,cc-by-nc,True
Najas flexilis,1646522,391381814,2026-08-14,research,45.2735216667,-80.2504883333,https://inaturalist-open-data.s3.amazonaws.com/photos/717139179/square.jpg,717139179,cc-by-nc,True
Najas flexilis,1646522,391381814,2026-08-14,research,45.2735216667,-80.2504883333,https://inaturalist-open-data.s3.amazonaws.com/photos/717139357/square.jpg,717139357,cc-by-nc,True
Najas flexilis,1646522,391381814,2026-08-14,research,45.2735216667,-80.2504883333,https://inaturalist-open-data.s3.amazonaws.com/photos/717139400/square.jpg,717139400,cc-by-nc,True
Najas flexilis,1646522,389450540,2026-08-08,research,45.0680039394,-64.3529621807,https://inaturalist-open-data.s3.amazonaws.com/photos/713367355/square.jpg,713367355,cc-by-nc,True
Najas flexilis,1646522,389450540,2026-08-08,research,45.0680039394,-64.3529621807,https://inaturalist-open-data.s3.amazonaws.com/photos/713367283/square.jpg,713367283,cc-by-nc,True
Najas flexilis,1646522,389450540,2026-08-08,research,45.0680039394,-64.3529621807,https://inaturalist-open-data.s3.amazonaws.com/photos/713367336/square.jpg,713367336,cc-by-nc,True
Najas flexilis,1646522,388665701,2026-08-03,research,46.2490442431,-83.5023050755,https://inaturalist-open-data.s3.amazonaws.com/photos/711864280/square.jpg,711864280,cc-by-nc,True
Najas flexilis,1646522,388665701,2026-08-03,research,46.2490442431,-83.5023050755,https://inaturalist-open-data.s3.amazonaws.com/photos/712378814/square.jpg,712378814,cc-by-nc,True
Najas flexilis,1646522,388665701,2026-08-03,research,46.2490442431,-83.5023050755,https://inaturalist-open-data.s3.amazonaws.com/photos/711864307/square.jpg,711864307,cc-by-nc,True
Najas flexilis,1646522,388665701,2026-08-03,research,46.2490442431,-83.5023050755,https://inaturalist-open-data.s3.amazonaws.com/photos/711864330/square.jpg,711864330,cc-by-nc,True
Najas flexilis,1646522,388172612,2026-08-04,research,42.340625,-82.9304883333,https://static.inaturalist.org/photos/710900473/square.jpg,710900473,,False
Najas flexilis,1646522,388172612,2026-08-04,research,42.340625,-82.9304883333,https://static.inaturalist.org/photos/710900509/square.jpg,710900509,,False
Najas flexilis,1646522,388172612,2026-08-04,research,42.340625,-82.9304883333,https://static.inaturalist.org/photos/710900545/square.jpg,710900545,,False
Najas flexilis,1646522,388172612,2026-08-04,research,42.340625,-82.9304883333,https://static.inaturalist.org/photos/710900581/square.jpg,710900581,,False
Najas flexilis,1646522,388172612,2026-08-04,research,42.340625,-82.9304883333,https://static.inaturalist.org/photos/710900624/square.jpg,710900624,,False
Najas flexilis,1646522,388172612,2026-08-04,research,42.340625,-82.9304883333,https://static.inaturalist.org/photos/710900671/square.jpg,710900671,,False
Najas flexilis,1646522,383841537,2026-07-21,research,53.5771033333,-114.758255,https://inaturalist-open-data.s3.amazonaws.com/photos/702571221/square.jpg,702571221,cc0,True
Najas flexilis,1646522,383792274,2026-07-21,research,53.5772180328,-114.7581656473,https://inaturalist-open-data.s3.amazonaws.com/photos/702475598/square.jpg,702475598,cc-by-nc,True
Najas flexilis,1646522,383792274,2026-07-21,research,53.5772180328,-114.7581656473,https://inaturalist-open-data.s3.amazonaws.com/photos/702475715/square.jpg,702475715,cc-by-nc,True
Najas flexilis,1646522,382187672,2026-07-12,research,54.1551166667,-101.983825,https://inaturalist-open-data.s3.amazonaws.com/photos/699394467/square.jpg,699394467,cc-by,True
Najas flexilis,1646522,380742467,2026-07-12,research,42.3478366667,-82.48755,https://inaturalist-open-data.s3.amazonaws.com/photos/696590424/square.jpg,696590424,cc-by-nc,True
Najas flexilis,1646522,378781545,2026-07-06,research,43.4139278016,-85.6727466262,https://inaturalist-open-data.s3.amazonaws.com/photos/692795662/square.jpg,692795662,cc-by-nc,True
Najas flexilis,1646522,378781545,2026-07-06,research,43.4139278016,-85.6727466262,https://inaturalist-open-data.s3.amazonaws.com/photos/692796139/square.jpg,692796139,cc-by-nc,True
Najas flexilis,1646522,364648348,2025-09-07,research,45.249734,-79.826095,https://static.inaturalist.org/photos/665699790/square.jpg,665699790,,False
Najas flexilis,1646522,364648338,2025-09-07,research,45.249734,-79.826095,https://static.inaturalist.org/photos/665699776/square.jpg,665699776,,False
Najas flexilis,1646522,358337601,2025-07-30,research,44.5439612682,-89.2763924391,https://inaturalist-open-data.s3.amazonaws.com/photos/653684651/square.jpg,653684651,cc-by-nc,True
Najas flexilis,1646522,338330959,2025-09-14,research,46.72995048,-71.43564392,https://inaturalist-open-data.s3.amazonaws.com/photos/615250401/square.jpg,615250401,cc0,True
Najas flexilis,1646522,338330959,2025-09-14,research,46.72995048,-71.43564392,https://inaturalist-open-data.s3.amazonaws.com/photos/615250418/square.jpg,615250418,cc0,True
Najas flexilis,1646522,338330959,2025-09-14,research,46.72995048,-71.43564392,https://inaturalist-open-data.s3.amazonaws.com/photos/615250436/square.jpg,615250436,cc0,True
Najas flexilis,1646522,337162416,2025-09-01,research,44.5328916667,-68.6264888889,https://inaturalist-open-data.s3.amazonaws.com/photos/612849531/square.jpg,612849531,cc-by-nc,True
Najas flexilis,1646522,334503469,2026-01-10,research,48.2310116667,-89.9288716667,https://inaturalist-open-data.s3.amazonaws.com/photos/607471998/square.jpg,607471998,cc-by-nc,True
Najas flexilis,1646522,334503469,2026-01-10,research,48.2310116667,-89.9288716667,https://inaturalist-open-data.s3.amazonaws.com/photos/607472026/square.jpg,607472026,cc-by-nc,True
Najas flexilis,1646522,334503469,2026-01-10,research,48.2310116667,-89.9288716667,https://inaturalist-open-data.s3.amazonaws.com/photos/607472050/square.jpg,607472050,cc-by-nc,True
Najas flexilis,1646522,332235886,2025-07-20,research,45.9751866667,-91.1756533333,https://inaturalist-open-data.s3.amazonaws.com/photos/602897429/square.jpg,602897429,cc-by-nc,True
Najas flexilis,1646522,326251289,2025-08-24,research,45.9068358749,-76.9341751187,https://inaturalist-open-data.s3.amazonaws.com/photos/590835595/square.jpg,590835595,cc0,True
Najas flexilis,1646522,326251289,2025-08-24,research,45.9068358749,-76.9341751187,https://inaturalist-open-data.s3.amazonaws.com/photos/590835610/square.jpg,590835610,cc0,True
Najas flexilis,1646522,326251289,2025-08-24,research,45.9068358749,-76.9341751187,https://inaturalist-open-data.s3.amazonaws.com/photos/590835594/square.jpg,590835594,cc0,True
Najas flexilis,1646522,326251289,2025-08-24,research,45.9068358749,-76.9341751187,https://inaturalist-open-data.s3.amazonaws.com/photos/590835590/square.jpg,590835590,cc0,True
Najas flexilis,1646522,326251289,2025-08-24,research,45.9068358749,-76.9341751187,https://inaturalist-open-data.s3.amazonaws.com/photos/632751125/square.jpg,632751125,cc0,True
Najas flexilis,1646522,326251289,2025-08-24,research,45.9068358749,-76.9341751187,https://inaturalist-open-data.s3.amazonaws.com/photos/632751127/square.jpg,632751127,cc0,True
Najas flexilis,1646522,326251289,2025-08-24,research,45.9068358749,-76.9341751187,https://inaturalist-open-data.s3.amazonaws.com/photos/632751134/square.jpg,632751134,cc0,True
Najas flexilis,1646522,326251289,2025-08-24,research,45.9068358749,-76.9341751187,https://inaturalist-open-data.s3.amazonaws.com/photos/632751131/square.jpg,632751131,cc0,True
Najas flexilis,1646522,326251289,2025-08-24,research,45.9068358749,-76.9341751187,https://inaturalist-open-data.s3.amazonaws.com/photos/632751136/square.jpg,632751136,cc0,True
Najas flexilis,1646522,326251289,2025-08-24,research,45.9068358749,-76.9341751187,https://inaturalist-open-data.s3.amazonaws.com/photos/632751119/square.jpg,632751119,cc0,True
Najas flexilis,1646522,326251289,2025-08-24,research,45.9068358749,-76.9341751187,https://inaturalist-open-data.s3.amazonaws.com/photos/632751137/square.jpg,632751137,cc0,True
Najas flexilis,1646522,324370779,2025-08-07,research,44.8447938997,-79.9730571,https://inaturalist-open-data.s3.amazonaws.com/photos/587081834/square.jpg,587081834,cc-by-nc,True
Najas flexilis,1646522,324370779,2025-08-07,research,44.8447938997,-79.9730571,https://inaturalist-open-data.s3.amazonaws.com/photos/587081954/square.jpg,587081954,cc-by-nc,True
Najas flexilis,1646522,324370779,2025-08-07,research,44.8447938997,-79.9730571,https://inaturalist-open-data.s3.amazonaws.com/photos/587081992/square.jpg,587081992,cc-by-nc,True
Najas flexilis,1646522,324370779,2025-08-07,research,44.8447938997,-79.9730571,https://inaturalist-open-data.s3.amazonaws.com/photos/587082051/square.jpg,587082051,cc-by-nc,True
Najas flexilis,1646522,323064952,2025-10-25,research,42.3547583333,-71.0708305,https://inaturalist-open-data.s3.amazonaws.com/photos/584531387/square.jpg,584531387,cc-by-nc,True
Najas flexilis,1646522,323064952,2025-10-25,research,42.3547583333,-71.0708305,https://inaturalist-open-data.s3.amazonaws.com/photos/584531386/square.jpg,584531386,cc-by-nc,True
Najas flexilis,1646522,319266187,2025-10-04,research,44.9295380662,-76.7866527361,https://inaturalist-open-data.s3.amazonaws.com/photos/577092075/square.jpg,577092075,cc-by-nc,True
Najas flexilis,1646522,319266187,2025-10-04,research,44.9295380662,-76.7866527361,https://inaturalist-open-data.s3.amazonaws.com/photos/577092101/square.jpg,577092101,cc-by-nc,True
Nitellopsis obtusa,361265,403413048,2026-09-23,research,44.3299133333,-78.7300033333,https://inaturalist-open-data.s3.amazonaws.com/photos/740689793/square.jpg,740689793,cc-by-nc,True
Nitellopsis obtusa,361265,402828465,2026-09-23,research,44.3308908167,-78.7285055314,https://inaturalist-open-data.s3.amazonaws.com/photos/739540891/square.jpg,739540891,cc-by-nc,True
Nitellopsis obtusa,361265,402777676,2026-09-23,research,44.3299499061,-78.7295915746,https://inaturalist-open-data.s3.amazonaws.com/photos/739443915/square.jpg,739443915,cc-by-nc,True
Nitellopsis obtusa,361265,402777676,2026-09-23,research,44.3299499061,-78.7295915746,https://inaturalist-open-data.s3.amazonaws.com/photos/739444018/square.jpg,739444018,cc-by-nc,True
Nitellopsis obtusa,361265,402777676,2026-09-23,research,44.3299499061,-78.7295915746,https://inaturalist-open-data.s3.amazonaws.com/photos/739444376/square.jpg,739444376,cc-by-nc,True
Nitellopsis obtusa,361265,402777676,2026-09-23,research,44.3299499061,-78.7295915746,https://inaturalist-open-data.s3.amazonaws.com/photos/739444646/square.jpg,739444646,cc-by-nc,True
Nitellopsis obtusa,361265,402766519,2026-09-23,research,44.3298979376,-78.7299498349,https://inaturalist-open-data.s3.amazonaws.com/photos/739423039/square.jpg,739423039,cc-by-nc,True
Nitellopsis obtusa,361265,402703745,2026-09-23,research,45.3010705858,5.9320795722,https://inaturalist-open-data.s3.amazonaws.com/photos/739308963/square.jpg,739308963,cc-by,True
Nitellopsis obtusa,361265,402703745,2026-09-23,research,45.3010705858,5.9320795722,https://inaturalist-open-data.s3.amazonaws.com/photos/739309009/square.jpg,739309009,cc-by,True
Nitellopsis obtusa,361265,400721699,2026-09-16,research,45.3068473935,-75.6979610492,https://inaturalist-open-data.s3.amazonaws.com/photos/735892624/square.jpg,735892624,cc-by-nc,True
Nitellopsis obtusa,361265,400543543,2026-09-15,research,53.4829133333,15.8617616667,https://inaturalist-open-data.s3.amazonaws.com/photos/735046745/square.jpg,735046745,cc-by-nc,True
Nitellopsis obtusa,361265,400358398,2026-09-14,research,42.313,-83.7901466667,https://inaturalist-open-data.s3.amazonaws.com/photos/734670463/square.jpg,734670463,cc-by-nc,True
Nitellopsis obtusa,361265,400358398,2026-09-14,research,42.313,-83.7901466667,https://inaturalist-open-data.s3.amazonaws.com/photos/734670460/square.jpg,734670460,cc-by-nc,True
Nitellopsis obtusa,361265,400358398,2026-09-14,research,42.313,-83.7901466667,https://inaturalist-open-data.s3.amazonaws.com/photos/734670462/square.jpg,734670462,cc-by-nc,True
Nitellopsis obtusa,361265,400358398,2026-09-14,research,42.313,-83.7901466667,https://inaturalist-open-data.s3.amazonaws.com/photos/734670461/square.jpg,734670461,cc-by-nc,True
Nitellopsis obtusa,361265,400358398,2026-09-14,research,42.313,-83.7901466667,https://inaturalist-open-data.s3.amazonaws.com/photos/734670464/square.jpg,734670464,cc-by-nc,True
Nitellopsis obtusa,361265,400358398,2026-09-14,research,42.313,-83.7901466667,https://inaturalist-open-data.s3.amazonaws.com/photos/734670483/square.jpg,734670483,cc-by-nc,True
Nitellopsis obtusa,361265,400358398,2026-09-14,research,42.313,-83.7901466667,https://inaturalist-open-data.s3.amazonaws.com/photos/734670499/square.jpg,734670499,cc-by-nc,True
Nitellopsis obtusa,361265,400358398,2026-09-14,research,42.313,-83.7901466667,https://inaturalist-open-data.s3.amazonaws.com/photos/734670508/square.jpg,734670508,cc-by-nc,True
Nitellopsis obtusa,361265,400196940,2026-09-14,research,42.8976611111,-75.6394666667,https://inaturalist-open-data.s3.amazonaws.com/photos/734340242/square.jpg,734340242,cc-by-nc,True
Nitellopsis obtusa,361265,397607699,2026-09-05,research,42.6870116667,-83.6114883333,https://inaturalist-open-data.s3.amazonaws.com/photos/729278763/square.jpg,729278763,cc-by-nc,True
Nitellopsis obtusa,361265,397607699,2026-09-05,research,42.6870116667,-83.6114883333,https://inaturalist-open-data.s3.amazonaws.com/photos/729278760/square.jpg,729278760,cc-by-nc,True
Nitellopsis obtusa,361265,397607699,2026-09-05,research,42.6870116667,-83.6114883333,https://inaturalist-open-data.s3.amazonaws.com/photos/729278756/square.jpg,729278756,cc-by-nc,True
Nitellopsis obtusa,361265,397607699,2026-09-05,research,42.6870116667,-83.6114883333,https://inaturalist-open-data.s3.amazonaws.com/photos/729278761/square.jpg,729278761,cc-by-nc,True
Nitellopsis obtusa,361265,397607699,2026-09-05,research,42.6870116667,-83.6114883333,https://inaturalist-open-data.s3.amazonaws.com/photos/729278762/square.jpg,729278762,cc-by-nc,True
Nitellopsis obtusa,361265,397607699,2026-09-05,research,42.6870116667,-83.6114883333,https://inaturalist-open-data.s3.amazonaws.com/photos/729278752/square.jpg,729278752,cc-by-nc,True
Nitellopsis obtusa,361265,397607699,2026-09-05,research,42.6870116667,-83.6114883333,https://inaturalist-open-data.s3.amazonaws.com/photos/729278800/square.jpg,729278800,cc-by-nc,True
Nitellopsis obtusa,361265,397607699,2026-09-05,research,42.6870116667,-83.6114883333,https://inaturalist-open-data.s3.amazonaws.com/photos/729278797/square.jpg,729278797,cc-by-nc,True
Nitellopsis obtusa,361265,397030055,2026-05-24,research,45.7897797553,5.0207772733,https://inaturalist-open-data.s3.amazonaws.com/photos/728142508/square.jpg,728142508,cc-by-nc,True
Nitellopsis obtusa,361265,396359846,2026-08-28,research,44.5517243193,-76.2687213711,https://inaturalist-open-data.s3.amazonaws.com/photos/726884360/square.jpg,726884360,cc-by-nc,True
Nitellopsis obtusa,361265,396359113,2026-08-28,research,44.551872192,-76.2689273246,https://inaturalist-open-data.s3.amazonaws.com/photos/726882885/square.jpg,726882885,cc-by-nc,True
Nitellopsis obtusa,361265,395625283,2026-08-26,research,52.4603722571,18.0559657211,https://inaturalist-open-data.s3.amazonaws.com/photos/725427599/square.jpg,725427599,cc-by,True
Nitellopsis obtusa,361265,395625283,2026-08-26,research,52.4603722571,18.0559657211,https://inaturalist-open-data.s3.amazonaws.com/photos/725427609/square.jpg,725427609,cc-by,True
Nitellopsis obtusa,361265,395625283,2026-08-26,research,52.4603722571,18.0559657211,https://inaturalist-open-data.s3.amazonaws.com/photos/725427620/square.jpg,725427620,cc-by,True
Nitellopsis obtusa,361265,395625283,2026-08-26,research,52.4603722571,18.0559657211,https://inaturalist-open-data.s3.amazonaws.com/photos/725427618/square.jpg,725427618,cc-by,True
Nitellopsis obtusa,361265,395625283,2026-08-26,research,52.4603722571,18.0559657211,https://inaturalist-open-data.s3.amazonaws.com/photos/725427605/square.jpg,725427605,cc-by,True
Nitellopsis obtusa,361265,395625283,2026-08-26,research,52.4603722571,18.0559657211,https://inaturalist-open-data.s3.amazonaws.com/photos/725427650/square.jpg,725427650,cc-by,True
Nitellopsis obtusa,361265,395625283,2026-08-26,research,52.4603722571,18.0559657211,https://inaturalist-open-data.s3.amazonaws.com/photos/725427636/square.jpg,725427636,cc-by,True
Nitellopsis obtusa,361265,395625283,2026-08-26,research,52.4603722571,18.0559657211,https://inaturalist-open-data.s3.amazonaws.com/photos/725427619/square.jpg,725427619,cc-by,True
Nitellopsis obtusa,361265,395625283,2026-08-26,research,52.4603722571,18.0559657211,https://inaturalist-open-data.s3.amazonaws.com/photos/725427651/square.jpg,725427651,cc-by,True
Nitellopsis obtusa,361265,394751869,2026-08-26,research,44.1964833333,-79.488145,https://static.inaturalist.org/photos/723722604/square.jpg,723722604,,False
Nitellopsis obtusa,361265,394751869,2026-08-26,research,44.1964833333,-79.488145,https://static.inaturalist.org/photos/723722611/square.jpg,723722611,,False
Nitellopsis obtusa,361265,394751869,2026-08-26,research,44.1964833333,-79.488145,https://static.inaturalist.org/photos/723722641/square.jpg,723722641,,False
Nitellopsis obtusa,361265,394625227,2026-08-25,research,52.4607560406,18.0554578685,https://inaturalist-open-data.s3.amazonaws.com/photos/723480054/square.jpg,723480054,cc-by,True
Nitellopsis obtusa,361265,394625227,2026-08-25,research,52.4607560406,18.0554578685,https://inaturalist-open-data.s3.amazonaws.com/photos/723479664/square.jpg,723479664,cc-by,True
Nitellopsis obtusa,361265,392553803,2026-08-18,research,44.8929833333,-75.1341083333,https://static.inaturalist.org/photos/719415640/square.jpg,719415640,,False
Nitellopsis obtusa,361265,392553803,2026-08-18,research,44.8929833333,-75.1341083333,https://static.inaturalist.org/photos/719415649/square.jpg,719415649,,False
Nitellopsis obtusa,361265,391476666,2026-08-15,research,51.5027468727,6.6500939753,https://inaturalist-open-data.s3.amazonaws.com/photos/717326143/square.jpg,717326143,cc-by-nc,True
Nitellopsis obtusa,361265,389584840,2026-08-08,research,53.308005,15.74102,https://inaturalist-open-data.s3.amazonaws.com/photos/713631659/square.jpg,713631659,cc-by-nc,True
Nitellopsis obtusa,361265,389584840,2026-08-08,research,53.308005,15.74102,https://inaturalist-open-data.s3.amazonaws.com/photos/713631732/square.jpg,713631732,cc-by-nc,True
Nitellopsis obtusa,361265,389356726,2026-08-07,research,51.7260246111,24.1241645556,https://inaturalist-open-data.s3.amazonaws.com/photos/713186581/square.jpg,713186581,cc-by-nc,True
Nitellopsis obtusa,361265,389356726,2026-08-07,research,51.7260246111,24.1241645556,https://inaturalist-open-data.s3.amazonaws.com/photos/713186670/square.jpg,713186670,cc-by-nc,True
Nitellopsis obtusa,361265,389233731,2026-08-07,research,51.7263679444,24.1253890833,https://inaturalist-open-data.s3.amazonaws.com/photos/712952239/square.jpg,712952239,cc-by-nc,True
Nitellopsis obtusa,361265,388284337,2026-08-04,research,53.1486997,26.0077084997,https://inaturalist-open-data.s3.amazonaws.com/photos/711115709/square.jpg,711115709,cc-by-nc,True
Nitellopsis obtusa,361265,388284337,2026-08-04,research,53.1486997,26.0077084997,https://inaturalist-open-data.s3.amazonaws.com/photos/711115791/square.jpg,711115791,cc-by-nc,True
Nitellopsis obtusa,361265,388282881,2026-08-04,research,53.1495802,26.0041380997,https://inaturalist-open-data.s3.amazonaws.com/photos/711114368/square.jpg,711114368,cc-by-nc,True
Nitellopsis obtusa,361265,386611458,2026-07-30,research,44.7117916667,-79.8683616667,https://inaturalist-open-data.s3.amazonaws.com/photos/707880421/square.jpg,707880421,cc-by-nc,True
Nitellopsis obtusa,361265,386224637,2026-07-29,research,48.1200732511,17.1421067789,https://inaturalist-open-data.s3.amazonaws.com/photos/707143753/square.jpg,707143753,cc-by-nc,True
Nitellopsis obtusa,361265,386224637,2026-07-29,research,48.1200732511,17.1421067789,https://inaturalist-open-data.s3.amazonaws.com/photos/707143782/square.jpg,707143782,cc-by-nc,True
Nitellopsis obtusa,361265,386224637,2026-07-29,research,48.1200732511,17.1421067789,https://inaturalist-open-data.s3.amazonaws.com/photos/707143814/square.jpg,707143814,cc-by-nc,True
Nuphar variegata,204164,404492077,2026-09-25,research,41.8857026443,-73.8150705227,https://inaturalist-open-data.s3.amazonaws.com/photos/742822318/square.jpg,742822318,cc-by-nc,True
Nuphar variegata,204164,404082679,2026-09-27,research,53.628995,-113.9619435,https://inaturalist-open-data.s3.amazonaws.com/photos/742008802/square.jpg,742008802,cc-by-nc,True
Nuphar variegata,204164,404082679,2026-09-27,research,53.628995,-113.9619435,https://inaturalist-open-data.s3.amazonaws.com/photos/742008811/square.jpg,742008811,cc-by-nc,True
Nuphar variegata,204164,404080890,2026-09-27,research,53.6266324997,-113.9612989,https://inaturalist-open-data.s3.amazonaws.com/photos/742007692/square.jpg,742007692,cc-by-nc,True
Nuphar variegata,204164,404029425,2026-09-27,research,53.5117116667,-114.54248,https://inaturalist-open-data.s3.amazonaws.com/photos/741900559/square.jpg,741900559,cc0,True
Nuphar variegata,204164,403891022,2026-07-07,research,44.9602275,-69.3542752,https://inaturalist-open-data.s3.amazonaws.com/photos/741632228/square.jpg,741632228,cc-by-nc,True
Nuphar variegata,204164,403891022,2026-07-07,research,44.9602275,-69.3542752,https://inaturalist-open-data.s3.amazonaws.com/photos/741632272/square.jpg,741632272,cc-by-nc,True
Nuphar variegata,204164,403891022,2026-07-07,research,44.9602275,-69.3542752,https://inaturalist-open-data.s3.amazonaws.com/photos/741632326/square.jpg,741632326,cc-by-nc,True
Nuphar variegata,204164,403759923,2026-09-25,research,44.997076266,-79.3371680695,https://inaturalist-open-data.s3.amazonaws.com/photos/741378206/square.jpg,741378206,cc-by-nc,True
Nuphar variegata,204164,403759923,2026-09-25,research,44.997076266,-79.3371680695,https://inaturalist-open-data.s3.amazonaws.com/photos/741378251/square.jpg,741378251,cc-by-nc,True
Nuphar variegata,204164,403443595,2026-09-25,research,52.9756045,-114.2145584997,https://inaturalist-open-data.s3.amazonaws.com/photos/740753796/square.jpg,740753796,cc-by-nc,True
Nuphar variegata,204164,403443595,2026-09-25,research,52.9756045,-114.2145584997,https://inaturalist-open-data.s3.amazonaws.com/photos/740753823/square.jpg,740753823,cc-by-nc,True
Nuphar variegata,204164,403443595,2026-09-25,research,52.9756045,-114.2145584997,https://inaturalist-open-data.s3.amazonaws.com/photos/740753846/square.jpg,740753846,cc-by-nc,True
Nuphar variegata,204164,403443595,2026-09-25,research,52.9756045,-114.2145584997,https://inaturalist-open-data.s3.amazonaws.com/photos/740753885/square.jpg,740753885,cc-by-nc,True
Nuphar variegata,204164,403443595,2026-09-25,research,52.9756045,-114.2145584997,https://inaturalist-open-data.s3.amazonaws.com/photos/740753905/square.jpg,740753905,cc-by-nc,True
Nuphar variegata,204164,403443595,2026-09-25,research,52.9756045,-114.2145584997,https://inaturalist-open-data.s3.amazonaws.com/photos/740753927/square.jpg,740753927,cc-by-nc,True
Nuphar variegata,204164,403443595,2026-09-25,research,52.9756045,-114.2145584997,https://inaturalist-open-data.s3.amazonaws.com/photos/740754655/square.jpg,740754655,cc-by-nc,True
Nuphar variegata,204164,403443595,2026-09-25,research,52.9756045,-114.2145584997,https://inaturalist-open-data.s3.amazonaws.com/photos/740754682/square.jpg,740754682,cc-by-nc,True
Nuphar variegata,204164,403412924,2026-09-23,research,44.3326033333,-78.727945,https://inaturalist-open-data.s3.amazonaws.com/photos/740689476/square.jpg,740689476,cc-by-nc,True
Nuphar variegata,204164,403338121,2026-09-25,research,44.3572847886,-68.2073660183,https://inaturalist-open-data.s3.amazonaws.com/photos/740538705/square.jpg,740538705,cc-by-nc,True
Nuphar variegata,204164,403338121,2026-09-25,research,44.3572847886,-68.2073660183,https://inaturalist-open-data.s3.amazonaws.com/photos/740538788/square.jpg,740538788,cc-by-nc,True
Nuphar variegata,204164,403113178,2026-07-07,research,49.848873943,-95.5517599521,https://inaturalist-open-data.s3.amazonaws.com/photos/740095951/square.jpg,740095951,cc-by-nc,True
Nuphar variegata,204164,403113178,2026-07-07,research,49.848873943,-95.5517599521,https://inaturalist-open-data.s3.amazonaws.com/photos/740095952/square.jpg,740095952,cc-by-nc,True
Nuphar variegata,204164,403073677,2026-09-24,research,45.3770366667,-76.8731133333,https://inaturalist-open-data.s3.amazonaws.com/photos/740024359/square.jpg,740024359,cc-by-nc,True
Nuphar variegata,204164,403021375,2026-09-24,research,45.7370758057,-84.8969802856,https://static.inaturalist.org/photos/740088063/square.jpg,740088063,,False
Nuphar variegata,204164,402901202,2026-09-22,research,43.7244805997,-96.2847493,https://inaturalist-open-data.s3.amazonaws.com/photos/739687173/square.jpg,739687173,cc-by-nc,True
Nuphar variegata,204164,402901202,2026-09-22,research,43.7244805997,-96.2847493,https://inaturalist-open-data.s3.amazonaws.com/photos/739687197/square.jpg,739687197,cc-by-nc,True
Nuphar variegata,204164,402901202,2026-09-22,research,43.7244805997,-96.2847493,https://inaturalist-open-data.s3.amazonaws.com/photos/739687225/square.jpg,739687225,cc-by-nc,True
Nuphar variegata,204164,402900168,2026-09-22,research,43.7237058997,-96.2867688,https://inaturalist-open-data.s3.amazonaws.com/photos/739685858/square.jpg,739685858,cc-by-nc,True
Nuphar variegata,204164,402898943,2026-09-22,research,43.7237313997,-96.287383,https://inaturalist-open-data.s3.amazonaws.com/photos/739682735/square.jpg,739682735,cc-by-nc,True
Nuphar variegata,204164,402897879,2026-09-22,research,43.7224238,-96.2899471,https://inaturalist-open-data.s3.amazonaws.com/photos/739680465/square.jpg,739680465,cc-by-nc,True
Nuphar variegata,204164,402897366,2026-09-22,research,43.7230613997,-96.291375,https://inaturalist-open-data.s3.amazonaws.com/photos/739679429/square.jpg,739679429,cc-by-nc,True
Nuphar variegata,204164,402866604,2026-09-23,research,46.33340962,-83.98173961,https://inaturalist-open-data.s3.amazonaws.com/photos/739615313/square.jpg,739615313,cc-by-nc,True
Nuphar variegata,204164,402796956,2026-09-22,research,46.6306249171,-87.4887206951,https://inaturalist-open-data.s3.amazonaws.com/photos/739482417/square.jpg,739482417,cc-by-nc,True
Nuphar variegata,204164,402793236,2026-09-23,research,44.3310306218,-78.7285252778,https://inaturalist-open-data.s3.amazonaws.com/photos/739503925/square.jpg,739503925,cc-by-nc,True
Nuphar variegata,204164,402773364,2026-09-23,research,44.3300511057,-78.7296333777,https://inaturalist-open-data.s3.amazonaws.com/photos/739443661/square.jpg,739443661,cc-by-nc,True
Nuphar variegata,204164,402773364,2026-09-23,research,44.3300511057,-78.7296333777,https://inaturalist-open-data.s3.amazonaws.com/photos/739443803/square.jpg,739443803,cc-by-nc,True
Nuphar variegata,204164,402631359,2026-09-21,research,46.33370533,-83.98173753,https://inaturalist-open-data.s3.amazonaws.com/photos/739165479/square.jpg,739165479,cc-by-nc,True
Nuphar variegata,204164,402631359,2026-09-21,research,46.33370533,-83.98173753,https://inaturalist-open-data.s3.amazonaws.com/photos/739165657/square.jpg,739165657,cc-by-nc,True
Nuphar variegata,204164,402592466,2026-09-22,research,42.3465173966,-71.1120226867,https://inaturalist-open-data.s3.amazonaws.com/photos/739084716/square.jpg,739084716,cc-by-nc,True
Nuphar variegata,204164,402553972,2026-09-22,research,43.722158,-96.2911148997,https://inaturalist-open-data.s3.amazonaws.com/photos/739007949/square.jpg,739007949,cc-by-nc,True
Nuphar variegata,204164,402436520,2026-09-21,research,42.0827416667,-71.2466083333,https://inaturalist-open-data.s3.amazonaws.com/photos/738785076/square.jpg,738785076,cc-by-nc,True
Nuphar variegata,204164,402436520,2026-09-21,research,42.0827416667,-71.2466083333,https://inaturalist-open-data.s3.amazonaws.com/photos/738785183/square.jpg,738785183,cc-by-nc,True
Nuphar variegata,204164,402436520,2026-09-21,research,42.0827416667,-71.2466083333,https://inaturalist-open-data.s3.amazonaws.com/photos/738785338/square.jpg,738785338,cc-by-nc,True
Nymphaea odorata,51119,404898185,2026-08-27,research,43.5994217269,-88.1852956594,https://inaturalist-open-data.s3.amazonaws.com/photos/743629638/square.jpg,743629638,cc-by-nc,True
Nymphaea odorata,51119,404898175,2026-08-27,research,43.5994371437,-88.1851959228,https://inaturalist-open-data.s3.amazonaws.com/photos/743629465/square.jpg,743629465,cc-by-nc,True
Nymphaea odorata,51119,404880713,2026-08-25,research,46.3126133333,-79.360205,https://inaturalist-open-data.s3.amazonaws.com/photos/743597413/square.jpg,743597413,cc-by-nc,True
Nymphaea odorata,51119,404877735,2026-09-30,research,42.8840268827,-79.3783886106,https://inaturalist-open-data.s3.amazonaws.com/photos/743591318/square.jpg,743591318,cc-by-nc,True
Nymphaea odorata,51119,404877735,2026-09-30,research,42.8840268827,-79.3783886106,https://inaturalist-open-data.s3.amazonaws.com/photos/743591322/square.jpg,743591322,cc-by-nc,True
Nymphaea odorata,51119,404872714,2026-09-20,research,45.8743236624,-76.4329338662,https://inaturalist-open-data.s3.amazonaws.com/photos/743582764/square.jpg,743582764,cc-by-nc,True
Nymphaea odorata,51119,404863851,2026-09-30,research,35.1063721667,-78.9418416667,https://inaturalist-open-data.s3.amazonaws.com/photos/743563945/square.jpg,743563945,cc-by-nc,True
Nymphaea odorata,51119,404853316,2026-09-27,research,44.3793629997,-64.8823299,https://inaturalist-open-data.s3.amazonaws.com/photos/743529710/square.jpg,743529710,cc-by-nc,True
Nymphaea odorata,51119,404845207,2026-09-30,research,30.804005,-83.2707966667,https://inaturalist-open-data.s3.amazonaws.com/photos/743524988/square.jpg,743524988,cc-by-nc,True
Nymphaea odorata,51119,404845207,2026-09-30,research,30.804005,-83.2707966667,https://inaturalist-open-data.s3.amazonaws.com/photos/743524991/square.jpg,743524991,cc-by-nc,True
Nymphaea odorata,51119,404845207,2026-09-30,research,30.804005,-83.2707966667,https://inaturalist-open-data.s3.amazonaws.com/photos/743525000/square.jpg,743525000,cc-by-nc,True
Nymphaea odorata,51119,404845207,2026-09-30,research,30.804005,-83.2707966667,https://inaturalist-open-data.s3.amazonaws.com/photos/743525003/square.jpg,743525003,cc-by-nc,True
Nymphaea odorata,51119,404843996,2026-08-25,research,43.33017,-73.6634133333,https://inaturalist-open-data.s3.amazonaws.com/photos/743522314/square.jpg,743522314,cc-by-nc,True
Nymphaea odorata,51119,404830428,2026-08-25,research,46.312655,-79.3602133333,https://inaturalist-open-data.s3.amazonaws.com/photos/743495188/square.jpg,743495188,cc-by-nc,True
Nymphaea odorata,51119,404817693,2026-09-14,research,44.5157616667,-76.0246721667,https://inaturalist-open-data.s3.amazonaws.com/photos/743468868/square.jpg,743468868,cc-by-nc,True
Nymphaea odorata,51119,404815473,2026-07-23,research,43.923605,-65.999405,https://inaturalist-open-data.s3.amazonaws.com/photos/743464414/square.jpg,743464414,cc-by,True
Nymphaea odorata,51119,404815473,2026-07-23,research,43.923605,-65.999405,https://inaturalist-open-data.s3.amazonaws.com/photos/743464439/square.jpg,743464439,cc-by,True
Nymphaea odorata,51119,404815473,2026-07-23,research,43.923605,-65.999405,https://inaturalist-open-data.s3.amazonaws.com/photos/743464459/square.jpg,743464459,cc-by,True
Nymphaea odorata,51119,404815473,2026-07-23,research,43.923605,-65.999405,https://inaturalist-open-data.s3.amazonaws.com/photos/743464421/square.jpg,743464421,cc-by,True
Nymphaea odorata,51119,404815473,2026-07-23,research,43.923605,-65.999405,https://inaturalist-open-data.s3.amazonaws.com/photos/743475820/square.jpg,743475820,cc-by,True
Nymphaea odorata,51119,404798767,2026-09-22,research,43.5379,-80.2131716667,https://static.inaturalist.org/photos/743431293/square.jpg,743431293,,False
Nymphaea odorata,51119,404798767,2026-09-22,research,43.5379,-80.2131716667,https://static.inaturalist.org/photos/743431376/square.jpg,743431376,,False
Nymphaea odorata,51119,404798767,2026-09-22,research,43.5379,-80.2131716667,https://static.inaturalist.org/photos/743431420/square.jpg,743431420,,False
Nymphaea odorata,51119,404762055,2026-09-30,research,36.137375,-85.1299833333,https://inaturalist-open-data.s3.amazonaws.com/photos/743359844/square.jpg,743359844,cc-by,True
Nymphaea odorata,51119,404762055,2026-09-30,research,36.137375,-85.1299833333,https://inaturalist-open-data.s3.amazonaws.com/photos/743360076/square.jpg,743360076,cc-by,True
Nymphaea odorata,51119,404750001,2026-09-29,research,33.2892133333,-81.4855883333,https://static.inaturalist.org/photos/743336748/square.jpg,743336748,,False
Nymphaea odorata,51119,404749937,2026-09-30,research,44.3322881452,-78.7274069964,https://inaturalist-open-data.s3.amazonaws.com/photos/743336595/square.jpg,743336595,cc-by-nc,True
Nymphaea odorata,51119,404719770,2026-09-07,research,44.411838,-64.3508717997,https://inaturalist-open-data.s3.amazonaws.com/photos/743277967/square.jpg,743277967,cc-by-nc,True
Nymphaea odorata,51119,404719770,2026-09-07,research,44.411838,-64.3508717997,https://inaturalist-open-data.s3.amazonaws.com/photos/743278005/square.jpg,743278005,cc-by-nc,True
Nymphaea odorata,51119,404624423,2026-09-20,research,43.5428583333,-80.2140716667,https://static.inaturalist.org/photos/743093942/square.jpg,743093942,,False
Nymphaea odorata,51119,404624423,2026-09-20,research,43.5428583333,-80.2140716667,https://static.inaturalist.org/photos/743093980/square.jpg,743093980,,False
Nymphaea odorata,51119,404624423,2026-09-20,research,43.5428583333,-80.2140716667,https://static.inaturalist.org/photos/743094009/square.jpg,743094009,,False
Nymphaea odorata,51119,404614282,2026-09-25,research,29.7682964337,-95.4307862937,https://static.inaturalist.org/photos/743064176/square.jpg,743064176,,False
Nymphaea odorata,51119,404599305,2026-09-25,research,41.3958477227,-88.336071591,https://inaturalist-open-data.s3.amazonaws.com/photos/743021519/square.jpg,743021519,cc-by,True
Nymphaea odorata,51119,404599305,2026-09-25,research,41.3958477227,-88.336071591,https://inaturalist-open-data.s3.amazonaws.com/photos/743021526/square.jpg,743021526,cc-by,True
Nymphaea odorata,51119,404599305,2026-09-25,research,41.3958477227,-88.336071591,https://inaturalist-open-data.s3.amazonaws.com/photos/743021562/square.jpg,743021562,cc-by,True
Nymphaea odorata,51119,404599305,2026-09-25,research,41.3958477227,-88.336071591,https://inaturalist-open-data.s3.amazonaws.com/photos/743021575/square.jpg,743021575,cc-by,True
Nymphaea odorata,51119,404599305,2026-09-25,research,41.3958477227,-88.336071591,https://inaturalist-open-data.s3.amazonaws.com/photos/743021580/square.jpg,743021580,cc-by,True
Nymphaea odorata,51119,404583461,2026-09-29,research,38.3326986,-76.4640529,https://inaturalist-open-data.s3.amazonaws.com/photos/743004962/square.jpg,743004962,cc-by-nc,True
Nymphaea odorata,51119,404583454,2026-09-29,research,38.3326986,-76.4640529,https://inaturalist-open-data.s3.amazonaws.com/photos/743004833/square.jpg,743004833,cc-by-nc,True
Nymphaea odorata,51119,404583012,2026-09-29,research,46.6481677629,-94.1516382992,https://inaturalist-open-data.s3.amazonaws.com/photos/743081088/square.jpg,743081088,cc-by-nc,True
Nymphaea odorata,51119,404575888,2026-09-29,research,41.7262416667,-91.7292783333,https://static.inaturalist.org/photos/742990653/square.jpg,742990653,,False
Nymphaea odorata,51119,404545236,2026-09-27,research,47.9504916667,-91.7481777778,https://inaturalist-open-data.s3.amazonaws.com/photos/742905717/square.jpg,742905717,cc-by,True
Nymphaea odorata,51119,404545236,2026-09-27,research,47.9504916667,-91.7481777778,https://inaturalist-open-data.s3.amazonaws.com/photos/742905692/square.jpg,742905692,cc-by,True
Potamogeton crispus,78707,404967709,2026-09-24,research,55.8909826221,44.5779045364,https://inaturalist-open-data.s3.amazonaws.com/photos/743765334/square.jpg,743765334,cc-by-nc,True
Potamogeton crispus,78707,404961440,2026-08-02,research,53.1469158358,18.1743784997,https://static.inaturalist.org/photos/743739696/square.jpg,743739696,,False
Potamogeton crispus,78707,404961440,2026-08-02,research,53.1469158358,18.1743784997,https://static.inaturalist.org/photos/743739854/square.jpg,743739854,,False
Potamogeton crispus,78707,404961374,2026-08-02,research,53.1464162421,18.1730558886,https://static.inaturalist.org/photos/743732163/square.jpg,743732163,,False
Potamogeton crispus,78707,404809711,2026-09-29,research,38.9833272461,-77.0415420175,https://inaturalist-open-data.s3.amazonaws.com/photos/743452619/square.jpg,743452619,cc-by-nc,True
Potamogeton crispus,78707,404680778,2026-08-03,research,50.1011827695,21.4649127424,https://inaturalist-open-data.s3.amazonaws.com/photos/743205282/square.jpg,743205282,cc-by-nc,True
Potamogeton crispus,78707,404679188,2026-08-03,research,50.1005960892,21.4645700902,https://inaturalist-open-data.s3.amazonaws.com/photos/743202478/square.jpg,743202478,cc-by-nc,True
Potamogeton crispus,78707,404677967,2026-08-03,research,50.1003704907,21.4643169567,https://inaturalist-open-data.s3.amazonaws.com/photos/743199948/square.jpg,743199948,cc-by-nc,True
Potamogeton crispus,78707,404676936,2026-08-03,research,50.1014079341,21.4649797976,https://inaturalist-open-data.s3.amazonaws.com/photos/743197880/square.jpg,743197880,cc-by-nc,True
Potamogeton crispus,78707,404676240,2026-08-03,research,50.0998154148,21.4625168592,https://inaturalist-open-data.s3.amazonaws.com/photos/743196705/square.jpg,743196705,cc-by-nc,True
Potamogeton crispus,78707,404649217,2026-09-18,research,49.2429388889,-122.958,https://inaturalist-open-data.s3.amazonaws.com/photos/743102239/square.jpg,743102239,cc-by-nc,True
Potamogeton crispus,78707,404639831,2026-09-29,research,40.5695051802,-122.3744931932,https://static.inaturalist.org/photos/743124570/square.jpg,743124570,,False
Potamogeton crispus,78707,404566766,2026-09-29,research,52.7192795059,0.7280568749,https://inaturalist-open-data.s3.amazonaws.com/photos/742967711/square.jpg,742967711,cc-by,True
Potamogeton crispus,78707,404556473,2026-09-16,research,39.6535403481,-76.7765410815,https://inaturalist-open-data.s3.amazonaws.com/photos/742930165/square.jpg,742930165,cc-by-nc,True
Potamogeton crispus,78707,404450388,2026-09-29,research,48.203898744,15.6310293153,https://inaturalist-open-data.s3.amazonaws.com/photos/742745865/square.jpg,742745865,cc-by-nc,True
Potamogeton crispus,78707,404450388,2026-09-29,research,48.203898744,15.6310293153,https://inaturalist-open-data.s3.amazonaws.com/photos/742745875/square.jpg,742745875,cc-by-nc,True
Potamogeton crispus,78707,404302077,2026-08-20,research,49.2157805556,-123.1960638889,https://inaturalist-open-data.s3.amazonaws.com/photos/742423829/square.jpg,742423829,cc-by,True
Potamogeton crispus,78707,404302077,2026-08-20,research,49.2157805556,-123.1960638889,https://inaturalist-open-data.s3.amazonaws.com/photos/742422242/square.jpg,742422242,cc-by,True
Potamogeton crispus,78707,404302077,2026-08-20,research,49.2157805556,-123.1960638889,https://inaturalist-open-data.s3.amazonaws.com/photos/742422233/square.jpg,742422233,cc-by,True
Potamogeton crispus,78707,404267139,2026-09-25,research,43.8722729658,-94.0116650245,https://inaturalist-open-data.s3.amazonaws.com/photos/742376913/square.jpg,742376913,cc-by-nc,True
Potamogeton crispus,78707,404202976,2026-09-28,research,55.862205,-3.20657,https://static.inaturalist.org/photos/742253343/square.jpg,742253343,,False
Potamogeton crispus,78707,404171730,2026-07-30,research,52.0580393997,20.1938321,https://static.inaturalist.org/photos/742159062/square.jpg,742159062,,False
Potamogeton crispus,78707,404171730,2026-07-30,research,52.0580393997,20.1938321,https://static.inaturalist.org/photos/742159056/square.jpg,742159056,,False
Potamogeton crispus,78707,404133986,2026-09-25,research,50.0860551758,14.3268571587,https://inaturalist-open-data.s3.amazonaws.com/photos/742113115/square.jpg,742113115,cc-by-nc,True
Potamogeton crispus,78707,403928708,2026-09-27,research,54.1194611667,-6.2565966667,https://inaturalist-open-data.s3.amazonaws.com/photos/741704601/square.jpg,741704601,cc-by-nc,True
Potamogeton crispus,78707,403776915,2026-09-25,research,41.7242734925,-74.0140893695,https://inaturalist-open-data.s3.amazonaws.com/photos/741412139/square.jpg,741412139,cc-by-nc,True
Potamogeton crispus,78707,403776915,2026-09-25,research,41.7242734925,-74.0140893695,https://inaturalist-open-data.s3.amazonaws.com/photos/741412167/square.jpg,741412167,cc-by-nc,True
Potamogeton crispus,78707,403744601,2026-09-26,research,42.2228388889,-78.2778333333,https://inaturalist-open-data.s3.amazonaws.com/photos/741344769/square.jpg,741344769,cc-by-nc,True
Potamogeton crispus,78707,403697006,2026-09-26,research,43.0786814033,-89.4213912655,https://inaturalist-open-data.s3.amazonaws.com/photos/741247547/square.jpg,741247547,cc-by-nc,True
Potamogeton crispus,78707,403695661,2026-09-26,research,44.7854583333,-93.1295916667,https://inaturalist-open-data.s3.amazonaws.com/photos/741244683/square.jpg,741244683,cc-by-nc,True
Potamogeton crispus,78707,403652989,2026-09-26,research,52.37318,5.6964716667,https://inaturalist-open-data.s3.amazonaws.com/photos/741159791/square.jpg,741159791,cc-by,True
Potamogeton crispus,78707,403652989,2026-09-26,research,52.37318,5.6964716667,https://inaturalist-open-data.s3.amazonaws.com/photos/741159785/square.jpg,741159785,cc-by,True
Potamogeton gramineus,78710,404642762,2026-09-29,research,44.5930383333,-76.9763283333,https://static.inaturalist.org/photos/743130597/square.jpg,743130597,,False
Potamogeton gramineus,78710,404642762,2026-09-29,research,44.5930383333,-76.9763283333,https://static.inaturalist.org/photos/743130626/square.jpg,743130626,,False
Potamogeton gramineus,78710,403614774,2026-09-26,research,43.3773633745,-73.6406777333,https://inaturalist-open-data.s3.amazonaws.com/photos/741084195/square.jpg,741084195,cc-by-nc,True
Potamogeton gramineus,78710,403614774,2026-09-26,research,43.3773633745,-73.6406777333,https://inaturalist-open-data.s3.amazonaws.com/photos/741084335/square.jpg,741084335,cc-by-nc,True
Potamogeton gramineus,78710,402345639,2026-09-20,research,52.4158328371,-114.9977095798,https://inaturalist-open-data.s3.amazonaws.com/photos/738605908/square.jpg,738605908,cc0,True
Potamogeton gramineus,78710,402345639,2026-09-20,research,52.4158328371,-114.9977095798,https://inaturalist-open-data.s3.amazonaws.com/photos/738605944/square.jpg,738605944,cc0,True
Potamogeton gramineus,78710,402345639,2026-09-20,research,52.4158328371,-114.9977095798,https://inaturalist-open-data.s3.amazonaws.com/photos/738605977/square.jpg,738605977,cc0,True
Potamogeton gramineus,78710,402344872,2026-09-20,research,52.4156929632,-115.002444014,https://inaturalist-open-data.s3.amazonaws.com/photos/738604392/square.jpg,738604392,cc0,True
Potamogeton gramineus,78710,402344872,2026-09-20,research,52.4156929632,-115.002444014,https://inaturalist-open-data.s3.amazonaws.com/photos/738604432/square.jpg,738604432,cc0,True
Potamogeton gramineus,78710,402344872,2026-09-20,research,52.4156929632,-115.002444014,https://inaturalist-open-data.s3.amazonaws.com/photos/738604475/square.jpg,738604475,cc0,True
Potamogeton gramineus,78710,401754487,2026-09-11,research,44.8542569083,-79.9583192694,https://inaturalist-open-data.s3.amazonaws.com/photos/737429982/square.jpg,737429982,cc-by-nc,True
Potamogeton gramineus,78710,401754487,2026-09-11,research,44.8542569083,-79.9583192694,https://inaturalist-open-data.s3.amazonaws.com/photos/737430022/square.jpg,737430022,cc-by-nc,True
Potamogeton gramineus,78710,401754487,2026-09-11,research,44.8542569083,-79.9583192694,https://inaturalist-open-data.s3.amazonaws.com/photos/737430085/square.jpg,737430085,cc-by-nc,True
Potamogeton gramineus,78710,401754487,2026-09-11,research,44.8542569083,-79.9583192694,https://inaturalist-open-data.s3.amazonaws.com/photos/737430117/square.jpg,737430117,cc-by-nc,True
Potamogeton gramineus,78710,401754487,2026-09-11,research,44.8542569083,-79.9583192694,https://inaturalist-open-data.s3.amazonaws.com/photos/737430166/square.jpg,737430166,cc-by-nc,True
Potamogeton gramineus,78710,399679919,2026-09-12,research,44.77852,-89.3546966667,https://inaturalist-open-data.s3.amazonaws.com/photos/733312256/square.jpg,733312256,cc-by-nc,True
Potamogeton gramineus,78710,399679919,2026-09-12,research,44.77852,-89.3546966667,https://inaturalist-open-data.s3.amazonaws.com/photos/733312297/square.jpg,733312297,cc-by-nc,True
Potamogeton gramineus,78710,399679919,2026-09-12,research,44.77852,-89.3546966667,https://inaturalist-open-data.s3.amazonaws.com/photos/733312339/square.jpg,733312339,cc-by-nc,True
Potamogeton gramineus,78710,399392777,2026-09-11,research,55.0197361667,-2.3303383333,https://inaturalist-open-data.s3.amazonaws.com/photos/732757203/square.jpg,732757203,cc-by,True
Potamogeton gramineus,78710,399356296,2026-09-11,research,55.0235888333,-2.3305383333,https://inaturalist-open-data.s3.amazonaws.com/photos/732684388/square.jpg,732684388,cc-by,True
Potamogeton gramineus,78710,399220980,2026-09-11,research,50.1159008278,15.8004349389,https://static.inaturalist.org/photos/732425904/square.jpg,732425904,,False
Potamogeton gramineus,78710,399220980,2026-09-11,research,50.1159008278,15.8004349389,https://static.inaturalist.org/photos/732425940/square.jpg,732425940,,False
Potamogeton gramineus,78710,399220980,2026-09-11,research,50.1159008278,15.8004349389,https://static.inaturalist.org/photos/732425973/square.jpg,732425973,,False
Potamogeton gramineus,78710,397538005,2026-09-05,research,45.9266866667,-68.1242611667,https://inaturalist-open-data.s3.amazonaws.com/photos/729139627/square.jpg,729139627,cc-by-nc,True
Potamogeton gramineus,78710,397538005,2026-09-05,research,45.9266866667,-68.1242611667,https://inaturalist-open-data.s3.amazonaws.com/photos/729139647/square.jpg,729139647,cc-by-nc,True
Potamogeton gramineus,78710,397538005,2026-09-05,research,45.9266866667,-68.1242611667,https://inaturalist-open-data.s3.amazonaws.com/photos/729139643/square.jpg,729139643,cc-by-nc,True
Potamogeton gramineus,78710,397538005,2026-09-05,research,45.9266866667,-68.1242611667,https://inaturalist-open-data.s3.amazonaws.com/photos/729139618/square.jpg,729139618,cc-by-nc,True
Potamogeton gramineus,78710,397538005,2026-09-05,research,45.9266866667,-68.1242611667,https://inaturalist-open-data.s3.amazonaws.com/photos/729139633/square.jpg,729139633,cc-by-nc,True
Potamogeton gramineus,78710,397506860,2026-09-05,research,44.6535866667,-78.5306466667,https://inaturalist-open-data.s3.amazonaws.com/photos/729079892/square.jpg,729079892,cc-by-nc,True
Potamogeton gramineus,78710,397506860,2026-09-05,research,44.6535866667,-78.5306466667,https://inaturalist-open-data.s3.amazonaws.com/photos/729079869/square.jpg,729079869,cc-by-nc,True
Potamogeton gramineus,78710,397506860,2026-09-05,research,44.6535866667,-78.5306466667,https://inaturalist-open-data.s3.amazonaws.com/photos/729079871/square.jpg,729079871,cc-by-nc,True
Potamogeton gramineus,78710,397506860,2026-09-05,research,44.6535866667,-78.5306466667,https://inaturalist-open-data.s3.amazonaws.com/photos/729079985/square.jpg,729079985,cc-by-nc,True
Potamogeton gramineus,78710,397506860,2026-09-05,research,44.6535866667,-78.5306466667,https://inaturalist-open-data.s3.amazonaws.com/photos/729079883/square.jpg,729079883,cc-by-nc,True
Potamogeton gramineus,78710,397506860,2026-09-05,research,44.6535866667,-78.5306466667,https://inaturalist-open-data.s3.amazonaws.com/photos/729079915/square.jpg,729079915,cc-by-nc,True
Potamogeton gramineus,78710,397506860,2026-09-05,research,44.6535866667,-78.5306466667,https://inaturalist-open-data.s3.amazonaws.com/photos/729079910/square.jpg,729079910,cc-by-nc,True
Potamogeton gramineus,78710,397170174,2026-08-03,research,60.1819111111,-128.9438166667,https://inaturalist-open-data.s3.amazonaws.com/photos/728425670/square.jpg,728425670,cc-by-nc,True
Potamogeton gramineus,78710,397170174,2026-08-03,research,60.1819111111,-128.9438166667,https://inaturalist-open-data.s3.amazonaws.com/photos/728425674/square.jpg,728425674,cc-by-nc,True
Potamogeton gramineus,78710,397170174,2026-08-03,research,60.1819111111,-128.9438166667,https://inaturalist-open-data.s3.amazonaws.com/photos/728425677/square.jpg,728425677,cc-by-nc,True
Potamogeton gramineus,78710,396970142,2026-09-02,research,44.5147606586,-73.9116481978,https://inaturalist-open-data.s3.amazonaws.com/photos/728029404/square.jpg,728029404,cc-by-nc,True
Potamogeton gramineus,78710,396970142,2026-09-02,research,44.5147606586,-73.9116481978,https://inaturalist-open-data.s3.amazonaws.com/photos/728029463/square.jpg,728029463,cc-by-nc,True
Potamogeton gramineus,78710,396970142,2026-09-02,research,44.5147606586,-73.9116481978,https://inaturalist-open-data.s3.amazonaws.com/photos/728029546/square.jpg,728029546,cc-by-nc,True
Potamogeton gramineus,78710,396970142,2026-09-02,research,44.5147606586,-73.9116481978,https://inaturalist-open-data.s3.amazonaws.com/photos/728029607/square.jpg,728029607,cc-by-nc,True
Potamogeton gramineus,78710,396969863,2026-09-02,research,44.5024633333,-73.8754883333,https://inaturalist-open-data.s3.amazonaws.com/photos/728028987/square.jpg,728028987,cc-by-nc,True
Potamogeton gramineus,78710,396969863,2026-09-02,research,44.5024633333,-73.8754883333,https://inaturalist-open-data.s3.amazonaws.com/photos/728029099/square.jpg,728029099,cc-by-nc,True
Potamogeton gramineus,78710,396794259,2026-09-02,research,54.39467,-3.0297721667,https://inaturalist-open-data.s3.amazonaws.com/photos/727685701/square.jpg,727685701,cc-by,True
Potamogeton gramineus,78710,396794259,2026-09-02,research,54.39467,-3.0297721667,https://inaturalist-open-data.s3.amazonaws.com/photos/727685824/square.jpg,727685824,cc-by,True
Potamogeton gramineus,78710,395694535,2026-08-26,research,53.5556194444,-114.7353972222,https://inaturalist-open-data.s3.amazonaws.com/photos/725562638/square.jpg,725562638,cc-by,True
Potamogeton gramineus,78710,395694535,2026-08-26,research,53.5556194444,-114.7353972222,https://inaturalist-open-data.s3.amazonaws.com/photos/725562609/square.jpg,725562609,cc-by,True
Potamogeton gramineus,78710,395694535,2026-08-26,research,53.5556194444,-114.7353972222,https://inaturalist-open-data.s3.amazonaws.com/photos/725562571/square.jpg,725562571,cc-by,True
Potamogeton gramineus,78710,395557627,2026-08-29,research,51.4796205,8.1066734997,https://inaturalist-open-data.s3.amazonaws.com/photos/725309161/square.jpg,725309161,cc-by-nc,True
Potamogeton gramineus,78710,395557627,2026-08-29,research,51.4796205,8.1066734997,https://inaturalist-open-data.s3.amazonaws.com/photos/725309375/square.jpg,725309375,cc-by-nc,True
Potamogeton gramineus,78710,395557627,2026-08-29,research,51.4796205,8.1066734997,https://inaturalist-open-data.s3.amazonaws.com/photos/725309417/square.jpg,725309417,cc-by-nc,True
Potamogeton gramineus,78710,395557627,2026-08-29,research,51.4796205,8.1066734997,https://inaturalist-open-data.s3.amazonaws.com/photos/725309459/square.jpg,725309459,cc-by-nc,True
Potamogeton gramineus,78710,395557627,2026-08-29,research,51.4796205,8.1066734997,https://inaturalist-open-data.s3.amazonaws.com/photos/725309507/square.jpg,725309507,cc-by-nc,True
Potamogeton gramineus,78710,395104917,2026-08-27,research,43.2340924429,-73.6773039065,https://inaturalist-open-data.s3.amazonaws.com/photos/724422584/square.jpg,724422584,cc-by-nc,True
Potamogeton gramineus,78710,395104917,2026-08-27,research,43.2340924429,-73.6773039065,https://inaturalist-open-data.s3.amazonaws.com/photos/724422621/square.jpg,724422621,cc-by-nc,True
Potamogeton gramineus,78710,395102984,2026-08-27,research,43.3719717815,-73.7344083663,https://inaturalist-open-data.s3.amazonaws.com/photos/724419088/square.jpg,724419088,cc-by-nc,True
Potamogeton gramineus,78710,395101987,2026-08-27,research,43.3906657776,-73.730720196,https://inaturalist-open-data.s3.amazonaws.com/photos/724416938/square.jpg,724416938,cc-by-nc,True
Potamogeton gramineus,78710,395101987,2026-08-27,research,43.3906657776,-73.730720196,https://inaturalist-open-data.s3.amazonaws.com/photos/724416898/square.jpg,724416898,cc-by-nc,True
Potamogeton gramineus,78710,395101987,2026-08-27,research,43.3906657776,-73.730720196,https://inaturalist-open-data.s3.amazonaws.com/photos/724416854/square.jpg,724416854,cc-by-nc,True
Potamogeton gramineus,78710,395014566,2026-08-26,research,44.7843487314,-67.2028101577,https://inaturalist-open-data.s3.amazonaws.com/photos/724243733/square.jpg,724243733,cc-by,True
Potamogeton gramineus,78710,395014566,2026-08-26,research,44.7843487314,-67.2028101577,https://inaturalist-open-data.s3.amazonaws.com/photos/724243835/square.jpg,724243835,cc-by,True
Potamogeton gramineus,78710,395014566,2026-08-26,research,44.7843487314,-67.2028101577,https://inaturalist-open-data.s3.amazonaws.com/photos/724728017/square.jpg,724728017,cc-by,True
Potamogeton gramineus,78710,394973604,2026-08-26,research,44.3518638883,-75.2712472217,https://static.inaturalist.org/photos/724153844/square.jpg,724153844,,False
Potamogeton gramineus,78710,394820547,2026-08-21,research,42.414223,-8.444153,https://inaturalist-open-data.s3.amazonaws.com/photos/723861418/square.jpg,723861418,cc-by-nc,True
Potamogeton gramineus,78710,394820547,2026-08-21,research,42.414223,-8.444153,https://inaturalist-open-data.s3.amazonaws.com/photos/723861475/square.jpg,723861475,cc-by-nc,True
Potamogeton gramineus,78710,394158377,2026-08-23,research,48.0449497997,-92.9127845997,https://inaturalist-open-data.s3.amazonaws.com/photos/722562199/square.jpg,722562199,cc-by-nc,True
Potamogeton gramineus,78710,394158377,2026-08-23,research,48.0449497997,-92.9127845997,https://inaturalist-open-data.s3.amazonaws.com/photos/722562248/square.jpg,722562248,cc-by-nc,True
Potamogeton gramineus,78710,394158377,2026-08-23,research,48.0449497997,-92.9127845997,https://inaturalist-open-data.s3.amazonaws.com/photos/722562300/square.jpg,722562300,cc-by-nc,True
Potamogeton gramineus,78710,394158377,2026-08-23,research,48.0449497997,-92.9127845997,https://inaturalist-open-data.s3.amazonaws.com/photos/722562345/square.jpg,722562345,cc-by-nc,True
Potamogeton gramineus,78710,393672167,2026-08-22,research,44.8108746406,-68.5546365459,https://inaturalist-open-data.s3.amazonaws.com/photos/721604574/square.jpg,721604574,cc-by-nc,True
Potamogeton gramineus,78710,393672167,2026-08-22,research,44.8108746406,-68.5546365459,https://inaturalist-open-data.s3.amazonaws.com/photos/721604577/square.jpg,721604577,cc-by-nc,True
Potamogeton gramineus,78710,393672167,2026-08-22,research,44.8108746406,-68.5546365459,https://inaturalist-open-data.s3.amazonaws.com/photos/721604582/square.jpg,721604582,cc-by-nc,True
Potamogeton gramineus,78710,393672167,2026-08-22,research,44.8108746406,-68.5546365459,https://inaturalist-open-data.s3.amazonaws.com/photos/721604580/square.jpg,721604580,cc-by-nc,True
Potamogeton illinoensis,78711,403139195,2026-09-24,research,48.4624876779,-114.0194810849,https://inaturalist-open-data.s3.amazonaws.com/photos/740148624/square.jpg,740148624,cc-by-nc,True
Potamogeton illinoensis,78711,403139195,2026-09-24,research,48.4624876779,-114.0194810849,https://inaturalist-open-data.s3.amazonaws.com/photos/740148625/square.jpg,740148625,cc-by-nc,True
Potamogeton illinoensis,78711,403139195,2026-09-24,research,48.4624876779,-114.0194810849,https://inaturalist-open-data.s3.amazonaws.com/photos/740148623/square.jpg,740148623,cc-by-nc,True
Potamogeton illinoensis,78711,403139195,2026-09-24,research,48.4624876779,-114.0194810849,https://inaturalist-open-data.s3.amazonaws.com/photos/740148699/square.jpg,740148699,cc-by-nc,True
Potamogeton illinoensis,78711,403139195,2026-09-24,research,48.4624876779,-114.0194810849,https://inaturalist-open-data.s3.amazonaws.com/photos/740148695/square.jpg,740148695,cc-by-nc,True
Potamogeton illinoensis,78711,403139195,2026-09-24,research,48.4624876779,-114.0194810849,https://inaturalist-open-data.s3.amazonaws.com/photos/740148701/square.jpg,740148701,cc-by-nc,True
Potamogeton illinoensis,78711,403139195,2026-09-24,research,48.4624876779,-114.0194810849,https://inaturalist-open-data.s3.amazonaws.com/photos/740148740/square.jpg,740148740,cc-by-nc,True
Potamogeton illinoensis,78711,401408842,2026-09-18,research,42.7903083333,-76.0534222222,https://inaturalist-open-data.s3.amazonaws.com/photos/736751750/square.jpg,736751750,cc-by-nc,True
Potamogeton illinoensis,78711,395667973,2026-08-29,research,16.9924633333,-91.5923383333,https://inaturalist-open-data.s3.amazonaws.com/photos/725512712/square.jpg,725512712,cc-by-nc,True
Potamogeton illinoensis,78711,395667973,2026-08-29,research,16.9924633333,-91.5923383333,https://inaturalist-open-data.s3.amazonaws.com/photos/725512704/square.jpg,725512704,cc-by-nc,True
Potamogeton illinoensis,78711,395667973,2026-08-29,research,16.9924633333,-91.5923383333,https://inaturalist-open-data.s3.amazonaws.com/photos/725512681/square.jpg,725512681,cc-by-nc,True
Potamogeton illinoensis,78711,395392414,2026-08-27,research,46.0498531015,-95.8439733917,https://inaturalist-open-data.s3.amazonaws.com/photos/724990265/square.jpg,724990265,cc-by-nc,True
Potamogeton illinoensis,78711,395392414,2026-08-27,research,46.0498531015,-95.8439733917,https://inaturalist-open-data.s3.amazonaws.com/photos/724990251/square.jpg,724990251,cc-by-nc,True
Potamogeton illinoensis,78711,395392414,2026-08-27,research,46.0498531015,-95.8439733917,https://inaturalist-open-data.s3.amazonaws.com/photos/724990266/square.jpg,724990266,cc-by-nc,True
Potamogeton illinoensis,78711,395392414,2026-08-27,research,46.0498531015,-95.8439733917,https://inaturalist-open-data.s3.amazonaws.com/photos/724990255/square.jpg,724990255,cc-by-nc,True
Potamogeton illinoensis,78711,395392414,2026-08-27,research,46.0498531015,-95.8439733917,https://inaturalist-open-data.s3.amazonaws.com/photos/724990271/square.jpg,724990271,cc-by-nc,True
Potamogeton illinoensis,78711,395392414,2026-08-27,research,46.0498531015,-95.8439733917,https://inaturalist-open-data.s3.amazonaws.com/photos/724990267/square.jpg,724990267,cc-by-nc,True
Potamogeton illinoensis,78711,395022486,2026-08-27,research,23.4971899945,-109.7931035481,https://static.inaturalist.org/photos/724260467/square.jpg,724260467,,False
Potamogeton illinoensis,78711,394245904,2026-08-24,research,46.3767446356,-67.8797510883,https://inaturalist-open-data.s3.amazonaws.com/photos/722818087/square.jpg,722818087,cc-by,True
Potamogeton illinoensis,78711,394245904,2026-08-24,research,46.3767446356,-67.8797510883,https://inaturalist-open-data.s3.amazonaws.com/photos/722818155/square.jpg,722818155,cc-by,True
Potamogeton illinoensis,78711,391611772,2026-08-15,research,42.7902817737,-76.0533946724,https://inaturalist-open-data.s3.amazonaws.com/photos/717592174/square.jpg,717592174,cc-by-nc,True
Potamogeton illinoensis,78711,391276046,2026-08-13,research,42.0037833333,-79.8997944444,https://inaturalist-open-data.s3.amazonaws.com/photos/716935890/square.jpg,716935890,cc-by-nc,True
Potamogeton illinoensis,78711,391276046,2026-08-13,research,42.0037833333,-79.8997944444,https://inaturalist-open-data.s3.amazonaws.com/photos/716935922/square.jpg,716935922,cc-by-nc,True
Potamogeton illinoensis,78711,391276046,2026-08-13,research,42.0037833333,-79.8997944444,https://inaturalist-open-data.s3.amazonaws.com/photos/716935944/square.jpg,716935944,cc-by-nc,True
Potamogeton illinoensis,78711,389468828,2026-08-08,research,25.6602133333,-80.38588,https://inaturalist-open-data.s3.amazonaws.com/photos/713403920/square.jpg,713403920,cc-by-nc,True
Potamogeton illinoensis,78711,389468828,2026-08-08,research,25.6602133333,-80.38588,https://inaturalist-open-data.s3.amazonaws.com/photos/713403953/square.jpg,713403953,cc-by-nc,True
Potamogeton illinoensis,78711,389341150,2026-08-08,research,29.72765,-82.4175416667,https://inaturalist-open-data.s3.amazonaws.com/photos/713157323/square.jpg,713157323,cc-by-nc,True
Potamogeton illinoensis,78711,388346579,2026-08-02,research,43.3683491934,-73.6676329901,https://inaturalist-open-data.s3.amazonaws.com/photos/711237014/square.jpg,711237014,cc-by-nc,True
Potamogeton illinoensis,78711,388346579,2026-08-02,research,43.3683491934,-73.6676329901,https://inaturalist-open-data.s3.amazonaws.com/photos/711237976/square.jpg,711237976,cc-by-nc,True
Potamogeton illinoensis,78711,386551670,2026-07-29,research,47.9556733,-91.5617730997,https://inaturalist-open-data.s3.amazonaws.com/photos/707769933/square.jpg,707769933,cc-by,True
Potamogeton illinoensis,78711,386551670,2026-07-29,research,47.9556733,-91.5617730997,https://inaturalist-open-data.s3.amazonaws.com/photos/707770157/square.jpg,707770157,cc-by,True
Potamogeton illinoensis,78711,386551670,2026-07-29,research,47.9556733,-91.5617730997,https://inaturalist-open-data.s3.amazonaws.com/photos/707849122/square.jpg,707849122,cc-by,True
Potamogeton illinoensis,78711,386551670,2026-07-29,research,47.9556733,-91.5617730997,https://inaturalist-open-data.s3.amazonaws.com/photos/707849213/square.jpg,707849213,cc-by,True
Potamogeton illinoensis,78711,386551670,2026-07-29,research,47.9556733,-91.5617730997,https://inaturalist-open-data.s3.amazonaws.com/photos/708353745/square.jpg,708353745,cc-by,True
Potamogeton illinoensis,78711,386311623,2026-07-08,research,44.7900472222,-79.7423472222,https://inaturalist-open-data.s3.amazonaws.com/photos/707296917/square.jpg,707296917,cc-by-nc,True
Potamogeton illinoensis,78711,386311623,2026-07-08,research,44.7900472222,-79.7423472222,https://inaturalist-open-data.s3.amazonaws.com/photos/707296914/square.jpg,707296914,cc-by-nc,True
Potamogeton illinoensis,78711,384573456,2026-04-13,research,30.0689267716,-99.4678727023,https://inaturalist-open-data.s3.amazonaws.com/photos/703988583/square.jpg,703988583,cc-by-sa,True
Potamogeton illinoensis,78711,384573456,2026-04-13,research,30.0689267716,-99.4678727023,https://inaturalist-open-data.s3.amazonaws.com/photos/703988624/square.jpg,703988624,cc-by-sa,True
Potamogeton illinoensis,78711,380449344,2026-07-11,research,18.9000488964,-99.1491896866,https://static.inaturalist.org/photos/696025494/square.jpg,696025494,,False
Potamogeton illinoensis,78711,379331493,2026-07-05,research,44.0661361667,-84.7519616667,https://inaturalist-open-data.s3.amazonaws.com/photos/693868581/square.jpg,693868581,cc-by-nc,True
Potamogeton illinoensis,78711,379331493,2026-07-05,research,44.0661361667,-84.7519616667,https://inaturalist-open-data.s3.amazonaws.com/photos/693868567/square.jpg,693868567,cc-by-nc,True
Potamogeton illinoensis,78711,379331493,2026-07-05,research,44.0661361667,-84.7519616667,https://inaturalist-open-data.s3.amazonaws.com/photos/693868594/square.jpg,693868594,cc-by-nc,True
Potamogeton illinoensis,78711,379331493,2026-07-05,research,44.0661361667,-84.7519616667,https://inaturalist-open-data.s3.amazonaws.com/photos/693868611/square.jpg,693868611,cc-by-nc,True
Potamogeton illinoensis,78711,379331493,2026-07-05,research,44.0661361667,-84.7519616667,https://inaturalist-open-data.s3.amazonaws.com/photos/693868651/square.jpg,693868651,cc-by-nc,True
Potamogeton illinoensis,78711,377568150,2026-07-02,research,26.7398033333,-80.9007633333,https://inaturalist-open-data.s3.amazonaws.com/photos/690463999/square.jpg,690463999,cc-by-nc,True
Potamogeton illinoensis,78711,377568150,2026-07-02,research,26.7398033333,-80.9007633333,https://inaturalist-open-data.s3.amazonaws.com/photos/690464041/square.jpg,690464041,cc-by-nc,True
Potamogeton illinoensis,78711,377568150,2026-07-02,research,26.7398033333,-80.9007633333,https://inaturalist-open-data.s3.amazonaws.com/photos/690464064/square.jpg,690464064,cc-by-nc,True
Potamogeton illinoensis,78711,377568150,2026-07-02,research,26.7398033333,-80.9007633333,https://inaturalist-open-data.s3.amazonaws.com/photos/690464096/square.jpg,690464096,cc-by-nc,True
Potamogeton illinoensis,78711,372780068,2026-05-27,research,26.1768048658,-80.4480843991,https://inaturalist-open-data.s3.amazonaws.com/photos/681218627/square.jpg,681218627,cc-by-nc,True
Potamogeton illinoensis,78711,367908028,2026-06-02,research,45.302795269,-93.8979242742,https://inaturalist-open-data.s3.amazonaws.com/photos/671916351/square.jpg,671916351,cc0,True
Potamogeton illinoensis,78711,367306925,2026-05-31,research,43.4052279015,-87.9967877124,https://inaturalist-open-data.s3.amazonaws.com/photos/670762699/square.jpg,670762699,cc-by-nc,True
Potamogeton illinoensis,78711,367306330,2026-05-31,research,32.2431635547,-104.6963432059,https://static.inaturalist.org/photos/670766504/square.jpg,670766504,,False
Potamogeton illinoensis,78711,365018168,2026-05-25,research,41.2439068698,-73.5583308344,https://static.inaturalist.org/photos/666402919/square.jpg,666402919,,False
Potamogeton illinoensis,78711,365018168,2026-05-25,research,41.2439068698,-73.5583308344,https://static.inaturalist.org/photos/666402952/square.jpg,666402952,,False
Potamogeton illinoensis,78711,363201342,2026-05-19,research,25.3957866667,-80.5782033333,https://static.inaturalist.org/photos/662965718/square.jpg,662965718,,False
Potamogeton illinoensis,78711,363201342,2026-05-19,research,25.3957866667,-80.5782033333,https://static.inaturalist.org/photos/662965854/square.jpg,662965854,,False
Potamogeton illinoensis,78711,361321067,2026-05-12,research,29.8885546845,-98.2362014377,https://static.inaturalist.org/photos/659402805/square.jpg,659402805,,False
Potamogeton illinoensis,78711,361321067,2026-05-12,research,29.8885546845,-98.2362014377,https://static.inaturalist.org/photos/659402809/square.jpg,659402809,,False
Potamogeton illinoensis,78711,358768648,2026-05-05,research,26.3138017821,-80.1623912892,https://inaturalist-open-data.s3.amazonaws.com/photos/654518389/square.jpg,654518389,cc-by,True
Potamogeton natans,78712,404893817,2026-09-29,research,42.9423972421,-85.3578193858,https://static.inaturalist.org/photos/743624250/square.jpg,743624250,,False
Potamogeton natans,78712,404893817,2026-09-29,research,42.9423972421,-85.3578193858,https://static.inaturalist.org/photos/743624297/square.jpg,743624297,,False
Potamogeton natans,78712,404893817,2026-09-29,research,42.9423972421,-85.3578193858,https://static.inaturalist.org/photos/743624324/square.jpg,743624324,,False
Potamogeton natans,78712,404893817,2026-09-29,research,42.9423972421,-85.3578193858,https://static.inaturalist.org/photos/743624354/square.jpg,743624354,,False
Potamogeton natans,78712,404881701,2026-09-30,research,44.7557659177,-81.0922158882,https://inaturalist-open-data.s3.amazonaws.com/photos/743599339/square.jpg,743599339,cc-by-nc,True
Potamogeton natans,78712,404881701,2026-09-30,research,44.7557659177,-81.0922158882,https://inaturalist-open-data.s3.amazonaws.com/photos/743599428/square.jpg,743599428,cc-by-nc,True
Potamogeton natans,78712,404868466,2026-09-23,research,45.9041849,-64.3674148,https://inaturalist-open-data.s3.amazonaws.com/photos/743573122/square.jpg,743573122,cc-by-nc,True
Potamogeton natans,78712,404820618,2026-09-24,research,54.0858221667,15.0858971667,https://inaturalist-open-data.s3.amazonaws.com/photos/743475194/square.jpg,743475194,cc-by-nc,True
Potamogeton natans,78712,404815176,2026-09-30,research,54.15655,-6.3253633333,https://inaturalist-open-data.s3.amazonaws.com/photos/743463869/square.jpg,743463869,cc-by-nc,True
Potamogeton natans,78712,404760691,2026-09-29,research,55.61774882,25.6210875,https://inaturalist-open-data.s3.amazonaws.com/photos/742963891/square.jpg,742963891,cc-by,True
Potamogeton natans,78712,404724097,2026-09-30,research,56.0093644,12.1427492,https://inaturalist-open-data.s3.amazonaws.com/photos/743285502/square.jpg,743285502,cc-by-nc,True
Potamogeton natans,78712,404724097,2026-09-30,research,56.0093644,12.1427492,https://inaturalist-open-data.s3.amazonaws.com/photos/743285561/square.jpg,743285561,cc-by-nc,True
Potamogeton natans,78712,404724097,2026-09-30,research,56.0093644,12.1427492,https://inaturalist-open-data.s3.amazonaws.com/photos/743285597/square.jpg,743285597,cc-by-nc,True
Potamogeton natans,78712,404719671,2026-09-29,research,53.6281305556,-2.8163833333,https://inaturalist-open-data.s3.amazonaws.com/photos/743277173/square.jpg,743277173,cc0,True
Potamogeton natans,78712,404701246,2026-08-20,research,44.8304611111,9.4924472222,https://inaturalist-open-data.s3.amazonaws.com/photos/743245588/square.jpg,743245588,cc-by-nc,True
Potamogeton natans,78712,404701246,2026-08-20,research,44.8304611111,9.4924472222,https://inaturalist-open-data.s3.amazonaws.com/photos/743245617/square.jpg,743245617,cc-by-nc,True
Potamogeton natans,78712,404701246,2026-08-20,research,44.8304611111,9.4924472222,https://inaturalist-open-data.s3.amazonaws.com/photos/743245662/square.jpg,743245662,cc-by-nc,True
Potamogeton natans,78712,404685388,2026-09-30,research,52.41541,14.8562283333,https://inaturalist-open-data.s3.amazonaws.com/photos/743213620/square.jpg,743213620,cc-by-nc,True
Potamogeton natans,78712,404636023,2026-09-24,research,45.9041849,-64.3674148,https://inaturalist-open-data.s3.amazonaws.com/photos/743113513/square.jpg,743113513,cc-by-nc,True
Potamogeton natans,78712,404571602,2026-09-29,research,51.8065109167,39.3948554722,https://static.inaturalist.org/photos/742980910/square.jpg,742980910,,False
Potamogeton natans,78712,404481149,2026-08-02,research,49.5848156039,20.6447659805,https://inaturalist-open-data.s3.amazonaws.com/photos/742801578/square.jpg,742801578,cc-by-nc,True
Potamogeton natans,78712,404425881,2026-08-31,research,46.5348169293,9.6383614005,https://static.inaturalist.org/photos/742698782/square.jpg,742698782,,False
Potamogeton natans,78712,404338612,2026-09-23,research,45.9039133333,-64.3682716667,https://inaturalist-open-data.s3.amazonaws.com/photos/742523966/square.jpg,742523966,cc-by-nc,True
Potamogeton natans,78712,404336506,2026-09-26,research,44.7775482997,-78.1943691,https://inaturalist-open-data.s3.amazonaws.com/photos/742519367/square.jpg,742519367,cc-by,True
Potamogeton natans,78712,404309258,2026-09-28,research,44.3567972222,-78.7359777778,https://inaturalist-open-data.s3.amazonaws.com/photos/742460976/square.jpg,742460976,cc-by,True
Potamogeton natans,78712,404269435,2026-07-26,research,41.3832162,-71.6418744,https://static.inaturalist.org/photos/742384135/square.jpg,742384135,,False
Potamogeton natans,78712,404254573,2026-09-22,research,45.9038875736,-64.3683582118,https://inaturalist-open-data.s3.amazonaws.com/photos/742354129/square.jpg,742354129,cc-by-nc,True
Potamogeton natans,78712,404254573,2026-09-22,research,45.9038875736,-64.3683582118,https://inaturalist-open-data.s3.amazonaws.com/photos/742354130/square.jpg,742354130,cc-by-nc,True
Potamogeton natans,78712,404207609,2026-09-22,research,57.5873866667,43.637035,https://inaturalist-open-data.s3.amazonaws.com/photos/742263333/square.jpg,742263333,cc-by-nc,True
Potamogeton natans,78712,404207609,2026-09-22,research,57.5873866667,43.637035,https://inaturalist-open-data.s3.amazonaws.com/photos/742263678/square.jpg,742263678,cc-by-nc,True
Potamogeton natans,78712,404183251,2026-09-07,research,45.3073,-73.3137694444,https://inaturalist-open-data.s3.amazonaws.com/photos/742213365/square.jpg,742213365,cc-by-nc,True
Potamogeton natans,78712,404183251,2026-09-07,research,45.3073,-73.3137694444,https://inaturalist-open-data.s3.amazonaws.com/photos/742213357/square.jpg,742213357,cc-by-nc,True
Potamogeton natans,78712,404183251,2026-09-07,research,45.3073,-73.3137694444,https://inaturalist-open-data.s3.amazonaws.com/photos/742213362/square.jpg,742213362,cc-by-nc,True
Potamogeton natans,78712,404183251,2026-09-07,research,45.3073,-73.3137694444,https://inaturalist-open-data.s3.amazonaws.com/photos/742213418/square.jpg,742213418,cc-by-nc,True
Potamogeton natans,78712,404183251,2026-09-07,research,45.3073,-73.3137694444,https://inaturalist-open-data.s3.amazonaws.com/photos/742213398/square.jpg,742213398,cc-by-nc,True
Potamogeton natans,78712,404183251,2026-09-07,research,45.3073,-73.3137694444,https://inaturalist-open-data.s3.amazonaws.com/photos/742213407/square.jpg,742213407,cc-by-nc,True
Potamogeton natans,78712,404183251,2026-09-07,research,45.3073,-73.3137694444,https://inaturalist-open-data.s3.amazonaws.com/photos/742213430/square.jpg,742213430,cc-by-nc,True
Potamogeton natans,78712,404183251,2026-09-07,research,45.3073,-73.3137694444,https://inaturalist-open-data.s3.amazonaws.com/photos/742213437/square.jpg,742213437,cc-by-nc,True
Potamogeton natans,78712,404183251,2026-09-07,research,45.3073,-73.3137694444,https://inaturalist-open-data.s3.amazonaws.com/photos/742213444/square.jpg,742213444,cc-by-nc,True
Potamogeton natans,78712,404183251,2026-09-07,research,45.3073,-73.3137694444,https://inaturalist-open-data.s3.amazonaws.com/photos/742213457/square.jpg,742213457,cc-by-nc,True
Potamogeton natans,78712,404183251,2026-09-07,research,45.3073,-73.3137694444,https://inaturalist-open-data.s3.amazonaws.com/photos/742213469/square.jpg,742213469,cc-by-nc,True
Potamogeton natans,78712,404183251,2026-09-07,research,45.3073,-73.3137694444,https://inaturalist-open-data.s3.amazonaws.com/photos/742213474/square.jpg,742213474,cc-by-nc,True
Potamogeton natans,78712,404142466,2026-09-28,research,58.1406888333,15.5254116667,https://inaturalist-open-data.s3.amazonaws.com/photos/742129822/square.jpg,742129822,cc-by-nc,True
Potamogeton natans,78712,404133835,2026-09-25,research,50.0860348707,14.326837695,https://inaturalist-open-data.s3.amazonaws.com/photos/742112741/square.jpg,742112741,cc-by-nc,True
Potamogeton natans,78712,404133835,2026-09-25,research,50.0860348707,14.326837695,https://inaturalist-open-data.s3.amazonaws.com/photos/742112896/square.jpg,742112896,cc-by-nc,True
Potamogeton natans,78712,404116742,2026-09-16,research,49.2690960332,-123.2359373924,https://inaturalist-open-data.s3.amazonaws.com/photos/742079413/square.jpg,742079413,cc-by,True
Potamogeton natans,78712,403952086,2026-09-26,research,47.1772017997,16.0589647997,https://inaturalist-open-data.s3.amazonaws.com/photos/741750857/square.jpg,741750857,cc-by-nc,True
Potamogeton praelongus,78713,404536512,2026-09-28,research,59.9659211096,30.3341719903,https://inaturalist-open-data.s3.amazonaws.com/photos/742905696/square.jpg,742905696,cc-by-nc,True
Potamogeton praelongus,78713,404536512,2026-09-28,research,59.9659211096,30.3341719903,https://inaturalist-open-data.s3.amazonaws.com/photos/742905723/square.jpg,742905723,cc-by-nc,True
Potamogeton praelongus,78713,403087254,2026-09-24,research,53.667155,-115.35177,https://inaturalist-open-data.s3.amazonaws.com/photos/740046340/square.jpg,740046340,cc-by-nc,True
Potamogeton praelongus,78713,403087254,2026-09-24,research,53.667155,-115.35177,https://inaturalist-open-data.s3.amazonaws.com/photos/740046344/square.jpg,740046344,cc-by-nc,True
Potamogeton praelongus,78713,402621940,2026-06-20,research,46.4794555556,-91.5992972222,https://inaturalist-open-data.s3.amazonaws.com/photos/739133273/square.jpg,739133273,cc-by-nc-nd,True
Potamogeton praelongus,78713,402621940,2026-06-20,research,46.4794555556,-91.5992972222,https://inaturalist-open-data.s3.amazonaws.com/photos/739133290/square.jpg,739133290,cc-by-nc-nd,True
Potamogeton praelongus,78713,402621940,2026-06-20,research,46.4794555556,-91.5992972222,https://inaturalist-open-data.s3.amazonaws.com/photos/739133296/square.jpg,739133296,cc-by-nc-nd,True
Potamogeton praelongus,78713,402621940,2026-06-20,research,46.4794555556,-91.5992972222,https://inaturalist-open-data.s3.amazonaws.com/photos/739133361/square.jpg,739133361,cc-by-nc-nd,True
Potamogeton praelongus,78713,402621940,2026-06-20,research,46.4794555556,-91.5992972222,https://inaturalist-open-data.s3.amazonaws.com/photos/739133635/square.jpg,739133635,cc-by-nc-nd,True
Potamogeton praelongus,78713,402621940,2026-06-20,research,46.4794555556,-91.5992972222,https://inaturalist-open-data.s3.amazonaws.com/photos/739133634/square.jpg,739133634,cc-by-nc-nd,True
Potamogeton praelongus,78713,402621940,2026-06-20,research,46.4794555556,-91.5992972222,https://inaturalist-open-data.s3.amazonaws.com/photos/739133416/square.jpg,739133416,cc-by-nc-nd,True
Potamogeton praelongus,78713,402621940,2026-06-20,research,46.4794555556,-91.5992972222,https://inaturalist-open-data.s3.amazonaws.com/photos/739133689/square.jpg,739133689,cc-by-nc-nd,True
Potamogeton praelongus,78713,402345558,2026-09-20,research,52.4147915429,-114.9962957203,https://inaturalist-open-data.s3.amazonaws.com/photos/738605706/square.jpg,738605706,cc0,True
Potamogeton praelongus,78713,402345558,2026-09-20,research,52.4147915429,-114.9962957203,https://inaturalist-open-data.s3.amazonaws.com/photos/738605744/square.jpg,738605744,cc0,True
Potamogeton praelongus,78713,402345558,2026-09-20,research,52.4147915429,-114.9962957203,https://inaturalist-open-data.s3.amazonaws.com/photos/738605787/square.jpg,738605787,cc0,True
Potamogeton praelongus,78713,402085150,2026-09-20,research,51.63087,-119.7824783333,https://inaturalist-open-data.s3.amazonaws.com/photos/738093300/square.jpg,738093300,cc-by,True
Potamogeton praelongus,78713,402085150,2026-09-20,research,51.63087,-119.7824783333,https://inaturalist-open-data.s3.amazonaws.com/photos/738093301/square.jpg,738093301,cc-by,True
Potamogeton praelongus,78713,402085150,2026-09-20,research,51.63087,-119.7824783333,https://inaturalist-open-data.s3.amazonaws.com/photos/738093299/square.jpg,738093299,cc-by,True
Potamogeton praelongus,78713,402049300,2026-09-20,research,54.2927883333,-115.6464783333,https://inaturalist-open-data.s3.amazonaws.com/photos/738018999/square.jpg,738018999,cc0,True
Potamogeton praelongus,78713,402049300,2026-09-20,research,54.2927883333,-115.6464783333,https://inaturalist-open-data.s3.amazonaws.com/photos/738019000/square.jpg,738019000,cc0,True
Potamogeton praelongus,78713,402049300,2026-09-20,research,54.2927883333,-115.6464783333,https://inaturalist-open-data.s3.amazonaws.com/photos/738018992/square.jpg,738018992,cc0,True
Potamogeton praelongus,78713,400472629,2026-09-14,research,44.4948419319,-73.2242052633,https://static.inaturalist.org/photos/734901657/square.jpg,734901657,,False
Potamogeton praelongus,78713,400472629,2026-09-14,research,44.4948419319,-73.2242052633,https://static.inaturalist.org/photos/734901697/square.jpg,734901697,,False
Potamogeton praelongus,78713,400462152,2026-09-15,research,42.6525152113,-74.0430978826,https://inaturalist-open-data.s3.amazonaws.com/photos/734881011/square.jpg,734881011,cc-by-nc,True
Potamogeton praelongus,78713,398244669,2026-09-07,research,57.2018283333,-5.9323866667,https://inaturalist-open-data.s3.amazonaws.com/photos/730524393/square.jpg,730524393,cc-by,True
Potamogeton praelongus,78713,397995674,2026-09-06,research,56.4508482,-111.0595667997,https://inaturalist-open-data.s3.amazonaws.com/photos/730043554/square.jpg,730043554,cc-by-nc,True
Potamogeton praelongus,78713,397995674,2026-09-06,research,56.4508482,-111.0595667997,https://inaturalist-open-data.s3.amazonaws.com/photos/730043691/square.jpg,730043691,cc-by-nc,True
Potamogeton praelongus,78713,397995674,2026-09-06,research,56.4508482,-111.0595667997,https://inaturalist-open-data.s3.amazonaws.com/photos/730043753/square.jpg,730043753,cc-by-nc,True
Potamogeton praelongus,78713,397958978,2026-09-06,research,44.2212133333,-79.1386111667,https://static.inaturalist.org/photos/729966531/square.jpg,729966531,,False
Potamogeton praelongus,78713,397958762,2026-09-06,research,44.2212133333,-79.1386111667,https://static.inaturalist.org/photos/729966192/square.jpg,729966192,,False
Potamogeton praelongus,78713,397958762,2026-09-06,research,44.2212133333,-79.1386111667,https://static.inaturalist.org/photos/729966260/square.jpg,729966260,,False
Potamogeton praelongus,78713,397958762,2026-09-06,research,44.2212133333,-79.1386111667,https://static.inaturalist.org/photos/729966231/square.jpg,729966231,,False
Potamogeton praelongus,78713,397958762,2026-09-06,research,44.2212133333,-79.1386111667,https://static.inaturalist.org/photos/729966300/square.jpg,729966300,,False
Potamogeton praelongus,78713,397309102,2026-08-26,research,41.8912987,-111.6422465997,https://static.inaturalist.org/photos/728697569/square.jpg,728697569,,False
Potamogeton praelongus,78713,397309102,2026-08-26,research,41.8912987,-111.6422465997,https://static.inaturalist.org/photos/728697601/square.jpg,728697601,,False
Potamogeton praelongus,78713,397309102,2026-08-26,research,41.8912987,-111.6422465997,https://static.inaturalist.org/photos/728697631/square.jpg,728697631,,False
Potamogeton praelongus,78713,396162041,2026-08-29,research,63.897195,-145.8438416667,https://inaturalist-open-data.s3.amazonaws.com/photos/726488335/square.jpg,726488335,cc-by-nc,True
Potamogeton praelongus,78713,395694576,2026-08-26,research,53.2685916667,-114.5384916667,https://inaturalist-open-data.s3.amazonaws.com/photos/725563444/square.jpg,725563444,cc-by,True
Potamogeton praelongus,78713,395694576,2026-08-26,research,53.2685916667,-114.5384916667,https://inaturalist-open-data.s3.amazonaws.com/photos/725563445/square.jpg,725563445,cc-by,True
Potamogeton praelongus,78713,395694576,2026-08-26,research,53.2685916667,-114.5384916667,https://inaturalist-open-data.s3.amazonaws.com/photos/725563477/square.jpg,725563477,cc-by,True
Potamogeton praelongus,78713,395694576,2026-08-26,research,53.2685916667,-114.5384916667,https://inaturalist-open-data.s3.amazonaws.com/photos/725563479/square.jpg,725563479,cc-by,True
Potamogeton praelongus,78713,395485976,2026-08-26,research,53.2685283333,-114.5384833333,https://inaturalist-open-data.s3.amazonaws.com/photos/725172927/square.jpg,725172927,cc-by-nc,True
Potamogeton praelongus,78713,395485976,2026-08-26,research,53.2685283333,-114.5384833333,https://inaturalist-open-data.s3.amazonaws.com/photos/725172991/square.jpg,725172991,cc-by-nc,True
Potamogeton praelongus,78713,394853763,2026-08-25,research,52.79747,-114.7604616667,https://inaturalist-open-data.s3.amazonaws.com/photos/723929205/square.jpg,723929205,cc0,True
Potamogeton praelongus,78713,394853763,2026-08-25,research,52.79747,-114.7604616667,https://inaturalist-open-data.s3.amazonaws.com/photos/723929200/square.jpg,723929200,cc0,True
Potamogeton praelongus,78713,394853763,2026-08-25,research,52.79747,-114.7604616667,https://inaturalist-open-data.s3.amazonaws.com/photos/723929204/square.jpg,723929204,cc0,True
Potamogeton praelongus,78713,394853763,2026-08-25,research,52.79747,-114.7604616667,https://inaturalist-open-data.s3.amazonaws.com/photos/723929201/square.jpg,723929201,cc0,True
Potamogeton praelongus,78713,394834327,2026-08-26,research,45.20593006,-92.872026154,https://inaturalist-open-data.s3.amazonaws.com/photos/723888905/square.jpg,723888905,cc-by-nc,True
Potamogeton praelongus,78713,394834327,2026-08-26,research,45.20593006,-92.872026154,https://inaturalist-open-data.s3.amazonaws.com/photos/723888855/square.jpg,723888855,cc-by-nc,True
Potamogeton praelongus,78713,394834327,2026-08-26,research,45.20593006,-92.872026154,https://inaturalist-open-data.s3.amazonaws.com/photos/723888822/square.jpg,723888822,cc-by-nc,True
Potamogeton praelongus,78713,393016596,2026-08-20,research,52.380349,-114.1719394997,https://inaturalist-open-data.s3.amazonaws.com/photos/720321562/square.jpg,720321562,cc-by-nc,True
Potamogeton praelongus,78713,393016596,2026-08-20,research,52.380349,-114.1719394997,https://inaturalist-open-data.s3.amazonaws.com/photos/720321609/square.jpg,720321609,cc-by-nc,True
Potamogeton praelongus,78713,393016596,2026-08-20,research,52.380349,-114.1719394997,https://inaturalist-open-data.s3.amazonaws.com/photos/720321658/square.jpg,720321658,cc-by-nc,True
Potamogeton praelongus,78713,393016596,2026-08-20,research,52.380349,-114.1719394997,https://inaturalist-open-data.s3.amazonaws.com/photos/720321703/square.jpg,720321703,cc-by-nc,True
Potamogeton praelongus,78713,393016596,2026-08-20,research,52.380349,-114.1719394997,https://inaturalist-open-data.s3.amazonaws.com/photos/720321765/square.jpg,720321765,cc-by-nc,True
Potamogeton praelongus,78713,393016596,2026-08-20,research,52.380349,-114.1719394997,https://inaturalist-open-data.s3.amazonaws.com/photos/720321812/square.jpg,720321812,cc-by-nc,True
Potamogeton praelongus,78713,393016596,2026-08-20,research,52.380349,-114.1719394997,https://inaturalist-open-data.s3.amazonaws.com/photos/720321856/square.jpg,720321856,cc-by-nc,True
Potamogeton praelongus,78713,392996001,2026-08-15,research,48.1702305556,-90.9723305556,https://inaturalist-open-data.s3.amazonaws.com/photos/720279998/square.jpg,720279998,cc-by-nc,True
Potamogeton praelongus,78713,392996001,2026-08-15,research,48.1702305556,-90.9723305556,https://inaturalist-open-data.s3.amazonaws.com/photos/720280045/square.jpg,720280045,cc-by-nc,True
Potamogeton praelongus,78713,392996001,2026-08-15,research,48.1702305556,-90.9723305556,https://inaturalist-open-data.s3.amazonaws.com/photos/720280072/square.jpg,720280072,cc-by-nc,True
Potamogeton praelongus,78713,391960649,2026-08-15,research,47.42735,-87.7408305556,https://inaturalist-open-data.s3.amazonaws.com/photos/718256733/square.jpg,718256733,cc-by-nc,True
Potamogeton praelongus,78713,391960649,2026-08-15,research,47.42735,-87.7408305556,https://inaturalist-open-data.s3.amazonaws.com/photos/718256758/square.jpg,718256758,cc-by-nc,True
Potamogeton praelongus,78713,390912394,2026-08-13,research,45.4143333333,-65.9716111111,https://static.inaturalist.org/photos/716187964/square.jpg,716187964,,False
Potamogeton praelongus,78713,390912394,2026-08-13,research,45.4143333333,-65.9716111111,https://static.inaturalist.org/photos/716187913/square.jpg,716187913,,False
Potamogeton praelongus,78713,390319612,2026-08-11,research,53.1883378025,34.4016000392,https://inaturalist-open-data.s3.amazonaws.com/photos/715050797/square.jpg,715050797,cc-by-nc,True
Potamogeton praelongus,78713,390319612,2026-08-11,research,53.1883378025,34.4016000392,https://inaturalist-open-data.s3.amazonaws.com/photos/715050838/square.jpg,715050838,cc-by-nc,True
Potamogeton praelongus,78713,390319611,2026-08-11,research,53.1882863739,34.4018640936,https://inaturalist-open-data.s3.amazonaws.com/photos/715050712/square.jpg,715050712,cc-by-nc,True
Potamogeton praelongus,78713,390319611,2026-08-11,research,53.1882863739,34.4018640936,https://inaturalist-open-data.s3.amazonaws.com/photos/715050708/square.jpg,715050708,cc-by-nc,True
Potamogeton praelongus,78713,390319611,2026-08-11,research,53.1882863739,34.4018640936,https://inaturalist-open-data.s3.amazonaws.com/photos/715050737/square.jpg,715050737,cc-by-nc,True
Potamogeton praelongus,78713,390319603,2026-08-11,research,53.188280604,34.4014589,https://inaturalist-open-data.s3.amazonaws.com/photos/715050271/square.jpg,715050271,cc-by-nc,True
Potamogeton praelongus,78713,390319603,2026-08-11,research,53.188280604,34.4014589,https://inaturalist-open-data.s3.amazonaws.com/photos/715050297/square.jpg,715050297,cc-by-nc,True
Potamogeton richardsonii,78715,404680041,2026-09-29,research,44.0023055556,-77.738775,https://inaturalist-open-data.s3.amazonaws.com/photos/743204131/square.jpg,743204131,cc-by-nc,True
Potamogeton richardsonii,78715,404680041,2026-09-29,research,44.0023055556,-77.738775,https://inaturalist-open-data.s3.amazonaws.com/photos/743204268/square.jpg,743204268,cc-by-nc,True
Potamogeton richardsonii,78715,404680041,2026-09-29,research,44.0023055556,-77.738775,https://inaturalist-open-data.s3.amazonaws.com/photos/743204327/square.jpg,743204327,cc-by-nc,True
Potamogeton richardsonii,78715,404640509,2026-09-29,research,44.5928033333,-76.9694966667,https://static.inaturalist.org/photos/743126216/square.jpg,743126216,,False
Potamogeton richardsonii,78715,404640509,2026-09-29,research,44.5928033333,-76.9694966667,https://static.inaturalist.org/photos/743126236/square.jpg,743126236,,False
Potamogeton richardsonii,78715,404080864,2026-09-27,research,53.6260548997,-113.9605504,https://inaturalist-open-data.s3.amazonaws.com/photos/742007547/square.jpg,742007547,cc-by-nc,True
Potamogeton richardsonii,78715,404080864,2026-09-27,research,53.6260548997,-113.9605504,https://inaturalist-open-data.s3.amazonaws.com/photos/742007536/square.jpg,742007536,cc-by-nc,True
Potamogeton richardsonii,78715,403966724,2026-09-27,research,53.4608533333,-115.0323416667,https://inaturalist-open-data.s3.amazonaws.com/photos/741780344/square.jpg,741780344,cc-by-nc,True
Potamogeton richardsonii,78715,403862084,2026-09-27,research,43.2543380093,-77.6089278357,https://inaturalist-open-data.s3.amazonaws.com/photos/741576827/square.jpg,741576827,cc-by-nc,True
Potamogeton richardsonii,78715,403862084,2026-09-27,research,43.2543380093,-77.6089278357,https://inaturalist-open-data.s3.amazonaws.com/photos/741576820/square.jpg,741576820,cc-by-nc,True
Potamogeton richardsonii,78715,403862084,2026-09-27,research,43.2543380093,-77.6089278357,https://inaturalist-open-data.s3.amazonaws.com/photos/741576824/square.jpg,741576824,cc-by-nc,True
Potamogeton richardsonii,78715,403862084,2026-09-27,research,43.2543380093,-77.6089278357,https://inaturalist-open-data.s3.amazonaws.com/photos/741576818/square.jpg,741576818,cc-by-nc,True
Potamogeton richardsonii,78715,403505347,2026-09-25,research,44.0766765432,-72.0498359099,https://inaturalist-open-data.s3.amazonaws.com/photos/740864530/square.jpg,740864530,cc-by-nc,True
Potamogeton richardsonii,78715,403505347,2026-09-25,research,44.0766765432,-72.0498359099,https://inaturalist-open-data.s3.amazonaws.com/photos/740872872/square.jpg,740872872,cc-by-nc,True
Potamogeton richardsonii,78715,403505347,2026-09-25,research,44.0766765432,-72.0498359099,https://inaturalist-open-data.s3.amazonaws.com/photos/740872876/square.jpg,740872876,cc-by-nc,True
Potamogeton richardsonii,78715,403505347,2026-09-25,research,44.0766765432,-72.0498359099,https://inaturalist-open-data.s3.amazonaws.com/photos/740872878/square.jpg,740872878,cc-by-nc,True
Potamogeton richardsonii,78715,403412897,2026-09-23,research,44.33263,-78.72798,https://inaturalist-open-data.s3.amazonaws.com/photos/740689391/square.jpg,740689391,cc-by-nc,True
Potamogeton richardsonii,78715,403383266,2026-09-25,research,55.4260864,-114.8267775997,https://inaturalist-open-data.s3.amazonaws.com/photos/740628560/square.jpg,740628560,cc-by,True
Potamogeton richardsonii,78715,403383266,2026-09-25,research,55.4260864,-114.8267775997,https://inaturalist-open-data.s3.amazonaws.com/photos/740628829/square.jpg,740628829,cc-by,True
Potamogeton richardsonii,78715,403383266,2026-09-25,research,55.4260864,-114.8267775997,https://inaturalist-open-data.s3.amazonaws.com/photos/740628873/square.jpg,740628873,cc-by,True
Potamogeton richardsonii,78715,403383266,2026-09-25,research,55.4260864,-114.8267775997,https://inaturalist-open-data.s3.amazonaws.com/photos/740628913/square.jpg,740628913,cc-by,True
Potamogeton richardsonii,78715,403142700,2026-09-24,research,44.2048133333,-79.51535,https://inaturalist-open-data.s3.amazonaws.com/photos/740155536/square.jpg,740155536,cc-by-nc,True
Potamogeton richardsonii,78715,403142700,2026-09-24,research,44.2048133333,-79.51535,https://inaturalist-open-data.s3.amazonaws.com/photos/740155507/square.jpg,740155507,cc-by-nc,True
Potamogeton richardsonii,78715,403142700,2026-09-24,research,44.2048133333,-79.51535,https://inaturalist-open-data.s3.amazonaws.com/photos/740155503/square.jpg,740155503,cc-by-nc,True
Potamogeton richardsonii,78715,403142700,2026-09-24,research,44.2048133333,-79.51535,https://inaturalist-open-data.s3.amazonaws.com/photos/740155516/square.jpg,740155516,cc-by-nc,True
Potamogeton richardsonii,78715,403142700,2026-09-24,research,44.2048133333,-79.51535,https://inaturalist-open-data.s3.amazonaws.com/photos/740155514/square.jpg,740155514,cc-by-nc,True
Potamogeton richardsonii,78715,402763442,2026-09-23,research,44.3445258,-78.7609038,https://inaturalist-open-data.s3.amazonaws.com/photos/739419075/square.jpg,739419075,cc-by-nc,True
Potamogeton richardsonii,78715,402763442,2026-09-23,research,44.3445258,-78.7609038,https://inaturalist-open-data.s3.amazonaws.com/photos/739419131/square.jpg,739419131,cc-by-nc,True
Potamogeton richardsonii,78715,402741167,2026-09-22,research,53.4685216667,-113.6616283333,https://inaturalist-open-data.s3.amazonaws.com/photos/739376821/square.jpg,739376821,cc-by,True
Potamogeton richardsonii,78715,402741167,2026-09-22,research,53.4685216667,-113.6616283333,https://inaturalist-open-data.s3.amazonaws.com/photos/739376833/square.jpg,739376833,cc-by,True
Potamogeton richardsonii,78715,402741167,2026-09-22,research,53.4685216667,-113.6616283333,https://inaturalist-open-data.s3.amazonaws.com/photos/739376824/square.jpg,739376824,cc-by,True
Potamogeton richardsonii,78715,402716889,2026-09-11,research,45.0756792052,-76.1683741836,https://inaturalist-open-data.s3.amazonaws.com/photos/739331495/square.jpg,739331495,cc-by-nc,True
Potamogeton richardsonii,78715,402716889,2026-09-11,research,45.0756792052,-76.1683741836,https://inaturalist-open-data.s3.amazonaws.com/photos/739332636/square.jpg,739332636,cc-by-nc,True
Potamogeton richardsonii,78715,402503894,2026-09-22,research,46.6280115107,-87.4907964841,https://inaturalist-open-data.s3.amazonaws.com/photos/739886041/square.jpg,739886041,cc-by-nc,True
Potamogeton richardsonii,78715,402503894,2026-09-22,research,46.6280115107,-87.4907964841,https://inaturalist-open-data.s3.amazonaws.com/photos/739886063/square.jpg,739886063,cc-by-nc,True
Potamogeton richardsonii,78715,402306928,2026-09-21,research,43.0056482168,-79.2417344885,https://inaturalist-open-data.s3.amazonaws.com/photos/738526133/square.jpg,738526133,cc-by-nc,True
Potamogeton richardsonii,78715,402306928,2026-09-21,research,43.0056482168,-79.2417344885,https://inaturalist-open-data.s3.amazonaws.com/photos/738526152/square.jpg,738526152,cc-by-nc,True
Potamogeton richardsonii,78715,402306928,2026-09-21,research,43.0056482168,-79.2417344885,https://inaturalist-open-data.s3.amazonaws.com/photos/738526144/square.jpg,738526144,cc-by-nc,True
Potamogeton richardsonii,78715,402306928,2026-09-21,research,43.0056482168,-79.2417344885,https://inaturalist-open-data.s3.amazonaws.com/photos/738526173/square.jpg,738526173,cc-by-nc,True
Potamogeton richardsonii,78715,402235483,2026-09-20,research,43.1492812253,-76.4866959922,https://inaturalist-open-data.s3.amazonaws.com/photos/738385537/square.jpg,738385537,cc-by-nc,True
Potamogeton richardsonii,78715,401682302,2026-09-19,research,55.1890833333,-118.7706833333,https://inaturalist-open-data.s3.amazonaws.com/photos/737281985/square.jpg,737281985,cc0,True
Potamogeton richardsonii,78715,401656655,2026-09-19,research,44.1455955505,-78.8496780396,https://inaturalist-open-data.s3.amazonaws.com/photos/737231887/square.jpg,737231887,cc-by-nc,True
Potamogeton richardsonii,78715,401518323,2026-09-16,research,45.85042,-113.0691083333,https://inaturalist-open-data.s3.amazonaws.com/photos/736968775/square.jpg,736968775,cc-by-nc,True
Potamogeton richardsonii,78715,401518323,2026-09-16,research,45.85042,-113.0691083333,https://inaturalist-open-data.s3.amazonaws.com/photos/736968827/square.jpg,736968827,cc-by-nc,True
Potamogeton richardsonii,78715,401518323,2026-09-16,research,45.85042,-113.0691083333,https://inaturalist-open-data.s3.amazonaws.com/photos/736968878/square.jpg,736968878,cc-by-nc,True
Potamogeton richardsonii,78715,401126907,2026-09-17,research,43.0607388333,-89.4172533333,https://inaturalist-open-data.s3.amazonaws.com/photos/736206834/square.jpg,736206834,cc-by,True
Potamogeton richardsonii,78715,401126907,2026-09-17,research,43.0607388333,-89.4172533333,https://inaturalist-open-data.s3.amazonaws.com/photos/736206836/square.jpg,736206836,cc-by,True
Potamogeton richardsonii,78715,400604460,2026-09-15,research,52.1782966667,-106.6040283333,https://inaturalist-open-data.s3.amazonaws.com/photos/735173433/square.jpg,735173433,cc-by-nc,True
Potamogeton richardsonii,78715,400604460,2026-09-15,research,52.1782966667,-106.6040283333,https://inaturalist-open-data.s3.amazonaws.com/photos/735173436/square.jpg,735173436,cc-by-nc,True
Potamogeton richardsonii,78715,400604460,2026-09-15,research,52.1782966667,-106.6040283333,https://inaturalist-open-data.s3.amazonaws.com/photos/735173432/square.jpg,735173432,cc-by-nc,True
Potamogeton richardsonii,78715,400604460,2026-09-15,research,52.1782966667,-106.6040283333,https://inaturalist-open-data.s3.amazonaws.com/photos/735173437/square.jpg,735173437,cc-by-nc,True
Potamogeton richardsonii,78715,400604460,2026-09-15,research,52.1782966667,-106.6040283333,https://inaturalist-open-data.s3.amazonaws.com/photos/735173431/square.jpg,735173431,cc-by-nc,True
Potamogeton richardsonii,78715,400550423,2026-09-15,research,52.7757568359,-114.3132247925,https://inaturalist-open-data.s3.amazonaws.com/photos/735444992/square.jpg,735444992,cc-by-nc,True
Potamogeton richardsonii,78715,400070869,2026-09-13,research,43.845055,-80.0270695,https://inaturalist-open-data.s3.amazonaws.com/photos/734083530/square.jpg,734083530,cc-by,True
Potamogeton richardsonii,78715,399891470,2026-09-13,research,44.7931225581,-71.8614734947,https://inaturalist-open-data.s3.amazonaws.com/photos/742510662/square.jpg,742510662,cc-by-nc,True
Potamogeton richardsonii,78715,399679689,2026-09-12,research,44.7779916667,-89.3562383333,https://inaturalist-open-data.s3.amazonaws.com/photos/733311814/square.jpg,733311814,cc-by-nc,True
Potamogeton richardsonii,78715,399679689,2026-09-12,research,44.7779916667,-89.3562383333,https://inaturalist-open-data.s3.amazonaws.com/photos/733311867/square.jpg,733311867,cc-by-nc,True
Potamogeton richardsonii,78715,399679689,2026-09-12,research,44.7779916667,-89.3562383333,https://inaturalist-open-data.s3.amazonaws.com/photos/733311894/square.jpg,733311894,cc-by-nc,True
Potamogeton richardsonii,78715,399518468,2026-09-05,research,42.7863555556,-76.133025,https://inaturalist-open-data.s3.amazonaws.com/photos/733005336/square.jpg,733005336,cc-by-nc,True
Potamogeton robbinsii,78716,404059819,2026-09-27,research,44.769992826,-73.2373093334,https://inaturalist-open-data.s3.amazonaws.com/photos/741930187/square.jpg,741930187,cc-by-nc,True
Potamogeton robbinsii,78716,403089730,2026-09-23,research,48.3554837903,-92.5425993482,https://static.inaturalist.org/photos/740052134/square.jpg,740052134,,False
Potamogeton robbinsii,78716,402837636,2026-09-23,research,45.3733216667,-75.790825,https://inaturalist-open-data.s3.amazonaws.com/photos/739557537/square.jpg,739557537,cc-by-nc,True
Potamogeton robbinsii,78716,402748247,2026-09-23,research,45.1882166667,-76.6904972222,https://static.inaturalist.org/photos/739389961/square.jpg,739389961,,False
Potamogeton robbinsii,78716,402517580,2026-09-22,research,44.9992599487,-78.2134552002,https://inaturalist-open-data.s3.amazonaws.com/photos/738937900/square.jpg,738937900,cc-by-nc,True
Potamogeton robbinsii,78716,401745217,2026-09-19,research,43.8041821463,-121.8676542292,https://inaturalist-open-data.s3.amazonaws.com/photos/737409487/square.jpg,737409487,cc-by-nc,True
Potamogeton robbinsii,78716,401745217,2026-09-19,research,43.8041821463,-121.8676542292,https://inaturalist-open-data.s3.amazonaws.com/photos/737409474/square.jpg,737409474,cc-by-nc,True
Potamogeton robbinsii,78716,401745217,2026-09-19,research,43.8041821463,-121.8676542292,https://inaturalist-open-data.s3.amazonaws.com/photos/737409475/square.jpg,737409475,cc-by-nc,True
Potamogeton robbinsii,78716,401745217,2026-09-19,research,43.8041821463,-121.8676542292,https://inaturalist-open-data.s3.amazonaws.com/photos/737409446/square.jpg,737409446,cc-by-nc,True
Potamogeton robbinsii,78716,401745217,2026-09-19,research,43.8041821463,-121.8676542292,https://inaturalist-open-data.s3.amazonaws.com/photos/737409473/square.jpg,737409473,cc-by-nc,True
Potamogeton robbinsii,78716,401682445,2026-09-19,research,44.5481383333,-73.1234055,https://inaturalist-open-data.s3.amazonaws.com/photos/737282357/square.jpg,737282357,cc-by-nc,True
Potamogeton robbinsii,78716,401660895,2026-09-19,research,41.6149633333,-87.274545,https://inaturalist-open-data.s3.amazonaws.com/photos/737239357/square.jpg,737239357,cc-by,True
Potamogeton robbinsii,78716,401652983,2026-09-19,research,47.6372084459,-117.0636655524,https://inaturalist-open-data.s3.amazonaws.com/photos/737224570/square.jpg,737224570,cc-by-nc,True
Potamogeton robbinsii,78716,401652983,2026-09-19,research,47.6372084459,-117.0636655524,https://inaturalist-open-data.s3.amazonaws.com/photos/737224530/square.jpg,737224530,cc-by-nc,True
Potamogeton robbinsii,78716,400576535,2026-09-15,research,41.6681136944,-70.4800948889,https://inaturalist-open-data.s3.amazonaws.com/photos/735115037/square.jpg,735115037,cc-by-nc,True
Potamogeton robbinsii,78716,400365991,2026-09-12,research,45.4857533295,-75.9963447858,https://inaturalist-open-data.s3.amazonaws.com/photos/734679262/square.jpg,734679262,cc-by-sa,True
Potamogeton robbinsii,78716,400304724,2026-09-10,research,49.6803033333,-94.039575,https://inaturalist-open-data.s3.amazonaws.com/photos/734557768/square.jpg,734557768,cc-by-nc,True
Potamogeton robbinsii,78716,400304724,2026-09-10,research,49.6803033333,-94.039575,https://inaturalist-open-data.s3.amazonaws.com/photos/734557883/square.jpg,734557883,cc-by-nc,True
Potamogeton robbinsii,78716,400304724,2026-09-10,research,49.6803033333,-94.039575,https://inaturalist-open-data.s3.amazonaws.com/photos/734557966/square.jpg,734557966,cc-by-nc,True
Potamogeton robbinsii,78716,400059049,2026-09-13,research,46.3810821716,-94.3641210049,https://inaturalist-open-data.s3.amazonaws.com/photos/734379791/square.jpg,734379791,cc-by-nc,True
Potamogeton robbinsii,78716,400059049,2026-09-13,research,46.3810821716,-94.3641210049,https://inaturalist-open-data.s3.amazonaws.com/photos/734379855/square.jpg,734379855,cc-by-nc,True
Potamogeton robbinsii,78716,399743560,2026-09-09,research,41.666504855,-75.5549556107,https://inaturalist-open-data.s3.amazonaws.com/photos/733440208/square.jpg,733440208,cc-by-nc,True
Potamogeton robbinsii,78716,399696087,2026-08-07,research,45.9034111111,-66.2840416667,https://static.inaturalist.org/photos/733341908/square.jpg,733341908,,False
Potamogeton robbinsii,78716,399675229,2026-09-12,research,44.4447658811,-72.4397671891,https://inaturalist-open-data.s3.amazonaws.com/photos/733303293/square.jpg,733303293,cc-by,True
Potamogeton robbinsii,78716,399675229,2026-09-12,research,44.4447658811,-72.4397671891,https://inaturalist-open-data.s3.amazonaws.com/photos/733303303/square.jpg,733303303,cc-by,True
Potamogeton robbinsii,78716,399409482,2026-09-11,research,44.5658916667,-89.6222916667,https://inaturalist-open-data.s3.amazonaws.com/photos/732792651/square.jpg,732792651,cc-by-nc,True
Potamogeton robbinsii,78716,399409482,2026-09-11,research,44.5658916667,-89.6222916667,https://inaturalist-open-data.s3.amazonaws.com/photos/732792671/square.jpg,732792671,cc-by-nc,True
Potamogeton robbinsii,78716,399409482,2026-09-11,research,44.5658916667,-89.6222916667,https://inaturalist-open-data.s3.amazonaws.com/photos/732792702/square.jpg,732792702,cc-by-nc,True
Potamogeton robbinsii,78716,399409482,2026-09-11,research,44.5658916667,-89.6222916667,https://inaturalist-open-data.s3.amazonaws.com/photos/732792718/square.jpg,732792718,cc-by-nc,True
Potamogeton robbinsii,78716,399409482,2026-09-11,research,44.5658916667,-89.6222916667,https://inaturalist-open-data.s3.amazonaws.com/photos/732792752/square.jpg,732792752,cc-by-nc,True
Potamogeton robbinsii,78716,399409482,2026-09-11,research,44.5658916667,-89.6222916667,https://inaturalist-open-data.s3.amazonaws.com/photos/732792778/square.jpg,732792778,cc-by-nc,True
Potamogeton robbinsii,78716,399409482,2026-09-11,research,44.5658916667,-89.6222916667,https://inaturalist-open-data.s3.amazonaws.com/photos/732792804/square.jpg,732792804,cc-by-nc,True
Potamogeton robbinsii,78716,399380861,2026-09-11,research,44.5545566393,-78.3475199596,https://inaturalist-open-data.s3.amazonaws.com/photos/732735602/square.jpg,732735602,cc-by-nc,True
Potamogeton robbinsii,78716,399336546,2026-09-11,research,44.2790572558,-75.8169140662,https://inaturalist-open-data.s3.amazonaws.com/photos/732645033/square.jpg,732645033,cc-by-nc,True
Potamogeton robbinsii,78716,399021198,2026-09-07,research,45.6166696451,-89.3311202658,https://inaturalist-open-data.s3.amazonaws.com/photos/732035856/square.jpg,732035856,cc-by-nc,True
Potamogeton robbinsii,78716,399021198,2026-09-07,research,45.6166696451,-89.3311202658,https://inaturalist-open-data.s3.amazonaws.com/photos/732035869/square.jpg,732035869,cc-by-nc,True
Potamogeton robbinsii,78716,399021198,2026-09-07,research,45.6166696451,-89.3311202658,https://inaturalist-open-data.s3.amazonaws.com/photos/732035882/square.jpg,732035882,cc-by-nc,True
Potamogeton robbinsii,78716,398826524,2026-09-09,research,42.2498703658,-73.1224044754,https://inaturalist-open-data.s3.amazonaws.com/photos/731662552/square.jpg,731662552,cc-by-nc,True
Potamogeton robbinsii,78716,398826524,2026-09-09,research,42.2498703658,-73.1224044754,https://inaturalist-open-data.s3.amazonaws.com/photos/731662589/square.jpg,731662589,cc-by-nc,True
Potamogeton robbinsii,78716,398807642,2026-09-09,research,42.249845,-73.1223055,https://inaturalist-open-data.s3.amazonaws.com/photos/731625243/square.jpg,731625243,cc-by-nc,True
Potamogeton robbinsii,78716,398807642,2026-09-09,research,42.249845,-73.1223055,https://inaturalist-open-data.s3.amazonaws.com/photos/731625293/square.jpg,731625293,cc-by-nc,True
Potamogeton robbinsii,78716,398778929,2026-09-09,research,42.2502338574,-73.1215814239,https://static.inaturalist.org/photos/731566712/square.jpg,731566712,,False
Potamogeton robbinsii,78716,398778929,2026-09-09,research,42.2502338574,-73.1215814239,https://static.inaturalist.org/photos/731566715/square.jpg,731566715,,False
Potamogeton robbinsii,78716,398778929,2026-09-09,research,42.2502338574,-73.1215814239,https://static.inaturalist.org/photos/731566718/square.jpg,731566718,,False
Potamogeton robbinsii,78716,398776500,2026-09-09,research,42.2479839628,-73.1228038904,https://static.inaturalist.org/photos/731567918/square.jpg,731567918,,False
Potamogeton robbinsii,78716,398776500,2026-09-09,research,42.2479839628,-73.1228038904,https://static.inaturalist.org/photos/731567927/square.jpg,731567927,,False
Potamogeton robbinsii,78716,398776500,2026-09-09,research,42.2479839628,-73.1228038904,https://static.inaturalist.org/photos/731567928/square.jpg,731567928,,False
Potamogeton robbinsii,78716,398759315,2026-09-09,research,42.24993831,-73.12215761,https://inaturalist-open-data.s3.amazonaws.com/photos/731529142/square.jpg,731529142,cc-by-nc,True
Potamogeton robbinsii,78716,398759315,2026-09-09,research,42.24993831,-73.12215761,https://inaturalist-open-data.s3.amazonaws.com/photos/731529191/square.jpg,731529191,cc-by-nc,True
Ranunculus aquatilis,78817,403585326,2026-09-26,research,38.5763419198,-109.1748714841,https://static.inaturalist.org/photos/741026021/square.jpg,741026021,,False
Ranunculus aquatilis,78817,399074405,2026-09-10,research,42.8858122177,-75.6414775708,https://inaturalist-open-data.s3.amazonaws.com/photos/732140523/square.jpg,732140523,cc-by-nc,True
Ranunculus aquatilis,78817,391049601,2026-08-13,research,41.5055833076,-110.4657546188,https://static.inaturalist.org/photos/716891812/square.jpg,716891812,,False
Ranunculus aquatilis,78817,389025769,2026-08-07,research,50.0517188,12.7345102,https://inaturalist-open-data.s3.amazonaws.com/photos/715575796/square.jpg,715575796,cc-by-nc,True
Ranunculus aquatilis,78817,389025769,2026-08-07,research,50.0517188,12.7345102,https://inaturalist-open-data.s3.amazonaws.com/photos/715575850/square.jpg,715575850,cc-by-nc,True
Ranunculus aquatilis,78817,389025769,2026-08-07,research,50.0517188,12.7345102,https://inaturalist-open-data.s3.amazonaws.com/photos/715575927/square.jpg,715575927,cc-by-nc,True
Ranunculus aquatilis,78817,389025769,2026-08-07,research,50.0517188,12.7345102,https://inaturalist-open-data.s3.amazonaws.com/photos/715576000/square.jpg,715576000,cc-by-nc,True
Ranunculus aquatilis,78817,389025769,2026-08-07,research,50.0517188,12.7345102,https://inaturalist-open-data.s3.amazonaws.com/photos/715576128/square.jpg,715576128,cc-by-nc,True
Ranunculus aquatilis,78817,387875998,2006-05-14,research,55.7859165757,12.5723001783,https://static.inaturalist.org/photos/710312646/square.jpg,710312646,,False
Ranunculus aquatilis,78817,387133561,2026-08-01,research,52.2399333333,10.5993716667,https://inaturalist-open-data.s3.amazonaws.com/photos/708878646/square.jpg,708878646,cc-by-nc,True
Ranunculus aquatilis,78817,387133561,2026-08-01,research,52.2399333333,10.5993716667,https://inaturalist-open-data.s3.amazonaws.com/photos/708878858/square.jpg,708878858,cc-by-nc,True
Ranunculus aquatilis,78817,387006869,2026-07-30,research,38.36667,-119.4793383333,https://static.inaturalist.org/photos/708630521/square.jpg,708630521,,False
Ranunculus aquatilis,78817,386867209,2026-07-21,research,53.1434618729,-2.0918378793,https://inaturalist-open-data.s3.amazonaws.com/photos/708368727/square.jpg,708368727,cc-by-nc,True
Ranunculus aquatilis,78817,386498753,2026-07-30,research,50.5395425717,101.4660091092,https://static.inaturalist.org/photos/707665629/square.jpg,707665629,,False
Ranunculus aquatilis,78817,386496822,2026-07-30,research,65.2843576949,26.5446162969,https://inaturalist-open-data.s3.amazonaws.com/photos/707661885/square.jpg,707661885,cc-by-nc,True
Ranunculus aquatilis,78817,386496822,2026-07-30,research,65.2843576949,26.5446162969,https://inaturalist-open-data.s3.amazonaws.com/photos/707661904/square.jpg,707661904,cc-by-nc,True
Ranunculus aquatilis,78817,386093712,2026-07-20,research,44.6755863,-107.4368072,https://inaturalist-open-data.s3.amazonaws.com/photos/706875661/square.jpg,706875661,cc-by-nc,True
Ranunculus aquatilis,78817,386010069,2026-07-23,research,38.9086972222,-106.9993888889,https://inaturalist-open-data.s3.amazonaws.com/photos/706340850/square.jpg,706340850,cc-by,True
Ranunculus aquatilis,78817,386010069,2026-07-23,research,38.9086972222,-106.9993888889,https://inaturalist-open-data.s3.amazonaws.com/photos/706340848/square.jpg,706340848,cc-by,True
Ranunculus aquatilis,78817,386010069,2026-07-23,research,38.9086972222,-106.9993888889,https://inaturalist-open-data.s3.amazonaws.com/photos/706340849/square.jpg,706340849,cc-by,True
Ranunculus aquatilis,78817,386010069,2026-07-23,research,38.9086972222,-106.9993888889,https://inaturalist-open-data.s3.amazonaws.com/photos/706341129/square.jpg,706341129,cc-by,True
Ranunculus aquatilis,78817,386010069,2026-07-23,research,38.9086972222,-106.9993888889,https://inaturalist-open-data.s3.amazonaws.com/photos/706341128/square.jpg,706341128,cc-by,True
Ranunculus aquatilis,78817,385997601,2026-07-28,research,38.55896682,-106.94274933,https://inaturalist-open-data.s3.amazonaws.com/photos/706699548/square.jpg,706699548,cc-by,True
Ranunculus aquatilis,78817,385997601,2026-07-28,research,38.55896682,-106.94274933,https://inaturalist-open-data.s3.amazonaws.com/photos/706699580/square.jpg,706699580,cc-by,True
Ranunculus aquatilis,78817,385997601,2026-07-28,research,38.55896682,-106.94274933,https://inaturalist-open-data.s3.amazonaws.com/photos/706699583/square.jpg,706699583,cc-by,True
Ranunculus aquatilis,78817,385895720,2026-07-28,research,47.6214714997,102.0052404,https://inaturalist-open-data.s3.amazonaws.com/photos/706510505/square.jpg,706510505,cc-by,True
Ranunculus aquatilis,78817,385895720,2026-07-28,research,47.6214714997,102.0052404,https://inaturalist-open-data.s3.amazonaws.com/photos/706510540/square.jpg,706510540,cc-by,True
Ranunculus aquatilis,78817,385895720,2026-07-28,research,47.6214714997,102.0052404,https://inaturalist-open-data.s3.amazonaws.com/photos/706510569/square.jpg,706510569,cc-by,True
Ranunculus aquatilis,78817,385461896,2026-07-26,research,40.4973351418,-121.4241802008,https://inaturalist-open-data.s3.amazonaws.com/photos/705673544/square.jpg,705673544,cc-by-nc,True
Ranunculus aquatilis,78817,385461896,2026-07-26,research,40.4973351418,-121.4241802008,https://inaturalist-open-data.s3.amazonaws.com/photos/705673608/square.jpg,705673608,cc-by-nc,True
Ranunculus aquatilis,78817,385461896,2026-07-26,research,40.4973351418,-121.4241802008,https://inaturalist-open-data.s3.amazonaws.com/photos/705673647/square.jpg,705673647,cc-by-nc,True
Ranunculus aquatilis,78817,385461896,2026-07-26,research,40.4973351418,-121.4241802008,https://inaturalist-open-data.s3.amazonaws.com/photos/705673726/square.jpg,705673726,cc-by-nc,True
Ranunculus aquatilis,78817,385461896,2026-07-26,research,40.4973351418,-121.4241802008,https://inaturalist-open-data.s3.amazonaws.com/photos/705673782/square.jpg,705673782,cc-by-nc,True
Ranunculus aquatilis,78817,385461896,2026-07-26,research,40.4973351418,-121.4241802008,https://inaturalist-open-data.s3.amazonaws.com/photos/705673825/square.jpg,705673825,cc-by-nc,True
Ranunculus aquatilis,78817,385461896,2026-07-26,research,40.4973351418,-121.4241802008,https://inaturalist-open-data.s3.amazonaws.com/photos/705673865/square.jpg,705673865,cc-by-nc,True
Ranunculus aquatilis,78817,385401859,2026-07-26,research,61.5186555556,30.2061805556,https://inaturalist-open-data.s3.amazonaws.com/photos/705556183/square.jpg,705556183,cc-by-nc,True
Ranunculus aquatilis,78817,385401859,2026-07-26,research,61.5186555556,30.2061805556,https://inaturalist-open-data.s3.amazonaws.com/photos/705556290/square.jpg,705556290,cc-by-nc,True
Ranunculus aquatilis,78817,381352826,2026-07-09,research,45.6002216667,7.5247166667,https://static.inaturalist.org/photos/697775150/square.jpg,697775150,,False
Ranunculus aquatilis,78817,375308812,2026-06-25,research,48.994734,24.340862,https://static.inaturalist.org/photos/686087769/square.jpg,686087769,,False
Ranunculus aquatilis,78817,375303132,2026-06-25,research,48.994841,24.341443,https://static.inaturalist.org/photos/686076226/square.jpg,686076226,,False
Ranunculus aquatilis,78817,375303132,2026-06-25,research,48.994841,24.341443,https://static.inaturalist.org/photos/686076373/square.jpg,686076373,,False
Ranunculus aquatilis,78817,374085342,2026-06-21,research,50.0349750837,15.3291829303,https://inaturalist-open-data.s3.amazonaws.com/photos/683712884/square.jpg,683712884,cc-by-nc,True
Ranunculus aquatilis,78817,374085342,2026-06-21,research,50.0349750837,15.3291829303,https://inaturalist-open-data.s3.amazonaws.com/photos/683712952/square.jpg,683712952,cc-by-nc,True
Ranunculus aquatilis,78817,374024912,2026-06-21,research,50.0349739389,15.3292882278,https://static.inaturalist.org/photos/683599001/square.jpg,683599001,,False
Ranunculus aquatilis,78817,374024912,2026-06-21,research,50.0349739389,15.3292882278,https://static.inaturalist.org/photos/683599091/square.jpg,683599091,,False
Ranunculus aquatilis,78817,374024912,2026-06-21,research,50.0349739389,15.3292882278,https://static.inaturalist.org/photos/683599246/square.jpg,683599246,,False
Ranunculus aquatilis,78817,373926701,2026-06-21,research,50.034692107,15.3278173506,https://inaturalist-open-data.s3.amazonaws.com/photos/683412944/square.jpg,683412944,cc-by-nc,True
Ranunculus aquatilis,78817,373926701,2026-06-21,research,50.034692107,15.3278173506,https://inaturalist-open-data.s3.amazonaws.com/photos/683413029/square.jpg,683413029,cc-by-nc,True
Ranunculus aquatilis,78817,373926701,2026-06-21,research,50.034692107,15.3278173506,https://inaturalist-open-data.s3.amazonaws.com/photos/683413169/square.jpg,683413169,cc-by-nc,True
Ranunculus aquatilis,78817,373926701,2026-06-21,research,50.034692107,15.3278173506,https://inaturalist-open-data.s3.amazonaws.com/photos/683413652/square.jpg,683413652,cc-by-nc,True
Ranunculus aquatilis,78817,373926701,2026-06-21,research,50.034692107,15.3278173506,https://inaturalist-open-data.s3.amazonaws.com/photos/683414613/square.jpg,683414613,cc-by-nc,True
Ranunculus aquatilis,78817,373924019,2026-06-21,research,50.0349552711,15.3293666616,https://inaturalist-open-data.s3.amazonaws.com/photos/683408106/square.jpg,683408106,cc-by-nc,True
Ranunculus aquatilis,78817,373924019,2026-06-21,research,50.0349552711,15.3293666616,https://inaturalist-open-data.s3.amazonaws.com/photos/683408143/square.jpg,683408143,cc-by-nc,True
Ranunculus aquatilis,78817,373924019,2026-06-21,research,50.0349552711,15.3293666616,https://inaturalist-open-data.s3.amazonaws.com/photos/683408196/square.jpg,683408196,cc-by-nc,True
Ranunculus aquatilis,78817,373924019,2026-06-21,research,50.0349552711,15.3293666616,https://inaturalist-open-data.s3.amazonaws.com/photos/683408249/square.jpg,683408249,cc-by-nc,True
Ranunculus aquatilis,78817,373924019,2026-06-21,research,50.0349552711,15.3293666616,https://inaturalist-open-data.s3.amazonaws.com/photos/683408303/square.jpg,683408303,cc-by-nc,True
Ranunculus aquatilis,78817,373924019,2026-06-21,research,50.0349552711,15.3293666616,https://inaturalist-open-data.s3.amazonaws.com/photos/683408357/square.jpg,683408357,cc-by-nc,True
Ranunculus aquatilis,78817,373924019,2026-06-21,research,50.0349552711,15.3293666616,https://inaturalist-open-data.s3.amazonaws.com/photos/683408718/square.jpg,683408718,cc-by-nc,True
Ranunculus aquatilis,78817,373924019,2026-06-21,research,50.0349552711,15.3293666616,https://inaturalist-open-data.s3.amazonaws.com/photos/683408776/square.jpg,683408776,cc-by-nc,True
Ranunculus aquatilis,78817,373837405,2026-06-21,research,50.034931,15.329269,https://static.inaturalist.org/photos/683239976/square.jpg,683239976,,False
Ranunculus aquatilis,78817,373837405,2026-06-21,research,50.034931,15.329269,https://static.inaturalist.org/photos/683240053/square.jpg,683240053,,False
Ranunculus aquatilis,78817,373837405,2026-06-21,research,50.034931,15.329269,https://static.inaturalist.org/photos/683240102/square.jpg,683240102,,False
Ranunculus aquatilis,78817,373837405,2026-06-21,research,50.034931,15.329269,https://static.inaturalist.org/photos/683240134/square.jpg,683240134,,False
Ranunculus aquatilis,78817,373837405,2026-06-21,research,50.034931,15.329269,https://static.inaturalist.org/photos/683240172/square.jpg,683240172,,False
Ranunculus aquatilis,78817,372341139,2026-06-16,research,54.7350305011,11.366975237,https://inaturalist-open-data.s3.amazonaws.com/photos/680376435/square.jpg,680376435,cc-by-nc,True
Vallisneria americana,123050,404747333,2026-09-30,research,43.5084,-73.7741783333,https://inaturalist-open-data.s3.amazonaws.com/photos/743331088/square.jpg,743331088,cc-by-nc,True
Vallisneria americana,123050,404747333,2026-09-30,research,43.5084,-73.7741783333,https://inaturalist-open-data.s3.amazonaws.com/photos/743330999/square.jpg,743330999,cc-by-nc,True
Vallisneria americana,123050,404747333,2026-09-30,research,43.5084,-73.7741783333,https://inaturalist-open-data.s3.amazonaws.com/photos/743331043/square.jpg,743331043,cc-by-nc,True
Vallisneria americana,123050,404628298,2026-09-29,research,44.1260721667,-77.3221583333,https://inaturalist-open-data.s3.amazonaws.com/photos/743101745/square.jpg,743101745,cc-by-nc,True
Vallisneria americana,123050,404628298,2026-09-29,research,44.1260721667,-77.3221583333,https://inaturalist-open-data.s3.amazonaws.com/photos/743101787/square.jpg,743101787,cc-by-nc,True
Vallisneria americana,123050,404628298,2026-09-29,research,44.1260721667,-77.3221583333,https://inaturalist-open-data.s3.amazonaws.com/photos/743101816/square.jpg,743101816,cc-by-nc,True
Vallisneria americana,123050,403939326,2026-08-27,research,48.1594399595,-89.9407928673,https://inaturalist-open-data.s3.amazonaws.com/photos/741725745/square.jpg,741725745,cc-by-nc,True
Vallisneria americana,123050,403939326,2026-08-27,research,48.1594399595,-89.9407928673,https://inaturalist-open-data.s3.amazonaws.com/photos/741726758/square.jpg,741726758,cc-by-nc,True
Vallisneria americana,123050,403939326,2026-08-27,research,48.1594399595,-89.9407928673,https://inaturalist-open-data.s3.amazonaws.com/photos/741726788/square.jpg,741726788,cc-by-nc,True
Vallisneria americana,123050,403939326,2026-08-27,research,48.1594399595,-89.9407928673,https://inaturalist-open-data.s3.amazonaws.com/photos/741726802/square.jpg,741726802,cc-by-nc,True
Vallisneria americana,123050,403939326,2026-08-27,research,48.1594399595,-89.9407928673,https://inaturalist-open-data.s3.amazonaws.com/photos/741726826/square.jpg,741726826,cc-by-nc,True
Vallisneria americana,123050,403939326,2026-08-27,research,48.1594399595,-89.9407928673,https://inaturalist-open-data.s3.amazonaws.com/photos/741726828/square.jpg,741726828,cc-by-nc,True
Vallisneria americana,123050,403939326,2026-08-27,research,48.1594399595,-89.9407928673,https://inaturalist-open-data.s3.amazonaws.com/photos/741726829/square.jpg,741726829,cc-by-nc,True
Vallisneria americana,123050,403939326,2026-08-27,research,48.1594399595,-89.9407928673,https://inaturalist-open-data.s3.amazonaws.com/photos/741726833/square.jpg,741726833,cc-by-nc,True
Vallisneria americana,123050,403912020,2026-09-26,research,43.0871277778,-89.4243916667,https://inaturalist-open-data.s3.amazonaws.com/photos/741650223/square.jpg,741650223,cc-by,True
Vallisneria americana,123050,403878028,2026-09-26,research,43.0885153972,-89.4162570326,https://inaturalist-open-data.s3.amazonaws.com/photos/741586512/square.jpg,741586512,cc-by-nc-nd,True
Vallisneria americana,123050,403611288,2026-09-26,research,43.0890619276,-89.4153931133,https://inaturalist-open-data.s3.amazonaws.com/photos/741075557/square.jpg,741075557,cc-by-nc,True
Vallisneria americana,123050,403611288,2026-09-26,research,43.0890619276,-89.4153931133,https://inaturalist-open-data.s3.amazonaws.com/photos/741075526/square.jpg,741075526,cc-by-nc,True
Vallisneria americana,123050,403611288,2026-09-26,research,43.0890619276,-89.4153931133,https://inaturalist-open-data.s3.amazonaws.com/photos/741075530/square.jpg,741075530,cc-by-nc,True
Vallisneria americana,123050,403611288,2026-09-26,research,43.0890619276,-89.4153931133,https://inaturalist-open-data.s3.amazonaws.com/photos/741075502/square.jpg,741075502,cc-by-nc,True
Vallisneria americana,123050,403611288,2026-09-26,research,43.0890619276,-89.4153931133,https://inaturalist-open-data.s3.amazonaws.com/photos/741075556/square.jpg,741075556,cc-by-nc,True
Vallisneria americana,123050,403562423,2026-09-26,research,43.0884255494,-89.4261160748,https://inaturalist-open-data.s3.amazonaws.com/photos/740982955/square.jpg,740982955,cc-by-nc,True
Vallisneria americana,123050,403443535,2026-09-25,research,43.8143766267,-79.0799385309,https://static.inaturalist.org/photos/740752836/square.jpg,740752836,,False
Vallisneria americana,123050,403412914,2026-09-23,research,44.332625,-78.72798,https://inaturalist-open-data.s3.amazonaws.com/photos/740689440/square.jpg,740689440,cc-by-nc,True
Vallisneria americana,123050,403370250,2026-09-25,research,42.8814638889,-75.7126388889,https://inaturalist-open-data.s3.amazonaws.com/photos/740602963/square.jpg,740602963,cc-by-nc,True
Vallisneria americana,123050,402082915,2026-09-19,research,45.9175716667,-89.4306116667,https://static.inaturalist.org/photos/738088993/square.jpg,738088993,,False
Vallisneria americana,123050,401949295,2026-09-20,research,44.4822424748,-77.6857811153,https://inaturalist-open-data.s3.amazonaws.com/photos/737814296/square.jpg,737814296,cc-by-nc,True
Vallisneria americana,123050,401884443,2026-08-25,research,44.5265832288,-78.724927646,https://inaturalist-open-data.s3.amazonaws.com/photos/737686464/square.jpg,737686464,cc-by-nc,True
Vallisneria americana,123050,401699458,2026-09-19,research,42.790905,-74.8693,https://inaturalist-open-data.s3.amazonaws.com/photos/737316818/square.jpg,737316818,cc-by,True
Vallisneria americana,123050,401656420,2026-09-19,research,44.1455879211,-78.8496551514,https://inaturalist-open-data.s3.amazonaws.com/photos/737849999/square.jpg,737849999,cc-by-nc,True
Vallisneria americana,123050,401217778,2026-09-05,research,44.5776972,-78.0770449997,https://static.inaturalist.org/photos/736380316/square.jpg,736380316,,False
Vallisneria americana,123050,401217778,2026-09-05,research,44.5776972,-78.0770449997,https://static.inaturalist.org/photos/736380392/square.jpg,736380392,,False
Vallisneria americana,123050,401138923,2026-09-16,research,30.6755883333,-87.9672866667,https://inaturalist-open-data.s3.amazonaws.com/photos/736230965/square.jpg,736230965,cc-by-nc,True
Vallisneria americana,123050,401138923,2026-09-16,research,30.6755883333,-87.9672866667,https://inaturalist-open-data.s3.amazonaws.com/photos/736231060/square.jpg,736231060,cc-by-nc,True
Vallisneria americana,123050,401138816,2026-09-17,research,44.4603033333,-92.2819916667,https://inaturalist-open-data.s3.amazonaws.com/photos/736224676/square.jpg,736224676,cc0,True
Vallisneria americana,123050,400868264,2026-09-10,research,37.7334762881,-78.6446174487,https://inaturalist-open-data.s3.amazonaws.com/photos/734689858/square.jpg,734689858,cc-by-nc,True
Vallisneria americana,123050,400809886,2026-09-16,research,44.1289471667,-78.3069533333,https://inaturalist-open-data.s3.amazonaws.com/photos/735575969/square.jpg,735575969,cc-by-nc,True
Vallisneria americana,123050,400809886,2026-09-16,research,44.1289471667,-78.3069533333,https://inaturalist-open-data.s3.amazonaws.com/photos/735575912/square.jpg,735575912,cc-by-nc,True
Vallisneria americana,123050,400775148,2026-09-16,research,42.8740154905,-75.5747345942,https://inaturalist-open-data.s3.amazonaws.com/photos/735506004/square.jpg,735506004,cc-by-nc,True
Vallisneria americana,123050,400739295,2026-09-15,research,42.0354148575,-80.0668196727,https://inaturalist-open-data.s3.amazonaws.com/photos/735431785/square.jpg,735431785,cc-by-nc,True
Vallisneria americana,123050,400102196,2026-09-13,research,42.8813866667,-75.7121366667,https://inaturalist-open-data.s3.amazonaws.com/photos/734148830/square.jpg,734148830,cc-by-nc,True
Vallisneria americana,123050,400078684,2026-09-13,research,42.8813783333,-75.7121366667,https://inaturalist-open-data.s3.amazonaws.com/photos/734099677/square.jpg,734099677,cc-by-nc,True
Vallisneria americana,123050,399362835,2026-09-11,research,44.5301860747,-73.2733695138,https://inaturalist-open-data.s3.amazonaws.com/photos/732693378/square.jpg,732693378,cc0,True
Vallisneria americana,123050,399362835,2026-09-11,research,44.5301860747,-73.2733695138,https://inaturalist-open-data.s3.amazonaws.com/photos/732693311/square.jpg,732693311,cc0,True
