source,species,image_url,license,license_looks_open,rights_holder,creator,country,state_province,lat,lon,event_date,gbif_occurrence_key,observation_id,photo_id,status,message,bytes,sha256,file_path
GBIF,Brasenia schreberi,https://inaturalist-open-data.s3.amazonaws.com/photos/604593364/original.jpg,http://creativecommons.org/licenses/by-nc/4.0/,False,Kate,Kate,United States of America,South Carolina,33.353785,-79.750757,2026-01-01T11:50:16,5938053151,,604593364,downloaded,OK,2442016,04735fa78fe6ae64efa0aae7e5ec19acfeda4fe42e88d6e96189b1ad979d69dd,aquatic_plant_images\Brasenia_schreberi\Brasenia_schreberi_GBIF_604593364.jpg
GBIF,Brasenia schreberi,https://inaturalist-open-data.s3.amazonaws.com/photos/604593398/original.jpg,http://creativecommons.org/licenses/by-nc/4.0/,False,Kate,Kate,United States of America,South Carolina,33.353785,-79.750757,2026-01-01T11:50:16,5938053151,,604593398,downloaded,OK,2238357,03e7256ea6a5b3258129c32b70caf1ef9f2d356099b2be08be16c451e426efab,aquatic_plant_images\Brasenia_schreberi\Brasenia_schreberi_GBIF_604593398.jpg
GBIF,Brasenia schreberi,https://inaturalist-open-data.s3.amazonaws.com/photos/604593419/original.jpg,http://creativecommons.org/licenses/by-nc/4.0/,False,Kate,Kate,United States of America,South Carolina,33.353785,-79.750757,2026-01-01T11:50:16,5938053151,,604593419,downloaded,OK,1746489,e100ea73917235a3a71277fd3a630a7ab1ebb4ac0fdb4ec09b72e62898b9f481,aquatic_plant_images\Brasenia_schreberi\Brasenia_schreberi_GBIF_604593419.jpg
GBIF,Brasenia schreberi,https://inaturalist-open-data.s3.amazonaws.com/photos/605336798/original.jpg,http://creativecommons.org/licenses/by-nc/4.0/,False,hollyyoung,hollyyoung,United States of America,Florida,29.181308,-81.833386,2026-01-03T15:46,5938448909,,605336798,downloaded,OK,768853,9f7e3470857d18b3410712d68c78dcacf1e93effa80db01a29115f1b4f56d353,aquatic_plant_images\Brasenia_schreberi\Brasenia_schreberi_GBIF_605336798.jpg
GBIF,Brasenia schreberi,https://inaturalist-open-data.s3.amazonaws.com/photos/605339595/original.jpg,http://creativecommons.org/licenses/by-nc/4.0/,False,hollyyoung,hollyyoung,United States of America,Florida,29.181308,-81.833386,2026-01-03T15:46,5938448909,,605339595,downloaded,OK,721877,cb6666831c2bbbfb108d0c390d1aebccea983b8469dfebcffdc319d9b4ebea11,aquatic_plant_images\Brasenia_schreberi\Brasenia_schreberi_GBIF_605339595.jpg
GBIF,Brasenia schreberi,https://inaturalist-open-data.s3.amazonaws.com/photos/605339604/original.jpg,http://creativecommons.org/licenses/by-nc/4.0/,False,hollyyoung,hollyyoung,United States of America,Florida,29.181308,-81.833386,2026-01-03T15:46,5938448909,,605339604,downloaded,OK,695407,5fb4b0ec15a6cc4f2341c6959cf0ee0ace7148d4e0ba136fac3b95e3cd021a67,aquatic_plant_images\Brasenia_schreberi\Brasenia_schreberi_GBIF_605339604.jpg
GBIF,Brasenia schreberi,https://inaturalist-open-data.s3.amazonaws.com/photos/615483764/original.jpg,http://creativecommons.org/licenses/by-nc/4.0/,False,ashely523,ashely523,United States of America,Florida,29.158747,-81.835045,2026-02-12T09:20:54,6159396172,,615483764,downloaded,OK,1130202,a7f65c14de6f278252dfe70cbe531e7870e10be96355f8b0ebd6c1140b9ee075,aquatic_plant_images\Brasenia_schreberi\Brasenia_schreberi_GBIF_615483764.jpg
GBIF,Brasenia schreberi,https://inaturalist-open-data.s3.amazonaws.com/photos/615483777/original.jpg,http://creativecommons.org/licenses/by-nc/4.0/,False,ashely523,ashely523,United States of America,Florida,29.158747,-81.835045,2026-02-12T09:20:54,6159396172,,615483777,downloaded,OK,816432,002eaaa3acfac414c1a5e3126650bde8272c706e618fc715d585ba4e832928e0,aquatic_plant_images\Brasenia_schreberi\Brasenia_schreberi_GBIF_615483777.jpg
GBIF,Brasenia schreberi,https://inaturalist-open-data.s3.amazonaws.com/photos/615483789/original.jpg,http://creativecommons.org/licenses/by-nc/4.0/,False,ashely523,ashely523,United States of America,Florida,29.158747,-81.835045,2026-02-12T09:20:54,6159396172,,615483789,downloaded,OK,748648,60dbecc26f5ece6e8b61ff174c85f50f19a31cf9abfc22310d917328d803f653,aquatic_plant_images\Brasenia_schreberi\Brasenia_schreberi_GBIF_615483789.jpg
GBIF,Brasenia schreberi,https://inaturalist-open-data.s3.amazonaws.com/photos/615483801/original.jpg,http://creativecommons.org/licenses/by-nc/4.0/,False,ashely523,ashely523,United States of America,Florida,29.158747,-81.835045,2026-02-12T09:20:54,6159396172,,615483801,downloaded,OK,611301,40f7318ff8eee91b70fcbb1f924cdf8d472b9b31a1ce8df1d435fefe261f9b87,aquatic_plant_images\Brasenia_schreberi\Brasenia_schreberi_GBIF_615483801.jpg
GBIF,Brasenia schreberi,https://inaturalist-open-data.s3.amazonaws.com/photos/615512625/original.jpg,http://creativecommons.org/licenses/by-nc/4.0/,False,ashely523,ashely523,United States of America,Florida,29.158747,-81.835045,2026-02-12T09:20:54,6159396172,,615512625,downloaded,OK,522611,8735d4d89ad34696120016fa53e9073f1e5340f57c474c37e10ba7702e2e3c13,aquatic_plant_images\Brasenia_schreberi\Brasenia_schreberi_GBIF_615512625.jpg
GBIF,Brasenia schreberi,https://inaturalist-open-data.s3.amazonaws.com/photos/620046903/original.jpg,http://creativecommons.org/licenses/by-nc/4.0/,False,Tom Groves,Tom Groves,United States of America,Alabama,30.28344,-87.456179,2026-02-28T10:48:02,6170815130,,620046903,downloaded,OK,1203680,ad9ab718f9ae38c97408931fadae7157f5fda93ce07c82374af0d7e6c5d4e20b,aquatic_plant_images\Brasenia_schreberi\Brasenia_schreberi_GBIF_620046903.jpg
GBIF,Brasenia schreberi,https://inaturalist-open-data.s3.amazonaws.com/photos/620046940/original.jpg,http://creativecommons.org/licenses/by-nc/4.0/,False,Tom Groves,Tom Groves,United States of America,Alabama,30.28344,-87.456179,2026-02-28T10:48:02,6170815130,,620046940,downloaded,OK,1414616,5f1e9ac21204efcaa28b27891e1e3038a4f81894f32d281f59976f1e06c68c85,aquatic_plant_images\Brasenia_schreberi\Brasenia_schreberi_GBIF_620046940.jpg
GBIF,Brasenia schreberi,https://inaturalist-open-data.s3.amazonaws.com/photos/619570462/original.jpg,http://creativecommons.org/licenses/by-nc/4.0/,False,Adam Fenzel,Adam Fenzel,United States of America,Ohio,39.086132,-82.67516,2026-02-27T11:35:51,6170943814,,619570462,downloaded,OK,2522692,92eb2b09482c66a6ee8ea473d0298c4d520ec8d094a33f056cc3c3b083137994,aquatic_plant_images\Brasenia_schreberi\Brasenia_schreberi_GBIF_619570462.jpg
GBIF,Brasenia schreberi,https://inaturalist-open-data.s3.amazonaws.com/photos/619608395/original.jpg,http://creativecommons.org/licenses/by-nc/4.0/,False,rkluzco,rkluzco,United States of America,Pennsylvania,41.35326,-75.778116,2026-02-27T10:23:36,6170972648,,619608395,downloaded,OK,2039289,501e8d7280c469bb92bbd568f3c7684ca0053c12de0da0fad815400b44398535,aquatic_plant_images\Brasenia_schreberi\Brasenia_schreberi_GBIF_619608395.jpg
GBIF,Brasenia schreberi,https://inaturalist-open-data.s3.amazonaws.com/photos/619247426/original.jpg,http://creativecommons.org/licenses/by/4.0/,True,Melissa Meadows,Melissa Meadows,United States of America,Florida,30.150514,-84.14695,2026-02-25T14:55:28,6171186272,,619247426,downloaded,OK,3185019,d6ba13e4b424cd9427021f9163c3d457200f68d1a8039a0d30d3a9d4c26fea47,aquatic_plant_images\Brasenia_schreberi\Brasenia_schreberi_GBIF_619247426.jpg
GBIF,Brasenia schreberi,https://inaturalist-open-data.s3.amazonaws.com/photos/623171784/original.jpg,http://creativecommons.org/licenses/by-nc/4.0/,False,hollyyoung,hollyyoung,United States of America,Florida,29.183417,-81.834077,2026-03-09T11:45,6178333976,,623171784,downloaded,OK,845032,a7f4d935f9cd3cacfb30ae2f9e5d57e446c9048a4f5149f652fb4340d462e3e2,aquatic_plant_images\Brasenia_schreberi\Brasenia_schreberi_GBIF_623171784.jpg
GBIF,Brasenia schreberi,https://inaturalist-open-data.s3.amazonaws.com/photos/623179182/original.jpg,http://creativecommons.org/licenses/by-nc/4.0/,False,hollyyoung,hollyyoung,United States of America,Florida,29.183417,-81.834077,2026-03-09T11:45,6178333976,,623179182,downloaded,OK,764436,a8b5ace4fa890f24b28b9d22caf3ef11c22a1e133396b189a7001c14cf43e645,aquatic_plant_images\Brasenia_schreberi\Brasenia_schreberi_GBIF_623179182.jpg
GBIF,Brasenia schreberi,https://inaturalist-open-data.s3.amazonaws.com/photos/623179197/original.jpg,http://creativecommons.org/licenses/by-nc/4.0/,False,hollyyoung,hollyyoung,United States of America,Florida,29.183417,-81.834077,2026-03-09T11:45,6178333976,,623179197,downloaded,OK,978417,e75da7964570e12d47000d7e00d3c5e27a7d51edb8f8d46c12976425679c1325,aquatic_plant_images\Brasenia_schreberi\Brasenia_schreberi_GBIF_623179197.jpg
GBIF,Brasenia schreberi,https://inaturalist-open-data.s3.amazonaws.com/photos/623179200/original.jpg,http://creativecommons.org/licenses/by-nc/4.0/,False,hollyyoung,hollyyoung,United States of America,Florida,29.183417,-81.834077,2026-03-09T11:45,6178333976,,623179200,downloaded,OK,793209,3cbe94e9a820be93be3f9baa9d456354297c61c1521155d9478b076225dbd902,aquatic_plant_images\Brasenia_schreberi\Brasenia_schreberi_GBIF_623179200.jpg
GBIF,Brasenia schreberi,https://inaturalist-open-data.s3.amazonaws.com/photos/623179199/original.jpg,http://creativecommons.org/licenses/by-nc/4.0/,False,hollyyoung,hollyyoung,United States of America,Florida,29.183417,-81.834077,2026-03-09T11:45,6178333976,,623179199,downloaded,OK,886174,3f9b1a014c12ac4861fc6fbc0e77e7710b39db17016bfa79cb3f4f185b1d0557,aquatic_plant_images\Brasenia_schreberi\Brasenia_schreberi_GBIF_623179199.jpg
GBIF,Brasenia schreberi,https://inaturalist-open-data.s3.amazonaws.com/photos/623430427/original.jpg,http://creativecommons.org/licenses/by-nc/4.0/,False,Karen,Karen,United States of America,Mississippi,30.666717,-89.133332,2026-03-09T12:12:46,6178395204,,623430427,downloaded,OK,1502564,0b3368cb1dd0c5384760213d109f8c0a2ea8267354a2ca035c0e6ac1a5fda8df,aquatic_plant_images\Brasenia_schreberi\Brasenia_schreberi_GBIF_623430427.jpg
GBIF,Brasenia schreberi,https://inaturalist-open-data.s3.amazonaws.com/photos/624765893/original.jpg,http://creativecommons.org/licenses/by-nc/4.0/,False,Julia Carr,Julia Carr,Canada,British Columbia,49.314705,-122.905036,2026-03-14T16:02:02,6178473270,,624765893,downloaded,OK,4038444,38fe1d369deed0c42894d9dd654d269d7d739ac256aed4bce34f548a34e3429a,aquatic_plant_images\Brasenia_schreberi\Brasenia_schreberi_GBIF_624765893.jpg
GBIF,Brasenia schreberi,https://inaturalist-open-data.s3.amazonaws.com/photos/624765894/original.jpg,http://creativecommons.org/licenses/by-nc/4.0/,False,Julia Carr,Julia Carr,Canada,British Columbia,49.314705,-122.905036,2026-03-14T16:02:02,6178473270,,624765894,downloaded,OK,3885366,9866f2e844783d69bd14405ed544a2e82a57960fc82c57210b6ac58bb53ee399,aquatic_plant_images\Brasenia_schreberi\Brasenia_schreberi_GBIF_624765894.jpg
GBIF,Brasenia schreberi,https://inaturalist-open-data.s3.amazonaws.com/photos/625199483/original.jpg,http://creativecommons.org/licenses/by/4.0/,True,Joshua Ebright,Joshua Ebright,United States of America,Texas,33.241072,-95.160839,2026-03-14T14:55:27,6178488117,,625199483,downloaded,OK,1322400,8207cf8d2c6ba44fe1633401f155cd147df3b115e8f88aead91aec34cc4a1650,aquatic_plant_images\Brasenia_schreberi\Brasenia_schreberi_GBIF_625199483.jpg
GBIF,Brasenia schreberi,https://inaturalist-open-data.s3.amazonaws.com/photos/625199511/original.jpg,http://creativecommons.org/licenses/by/4.0/,True,Joshua Ebright,Joshua Ebright,United States of America,Texas,33.241072,-95.160839,2026-03-14T14:55:27,6178488117,,625199511,downloaded,OK,939863,e29684b4908ca48d7b0cf481fb7d839daf0e3eab7ef9496f2add798f9f46d3c1,aquatic_plant_images\Brasenia_schreberi\Brasenia_schreberi_GBIF_625199511.jpg
GBIF,Brasenia schreberi,https://inaturalist-open-data.s3.amazonaws.com/photos/625199541/original.jpg,http://creativecommons.org/licenses/by/4.0/,True,Joshua Ebright,Joshua Ebright,United States of America,Texas,33.241072,-95.160839,2026-03-14T14:55:27,6178488117,,625199541,downloaded,OK,1304611,439a948c3630d52ab1b7ea63786fe5b6855d6978db4cbd29d45c264c50cdf25f,aquatic_plant_images\Brasenia_schreberi\Brasenia_schreberi_GBIF_625199541.jpg
GBIF,Brasenia schreberi,https://inaturalist-open-data.s3.amazonaws.com/photos/624768345/original.jpg,http://creativecommons.org/licenses/by/4.0/,True,ashleyrsteel,ashleyrsteel,United States of America,Texas,33.241067,-95.161003,2026-03-14T14:55:46,6178545073,,624768345,downloaded,OK,1638843,8ed4cf7ce5c28abd0fb78f96dbafdfb37d23393b57302668e4cd32616b2034b9,aquatic_plant_images\Brasenia_schreberi\Brasenia_schreberi_GBIF_624768345.jpg
GBIF,Brasenia schreberi,https://inaturalist-open-data.s3.amazonaws.com/photos/624768374/original.jpg,http://creativecommons.org/licenses/by/4.0/,True,ashleyrsteel,ashleyrsteel,United States of America,Texas,33.241067,-95.161003,2026-03-14T14:55:46,6178545073,,624768374,downloaded,OK,1046859,8ce237acfac5519cff68b0e1247af0ea9b59183480f19eff948214790f643a8b,aquatic_plant_images\Brasenia_schreberi\Brasenia_schreberi_GBIF_624768374.jpg
GBIF,Brasenia schreberi,https://inaturalist-open-data.s3.amazonaws.com/photos/624768390/original.jpg,http://creativecommons.org/licenses/by/4.0/,True,ashleyrsteel,ashleyrsteel,United States of America,Texas,33.241067,-95.161003,2026-03-14T14:55:46,6178545073,,624768390,downloaded,OK,863189,5e7f1dd57c9e46814f3b8d710a0aa926513c2c9e872edadab05bb3b9362e4354,aquatic_plant_images\Brasenia_schreberi\Brasenia_schreberi_GBIF_624768390.jpg
GBIF,Brasenia schreberi,https://inaturalist-open-data.s3.amazonaws.com/photos/624768423/original.jpg,http://creativecommons.org/licenses/by/4.0/,True,ashleyrsteel,ashleyrsteel,United States of America,Texas,33.241067,-95.161003,2026-03-14T14:55:46,6178545073,,624768423,downloaded,OK,1032916,8f8c31d0e91c51f506489d3eb94def79851004dc924da46d662bfc8d4aa262f2,aquatic_plant_images\Brasenia_schreberi\Brasenia_schreberi_GBIF_624768423.jpg
GBIF,Brasenia schreberi,https://inaturalist-open-data.s3.amazonaws.com/photos/624768458/original.jpg,http://creativecommons.org/licenses/by/4.0/,True,ashleyrsteel,ashleyrsteel,United States of America,Texas,33.241067,-95.161003,2026-03-14T14:55:46,6178545073,,624768458,downloaded,OK,1796684,6d346455fe6a574b00b8a6f06c77bce734c07aced902dd8be478ae9951943917,aquatic_plant_images\Brasenia_schreberi\Brasenia_schreberi_GBIF_624768458.jpg
GBIF,Brasenia schreberi,https://inaturalist-open-data.s3.amazonaws.com/photos/621242097/original.jpg,http://creativecommons.org/licenses/by-nc/4.0/,False,Zack Meuth,Zack Meuth,United States of America,Kentucky,37.984678,-83.552747,2026-03-04T14:47:09,6178764110,,621242097,downloaded,OK,1435556,752a5d06b8ad75b571c0e1a84460e208fb5f26146d6a897af0f50ab39d820c66,aquatic_plant_images\Brasenia_schreberi\Brasenia_schreberi_GBIF_621242097.jpg
GBIF,Brasenia schreberi,https://inaturalist-open-data.s3.amazonaws.com/photos/621242154/original.jpg,http://creativecommons.org/licenses/by-nc/4.0/,False,Zack Meuth,Zack Meuth,United States of America,Kentucky,37.984678,-83.552747,2026-03-04T14:47:09,6178764110,,621242154,downloaded,OK,1044634,79ba702078b0f81f1ed7492f6bea856c36fcd5198f202b4eb003056e4261e37e,aquatic_plant_images\Brasenia_schreberi\Brasenia_schreberi_GBIF_621242154.jpg
GBIF,Brasenia schreberi,https://inaturalist-open-data.s3.amazonaws.com/photos/621242235/original.jpg,http://creativecommons.org/licenses/by-nc/4.0/,False,Zack Meuth,Zack Meuth,United States of America,Kentucky,37.984678,-83.552747,2026-03-04T14:47:09,6178764110,,621242235,downloaded,OK,1458569,0f4a58e5a53e703f68677f439eea5491cc46281651da7327038a9cac7a4557ff,aquatic_plant_images\Brasenia_schreberi\Brasenia_schreberi_GBIF_621242235.jpg
GBIF,Brasenia schreberi,https://inaturalist-open-data.s3.amazonaws.com/photos/621242311/original.jpg,http://creativecommons.org/licenses/by-nc/4.0/,False,Zack Meuth,Zack Meuth,United States of America,Kentucky,37.984678,-83.552747,2026-03-04T14:47:09,6178764110,,621242311,downloaded,OK,1174645,024f423d72d40525855c9089c43cf42a65ccb49c1e2312abc857919319537d8e,aquatic_plant_images\Brasenia_schreberi\Brasenia_schreberi_GBIF_621242311.jpg
GBIF,Brasenia schreberi,https://inaturalist-open-data.s3.amazonaws.com/photos/624044582/original.jpg,http://creativecommons.org/licenses/by-nc/4.0/,False,Rachel McCarty,Rachel McCarty,United States of America,Alabama,31.190941,-85.852267,2026-03-12T19:02:31,6179125732,,624044582,downloaded,OK,2359899,0ffd42328f7c646f679ac2655725fd50d39572c2675a48eec7147b784615820d,aquatic_plant_images\Brasenia_schreberi\Brasenia_schreberi_GBIF_624044582.jpg
GBIF,Brasenia schreberi,https://inaturalist-open-data.s3.amazonaws.com/photos/624044687/original.jpg,http://creativecommons.org/licenses/by-nc/4.0/,False,Rachel McCarty,Rachel McCarty,United States of America,Alabama,31.190941,-85.852267,2026-03-12T19:02:31,6179125732,,624044687,downloaded,OK,2055763,f48c13706abe641ee6e4fe85ac33c64e0994b4288a06124ccebb46a9bed0e9c2,aquatic_plant_images\Brasenia_schreberi\Brasenia_schreberi_GBIF_624044687.jpg
GBIF,Brasenia schreberi,https://inaturalist-open-data.s3.amazonaws.com/photos/627575161/original.jpg,http://creativecommons.org/licenses/by-nc/4.0/,False,Rachel McCarty,Rachel McCarty,United States of America,Alabama,31.190941,-85.852267,2026-03-12T19:02:31,6179125732,,627575161,downloaded,OK,1890389,fe986abd979cc076d3852b69cdade66bd0ecd752fc1ceb1b35485fbc5da8c60a,aquatic_plant_images\Brasenia_schreberi\Brasenia_schreberi_GBIF_627575161.jpg
GBIF,Brasenia schreberi,https://inaturalist-open-data.s3.amazonaws.com/photos/624993607/original.jpg,http://creativecommons.org/licenses/by-nc/4.0/,False,embrenhar,embrenhar,United States of America,Texas,30.198725,-95.187417,2026-03-15T10:41:51,6179280310,,624993607,downloaded,OK,929966,a231f36e71cfcdd6017f3e35a5e0f3b8b5b37e2e41e1f5a6b7c94803ce406daa,aquatic_plant_images\Brasenia_schreberi\Brasenia_schreberi_GBIF_624993607.jpg
GBIF,Brasenia schreberi,https://inaturalist-open-data.s3.amazonaws.com/photos/624752578/original.jpg,http://creativecommons.org/licenses/by-nc/4.0/,False,Michael A. Puttonen,Michael A. Puttonen,United States of America,Texas,33.241058,-95.160828,2026-03-14T14:55:59,6179364068,,624752578,downloaded,OK,3790679,d8ec13e9f2a17017f30bcc87f4025ddeb8ab28e55fad3e866782b679deaa29a9,aquatic_plant_images\Brasenia_schreberi\Brasenia_schreberi_GBIF_624752578.jpg
GBIF,Brasenia schreberi,https://inaturalist-open-data.s3.amazonaws.com/photos/624752581/original.jpg,http://creativecommons.org/licenses/by-nc/4.0/,False,Michael A. Puttonen,Michael A. Puttonen,United States of America,Texas,33.241058,-95.160828,2026-03-14T14:55:59,6179364068,,624752581,downloaded,OK,2979272,4470ccf02c329351ee2e6971ce1c0450595a288c8e1644feebbac2f568b6d161,aquatic_plant_images\Brasenia_schreberi\Brasenia_schreberi_GBIF_624752581.jpg
GBIF,Brasenia schreberi,https://inaturalist-open-data.s3.amazonaws.com/photos/624752584/original.jpg,http://creativecommons.org/licenses/by-nc/4.0/,False,Michael A. Puttonen,Michael A. Puttonen,United States of America,Texas,33.241058,-95.160828,2026-03-14T14:55:59,6179364068,,624752584,downloaded,OK,3903648,bd2f5aac170944a663b963b6da5fd138f41dc9e03800327d91ab8aa46e1504f6,aquatic_plant_images\Brasenia_schreberi\Brasenia_schreberi_GBIF_624752584.jpg
GBIF,Brasenia schreberi,https://inaturalist-open-data.s3.amazonaws.com/photos/623636584/original.jpg,http://creativecommons.org/licenses/by-nc/4.0/,False,Anthony J. Mills,Anthony J. Mills,United States of America,North Carolina,35.925553,-78.171447,2026-03-11T10:21:02,6179486411,,623636584,downloaded,OK,3907615,f45507db23f29346234e9511322f577ce4def49b01c48d8416038806161a3eee,aquatic_plant_images\Brasenia_schreberi\Brasenia_schreberi_GBIF_623636584.jpg
GBIF,Brasenia schreberi,https://inaturalist-open-data.s3.amazonaws.com/photos/623636603/original.jpg,http://creativecommons.org/licenses/by-nc/4.0/,False,Anthony J. Mills,Anthony J. Mills,United States of America,North Carolina,35.925553,-78.171447,2026-03-11T10:21:02,6179486411,,623636603,downloaded,OK,2845202,c0d25f32335918fcb241cbff2eaff13cce6f68a08935d737bff99bf0a0107f8d,aquatic_plant_images\Brasenia_schreberi\Brasenia_schreberi_GBIF_623636603.jpg
GBIF,Brasenia schreberi,https://inaturalist-open-data.s3.amazonaws.com/photos/623636597/original.jpg,http://creativecommons.org/licenses/by-nc/4.0/,False,Anthony J. Mills,Anthony J. Mills,United States of America,North Carolina,35.925553,-78.171447,2026-03-11T10:21:02,6179486411,,623636597,downloaded,OK,2692270,a97a9ca9d4f2e382523e31b4068778b21e95ed5c59dea6ce1f4be06b1216129a,aquatic_plant_images\Brasenia_schreberi\Brasenia_schreberi_GBIF_623636597.jpg
GBIF,Brasenia schreberi,https://inaturalist-open-data.s3.amazonaws.com/photos/626425175/original.jpg,http://creativecommons.org/licenses/by-nc/4.0/,False,Jen,Jen,United States of America,Georgia,32.624649,-83.703148,2026-03-19T14:42:13,6184794040,,626425175,downloaded,OK,2907909,10dd10b31a0d684bbbcb535d8e33326d6c8141b626eba09d20f8583d89419230,aquatic_plant_images\Brasenia_schreberi\Brasenia_schreberi_GBIF_626425175.jpg
GBIF,Brasenia schreberi,https://inaturalist-open-data.s3.amazonaws.com/photos/626865362/original.jpg,http://creativecommons.org/licenses/by-nc/4.0/,False,Wayne Fidler,Wayne Fidler,United States of America,Florida,30.773177,-86.774663,2026-03-20T16:30:11,6185259436,,626865362,downloaded,OK,3116197,21eb4acd1973094db4954211d08b9b1e5dacc3be1219c5d7d71362f9459f5e34,aquatic_plant_images\Brasenia_schreberi\Brasenia_schreberi_GBIF_626865362.jpg
GBIF,Brasenia schreberi,https://inaturalist-open-data.s3.amazonaws.com/photos/626865399/original.jpg,http://creativecommons.org/licenses/by-nc/4.0/,False,Wayne Fidler,Wayne Fidler,United States of America,Florida,30.773177,-86.774663,2026-03-20T16:30:11,6185259436,,626865399,downloaded,OK,2426227,a158a71f89bc55fd08ba1bae3537729c82bf1fda359159a8ce3121b82b93249f,aquatic_plant_images\Brasenia_schreberi\Brasenia_schreberi_GBIF_626865399.jpg
GBIF,Brasenia schreberi,https://inaturalist-open-data.s3.amazonaws.com/photos/626886643/original.jpg,http://creativecommons.org/licenses/by-nc/4.0/,False,Wayne Fidler,Wayne Fidler,United States of America,Florida,30.773177,-86.774663,2026-03-20T16:30:11,6185259436,,626886643,downloaded,OK,2616701,d6983ac052b83b81ff07badc426b88ddd0fcc90508525f89385bd97a8aa3555a,aquatic_plant_images\Brasenia_schreberi\Brasenia_schreberi_GBIF_626886643.jpg
GBIF,Brasenia schreberi,https://inaturalist-open-data.s3.amazonaws.com/photos/626899505/original.jpg,http://creativecommons.org/licenses/by-nc/4.0/,False,Wayne Fidler,Wayne Fidler,United States of America,Florida,30.773177,-86.774663,2026-03-20T16:30:11,6185259436,,626899505,downloaded,OK,1758902,51c62a505fa821b47cfcc5c2ff5be5f3bf325652e548caf764b08409a0227f6c,aquatic_plant_images\Brasenia_schreberi\Brasenia_schreberi_GBIF_626899505.jpg
GBIF,Brasenia schreberi,https://inaturalist-open-data.s3.amazonaws.com/photos/626899533/original.jpg,http://creativecommons.org/licenses/by-nc/4.0/,False,Wayne Fidler,Wayne Fidler,United States of America,Florida,30.773177,-86.774663,2026-03-20T16:30:11,6185259436,,626899533,downloaded,OK,1616167,0c0041f9b66d4616ce28e74a9bb344e150ff1506f2fa80c9da08a8c1010b4ba2,aquatic_plant_images\Brasenia_schreberi\Brasenia_schreberi_GBIF_626899533.jpg
GBIF,Brasenia schreberi,https://inaturalist-open-data.s3.amazonaws.com/photos/628506631/original.jpg,http://creativecommons.org/licenses/by-nc/4.0/,False,rkluzco,rkluzco,United States of America,Florida,30.528366,-85.923555,2026-03-16T08:20:36,6185268880,,628506631,downloaded,OK,132229,f5254afde9c015119d49c6b8862adf2cccac9addd8805f7d4daafa3fae04135f,aquatic_plant_images\Brasenia_schreberi\Brasenia_schreberi_GBIF_628506631.jpg
GBIF,Brasenia schreberi,https://inaturalist-open-data.s3.amazonaws.com/photos/630260921/original.jpg,http://creativecommons.org/licenses/by-nc/4.0/,False,Matt J. Mariño,Matt J. Mariño,United States of America,Mississippi,30.44933,-89.716096,2026-03-27T17:23,6185275268,,630260921,downloaded,OK,1217467,8c72b833df97330b1cc351ac86b298703e53bce0ea0cac0951015c89d97cc1fc,aquatic_plant_images\Brasenia_schreberi\Brasenia_schreberi_GBIF_630260921.jpg
GBIF,Brasenia schreberi,https://inaturalist-open-data.s3.amazonaws.com/photos/629043429/original.jpg,http://creativecommons.org/licenses/by-nc/4.0/,False,Kelsey,Kelsey,United States of America,Georgia,31.115659,-83.577166,2026-03-25T19:46:20,6185292692,,629043429,downloaded,OK,2165293,f87d58f272d1e21e037990e2f055dbe2225547b58d251804882b799feaf0f05e,aquatic_plant_images\Brasenia_schreberi\Brasenia_schreberi_GBIF_629043429.jpg
GBIF,Brasenia schreberi,https://inaturalist-open-data.s3.amazonaws.com/photos/629508039/original.jpg,http://creativecommons.org/licenses/by-nc/4.0/,False,Jon McIntyre,Jon McIntyre,United States of America,Texas,31.059791,-94.276109,2026-03-25T11:09,6185329128,,629508039,downloaded,OK,1162876,974b01c22d64900d86ac0579f43f8c5c688c096b75361cfefae017a239be3d18,aquatic_plant_images\Brasenia_schreberi\Brasenia_schreberi_GBIF_629508039.jpg
GBIF,Brasenia schreberi,https://inaturalist-open-data.s3.amazonaws.com/photos/625916148/original.jpg,http://creativecommons.org/licenses/by-nc/4.0/,False,msvanes,msvanes,United States of America,Mississippi,34.505368,-88.320486,2026-03-17T16:19,6185335616,,625916148,downloaded,OK,594256,d6ad04e5fc4eaf799aa6ce909e98d66a12a6130dc64323cba45f77dbb024243b,aquatic_plant_images\Brasenia_schreberi\Brasenia_schreberi_GBIF_625916148.jpg
GBIF,Brasenia schreberi,https://inaturalist-open-data.s3.amazonaws.com/photos/626056782/original.jpg,http://creativecommons.org/licenses/by-nc/4.0/,False,Matt,Matt,United States of America,Texas,30.19535,-95.463708,2026-03-18T10:13,6185349435,,626056782,downloaded,OK,340412,3be3f70811f6d69176023b74a65bc50f9e6895eb8de00091f37869e13258b1ae,aquatic_plant_images\Brasenia_schreberi\Brasenia_schreberi_GBIF_626056782.jpg
GBIF,Brasenia schreberi,https://inaturalist-open-data.s3.amazonaws.com/photos/626056798/original.jpg,http://creativecommons.org/licenses/by-nc/4.0/,False,Matt,Matt,United States of America,Texas,30.19535,-95.463708,2026-03-18T10:13,6185349435,,626056798,downloaded,OK,333888,7f7944bd1eea323407e24c809c67f4421b2dea94db9a10017acfef166646550b,aquatic_plant_images\Brasenia_schreberi\Brasenia_schreberi_GBIF_626056798.jpg
GBIF,Brasenia schreberi,https://inaturalist-open-data.s3.amazonaws.com/photos/626056784/original.jpg,http://creativecommons.org/licenses/by-nc/4.0/,False,Matt,Matt,United States of America,Texas,30.19535,-95.463708,2026-03-18T10:13,6185349435,,626056784,downloaded,OK,564697,a02a3dda31df366c89a519d52ea1f99b572946fbf4e3f07d10ca3892c796465b,aquatic_plant_images\Brasenia_schreberi\Brasenia_schreberi_GBIF_626056784.jpg
GBIF,Brasenia schreberi,https://inaturalist-open-data.s3.amazonaws.com/photos/619608395/original.jpg,http://creativecommons.org/licenses/by-nc/4.0/,False,rkluzco,rkluzco,United States of America,Pennsylvania,41.35326,-75.778116,2026-02-27T10:23:36,6170972648,,619608395,skipped_duplicate,Duplicate URL/photo ID,,,
GBIF,Cabomba,https://inaturalist-open-data.s3.amazonaws.com/photos/608957634/original.jpg,http://creativecommons.org/licenses/by-nc/4.0/,False,riley_j,riley_j,United States of America,Louisiana,30.378533,-90.161103,2026-01-17T17:14:09,6129959442,,608957634,downloaded,OK,3737427,aaa4a4b052eb450c85b4843518c9eb0f44585c5e85fcc73fc85642d1675426ed,aquatic_plant_images\Cabomba\Cabomba_GBIF_608957634.jpg
GBIF,Cabomba,https://inaturalist-open-data.s3.amazonaws.com/photos/608957637/original.jpg,http://creativecommons.org/licenses/by-nc/4.0/,False,riley_j,riley_j,United States of America,Louisiana,30.378533,-90.161103,2026-01-17T17:14:09,6129959442,,608957637,downloaded,OK,3893228,ca41d947f47ac13219c36acb974918ccab5d8f6633d900ca5569770ba9521418,aquatic_plant_images\Cabomba\Cabomba_GBIF_608957637.jpg
GBIF,Cabomba,https://inaturalist-open-data.s3.amazonaws.com/photos/608957635/original.jpg,http://creativecommons.org/licenses/by-nc/4.0/,False,riley_j,riley_j,United States of America,Louisiana,30.378533,-90.161103,2026-01-17T17:14:09,6129959442,,608957635,downloaded,OK,3570951,2c3647b2f125fd9391fa89cfe1eb341818a83424aeca440562b74c003d91e2b7,aquatic_plant_images\Cabomba\Cabomba_GBIF_608957635.jpg
GBIF,Cabomba,https://inaturalist-open-data.s3.amazonaws.com/photos/607589069/original.jpg,http://creativecommons.org/licenses/by-nc-nd/4.0/,False,lentom,lentom,Australia,Queensland,-27.117677,152.987889,2026-01-13T11:47:47,6129960018,,607589069,downloaded,OK,1028412,87aa1fb5d4ca5e2ba9f9b20caeb7a215b716db8aa59b9affb33b7b2c38680ae0,aquatic_plant_images\Cabomba\Cabomba_GBIF_607589069.jpg
GBIF,Cabomba,https://inaturalist-open-data.s3.amazonaws.com/photos/608596594/original.jpg,http://creativecommons.org/licenses/by-nc/4.0/,False,wildscott,wildscott,Australia,New South Wales,-28.211571,153.529571,2026-01-17T17:17:40,6130282823,,608596594,downloaded,OK,4026998,e24e4fa9fdc0c4acd31eab464506f03c42cfcab5d2f9e1ed3b4aef62defaec17,aquatic_plant_images\Cabomba\Cabomba_GBIF_608596594.jpg
GBIF,Cabomba,https://inaturalist-open-data.s3.amazonaws.com/photos/608596589/original.jpg,http://creativecommons.org/licenses/by-nc/4.0/,False,wildscott,wildscott,Australia,New South Wales,-28.211571,153.529571,2026-01-17T17:17:40,6130282823,,608596589,downloaded,OK,3468393,c0f42e651c3de410f4c2e00211d70801ebe09a3c79e1d7fd92f98cd3c72ab012,aquatic_plant_images\Cabomba\Cabomba_GBIF_608596589.jpg
GBIF,Cabomba,https://inaturalist-open-data.s3.amazonaws.com/photos/606162256/original.jpg,http://creativecommons.org/licenses/by-nc/4.0/,False,hb2000,hb2000,United States of America,New Jersey,40.449671,-74.43664,2026-01-07T08:12,6130401583,,606162256,downloaded,OK,1167188,b770848cf4b35e9ad5ab114cc7bd8c6a414fef8b53a2b654f3d22b42f4f72fb7,aquatic_plant_images\Cabomba\Cabomba_GBIF_606162256.jpg
GBIF,Cabomba,https://inaturalist-open-data.s3.amazonaws.com/photos/606203415/original.jpg,http://creativecommons.org/licenses/by-nc/4.0/,False,hb2000,hb2000,United States of America,New Jersey,40.449671,-74.43664,2026-01-07T08:12,6130401583,,606203415,downloaded,OK,1186718,f7d112e4d9d0bac3118944116c6ccd783a023abee8a72fb9cfad9f58cfc92ba7,aquatic_plant_images\Cabomba\Cabomba_GBIF_606203415.jpg
GBIF,Cabomba,https://inaturalist-open-data.s3.amazonaws.com/photos/606460176/original.jpg,http://creativecommons.org/licenses/by-nc/4.0/,False,jackchaillet,jackchaillet,United States of America,Pennsylvania,40.440223,-79.91164,2026-01-08T14:17:58,6130442362,,606460176,downloaded,OK,759523,e2468ef3a00ad0e3cd6b3746b49971bdc8eb5867262a8dbba01066dfe527deea,aquatic_plant_images\Cabomba\Cabomba_GBIF_606460176.jpg
GBIF,Cabomba,https://inaturalist-open-data.s3.amazonaws.com/photos/606408167/original.jpg,http://creativecommons.org/licenses/by-nc/4.0/,False,Santiago Mailhos,Santiago Mailhos,Uruguay,Río Negro,-32.524871,-58.03355,2026-01-08T10:32,6131132841,,606408167,downloaded,OK,523709,2062f00a5f13f4b53fc21af0f469aae07d6b5ee25d643b7cd40e3da3de472da1,aquatic_plant_images\Cabomba\Cabomba_GBIF_606408167.jpg
GBIF,Cabomba,https://inaturalist-open-data.s3.amazonaws.com/photos/606408168/original.jpg,http://creativecommons.org/licenses/by-nc/4.0/,False,Santiago Mailhos,Santiago Mailhos,Uruguay,Río Negro,-32.524871,-58.03355,2026-01-08T10:32,6131132841,,606408168,downloaded,OK,573934,6507e14fcce487eecce10c4a74b5cb72f497f15d2da841587d3e034375beb9e0,aquatic_plant_images\Cabomba\Cabomba_GBIF_606408168.jpg
GBIF,Cabomba,https://inaturalist-open-data.s3.amazonaws.com/photos/607470085/original.jpg,http://creativecommons.org/licenses/by-nc/4.0/,False,kary,kary,United States of America,Florida,25.826069,-80.385798,2026-01-05T23:43:53,6131343933,,607470085,downloaded,OK,797384,c0cb028cec6974eb8c7c4cf78cce0142fb990112d500c79e09121efd075d1492,aquatic_plant_images\Cabomba\Cabomba_GBIF_607470085.jpg
GBIF,Cabomba,https://inaturalist-open-data.s3.amazonaws.com/photos/712882115/original.jpg,http://creativecommons.org/licenses/by-nc/4.0/,False,kary,kary,United States of America,Florida,25.826069,-80.385798,2026-01-05T23:43:53,6131343933,,712882115,downloaded,OK,627761,a4ad9de949f3e6fd1a8a711f6a6b8b90420f75cee7f600a515b59c472f3cff46,aquatic_plant_images\Cabomba\Cabomba_GBIF_712882115.jpg
GBIF,Cabomba,https://inaturalist-open-data.s3.amazonaws.com/photos/712893764/original.jpg,http://creativecommons.org/licenses/by-nc/4.0/,False,kary,kary,United States of America,Florida,25.826069,-80.385798,2026-01-05T23:43:53,6131343933,,712893764,downloaded,OK,797384,c0cb028cec6974eb8c7c4cf78cce0142fb990112d500c79e09121efd075d1492,aquatic_plant_images\Cabomba\Cabomba_GBIF_712893764.jpg
GBIF,Cabomba,https://inaturalist-open-data.s3.amazonaws.com/photos/712882142/original.jpg,http://creativecommons.org/licenses/by-nc/4.0/,False,kary,kary,United States of America,Florida,25.826069,-80.385798,2026-01-05T23:43:53,6131343933,,712882142,downloaded,OK,579733,a11242bed4a53ff726ef6973ff1ec099f07c4e7b82be123a8f999a8d3b582626,aquatic_plant_images\Cabomba\Cabomba_GBIF_712882142.jpg
GBIF,Cabomba,https://observation.org/photos/142954936.jpg,http://creativecommons.org/licenses/by-nc/4.0/,False,J. Dolstra,J. Dolstra,Netherlands,Friesland,53.1,6.1,2026-01-02,6151562021,,,downloaded,OK,143363,162a5c7471a8b01541ead7ad001b8ef279ed19749cbfbef26db4db21f0dda4e8,aquatic_plant_images\Cabomba\Cabomba_GBIF_6c2e41e371a9.jpg
GBIF,Cabomba,https://observation.org/photos/142954957.jpg,http://creativecommons.org/licenses/by-nc/4.0/,False,J. Dolstra,J. Dolstra,Netherlands,Friesland,53.1,6.1,2026-01-02,6151562021,,,downloaded,OK,186370,5cb717e792913b9729c0e5b00a852801357f2e781dce87a17d6715f9fc838c86,aquatic_plant_images\Cabomba\Cabomba_GBIF_f808ad7960d2.jpg
GBIF,Cabomba,https://inaturalist-open-data.s3.amazonaws.com/photos/610592087/original.jpg,http://creativecommons.org/licenses/by-nc/4.0/,False,pattonh02,pattonh02,United States of America,Florida,26.23042,-80.213128,2026-01-23T12:39:09,6159463109,,610592087,downloaded,OK,861427,96cde80b2668c31bdf6cba6428692a200696a3e485ebd5858b0c532dbd107387,aquatic_plant_images\Cabomba\Cabomba_GBIF_610592087.jpg
GBIF,Cabomba,https://inaturalist-open-data.s3.amazonaws.com/photos/610592103/original.jpg,http://creativecommons.org/licenses/by-nc/4.0/,False,pattonh02,pattonh02,United States of America,Florida,26.23042,-80.213128,2026-01-23T12:39:09,6159463109,,610592103,downloaded,OK,1025278,a33d6c32d5c74ac3a5c858795587c3e6e814ee1635ec8f1ff10efc3b9cf4d9bc,aquatic_plant_images\Cabomba\Cabomba_GBIF_610592103.jpg
GBIF,Cabomba,https://inaturalist-open-data.s3.amazonaws.com/photos/610592121/original.jpg,http://creativecommons.org/licenses/by-nc/4.0/,False,pattonh02,pattonh02,United States of America,Florida,26.23042,-80.213128,2026-01-23T12:39:09,6159463109,,610592121,downloaded,OK,1076288,25208b982a210075fa770cc6389179185d0b21cf5244a9d2adca6c9f2961e3f0,aquatic_plant_images\Cabomba\Cabomba_GBIF_610592121.jpg
GBIF,Cabomba,https://inaturalist-open-data.s3.amazonaws.com/photos/612150316/original.jpg,http://creativecommons.org/licenses/by-nc/4.0/,False,Donald C. Taphorn,Donald C. Taphorn,Guyana,Upper Takutu-Upper Essequibo,3.675196,-59.501757,2026-01-23T11:33:59,6159497351,,612150316,downloaded,OK,2390942,db356b868a7e46d9dc0e47209e778d78c45c2440f611d8cd15549719a8560c45,aquatic_plant_images\Cabomba\Cabomba_GBIF_612150316.jpg
GBIF,Cabomba,https://inaturalist-open-data.s3.amazonaws.com/photos/610353040/original.jpg,http://creativecommons.org/licenses/by-nc/4.0/,False,Songkran Thongon,Songkran Thongon,Thailand,Kanchanaburi,14.26053,99.226988,2026-01-24T14:21,6159572344,,610353040,downloaded,OK,387803,cf4ba34766fec82471110f3440609a304d48f1c7c7b6b27df5e69c709bc7f5f3,aquatic_plant_images\Cabomba\Cabomba_GBIF_610353040.jpg
GBIF,Cabomba,https://inaturalist-open-data.s3.amazonaws.com/photos/607053498/original.jpg,http://creativecommons.org/licenses/by-nc/4.0/,False,M. Torre Jorgenson,M. Torre Jorgenson,Belize,Cayo,17.114403,-89.067168,2026-01-09T10:22:37,6162876535,,607053498,downloaded,OK,1471248,e5ad89260834441d24fc244b4a6f9990786c7f503dd79db9f375103d2f7bcae3,aquatic_plant_images\Cabomba\Cabomba_GBIF_607053498.jpg
GBIF,Cabomba,https://inaturalist-open-data.s3.amazonaws.com/photos/607053531/original.jpg,http://creativecommons.org/licenses/by-nc/4.0/,False,M. Torre Jorgenson,M. Torre Jorgenson,Belize,Cayo,17.114403,-89.067168,2026-01-09T10:22:37,6162876535,,607053531,downloaded,OK,1772037,fd09ae8166ad9476186a5d9939dd4c566b9f317931cdd6c29e92ea511e38ce29,aquatic_plant_images\Cabomba\Cabomba_GBIF_607053531.jpg
GBIF,Cabomba,https://inaturalist-open-data.s3.amazonaws.com/photos/607053550/original.jpg,http://creativecommons.org/licenses/by-nc/4.0/,False,M. Torre Jorgenson,M. Torre Jorgenson,Belize,Cayo,17.114403,-89.067168,2026-01-09T10:22:37,6162876535,,607053550,downloaded,OK,1890192,7b9777f70b9b8ea1d2102270b6cadb92ef362cd84fc431523b97c131b628d7a6,aquatic_plant_images\Cabomba\Cabomba_GBIF_607053550.jpg
GBIF,Cabomba,https://inaturalist-open-data.s3.amazonaws.com/photos/607053588/original.jpg,http://creativecommons.org/licenses/by-nc/4.0/,False,M. Torre Jorgenson,M. Torre Jorgenson,Belize,Cayo,17.114403,-89.067168,2026-01-09T10:22:37,6162876535,,607053588,downloaded,OK,1512446,b5e8e68ef6a13d0e6072a2bc708c371cfc1dd75c34d5bc24808c0d364b7c7751,aquatic_plant_images\Cabomba\Cabomba_GBIF_607053588.jpg
GBIF,Cabomba,https://inaturalist-open-data.s3.amazonaws.com/photos/607053609/original.jpg,http://creativecommons.org/licenses/by-nc/4.0/,False,M. Torre Jorgenson,M. Torre Jorgenson,Belize,Cayo,17.114403,-89.067168,2026-01-09T10:22:37,6162876535,,607053609,downloaded,OK,1761198,2dd0a717b581082d179755b6d3ba4fd0a4e86a7f2590e3a2d4f2fd39b18d5ab8,aquatic_plant_images\Cabomba\Cabomba_GBIF_607053609.jpg
GBIF,Cabomba,https://inaturalist-open-data.s3.amazonaws.com/photos/607055214/original.jpg,http://creativecommons.org/licenses/by-nc/4.0/,False,M. Torre Jorgenson,M. Torre Jorgenson,Belize,Cayo,17.114403,-89.067168,2026-01-09T10:22:37,6162876535,,607055214,downloaded,OK,2105017,7ff6ad86cc0f397e17e3865276a9826cd33ed5f8e84d208ce3cc1dee47357c0a,aquatic_plant_images\Cabomba\Cabomba_GBIF_607055214.jpg
GBIF,Cabomba,https://inaturalist-open-data.s3.amazonaws.com/photos/607645180/original.jpg,http://creativecommons.org/licenses/by-nc/4.0/,False,Dipin DI,Dipin DI,India,Kerala,11.263049,75.941899,2026-01-13T14:09:19,6163202040,,607645180,downloaded,OK,2166130,cc46cf2baadf0934ddbe67735e39c876343338b0e8970e13141672ea5536ecd3,aquatic_plant_images\Cabomba\Cabomba_GBIF_607645180.jpg
GBIF,Cabomba,https://inaturalist-open-data.s3.amazonaws.com/photos/607645197/original.jpg,http://creativecommons.org/licenses/by-nc/4.0/,False,Dipin DI,Dipin DI,India,Kerala,11.263049,75.941899,2026-01-13T14:09:19,6163202040,,607645197,downloaded,OK,2135203,46114539ce9caaf0a03794796720802984aa614845f7a1052def1dd0f89481e8,aquatic_plant_images\Cabomba\Cabomba_GBIF_607645197.jpg
GBIF,Cabomba,https://inaturalist-open-data.s3.amazonaws.com/photos/607645211/original.jpg,http://creativecommons.org/licenses/by-nc/4.0/,False,Dipin DI,Dipin DI,India,Kerala,11.263049,75.941899,2026-01-13T14:09:19,6163202040,,607645211,downloaded,OK,2146884,b98510ce80637d929422c58e16c27bc36ff2401717f25db9834e856b68072c53,aquatic_plant_images\Cabomba\Cabomba_GBIF_607645211.jpg
GBIF,Cabomba,https://inaturalist-open-data.s3.amazonaws.com/photos/616258721/original.jpg,http://creativecommons.org/licenses/by-nc/4.0/,False,bcur155,bcur155,United States of America,Florida,30.331951,-85.558047,2026-02-15T16:48:42,6159137136,,616258721,downloaded,OK,2605167,2fd0eb6e53423089ca6b8fc2386fb735ec0cbd15d52389bf29d56a1e366fc144,aquatic_plant_images\Cabomba\Cabomba_GBIF_616258721.jpg
GBIF,Cabomba,https://inaturalist-open-data.s3.amazonaws.com/photos/615257436/original.jpg,http://creativecommons.org/licenses/by-nc/4.0/,False,cindyvigil4,cindyvigil4,United States of America,Texas,29.712979,-98.136104,2026-02-12T11:16:13,6159259421,,615257436,downloaded,OK,2334224,51b089ad0f367e98571ad4f04564c3725258a8db4f21c2cf60a4da86e610199a,aquatic_plant_images\Cabomba\Cabomba_GBIF_615257436.jpg
GBIF,Cabomba,https://inaturalist-open-data.s3.amazonaws.com/photos/618274217/original.jpg,http://creativecommons.org/licenses/by-nc/4.0/,False,Chris Bentley,Chris Bentley,United States of America,Texas,29.709002,-98.13535,2026-02-22,6162887446,,618274217,downloaded,OK,1053794,861a87de3bef726531d3866bff780cee5f8fd23e5b9f757d761110cf17cc74de,aquatic_plant_images\Cabomba\Cabomba_GBIF_618274217.jpg
GBIF,Cabomba,https://inaturalist-open-data.s3.amazonaws.com/photos/618280514/original.jpg,http://creativecommons.org/licenses/by-nc/4.0/,False,Chris Bentley,Chris Bentley,United States of America,Texas,29.721437,-98.124271,2026-02-22,6162890568,,618280514,downloaded,OK,541338,1ff94a8709eacd021d73e2d8dc009a782ef4ac035de84af59dd3fcadbc3dbb0e,aquatic_plant_images\Cabomba\Cabomba_GBIF_618280514.jpg
GBIF,Cabomba,https://inaturalist-open-data.s3.amazonaws.com/photos/618274581/original.jpg,http://creativecommons.org/licenses/by-nc/4.0/,False,Chris Bentley,Chris Bentley,United States of America,Texas,29.709002,-98.13535,2026-02-22,6163107701,,618274581,downloaded,OK,1066728,6b86d39ec4777da3762e04d5f42c2335b79988e80f2091fe3a5cb89562c5a589,aquatic_plant_images\Cabomba\Cabomba_GBIF_618274581.jpg
GBIF,Cabomba,https://inaturalist-open-data.s3.amazonaws.com/photos/617194817/original.jpg,http://creativecommons.org/licenses/by-nc/4.0/,False,Demya Hunter,Demya Hunter,United States of America,Florida,26.769538,-80.176902,2026-02-19T14:04:24,6163374224,,617194817,downloaded,OK,2771414,cb681c041b32eb58ed2f9a3d2a767d9d3cf3077a8808907c28a5c299b8dd70cb,aquatic_plant_images\Cabomba\Cabomba_GBIF_617194817.jpg
GBIF,Cabomba,https://observation.org/photos/144482189.jpg,http://creativecommons.org/licenses/by-nc-nd/4.0/,False,Tina Dekker,Tina Dekker,Netherlands,Drenthe,52.95,6.9,2026-02-26,6170652466,,,downloaded,OK,383159,77226702d4e6497400259a83144e73f11652ab4ba098e747033ce5159a2e6135,aquatic_plant_images\Cabomba\Cabomba_GBIF_43c41097298b.jpg
GBIF,Cabomba,https://observation.org/photos/144482190.jpg,http://creativecommons.org/licenses/by-nc-nd/4.0/,False,Tina Dekker,Tina Dekker,Netherlands,Drenthe,52.95,6.9,2026-02-26,6170652466,,,downloaded,OK,382837,3dceb957529da071730259f25a8b35f4d8b7602a1ba7b7a10b547c1ca805c1ef,aquatic_plant_images\Cabomba\Cabomba_GBIF_0235ece866ac.jpg
GBIF,Cabomba,https://inaturalist-open-data.s3.amazonaws.com/photos/625205306/original.jpg,http://creativecommons.org/licenses/by-nc/4.0/,False,Russell Cumming,Russell Cumming,Australia,Queensland,-19.3619,146.7327,2026-02-03T14:19,6178828861,,625205306,downloaded,OK,273558,f9166e7b7f0c6b62f67e7ab509229ba4d2e810520246930b7145c8ecdcc4c1d6,aquatic_plant_images\Cabomba\Cabomba_GBIF_625205306.jpg
GBIF,Cabomba,https://inaturalist-open-data.s3.amazonaws.com/photos/625217427/original.jpg,http://creativecommons.org/licenses/by-nc/4.0/,False,Russell Cumming,Russell Cumming,Australia,Queensland,-19.3619,146.7327,2026-02-03T14:19,6178828861,,625217427,downloaded,OK,291022,a05154d3b668ade4a0b0ed4d5ec1ae41ec3126a4919911801d00513cfc235c32,aquatic_plant_images\Cabomba\Cabomba_GBIF_625217427.jpg
GBIF,Cabomba,https://inaturalist-open-data.s3.amazonaws.com/photos/625217432/original.jpg,http://creativecommons.org/licenses/by-nc/4.0/,False,Russell Cumming,Russell Cumming,Australia,Queensland,-19.3619,146.7327,2026-02-03T14:19,6178828861,,625217432,downloaded,OK,399891,a576b5c5ad4bc0ea01ff95a19086fcf75371cf8b3e6d12df5703e8d522cc8e62,aquatic_plant_images\Cabomba\Cabomba_GBIF_625217432.jpg
GBIF,Cabomba,https://inaturalist-open-data.s3.amazonaws.com/photos/625217439/original.jpg,http://creativecommons.org/licenses/by-nc/4.0/,False,Russell Cumming,Russell Cumming,Australia,Queensland,-19.3619,146.7327,2026-02-03T14:19,6178828861,,625217439,downloaded,OK,347076,d4f5ad7f5236aab3d598e283d9035f680bfb2911ea17d8cc5e1ae12ffcf174ac,aquatic_plant_images\Cabomba\Cabomba_GBIF_625217439.jpg
GBIF,Cabomba,https://inaturalist-open-data.s3.amazonaws.com/photos/625217435/original.jpg,http://creativecommons.org/licenses/by-nc/4.0/,False,Russell Cumming,Russell Cumming,Australia,Queensland,-19.3619,146.7327,2026-02-03T14:19,6178828861,,625217435,downloaded,OK,340492,413bbfb37eca1024c5793711e25e353ff347ec00038922ae825d6ce5fd5afadb,aquatic_plant_images\Cabomba\Cabomba_GBIF_625217435.jpg
GBIF,Cabomba,https://inaturalist-open-data.s3.amazonaws.com/photos/620838886/original.jpg,http://creativecommons.org/licenses/by-nc/4.0/,False,gijskurstjens,gijskurstjens,Suriname,Para,5.274551,-55.530086,2026-03-03T09:18:25,6178908871,,620838886,downloaded,OK,2718959,f53945c4ad9a467d6dbb5e992134ad935c65f93c50e5aef990a72d75f9ecf501,aquatic_plant_images\Cabomba\Cabomba_GBIF_620838886.jpg
GBIF,Cabomba,https://inaturalist-open-data.s3.amazonaws.com/photos/629693308/original.jpg,http://creativecommons.org/licenses/by-nc/4.0/,False,rkluzco,rkluzco,United States of America,Pennsylvania,41.292707,-76.132098,2026-03-27T14:13:24,6185040875,,629693308,downloaded,OK,1637036,7e7148f74cb7f548b7f8600c6eaab4638113b0e3368fa347d32520d02fd45a5b,aquatic_plant_images\Cabomba\Cabomba_GBIF_629693308.jpg
GBIF,Cabomba,https://inaturalist-open-data.s3.amazonaws.com/photos/629693361/original.jpg,http://creativecommons.org/licenses/by-nc/4.0/,False,rkluzco,rkluzco,United States of America,Pennsylvania,41.292707,-76.132098,2026-03-27T14:13:24,6185040875,,629693361,downloaded,OK,1655927,aa51b848be24fea07e758720720f0b1a6a4a55416886e4f05a09577580d6de0a,aquatic_plant_images\Cabomba\Cabomba_GBIF_629693361.jpg
GBIF,Cabomba,https://inaturalist-open-data.s3.amazonaws.com/photos/629693416/original.jpg,http://creativecommons.org/licenses/by-nc/4.0/,False,rkluzco,rkluzco,United States of America,Pennsylvania,41.292707,-76.132098,2026-03-27T14:13:24,6185040875,,629693416,downloaded,OK,1620074,2d89c4001f883dfc474427be307044ed4ebe67010caa07d6cdbb607ac496a259,aquatic_plant_images\Cabomba\Cabomba_GBIF_629693416.jpg
GBIF,Cabomba,https://inaturalist-open-data.s3.amazonaws.com/photos/629760044/original.jpg,http://creativecommons.org/licenses/by-nc/4.0/,False,Ute Welk,Ute Welk,Belize,Belize,17.732453,-88.528091,2026-03-13T08:40,6188248632,,629760044,downloaded,OK,638259,b953ca5b9faefa8846e45a34741ea31f6e015613898686ccf55c91b2fec05d89,aquatic_plant_images\Cabomba\Cabomba_GBIF_629760044.jpg
GBIF,Cabomba,https://inaturalist-open-data.s3.amazonaws.com/photos/625920731/original.jpg,http://creativecommons.org/licenses/by-nc/4.0/,False,Ryan Harris,Ryan Harris,United States of America,Texas,30.580422,-94.37901,2026-03-09T12:02:46,6252162077,,625920731,downloaded,OK,1712004,9fc3c40498a8626237c878436f2dfe3ef8238d47a68f1de7de824c055e151ce9,aquatic_plant_images\Cabomba\Cabomba_GBIF_625920731.jpg
GBIF,Cabomba,https://inaturalist-open-data.s3.amazonaws.com/photos/625920792/original.jpg,http://creativecommons.org/licenses/by-nc/4.0/,False,Ryan Harris,Ryan Harris,United States of America,Texas,30.580422,-94.37901,2026-03-09T12:02:46,6252162077,,625920792,downloaded,OK,1778481,aa03a9874acca3681f0de07472d9028ff388b8ffb2a12fbc60434e468f7228f3,aquatic_plant_images\Cabomba\Cabomba_GBIF_625920792.jpg
GBIF,Cabomba,https://inaturalist-open-data.s3.amazonaws.com/photos/625920820/original.jpg,http://creativecommons.org/licenses/by-nc/4.0/,False,Ryan Harris,Ryan Harris,United States of America,Texas,30.580422,-94.37901,2026-03-09T12:02:46,6252162077,,625920820,downloaded,OK,2431910,e206c0070b8bbfc616c5962bb226f5f5e57d1029ba634edbc721ed8f5b32eb4d,aquatic_plant_images\Cabomba\Cabomba_GBIF_625920820.jpg
GBIF,Cabomba,https://inaturalist-open-data.s3.amazonaws.com/photos/625920838/original.jpg,http://creativecommons.org/licenses/by-nc/4.0/,False,Ryan Harris,Ryan Harris,United States of America,Texas,30.580422,-94.37901,2026-03-09T12:02:46,6252162077,,625920838,downloaded,OK,1469194,fe3554c4f7725d049037a133370efae754d6a4039cc88082c28d6d5e35b52295,aquatic_plant_images\Cabomba\Cabomba_GBIF_625920838.jpg
GBIF,Cabomba,https://inaturalist-open-data.s3.amazonaws.com/photos/606460176/original.jpg,http://creativecommons.org/licenses/by-nc/4.0/,False,jackchaillet,jackchaillet,United States of America,Pennsylvania,40.440223,-79.91164,2026-01-08T14:17:58,6130442362,,606460176,skipped_duplicate,Duplicate URL/photo ID,,,
GBIF,Ceratophyllum demersum,https://inaturalist-open-data.s3.amazonaws.com/photos/604630190/original.jpg,http://creativecommons.org/licenses/by/4.0/,True,ashleyrsteel,ashleyrsteel,United States of America,Arkansas,34.497375,-93.972092,2026-01-01T16:47:51,5938321014,,604630190,downloaded,OK,888278,2ceb5b22c25829dd655df80f3b75fd55bc58f69158ade1a5e6bbc45a3a0aebda,aquatic_plant_images\Ceratophyllum_demersum\Ceratophyllum_demersum_GBIF_604630190.jpg
GBIF,Ceratophyllum demersum,https://inaturalist-open-data.s3.amazonaws.com/photos/604630226/original.jpg,http://creativecommons.org/licenses/by/4.0/,True,ashleyrsteel,ashleyrsteel,United States of America,Arkansas,34.497375,-93.972092,2026-01-01T16:47:51,5938321014,,604630226,downloaded,OK,707131,01b5257e7535e8da89a3b2d9cb7dc4434b340827d65c259d0a92218bafba1e49,aquatic_plant_images\Ceratophyllum_demersum\Ceratophyllum_demersum_GBIF_604630226.jpg
GBIF,Ceratophyllum demersum,https://inaturalist-open-data.s3.amazonaws.com/photos/604630254/original.jpg,http://creativecommons.org/licenses/by/4.0/,True,ashleyrsteel,ashleyrsteel,United States of America,Arkansas,34.497375,-93.972092,2026-01-01T16:47:51,5938321014,,604630254,downloaded,OK,563926,1aa03f514460e89420902a46707ff8985ea49b93dc228a37ca1e424d5f2e8fc2,aquatic_plant_images\Ceratophyllum_demersum\Ceratophyllum_demersum_GBIF_604630254.jpg
GBIF,Ceratophyllum demersum,https://inaturalist-open-data.s3.amazonaws.com/photos/604630281/original.jpg,http://creativecommons.org/licenses/by/4.0/,True,ashleyrsteel,ashleyrsteel,United States of America,Arkansas,34.497375,-93.972092,2026-01-01T16:47:51,5938321014,,604630281,downloaded,OK,757973,bd8d5ba160a59d8178aea14c5420e09242ddcb36140d5d20ced85cedaa260005,aquatic_plant_images\Ceratophyllum_demersum\Ceratophyllum_demersum_GBIF_604630281.jpg
GBIF,Ceratophyllum demersum,https://inaturalist-open-data.s3.amazonaws.com/photos/604630316/original.jpg,http://creativecommons.org/licenses/by/4.0/,True,ashleyrsteel,ashleyrsteel,United States of America,Arkansas,34.497375,-93.972092,2026-01-01T16:47:51,5938321014,,604630316,downloaded,OK,896213,f3a6f1fdbf025114ff5670441b6b9b811d762f2cd271ce8fb020fe1ec3a1aa6f,aquatic_plant_images\Ceratophyllum_demersum\Ceratophyllum_demersum_GBIF_604630316.jpg
GBIF,Ceratophyllum demersum,https://inaturalist-open-data.s3.amazonaws.com/photos/604630376/original.jpg,http://creativecommons.org/licenses/by/4.0/,True,ashleyrsteel,ashleyrsteel,United States of America,Arkansas,34.497375,-93.972092,2026-01-01T16:47:51,5938321014,,604630376,downloaded,OK,1532747,884a1e443812274cbceed339643bb847993ae0213b35e27e875d68c98503d642,aquatic_plant_images\Ceratophyllum_demersum\Ceratophyllum_demersum_GBIF_604630376.jpg
GBIF,Ceratophyllum demersum,https://inaturalist-open-data.s3.amazonaws.com/photos/604630407/original.jpg,http://creativecommons.org/licenses/by/4.0/,True,ashleyrsteel,ashleyrsteel,United States of America,Arkansas,34.497375,-93.972092,2026-01-01T16:47:51,5938321014,,604630407,downloaded,OK,1131111,ccff09a9188f27bdc8198afcbf44b6a84c4bc7523067fb298437c4517680a57f,aquatic_plant_images\Ceratophyllum_demersum\Ceratophyllum_demersum_GBIF_604630407.jpg
GBIF,Ceratophyllum demersum,https://inaturalist-open-data.s3.amazonaws.com/photos/609936086/original.jpg,http://creativecommons.org/licenses/by-nc/4.0/,False,Connor E. J. Graham,Connor E. J. Graham,United States of America,Oregon,45.112397,-122.930253,2026-01-11T13:13,6130018231,,609936086,downloaded,OK,819470,3806a376dd5d573521ecae2d8927f18c70d22953890cd1ff8e266ef0eff7afeb,aquatic_plant_images\Ceratophyllum_demersum\Ceratophyllum_demersum_GBIF_609936086.jpg
GBIF,Ceratophyllum demersum,https://inaturalist-open-data.s3.amazonaws.com/photos/610976382/original.jpg,http://creativecommons.org/licenses/by-nc/4.0/,False,ignaciocostagliola,ignaciocostagliola,Argentina,Buenos Aires,-35.630325,-58.007767,2026-01-25T19:05:13,6130176747,,610976382,downloaded,OK,2239959,dc6eef92207885b6050fad070ffb8f9da26dc0579f1062aa0fbd9c25be851b63,aquatic_plant_images\Ceratophyllum_demersum\Ceratophyllum_demersum_GBIF_610976382.jpg
GBIF,Ceratophyllum demersum,https://inaturalist-open-data.s3.amazonaws.com/photos/610976435/original.jpg,http://creativecommons.org/licenses/by-nc/4.0/,False,ignaciocostagliola,ignaciocostagliola,Argentina,Buenos Aires,-35.630325,-58.007767,2026-01-25T19:05:13,6130176747,,610976435,downloaded,OK,2164939,fde041fdc5d14c1969f9e61935fbe9688f6a365ccdff2ce12e04e940a78bc893,aquatic_plant_images\Ceratophyllum_demersum\Ceratophyllum_demersum_GBIF_610976435.jpg
GBIF,Ceratophyllum demersum,https://inaturalist-open-data.s3.amazonaws.com/photos/610976471/original.jpg,http://creativecommons.org/licenses/by-nc/4.0/,False,ignaciocostagliola,ignaciocostagliola,Argentina,Buenos Aires,-35.630325,-58.007767,2026-01-25T19:05:13,6130176747,,610976471,downloaded,OK,2171217,e2c6e417b370c3bda0a21ecc19f72075077ff4ef6ee016868fc4f81a2cc37d0d,aquatic_plant_images\Ceratophyllum_demersum\Ceratophyllum_demersum_GBIF_610976471.jpg
GBIF,Ceratophyllum demersum,https://inaturalist-open-data.s3.amazonaws.com/photos/607820040/original.jpg,http://creativecommons.org/licenses/by/4.0/,True,Arnim Littek,Arnim Littek,New Zealand,Manawatu-Wanganui,-40.653507,175.170812,2026-01-13T09:55,6130277145,,607820040,downloaded,OK,1670717,0db417361e1abda24b0800febbd0379fe47e05d87261be708b8773fd4f8481ea,aquatic_plant_images\Ceratophyllum_demersum\Ceratophyllum_demersum_GBIF_607820040.jpg
GBIF,Ceratophyllum demersum,https://inaturalist-open-data.s3.amazonaws.com/photos/607820073/original.jpg,http://creativecommons.org/licenses/by/4.0/,True,Arnim Littek,Arnim Littek,New Zealand,Manawatu-Wanganui,-40.653507,175.170812,2026-01-13T09:55,6130277145,,607820073,downloaded,OK,1706994,162c80931722289b20cbde0fc917855b43595350abf1640b813b6c9015f57c94,aquatic_plant_images\Ceratophyllum_demersum\Ceratophyllum_demersum_GBIF_607820073.jpg
GBIF,Ceratophyllum demersum,https://inaturalist-open-data.s3.amazonaws.com/photos/607236037/original.jpg,http://creativecommons.org/licenses/by-nc/4.0/,False,Fazakas Bendegúz,Fazakas Bendegúz,Hungary,Bács-Kiskun,46.856759,19.99422,2026-01-11T19:44:40,6130518753,,607236037,downloaded,OK,1624906,4815d35827f1e1c440caa3b6996c653bc06949a373878267af2b2e2b634601db,aquatic_plant_images\Ceratophyllum_demersum\Ceratophyllum_demersum_GBIF_607236037.jpg
GBIF,Ceratophyllum demersum,https://inaturalist-open-data.s3.amazonaws.com/photos/607501812/original.jpg,http://creativecommons.org/publicdomain/zero/1.0/,True,JD Flores,JD Flores,United States of America,Iowa,42.109997,-93.580216,2026-01-12T10:42:33,6130556868,,607501812,downloaded,OK,2470716,5ed4576e934dc8c6029aecda00a525023f3baa1c6e069f4fd6e356a890cfef69,aquatic_plant_images\Ceratophyllum_demersum\Ceratophyllum_demersum_GBIF_607501812.jpg
GBIF,Ceratophyllum demersum,https://inaturalist-open-data.s3.amazonaws.com/photos/607501837/original.jpg,http://creativecommons.org/publicdomain/zero/1.0/,True,JD Flores,JD Flores,United States of America,Iowa,42.109997,-93.580216,2026-01-12T10:42:33,6130556868,,607501837,downloaded,OK,2314460,ac9a8e547994b9d2fcc86610b5c6c94e4f2c3deb34dcdb2d7b2c4355d66b9e23,aquatic_plant_images\Ceratophyllum_demersum\Ceratophyllum_demersum_GBIF_607501837.jpg
GBIF,Ceratophyllum demersum,https://inaturalist-open-data.s3.amazonaws.com/photos/607173518/original.jpg,http://creativecommons.org/publicdomain/zero/1.0/,True,Hubert Sztyler,Hubert Sztyler,Poland,Pomeranian,54.606863,18.799642,2026-01-04T13:30:43,6130564418,,607173518,downloaded,OK,3701453,d9652c591fab97623a5ae288e7475725c758ad9a5476dad62a04a8094325b3fc,aquatic_plant_images\Ceratophyllum_demersum\Ceratophyllum_demersum_GBIF_607173518.jpg
GBIF,Ceratophyllum demersum,https://inaturalist-open-data.s3.amazonaws.com/photos/610976154/original.jpg,http://creativecommons.org/licenses/by-nc/4.0/,False,ignaciocostagliola,ignaciocostagliola,Argentina,Buenos Aires,-35.581257,-58.061557,2026-01-25T13:43:05,6130651357,,610976154,downloaded,OK,2113478,6935654ca0445faacdde171f6f271b04e77a61b1fe802586536383c01627b40b,aquatic_plant_images\Ceratophyllum_demersum\Ceratophyllum_demersum_GBIF_610976154.jpg
GBIF,Ceratophyllum demersum,https://inaturalist-open-data.s3.amazonaws.com/photos/610976172/original.jpg,http://creativecommons.org/licenses/by-nc/4.0/,False,ignaciocostagliola,ignaciocostagliola,Argentina,Buenos Aires,-35.581257,-58.061557,2026-01-25T13:43:05,6130651357,,610976172,downloaded,OK,2092411,da4c41326723d0237da671e4c66f1c3c9b976d8ff84d50985ce9dedfb86f6c11,aquatic_plant_images\Ceratophyllum_demersum\Ceratophyllum_demersum_GBIF_610976172.jpg
GBIF,Ceratophyllum demersum,https://inaturalist-open-data.s3.amazonaws.com/photos/610976195/original.jpg,http://creativecommons.org/licenses/by-nc/4.0/,False,ignaciocostagliola,ignaciocostagliola,Argentina,Buenos Aires,-35.581257,-58.061557,2026-01-25T13:43:05,6130651357,,610976195,downloaded,OK,2030686,1a06d6527283c8cd5d94e77b4769ecf7f5a2b8dce6b5d14948de20c7597746ab,aquatic_plant_images\Ceratophyllum_demersum\Ceratophyllum_demersum_GBIF_610976195.jpg
GBIF,Ceratophyllum demersum,https://inaturalist-open-data.s3.amazonaws.com/photos/605799412/original.jpg,http://creativecommons.org/licenses/by-nc/4.0/,False,Colin Ogle,Colin Ogle,New Zealand,Manawatu-Wanganui,-39.937648,175.231525,2026-01-06T09:43,6130674227,,605799412,downloaded,OK,3660891,ea8d9da28a851684c2e1e61c2420e46d20d22331ce387e50391500830b628ce0,aquatic_plant_images\Ceratophyllum_demersum\Ceratophyllum_demersum_GBIF_605799412.jpg
GBIF,Ceratophyllum demersum,https://inaturalist-open-data.s3.amazonaws.com/photos/605799415/original.jpg,http://creativecommons.org/licenses/by-nc/4.0/,False,Colin Ogle,Colin Ogle,New Zealand,Manawatu-Wanganui,-39.937648,175.231525,2026-01-06T09:43,6130674227,,605799415,downloaded,OK,3022395,4c4a9094b26d837eeabdeac84d95f47851d56adcb2040b1088a701ed2bf65119,aquatic_plant_images\Ceratophyllum_demersum\Ceratophyllum_demersum_GBIF_605799415.jpg
GBIF,Ceratophyllum demersum,https://inaturalist-open-data.s3.amazonaws.com/photos/609980230/original.jpg,http://creativecommons.org/licenses/by/4.0/,True,Tia Offner,Tia Offner,United States of America,Texas,28.982725,-96.013681,2026-01-17T01:49,6130754343,,609980230,downloaded,OK,2882711,6b3042e2c2d87d27ad07d900ffb225736e0a190e8bf6da64ff603c67314b8d74,aquatic_plant_images\Ceratophyllum_demersum\Ceratophyllum_demersum_GBIF_609980230.jpg
GBIF,Ceratophyllum demersum,https://inaturalist-open-data.s3.amazonaws.com/photos/610414745/original.jpg,http://creativecommons.org/licenses/by-nc/4.0/,False,LadyDrisK,LadyDrisK,United States of America,South Carolina,32.353192,-81.159989,2026-01-23T11:34:57,6130799539,,610414745,downloaded,OK,3557112,5f333489c39b8d0531d00ec1ae216b9235c7a5fb5b274269232a8f71bd4805d6,aquatic_plant_images\Ceratophyllum_demersum\Ceratophyllum_demersum_GBIF_610414745.jpg
GBIF,Ceratophyllum demersum,https://inaturalist-open-data.s3.amazonaws.com/photos/607557199/original.jpg,http://creativecommons.org/licenses/by-nc/4.0/,False,James Phillips,James Phillips,United States of America,Texas,30.26078,-97.745358,2026-01-11T16:59:29,6131085245,,607557199,downloaded,OK,2537850,8b1ba550e0f08dd02612cd1b7d7ee2d4b89b738bcf9e3e368b1b1f32174c5e63,aquatic_plant_images\Ceratophyllum_demersum\Ceratophyllum_demersum_GBIF_607557199.jpg
GBIF,Ceratophyllum demersum,https://inaturalist-open-data.s3.amazonaws.com/photos/610482744/original.jpg,http://creativecommons.org/licenses/by-nc/4.0/,False,Moses J. Michelsohn,Moses J. Michelsohn,United States of America,Florida,30.597309,-85.555758,2026-01-05T15:05,6131156360,,610482744,downloaded,OK,1566512,5eb9da09a2854c9369c7b2d96c96339f6ebd8efa1764d75c5f4eab639b423d90,aquatic_plant_images\Ceratophyllum_demersum\Ceratophyllum_demersum_GBIF_610482744.jpg
GBIF,Ceratophyllum demersum,https://inaturalist-open-data.s3.amazonaws.com/photos/608162773/original.jpg,http://creativecommons.org/licenses/by-nc/4.0/,False,rkluzco,rkluzco,United States of America,Pennsylvania,41.078218,-76.13578,2026-01-15T10:00:19,6131186340,,608162773,downloaded,OK,1277563,6e6f796b84cb20a55dcf3261d88a8e347813d0be1739dc8d729a65b72e68df11,aquatic_plant_images\Ceratophyllum_demersum\Ceratophyllum_demersum_GBIF_608162773.jpg
GBIF,Ceratophyllum demersum,https://inaturalist-open-data.s3.amazonaws.com/photos/608162794/original.jpg,http://creativecommons.org/licenses/by-nc/4.0/,False,rkluzco,rkluzco,United States of America,Pennsylvania,41.078218,-76.13578,2026-01-15T10:00:19,6131186340,,608162794,downloaded,OK,1260082,c736e1e9ddd04c16b53352db04364631ceff1a7d2c393b1f5e4e3102f7853a05,aquatic_plant_images\Ceratophyllum_demersum\Ceratophyllum_demersum_GBIF_608162794.jpg
GBIF,Ceratophyllum demersum,https://inaturalist-open-data.s3.amazonaws.com/photos/609439730/original.jpg,http://creativecommons.org/licenses/by-nc/4.0/,False,Noopur🍀,Noopur🍀,India,Rajasthan,25.203011,75.791644,2026-01-20T14:55:46,6131413043,,609439730,downloaded,OK,1666231,de7238915baa4fdab25e6c50fad7320016f7d8853f06ff3e2ad9324b0be6bff9,aquatic_plant_images\Ceratophyllum_demersum\Ceratophyllum_demersum_GBIF_609439730.jpg
GBIF,Ceratophyllum demersum,https://inaturalist-open-data.s3.amazonaws.com/photos/607331454/original.jpg,http://creativecommons.org/licenses/by-nc/4.0/,False,rockeater,rockeater,United States of America,Florida,30.437363,-84.182088,2026-01-11T10:58:54,6131556838,,607331454,downloaded,OK,4204795,3932a39cab012acfddfe6f3a984e4eb0b79b07dee82c02be26ed898a75bd9684,aquatic_plant_images\Ceratophyllum_demersum\Ceratophyllum_demersum_GBIF_607331454.jpg
GBIF,Ceratophyllum demersum,https://inaturalist-open-data.s3.amazonaws.com/photos/609847604/original.jpg,http://creativecommons.org/licenses/by-nc/4.0/,False,James K. Wetterer,James K. Wetterer,United States of America,Florida,27.662228,-80.6447,2026-01-21T13:05:58,6131611813,,609847604,downloaded,OK,1075498,92417f64a17f18c7fa374ba966ef5766e2a0d441921610fc39a451d96badddd3,aquatic_plant_images\Ceratophyllum_demersum\Ceratophyllum_demersum_GBIF_609847604.jpg
GBIF,Ceratophyllum demersum,https://inaturalist-open-data.s3.amazonaws.com/photos/609794391/original.jpg,http://creativecommons.org/licenses/by-nc/4.0/,False,James K. Wetterer,James K. Wetterer,United States of America,Florida,27.662228,-80.6447,2026-01-21T13:05:58,6131611813,,609794391,downloaded,OK,1378849,42132f5a31d29e17e740d47b0116ced55b49cf7ce19fced99ab0052d7fa16367,aquatic_plant_images\Ceratophyllum_demersum\Ceratophyllum_demersum_GBIF_609794391.jpg
GBIF,Ceratophyllum demersum,https://observation.org/photos/143315098.jpg,http://creativecommons.org/licenses/by-nc-nd/4.0/,False,Jeffrey Huizenga,Jeffrey Huizenga,Netherlands,Friesland,53.4,6.15,2026-01-17,6151814491,,,downloaded,OK,139298,2ef4b14a55f9169af467bb73ac412705937e2efcb0ca30c63d89e3d58308dca6,aquatic_plant_images\Ceratophyllum_demersum\Ceratophyllum_demersum_GBIF_cb6b569d3809.jpg
GBIF,Ceratophyllum demersum,https://inaturalist-open-data.s3.amazonaws.com/photos/607969043/original.jpg,http://creativecommons.org/licenses/by/4.0/,True,Rocío Esmeralda Pose,Rocío Esmeralda Pose,Argentina,Río Negro,-41.964956,-71.534839,2026-01-13T17:58:50,6159349318,,607969043,downloaded,OK,2725094,3d4eb4c46e0433cffabf9cfffc965b6780e228e2aaa85eb2917cd120d4392e52,aquatic_plant_images\Ceratophyllum_demersum\Ceratophyllum_demersum_GBIF_607969043.jpg
GBIF,Ceratophyllum demersum,https://inaturalist-open-data.s3.amazonaws.com/photos/607969284/original.jpg,http://creativecommons.org/licenses/by/4.0/,True,Rocío Esmeralda Pose,Rocío Esmeralda Pose,Argentina,Río Negro,-41.964956,-71.534839,2026-01-13T17:58:50,6159349318,,607969284,downloaded,OK,2306618,9f0bf4762b7a4ff0ccddebd34f169b27733a746f4aa9242e29d17a89ef378f7c,aquatic_plant_images\Ceratophyllum_demersum\Ceratophyllum_demersum_GBIF_607969284.jpg
GBIF,Ceratophyllum demersum,https://inaturalist-open-data.s3.amazonaws.com/photos/610624159/original.jpg,http://creativecommons.org/licenses/by-nc/4.0/,False,hakkahamushi,hakkahamushi,Japan,Tokyo,35.611349,139.570531,2026-01-24T12:44,6185273374,,610624159,downloaded,OK,2177158,3f2cd5f5a0b3a112fd2aaf8bb5799ed035034a7e2ae789e2f01a790ed0bae4aa,aquatic_plant_images\Ceratophyllum_demersum\Ceratophyllum_demersum_GBIF_610624159.jpg
GBIF,Ceratophyllum demersum,https://inaturalist-open-data.s3.amazonaws.com/photos/610624056/original.jpg,http://creativecommons.org/licenses/by-nc/4.0/,False,hakkahamushi,hakkahamushi,Japan,Tokyo,35.656451,139.472633,2026-01-24T12:21,6185314451,,610624056,downloaded,OK,1851690,08994755d776de8a08928851e429e279ef80a1bc6133bc34676403ecc2fbb18c,aquatic_plant_images\Ceratophyllum_demersum\Ceratophyllum_demersum_GBIF_610624056.jpg
GBIF,Ceratophyllum demersum,https://inaturalist-open-data.s3.amazonaws.com/photos/610624067/original.jpg,http://creativecommons.org/licenses/by-nc/4.0/,False,hakkahamushi,hakkahamushi,Japan,Tokyo,35.656451,139.472633,2026-01-24T12:21,6185314451,,610624067,downloaded,OK,1674182,3aeb9b108cfdc11fa994280c948fedabc8ba84fb34e4c05b86c22b86e5775c1c,aquatic_plant_images\Ceratophyllum_demersum\Ceratophyllum_demersum_GBIF_610624067.jpg
GBIF,Ceratophyllum demersum,https://inaturalist-open-data.s3.amazonaws.com/photos/610624157/original.jpg,http://creativecommons.org/licenses/by-nc/4.0/,False,hakkahamushi,hakkahamushi,Japan,Tokyo,35.656451,139.472633,2026-01-24T12:21,6185314451,,610624157,downloaded,OK,1700066,6be025ec79896eafaedd5c957ed4f18693f77730973a75f7ec3ba96cfb0ae4bf,aquatic_plant_images\Ceratophyllum_demersum\Ceratophyllum_demersum_GBIF_610624157.jpg
GBIF,Ceratophyllum demersum,https://inaturalist-open-data.s3.amazonaws.com/photos/611104205/original.jpg,http://creativecommons.org/licenses/by-nc/4.0/,False,stacylc,stacylc,United States of America,Texas,30.189642,-96.671317,2026-01-16T16:00:45,6185794056,,611104205,downloaded,OK,3554921,e105a2283ef5e86e1c26e2918ceb3792c3d3401122d3e119065c5e84b2a36d62,aquatic_plant_images\Ceratophyllum_demersum\Ceratophyllum_demersum_GBIF_611104205.jpg
GBIF,Ceratophyllum demersum,https://inaturalist-open-data.s3.amazonaws.com/photos/606471502/original.jpg,http://creativecommons.org/licenses/by-nc/4.0/,False,Hēmi Tūtiri,Hēmi Tūtiri,New Zealand,Taranaki,-39.840981,174.681555,2026-01-09T10:01:25,6398580555,,606471502,downloaded,OK,1975874,19792bcc78833bbbac2c848ca9907ccc17488597f6a1e15b1f818ca5c909fd9a,aquatic_plant_images\Ceratophyllum_demersum\Ceratophyllum_demersum_GBIF_606471502.jpg
GBIF,Ceratophyllum demersum,https://inaturalist-open-data.s3.amazonaws.com/photos/606471555/original.jpg,http://creativecommons.org/licenses/by-nc/4.0/,False,Hēmi Tūtiri,Hēmi Tūtiri,New Zealand,Taranaki,-39.840981,174.681555,2026-01-09T10:01:25,6398580555,,606471555,downloaded,OK,1962941,338ac9dba8c119f823eece2acdb036644c8277b590e6a5c9b670b04e30381bbd,aquatic_plant_images\Ceratophyllum_demersum\Ceratophyllum_demersum_GBIF_606471555.jpg
GBIF,Ceratophyllum demersum,https://inaturalist-open-data.s3.amazonaws.com/photos/606471609/original.jpg,http://creativecommons.org/licenses/by-nc/4.0/,False,Hēmi Tūtiri,Hēmi Tūtiri,New Zealand,Taranaki,-39.840981,174.681555,2026-01-09T10:01:25,6398580555,,606471609,downloaded,OK,2213538,0318b9a0f695cb8d7ce3d95dba3c05b8a21b5498bfe8092f6ca6afd827183b2f,aquatic_plant_images\Ceratophyllum_demersum\Ceratophyllum_demersum_GBIF_606471609.jpg
GBIF,Ceratophyllum demersum,https://inaturalist-open-data.s3.amazonaws.com/photos/605792371/original.jpg,http://creativecommons.org/licenses/by-nc/4.0/,False,Jim Mitford-Taylor,Jim Mitford-Taylor,New Zealand,Wellington,-40.673767,175.093949,2026-01-06T12:00:04,6399139845,,605792371,downloaded,OK,3918296,cc4f8e34593a0ab8c95db03b4d68dc321bdb10517c65dd834f2cec4fb2eedacd,aquatic_plant_images\Ceratophyllum_demersum\Ceratophyllum_demersum_GBIF_605792371.jpg
GBIF,Ceratophyllum demersum,https://inaturalist-open-data.s3.amazonaws.com/photos/605792365/original.jpg,http://creativecommons.org/licenses/by-nc/4.0/,False,Jim Mitford-Taylor,Jim Mitford-Taylor,New Zealand,Wellington,-40.673767,175.093949,2026-01-06T12:00:04,6399139845,,605792365,downloaded,OK,3700859,e516d29d2d516e8841605ed225da18a36f8839f9301f6c6cf7805671797f7918,aquatic_plant_images\Ceratophyllum_demersum\Ceratophyllum_demersum_GBIF_605792365.jpg
GBIF,Ceratophyllum demersum,https://inaturalist-open-data.s3.amazonaws.com/photos/605792361/original.jpg,http://creativecommons.org/licenses/by-nc/4.0/,False,Jim Mitford-Taylor,Jim Mitford-Taylor,New Zealand,Wellington,-40.673767,175.093949,2026-01-06T12:00:04,6399139845,,605792361,downloaded,OK,3417863,ea2408192bba9476762adc2ce0ff1e1582a54d3481bbcf8e39c1c061ee3ac097,aquatic_plant_images\Ceratophyllum_demersum\Ceratophyllum_demersum_GBIF_605792361.jpg
GBIF,Ceratophyllum demersum,https://inaturalist-open-data.s3.amazonaws.com/photos/605792368/original.jpg,http://creativecommons.org/licenses/by-nc/4.0/,False,Jim Mitford-Taylor,Jim Mitford-Taylor,New Zealand,Wellington,-40.673767,175.093949,2026-01-06T12:00:04,6399139845,,605792368,downloaded,OK,4080448,28a9997e333e759c93e452223eb0520c2b41f80ba71651aa919dac764bb3088d,aquatic_plant_images\Ceratophyllum_demersum\Ceratophyllum_demersum_GBIF_605792368.jpg
GBIF,Ceratophyllum demersum,https://inaturalist-open-data.s3.amazonaws.com/photos/605792374/original.jpg,http://creativecommons.org/licenses/by-nc/4.0/,False,Jim Mitford-Taylor,Jim Mitford-Taylor,New Zealand,Wellington,-40.673767,175.093949,2026-01-06T12:00:04,6399139845,,605792374,downloaded,OK,3942028,9a37e3b47c1a2d45c5bd61b515951125caf48cc1ed7646f69613e587fa6d2fb2,aquatic_plant_images\Ceratophyllum_demersum\Ceratophyllum_demersum_GBIF_605792374.jpg
GBIF,Ceratophyllum demersum,https://inaturalist-open-data.s3.amazonaws.com/photos/605792372/original.jpg,http://creativecommons.org/licenses/by-nc/4.0/,False,Jim Mitford-Taylor,Jim Mitford-Taylor,New Zealand,Wellington,-40.673767,175.093949,2026-01-06T12:00:04,6399139845,,605792372,downloaded,OK,3839146,8de1dd8e2de5fdd7eedb284cc68627eaf1cfb10792705bb88e4f1ef5a7fd2eff,aquatic_plant_images\Ceratophyllum_demersum\Ceratophyllum_demersum_GBIF_605792372.jpg
GBIF,Ceratophyllum demersum,https://inaturalist-open-data.s3.amazonaws.com/photos/605792386/original.jpg,http://creativecommons.org/licenses/by-nc/4.0/,False,Jim Mitford-Taylor,Jim Mitford-Taylor,New Zealand,Wellington,-40.673767,175.093949,2026-01-06T12:00:04,6399139845,,605792386,downloaded,OK,3735320,4024a85e1485a87a15f7f9bffea5a3e9c6ee60515c74b85788ebb00ef91b07c2,aquatic_plant_images\Ceratophyllum_demersum\Ceratophyllum_demersum_GBIF_605792386.jpg
GBIF,Ceratophyllum demersum,https://inaturalist-open-data.s3.amazonaws.com/photos/605890041/original.jpg,http://creativecommons.org/publicdomain/zero/1.0/,True,Antón David Pérez Rodríguez,Antón David Pérez Rodríguez,Spain,Comunidad de Madrid,40.434411,-3.725537,2026-01-06T14:16:37,6499294502,,605890041,downloaded,OK,2840494,cea90a658d8826faa82a4a2ea3d4fd891c7bbbb2e479434040416cd008987224,aquatic_plant_images\Ceratophyllum_demersum\Ceratophyllum_demersum_GBIF_605890041.jpg
GBIF,Ceratophyllum demersum,https://inaturalist-open-data.s3.amazonaws.com/photos/605890058/original.jpg,http://creativecommons.org/publicdomain/zero/1.0/,True,Antón David Pérez Rodríguez,Antón David Pérez Rodríguez,Spain,Comunidad de Madrid,40.434411,-3.725537,2026-01-06T14:16:37,6499294502,,605890058,downloaded,OK,2638483,45d40acc90131c8f7eba396f21bd13e8ced90b48646907270b890ccc36c3479b,aquatic_plant_images\Ceratophyllum_demersum\Ceratophyllum_demersum_GBIF_605890058.jpg
GBIF,Ceratophyllum demersum,https://inaturalist-open-data.s3.amazonaws.com/photos/608162773/original.jpg,http://creativecommons.org/licenses/by-nc/4.0/,False,rkluzco,rkluzco,United States of America,Pennsylvania,41.078218,-76.13578,2026-01-15T10:00:19,6131186340,,608162773,skipped_duplicate,Duplicate URL/photo ID,,,
GBIF,Ceratophyllum demersum,https://inaturalist-open-data.s3.amazonaws.com/photos/608162794/original.jpg,http://creativecommons.org/licenses/by-nc/4.0/,False,rkluzco,rkluzco,United States of America,Pennsylvania,41.078218,-76.13578,2026-01-15T10:00:19,6131186340,,608162794,skipped_duplicate,Duplicate URL/photo ID,,,
GBIF,Elodea canadensis,https://images.mobot.org/RISScanning03/detailimages/RISScanning03/103607000/785834F0-BE4D-4D29-9E0A-F5DCBB9C950F.jpg,http://creativecommons.org/licenses/by-nc-sa/3.0/,False,MBG,B. Hammel,Costa Rica,Heredia,10.00056,-84.06685,2026-01-05,5937760726,,,downloaded,OK,39935,78596f341a92c7a1b36d82ecfddb528ad7dabe648ba7e9f3bdefb5cff5a994da,aquatic_plant_images\Elodea_canadensis\Elodea_canadensis_GBIF_fb1edd36df64.jpg
GBIF,Elodea canadensis,https://images.mobot.org/RISScanning03/detailimages/RISScanning03/103607000/930BB4EF-8399-4568-A15B-170D82DA12D5.jpg,http://creativecommons.org/licenses/by-nc-sa/3.0/,False,MBG,B. Hammel,Costa Rica,Heredia,10.00056,-84.06685,2026-01-05,5937760726,,,downloaded,OK,89582,6eab9f3b7c1e5dd9b5f04ac648344f380137d90bb01b41662e6ad953079f2e0e,aquatic_plant_images\Elodea_canadensis\Elodea_canadensis_GBIF_2da979f64b7c.jpg
GBIF,Elodea canadensis,https://images.mobot.org/RISScanning03/detailimages/RISScanning03/103607000/CB222576-5C38-471B-AFC0-A94415498C45.jpg,http://creativecommons.org/licenses/by-nc-sa/3.0/,False,MBG,B. Hammel,Costa Rica,Heredia,10.00056,-84.06685,2026-01-05,5937760726,,,downloaded,OK,102359,d749db7a1c23dcbcb407ede8d7aebafd95324b0677efa92aa150a4a35ecc7017,aquatic_plant_images\Elodea_canadensis\Elodea_canadensis_GBIF_28304ab6d57d.jpg
GBIF,Elodea canadensis,https://images.mobot.org/RISScanning03/detailimages/RISScanning03/103607000/E478E7CC-A840-471F-97F4-E4B62C363080.jpg,http://creativecommons.org/licenses/by-nc-sa/3.0/,False,MBG,B. Hammel,Costa Rica,Heredia,10.00056,-84.06685,2026-01-05,5937760726,,,downloaded,OK,65937,4b7277426bda3d88bd06f73b139fb1071f2cd750d91603b0779b967ef27c7c0d,aquatic_plant_images\Elodea_canadensis\Elodea_canadensis_GBIF_77e5b8e464f0.jpg
GBIF,Elodea canadensis,https://live.staticflickr.com/65535/55023430240_98c427e7b4_b.jpg,"Copyright by the creator. For license and creator details, see https://nabu-naturgucker-beobachtungen.de/?sprache=en&bild=-2018717098.",False,,,Germany,,47.705353,9.197165,2026-01-04T00:00,5937961511,,,downloaded,OK,438841,3770d6f47cc138ff92e9bcbf0176b1308f67ab60240ab05d6c627130e5e8c64a,aquatic_plant_images\Elodea_canadensis\Elodea_canadensis_GBIF_454b6416a2a5.jpg
GBIF,Elodea canadensis,https://live.staticflickr.com/65535/55021868128_4c921e7e93_b.jpg,"Copyright by the creator. For license and creator details, see https://nabu-naturgucker-beobachtungen.de/?sprache=en&bild=193727270.",False,,,Germany,,50.337914,8.767913,2026-01-02T00:00,5937961550,,,downloaded,OK,404679,85cac03c2b190b7d527f1073ba995a74e439ca98d8aa022fda3b24b7cf968f47,aquatic_plant_images\Elodea_canadensis\Elodea_canadensis_GBIF_2ed58bcbac5f.jpg
GBIF,Elodea canadensis,https://live.staticflickr.com/65535/55021738413_255150b1c1_b.jpg,"Copyright by the creator. For license and creator details, see https://nabu-naturgucker-beobachtungen.de/?sprache=en&bild=-344450351.",False,,,Germany,,53.096249,8.184156,2026-01-03T00:00,5937962031,,,downloaded,OK,122187,5e9d0396019fb918d28ef3718d07d8e3cfd8314df651440c6865550a38b1d501,aquatic_plant_images\Elodea_canadensis\Elodea_canadensis_GBIF_c52926df0e62.jpg
GBIF,Elodea canadensis,https://live.staticflickr.com/65535/55023280188_eb3b1b112b_b.jpg,"Copyright by the creator. For license and creator details, see https://nabu-naturgucker-beobachtungen.de/?sprache=en&bild=-921249492.",False,,,Germany,,47.741405,8.973931,2026-01-04T00:00,5937962446,,,downloaded,OK,168831,d279af1fd3c16f18a30f12c13c7a6ecfd39d65c1ac198918325abc4af5a58725,aquatic_plant_images\Elodea_canadensis\Elodea_canadensis_GBIF_50d4bc1ad2dd.jpg
GBIF,Elodea canadensis,https://live.staticflickr.com/65535/55016259517_42f3c07785_b.jpg,"Copyright by the creator. For license and creator details, see https://nabu-naturgucker-beobachtungen.de/?sprache=en&bild=1779436264.",False,,,Germany,,53.899887,10.746485,2026-01-01T00:00,5937962506,,,downloaded,OK,224007,b5df111330e07cfbd8e531757eca37fa0679927b69631e6e786d85d6a6af9a16,aquatic_plant_images\Elodea_canadensis\Elodea_canadensis_GBIF_6bc2bc6cd95f.jpg
GBIF,Elodea canadensis,https://live.staticflickr.com/65535/55023289413_a6b3f680c4_b.jpg,"Copyright by the creator. For license and creator details, see https://nabu-naturgucker-beobachtungen.de/?sprache=en&bild=-1528750774.",False,,,Germany,,47.705894,9.195713,2026-01-04T00:00,5937963064,,,downloaded,OK,371756,02a512d5ab82c0918188f8e7061e05ad4b6a3d74e429974039f3b8d8f527e2c4,aquatic_plant_images\Elodea_canadensis\Elodea_canadensis_GBIF_6f13b232a20e.jpg
GBIF,Elodea canadensis,https://live.staticflickr.com/65535/55021876855_e255e64327_b.jpg,"Copyright by the creator. For license and creator details, see https://nabu-naturgucker-beobachtungen.de/?sprache=en&bild=474378085.",False,,,Germany,,53.096249,8.184156,2026-01-03T00:00,5937964725,,,downloaded,OK,189545,8eb29dfb13dbd36d0ce8ccf2f7675da63644a3d46cc7a5c07cfba14200aff826,aquatic_plant_images\Elodea_canadensis\Elodea_canadensis_GBIF_1140c8518a43.jpg
GBIF,Elodea canadensis,https://live.staticflickr.com/65535/55020671172_28707ab6af_b.jpg,"Copyright by the creator. For license and creator details, see https://nabu-naturgucker-beobachtungen.de/?sprache=en&bild=1898073556.",False,,,Germany,,53.096249,8.184156,2026-01-03T00:00,5937964725,,,downloaded,OK,280287,807e1534ea8371cb9b9c2018f1d85c07a166e748c4a494b869c3e95f1d81f12e,aquatic_plant_images\Elodea_canadensis\Elodea_canadensis_GBIF_50c7061dc6cf.jpg
GBIF,Elodea canadensis,https://live.staticflickr.com/65535/55023902573_b87db9abf6_b.jpg,"Copyright by the creator. For license and creator details, see https://nabu-naturgucker-beobachtungen.de/?sprache=en&bild=-1192417582.",False,,,Germany,,53.48774,9.843922,2026-01-03T00:00,5937964829,,,downloaded,OK,97061,b156893f5e8e7122d12727037c6352c8547af1ff979fcfd221193ee2f147cc1a,aquatic_plant_images\Elodea_canadensis\Elodea_canadensis_GBIF_36ad76eca29a.jpg
GBIF,Elodea canadensis,https://live.staticflickr.com/65535/55020988271_45fa5c509a_b.jpg,"Copyright by the creator. For license and creator details, see https://nabu-naturgucker-beobachtungen.de/?sprache=en&bild=-1161599375.",False,,,Germany,,50.914337,6.917638,2026-01-03T00:00,5937965335,,,downloaded,OK,127386,13867a497413943793bb747b8cc09a2174cba0f93269febecd908ee3913bf70d,aquatic_plant_images\Elodea_canadensis\Elodea_canadensis_GBIF_6b6f97f0d9f5.jpg
GBIF,Elodea canadensis,https://live.staticflickr.com/65535/55022246482_5b16b26edb_b.jpg,"Copyright by the creator. For license and creator details, see https://nabu-naturgucker-beobachtungen.de/?sprache=en&bild=507337833.",False,,,Germany,,47.741562,8.973803,2026-01-04T00:00,5937966355,,,downloaded,OK,303617,51887f26a7e48f2b90c48f97a52cd9365a83ac7273c40e399286754d7fe3479a,aquatic_plant_images\Elodea_canadensis\Elodea_canadensis_GBIF_92e2032adb4d.jpg
GBIF,Elodea canadensis,https://live.staticflickr.com/65535/55019200476_2bae6dbb91_b.jpg,"Copyright by the creator. For license and creator details, see https://nabu-naturgucker-beobachtungen.de/?sprache=en&bild=-878068216.",False,,,Germany,,53.871609,11.174855,2026-01-02T00:00,5937967213,,,downloaded,OK,229226,1ad9a53a0a795956fed2610db0d9b40df1606eb4c2c3ab2c4ccfc281a961422b,aquatic_plant_images\Elodea_canadensis\Elodea_canadensis_GBIF_aa87eea5c390.jpg
GBIF,Elodea canadensis,https://live.staticflickr.com/65535/55023399359_5efae99d6c_b.jpg,"Copyright by the creator. For license and creator details, see https://nabu-naturgucker-beobachtungen.de/?sprache=en&bild=27329899.",False,,,Germany,,50.199581,8.942077,2026-01-04T00:00,5937967295,,,downloaded,OK,147219,e8f21e4f80d48f254aa1435cd6a9b68202c45a07453eececa002a0f003f2938c,aquatic_plant_images\Elodea_canadensis\Elodea_canadensis_GBIF_2a066731bafc.jpg
GBIF,Elodea canadensis,https://live.staticflickr.com/65535/55023394564_e9e452cfa8_b.jpg,"Copyright by the creator. For license and creator details, see https://nabu-naturgucker-beobachtungen.de/?sprache=en&bild=1297724457.",False,,,Germany,,50.199581,8.942077,2026-01-04T00:00,5937967295,,,downloaded,OK,202538,c3c0716c8bb7e692df1f9820887b65b246d2bf8fcdb37c7c31b4281cbd251fce,aquatic_plant_images\Elodea_canadensis\Elodea_canadensis_GBIF_82850a445995.jpg
GBIF,Elodea canadensis,https://live.staticflickr.com/65535/55023461130_3afefc27ac_b.jpg,"Copyright by the creator. For license and creator details, see https://nabu-naturgucker-beobachtungen.de/?sprache=en&bild=1816349972.",False,,,Germany,,50.199581,8.942077,2026-01-04T00:00,5937967295,,,downloaded,OK,169652,a1e339e5c2a1185e846b008f22430728c0a0b749df1a84e5c525aee0c4dd9575,aquatic_plant_images\Elodea_canadensis\Elodea_canadensis_GBIF_087250143ced.jpg
GBIF,Elodea canadensis,https://live.staticflickr.com/65535/55023347839_d3c6d1a664_b.jpg,"Copyright by the creator. For license and creator details, see https://nabu-naturgucker-beobachtungen.de/?sprache=en&bild=1842613799.",False,,,Germany,,47.741508,8.973696,2026-01-04T00:00,5937967774,,,downloaded,OK,477772,75d49298de7f98858b8b07cf5a31c786816cd2d9e4ee415ecd05aa4e66d06d05,aquatic_plant_images\Elodea_canadensis\Elodea_canadensis_GBIF_3cf8a53e2c64.jpg
GBIF,Elodea canadensis,https://live.staticflickr.com/65535/55023348049_9bb33a2184_b.jpg,"Copyright by the creator. For license and creator details, see https://nabu-naturgucker-beobachtungen.de/?sprache=en&bild=1007844330.",False,,,Germany,,47.741463,8.974156,2026-01-04T00:00,5937967843,,,downloaded,OK,409255,b6b3067a996fbefacafaf4cec39707dcc4e97fc15ad47f20f2324ee37f82a0e1,aquatic_plant_images\Elodea_canadensis\Elodea_canadensis_GBIF_c3eadf4e8894.jpg
GBIF,Elodea canadensis,https://live.staticflickr.com/65535/55023399993_2d39c976e6_b.jpg,"Copyright by the creator. For license and creator details, see https://nabu-naturgucker-beobachtungen.de/?sprache=en&bild=1108646444.",False,,,Germany,,52.27359,7.457511,2026-01-04T00:00,5937968009,,,downloaded,OK,195170,66b70930fbcf46734cb2ecf787be9ff495373536b97e0c92c4b76bff5d9e77f4,aquatic_plant_images\Elodea_canadensis\Elodea_canadensis_GBIF_93c08076b10c.jpg
GBIF,Elodea canadensis,https://live.staticflickr.com/65535/55023541715_ac333c92ed_b.jpg,"Copyright by the creator. For license and creator details, see https://nabu-naturgucker-beobachtungen.de/?sprache=en&bild=1471435715.",False,,,Germany,,52.27359,7.457511,2026-01-04T00:00,5937968009,,,downloaded,OK,322805,d24d03c3fbb7539deb40f97c27cabe62371bf02ecda88c0512835b54c83b6624,aquatic_plant_images\Elodea_canadensis\Elodea_canadensis_GBIF_1c04cfdf08a3.jpg
GBIF,Elodea canadensis,https://live.staticflickr.com/65535/55023217901_4fdb54bff0_b.jpg,"Copyright by the creator. For license and creator details, see https://nabu-naturgucker-beobachtungen.de/?sprache=en&bild=1977448793.",False,,,Germany,,52.27359,7.457511,2026-01-04T00:00,5937968009,,,downloaded,OK,221072,6fcfc5ddc6ce93aea76e97323a7b30e4a3de8642bd8bae24932bffadf761734c,aquatic_plant_images\Elodea_canadensis\Elodea_canadensis_GBIF_3fc81b03b123.jpg
GBIF,Elodea canadensis,https://live.staticflickr.com/65535/55023215666_df6b5f118d_b.jpg,"Copyright by the creator. For license and creator details, see https://nabu-naturgucker-beobachtungen.de/?sprache=en&bild=-440997706.",False,,,Germany,,52.27359,7.457511,2026-01-04T00:00,5937968392,,,downloaded,OK,131395,2f115d7c692f4d0952566a460a068ed537918faea4c34e3e6f33aa2f40ed384c,aquatic_plant_images\Elodea_canadensis\Elodea_canadensis_GBIF_168629be8472.jpg
GBIF,Elodea canadensis,https://live.staticflickr.com/65535/55023539800_a3ca85d89b_b.jpg,"Copyright by the creator. For license and creator details, see https://nabu-naturgucker-beobachtungen.de/?sprache=en&bild=2005371074.",False,,,Germany,,52.27359,7.457511,2026-01-04T00:00,5937968392,,,downloaded,OK,314058,c75c0dd6925c8c065506167f96f0f575d17a46defa877c7c1ce8e6845d212b6b,aquatic_plant_images\Elodea_canadensis\Elodea_canadensis_GBIF_08bd4e59eff2.jpg
GBIF,Elodea canadensis,https://live.staticflickr.com/65535/55020450787_3310ae7720_b.jpg,"Copyright by the creator. For license and creator details, see https://nabu-naturgucker-beobachtungen.de/?sprache=en&bild=-1638822808.",False,,,Germany,,52.453976,9.871361,2026-01-03T00:00,5937968478,,,downloaded,OK,345690,db2d3526385c053490456890c17b2ebc7ab4340d585d10fd1467638d78cdb4ff,aquatic_plant_images\Elodea_canadensis\Elodea_canadensis_GBIF_e039b5d034b8.jpg
GBIF,Elodea canadensis,https://live.staticflickr.com/65535/55021587179_b7b1dc67da_b.jpg,"Copyright by the creator. For license and creator details, see https://nabu-naturgucker-beobachtungen.de/?sprache=en&bild=-1246928428.",False,,,Germany,,52.453976,9.871361,2026-01-03T00:00,5937968478,,,downloaded,OK,371781,4f7a7f93007d0dfd8e7292c4c28163aabd157d7a14f7469c72d7e3fc8ed656cc,aquatic_plant_images\Elodea_canadensis\Elodea_canadensis_GBIF_4c3034520a45.jpg
GBIF,Elodea canadensis,https://live.staticflickr.com/65535/55023430580_6d7455fa2b_b.jpg,"Copyright by the creator. For license and creator details, see https://nabu-naturgucker-beobachtungen.de/?sprache=en&bild=806000370.",False,,,Germany,,47.705372,9.194717,2026-01-04T00:00,5937968872,,,downloaded,OK,116149,96f59ec0b5318c868919290c0f5674df23127d8ea3888eab47f1670a5c5c34b8,aquatic_plant_images\Elodea_canadensis\Elodea_canadensis_GBIF_9a45018b678f.jpg
GBIF,Elodea canadensis,https://live.staticflickr.com/65535/55017404409_e500692e29_b.jpg,"Copyright by the creator. For license and creator details, see https://nabu-naturgucker-beobachtungen.de/?sprache=en&bild=1445006997.",False,,,Germany,,53.899887,10.746485,2026-01-01T00:00,5937969155,,,downloaded,OK,237546,838882b4e79a52d1ede2f58cda91acb8545c1cb0cea249c9e22324c1c71acb5d,aquatic_plant_images\Elodea_canadensis\Elodea_canadensis_GBIF_a77809ec6811.jpg
GBIF,Elodea canadensis,https://live.staticflickr.com/65535/55023420390_172e59080f_b.jpg,"Copyright by the creator. For license and creator details, see https://nabu-naturgucker-beobachtungen.de/?sprache=en&bild=226258224.",False,,,Germany,,50.092457,10.244976,2026-01-04T00:00,5937969270,,,downloaded,OK,296598,86cf711a5797cd04519f5cc861a42dbed34dc838425a64e4c5feabba3a45a1c9,aquatic_plant_images\Elodea_canadensis\Elodea_canadensis_GBIF_41767160f44f.jpg
GBIF,Elodea canadensis,https://live.staticflickr.com/65535/55023468924_91a74db875_b.jpg,"Copyright by the creator. For license and creator details, see https://nabu-naturgucker-beobachtungen.de/?sprache=en&bild=-2013273738.",False,,,Germany,,52.27359,7.457511,2026-01-04T00:00,5937969479,,,downloaded,OK,260503,c98ec881d23f750802c7715c475ad392876533ffee2672af9585c6f81dacfbdc,aquatic_plant_images\Elodea_canadensis\Elodea_canadensis_GBIF_d942ed2b4132.jpg
GBIF,Elodea canadensis,https://live.staticflickr.com/65535/55023212836_fd3f851b49_b.jpg,"Copyright by the creator. For license and creator details, see https://nabu-naturgucker-beobachtungen.de/?sprache=en&bild=798915752.",False,,,Germany,,52.27359,7.457511,2026-01-04T00:00,5937969479,,,downloaded,OK,224466,d1b138b30c30a2b24ab1ece3faffb6859f0ebf6b70833f6be352bed617267b6c,aquatic_plant_images\Elodea_canadensis\Elodea_canadensis_GBIF_3592def4bb0b.jpg
GBIF,Elodea canadensis,https://live.staticflickr.com/65535/55023394893_552548e112_b.jpg,"Copyright by the creator. For license and creator details, see https://nabu-naturgucker-beobachtungen.de/?sprache=en&bild=1412775383.",False,,,Germany,,52.27359,7.457511,2026-01-04T00:00,5937969479,,,downloaded,OK,158116,07c1c6ff867250655ddaa9046c0a1d4e0a7549a8c9fceffc8be71b9519c97a7f,aquatic_plant_images\Elodea_canadensis\Elodea_canadensis_GBIF_a84e8dd7416e.jpg
GBIF,Elodea canadensis,https://live.staticflickr.com/65535/55023985809_23bf9a22c1_b.jpg,"Copyright by the creator. For license and creator details, see https://nabu-naturgucker-beobachtungen.de/?sprache=en&bild=-1586073708.",False,,,Germany,,53.48774,9.843922,2026-01-03T00:00,5937969769,,,downloaded,OK,113180,383896e57b2a53dd7ffee012e4b7ffa6653e9ff75a6d078feec2548ddb3036cb,aquatic_plant_images\Elodea_canadensis\Elodea_canadensis_GBIF_4082255d40cd.jpg
GBIF,Elodea canadensis,https://live.staticflickr.com/65535/55023915223_2fe4b0e9a0_b.jpg,"Copyright by the creator. For license and creator details, see https://nabu-naturgucker-beobachtungen.de/?sprache=en&bild=1955062191.",False,,,Germany,,53.48774,9.843922,2026-01-03T00:00,5937969798,,,downloaded,OK,131523,00e8d1961ed6143533814740956718013d242bd343a2540da09881dd54d8c2cb,aquatic_plant_images\Elodea_canadensis\Elodea_canadensis_GBIF_73ba94cf2eb7.jpg
GBIF,Elodea canadensis,https://live.staticflickr.com/65535/55023104956_36563c121f_b.jpg,"Copyright by the creator. For license and creator details, see https://nabu-naturgucker-beobachtungen.de/?sprache=en&bild=-503484192.",False,,,Germany,,47.705353,9.197137,2026-01-04T00:00,5937970763,,,downloaded,OK,381667,785f7dee161f4e57fa69ae5489c4877dd4a121f280fcb6e5c2304f8390df1153,aquatic_plant_images\Elodea_canadensis\Elodea_canadensis_GBIF_6e4b1a82891f.jpg
GBIF,Elodea canadensis,https://inaturalist-open-data.s3.amazonaws.com/photos/604960242/original.jpg,http://creativecommons.org/licenses/by-nc/4.0/,False,Kayla,Kayla,Canada,Ontario,42.66452,-80.482184,2026-01-02T14:37:08,5938027459,,604960242,downloaded,OK,821710,88c48094810b054c7ce079042e3fd99971f3805ee0aaefc0567e4822b252d795,aquatic_plant_images\Elodea_canadensis\Elodea_canadensis_GBIF_604960242.jpg
GBIF,Elodea canadensis,https://inaturalist-open-data.s3.amazonaws.com/photos/604960258/original.jpg,http://creativecommons.org/licenses/by-nc/4.0/,False,Kayla,Kayla,Canada,Ontario,42.66452,-80.482184,2026-01-02T14:37:08,5938027459,,604960258,downloaded,OK,916452,f090d42638723f2d925318b18054648e4271f9c5cdc6dc7c9cfa57e09cf12597,aquatic_plant_images\Elodea_canadensis\Elodea_canadensis_GBIF_604960258.jpg
GBIF,Heteranthera dubia,https://inaturalist-open-data.s3.amazonaws.com/photos/630539273/original.jpg,http://creativecommons.org/licenses/by-nc/4.0/,False,sydblack,sydblack,United States of America,Texas,26.079864,-98.141022,2026-03-28T11:43:40,6185010068,,630539273,downloaded,OK,4176672,58857df269f0020a6940b13e906f1c4d294d09a34bf584bd4cf5bd46ecffdf05,aquatic_plant_images\Heteranthera_dubia\Heteranthera_dubia_GBIF_630539273.jpg
GBIF,Heteranthera dubia,https://inaturalist-open-data.s3.amazonaws.com/photos/635561428/original.jpg,http://creativecommons.org/licenses/by-nc/4.0/,False,Michael Orgill,Michael Orgill,United States of America,Texas,28.824411,-97.028898,2026-04-03T15:22,6195947203,,635561428,downloaded,OK,415547,5b0482b52ac347075b4510ae286d48f51b6ad48cae82e1dbf0a679ac30fbd8e7,aquatic_plant_images\Heteranthera_dubia\Heteranthera_dubia_GBIF_635561428.jpg
GBIF,Heteranthera dubia,https://inaturalist-open-data.s3.amazonaws.com/photos/636632958/original.jpg,http://creativecommons.org/licenses/by-nc/4.0/,False,Derek Muschalek,Derek Muschalek,United States of America,Texas,28.822295,-97.017308,2026-04-11T13:29:11,6234633076,,636632958,downloaded,OK,4206861,bf57830ddcbc227f909e7e20153b81c57f94e9a52e1518123fffa65adb5ea289,aquatic_plant_images\Heteranthera_dubia\Heteranthera_dubia_GBIF_636632958.jpg
GBIF,Heteranthera dubia,https://inaturalist-open-data.s3.amazonaws.com/photos/641689051/original.jpg,http://creativecommons.org/licenses/by-nc/4.0/,False,ISIS López castro,ISIS López castro,Mexico,Oaxaca,16.489676,-95.154904,2026-04-08T09:34,6321126800,,641689051,downloaded,OK,812997,48075513b9b4423c0e5a3936616397999ec2cf1e730b59c74afb6b1bc8670936,aquatic_plant_images\Heteranthera_dubia\Heteranthera_dubia_GBIF_641689051.jpg
GBIF,Heteranthera dubia,https://inaturalist-open-data.s3.amazonaws.com/photos/641690054/original.jpg,http://creativecommons.org/licenses/by-nc/4.0/,False,ISIS López castro,ISIS López castro,Mexico,Oaxaca,16.489676,-95.154904,2026-04-08T09:34,6321126800,,641690054,downloaded,OK,744647,3191ca649245d3291de4532a8c1b956a4888eab742e2199c9320f28ba3945e46,aquatic_plant_images\Heteranthera_dubia\Heteranthera_dubia_GBIF_641690054.jpg
GBIF,Heteranthera dubia,https://inaturalist-open-data.s3.amazonaws.com/photos/641690065/original.jpg,http://creativecommons.org/licenses/by-nc/4.0/,False,ISIS López castro,ISIS López castro,Mexico,Oaxaca,16.489676,-95.154904,2026-04-08T09:34,6321126800,,641690065,downloaded,OK,797805,d71e51ae99fb1e2ac53d35f8c1bb6d17b248eb6c773a55cb45b14423a9688edf,aquatic_plant_images\Heteranthera_dubia\Heteranthera_dubia_GBIF_641690065.jpg
GBIF,Heteranthera dubia,https://inaturalist-open-data.s3.amazonaws.com/photos/662680309/original.jpg,http://creativecommons.org/licenses/by-nc/4.0/,False,Piper Lou,Piper Lou,United States of America,Texas,29.856631,-97.897857,2026-05-17T14:23:54,6333873712,,662680309,downloaded,OK,734348,e02af75c60ec91a98ad11b3c496e5ffa55beb415796c89b5adcb5776d1c999f2,aquatic_plant_images\Heteranthera_dubia\Heteranthera_dubia_GBIF_662680309.jpg
GBIF,Heteranthera dubia,https://inaturalist-open-data.s3.amazonaws.com/photos/681832008/original.jpg,http://creativecommons.org/licenses/by-nc/4.0/,False,Charlotte Way,Charlotte Way,United States of America,New York,43.017658,-78.778337,2026-06-18T15:06:27,6413148699,,681832008,downloaded,OK,2669106,defabcdd083e99fbf92d8d045195e1f1313c456b09974e1b958409d52fc5b825,aquatic_plant_images\Heteranthera_dubia\Heteranthera_dubia_GBIF_681832008.jpg
GBIF,Heteranthera dubia,https://inaturalist-open-data.s3.amazonaws.com/photos/688695236/original.jpg,http://creativecommons.org/licenses/by-nc/4.0/,False,rkluzco,rkluzco,United States of America,Pennsylvania,41.214658,-75.984449,2026-06-29T10:21:47,6422338546,,688695236,downloaded,OK,2003938,8d922ba7a4a860a07c35bf111f7761ae429fa4caebcd74e6868c895fd3920db1,aquatic_plant_images\Heteranthera_dubia\Heteranthera_dubia_GBIF_688695236.jpg
GBIF,Heteranthera dubia,https://inaturalist-open-data.s3.amazonaws.com/photos/689611685/original.jpg,http://creativecommons.org/licenses/by/4.0/,True,Bria Abeles-Allison,Bria Abeles-Allison,United States of America,Minnesota,44.787956,-93.141014,2026-06-30T10:04:29,6431851698,,689611685,downloaded,OK,1529294,82e85a9d53f6818313556cbe73d7b220af89d93d21d6c765287ca6b88d0e3795,aquatic_plant_images\Heteranthera_dubia\Heteranthera_dubia_GBIF_689611685.jpg
GBIF,Heteranthera dubia,https://inaturalist-open-data.s3.amazonaws.com/photos/689611714/original.jpg,http://creativecommons.org/licenses/by/4.0/,True,Bria Abeles-Allison,Bria Abeles-Allison,United States of America,Minnesota,44.787956,-93.141014,2026-06-30T10:04:29,6431851698,,689611714,downloaded,OK,564522,f8034d2589b8bb07b54b85891240b4065a29033f8bb13b95393f6dde5709fb68,aquatic_plant_images\Heteranthera_dubia\Heteranthera_dubia_GBIF_689611714.jpg
GBIF,Heteranthera dubia,https://inaturalist-open-data.s3.amazonaws.com/photos/689611756/original.jpg,http://creativecommons.org/licenses/by/4.0/,True,Bria Abeles-Allison,Bria Abeles-Allison,United States of America,Minnesota,44.787956,-93.141014,2026-06-30T10:04:29,6431851698,,689611756,downloaded,OK,1684795,c2b5bff9947337522601aed56454136a4341cfe6513ae5492188b7b3bb59f992,aquatic_plant_images\Heteranthera_dubia\Heteranthera_dubia_GBIF_689611756.jpg
GBIF,Heteranthera dubia,https://inaturalist-open-data.s3.amazonaws.com/photos/689611796/original.jpg,http://creativecommons.org/licenses/by/4.0/,True,Bria Abeles-Allison,Bria Abeles-Allison,United States of America,Minnesota,44.787956,-93.141014,2026-06-30T10:04:29,6431851698,,689611796,downloaded,OK,1495971,42b000298ed3ce77560b119c6917a2a85cfe37fffb72060a06f64d17a310735b,aquatic_plant_images\Heteranthera_dubia\Heteranthera_dubia_GBIF_689611796.jpg
GBIF,Heteranthera dubia,https://inaturalist-open-data.s3.amazonaws.com/photos/689611837/original.jpg,http://creativecommons.org/licenses/by/4.0/,True,Bria Abeles-Allison,Bria Abeles-Allison,United States of America,Minnesota,44.787956,-93.141014,2026-06-30T10:04:29,6431851698,,689611837,downloaded,OK,1882919,9f7a26acf4a44f896d41789514628e4f28989e1a08d06cef8e44d08445c771fc,aquatic_plant_images\Heteranthera_dubia\Heteranthera_dubia_GBIF_689611837.jpg
GBIF,Heteranthera dubia,https://inaturalist-open-data.s3.amazonaws.com/photos/688663890/original.jpg,http://creativecommons.org/licenses/by-nc/4.0/,False,Graham Buck,Graham Buck,Canada,Ontario,43.415413,-80.130657,2026-06-29T13:06:24,6441525558,,688663890,downloaded,OK,1527876,c084eaf755d2bb233ee348e14468799b2eb52099c1304d9bdc78650660f992b3,aquatic_plant_images\Heteranthera_dubia\Heteranthera_dubia_GBIF_688663890.jpg
GBIF,Heteranthera dubia,https://inaturalist-open-data.s3.amazonaws.com/photos/692086008/original.jpg,http://creativecommons.org/licenses/by-nc/4.0/,False,Drew Chaney,Drew Chaney,United States of America,Virginia,38.156264,-78.853351,2026-06-29T01:06,6518453950,,692086008,downloaded,OK,1987261,92588931caf81b7165d0be525401156b4811c799b3e80d61d65b3a61e5e3e6ea,aquatic_plant_images\Heteranthera_dubia\Heteranthera_dubia_GBIF_692086008.jpg
GBIF,Heteranthera dubia,https://inaturalist-open-data.s3.amazonaws.com/photos/690966142/original.jpg,http://creativecommons.org/licenses/by-nc/4.0/,False,jessie_wood,jessie_wood,United States of America,Virginia,38.399247,-78.62548,2026-07-03T11:15,6431579342,,690966142,downloaded,OK,3379908,cc632c4a626ca5a04bdaa7b9ddba72c64774e666f818b1497fdb098e2f80d9d6,aquatic_plant_images\Heteranthera_dubia\Heteranthera_dubia_GBIF_690966142.jpg
GBIF,Heteranthera dubia,https://inaturalist-open-data.s3.amazonaws.com/photos/689847902/original.jpg,http://creativecommons.org/licenses/by-nc/4.0/,False,meleagle,meleagle,United States of America,Kentucky,36.893709,-88.05486,2026-07-01T08:10,6431836054,,689847902,downloaded,OK,1289929,8923d0c9e0eb13c585ea410f034ac50c67e9df4472fd67bb9e4e7d37d4027e7f,aquatic_plant_images\Heteranthera_dubia\Heteranthera_dubia_GBIF_689847902.jpg
GBIF,Heteranthera dubia,https://inaturalist-open-data.s3.amazonaws.com/photos/694095508/original.jpg,http://creativecommons.org/licenses/by-nc/4.0/,False,sls42,sls42,United States of America,Minnesota,44.786486,-93.143957,2026-07-04T06:48,6441091527,,694095508,downloaded,OK,1130698,44f5883884ae8acee1b37d673bb5b29715a2f1d9423f4c1257a944dbcd92270b,aquatic_plant_images\Heteranthera_dubia\Heteranthera_dubia_GBIF_694095508.jpg
GBIF,Heteranthera dubia,https://inaturalist-open-data.s3.amazonaws.com/photos/696938976/original.jpg,http://creativecommons.org/licenses/by-nc/4.0/,False,FrostLeaf,FrostLeaf,United States of America,Minnesota,45.137507,-93.444956,2026-07-12T13:09:05,6441917030,,696938976,downloaded,OK,2076239,7729445b5d958073c288422198da06c9cdc7907b910a735e9b190748b306c914,aquatic_plant_images\Heteranthera_dubia\Heteranthera_dubia_GBIF_696938976.jpg
GBIF,Heteranthera dubia,https://inaturalist-open-data.s3.amazonaws.com/photos/698731312/original.jpg,http://creativecommons.org/publicdomain/zero/1.0/,True,Bonnie Isaac,Bonnie Isaac,United States of America,Pennsylvania,42.095074,-80.067246,2026-07-14T13:40,6451755058,,698731312,downloaded,OK,1262209,63566589c0eb0e95147c6764be47a704b02aa32ff6dc455a6bf350d5218e99c9,aquatic_plant_images\Heteranthera_dubia\Heteranthera_dubia_GBIF_698731312.jpg
GBIF,Heteranthera dubia,https://inaturalist-open-data.s3.amazonaws.com/photos/699622841/original.jpg,http://creativecommons.org/licenses/by-nc/4.0/,False,Peyton Robbins,Peyton Robbins,United States of America,Vermont,43.828991,-73.38606,2026-07-17T12:04:19,6451782612,,699622841,downloaded,OK,2037015,70aa44b8223cf0ff9894d80916f9c9a21fd01c1a9a8251b326f89df1d6155412,aquatic_plant_images\Heteranthera_dubia\Heteranthera_dubia_GBIF_699622841.jpg
GBIF,Heteranthera dubia,https://inaturalist-open-data.s3.amazonaws.com/photos/700227861/original.jpg,http://creativecommons.org/licenses/by/4.0/,True,Bob,Bob,United States of America,Minnesota,44.831281,-93.381474,2026-07-18T11:06:50,6452167309,,700227861,downloaded,OK,980563,3a9821486a70371734f5d83f263b94840a9a9112a34300412eda1a84720379d5,aquatic_plant_images\Heteranthera_dubia\Heteranthera_dubia_GBIF_700227861.jpg
GBIF,Heteranthera dubia,https://inaturalist-open-data.s3.amazonaws.com/photos/699497228/original.jpg,http://creativecommons.org/licenses/by-nc/4.0/,False,Isabella Barbero,Isabella Barbero,United States of America,Pennsylvania,41.604737,-80.152917,2026-07-16T14:21:40,6452303369,,699497228,downloaded,OK,3227119,1e0f59d3964b859b6d30f1d0cdff285913f430ef2717da32a0291b15ec596d03,aquatic_plant_images\Heteranthera_dubia\Heteranthera_dubia_GBIF_699497228.jpg
GBIF,Heteranthera dubia,https://inaturalist-open-data.s3.amazonaws.com/photos/700229762/original.jpg,http://creativecommons.org/licenses/by-nc/4.0/,False,Sue,Sue,United States of America,Minnesota,44.870073,-93.33228,2026-07-18T11:09:41,6452348846,,700229762,downloaded,OK,2268502,4f71177e990647de009048c844e8a1f71a0c6c823998c17c76879da4f05b187d,aquatic_plant_images\Heteranthera_dubia\Heteranthera_dubia_GBIF_700229762.jpg
GBIF,Heteranthera dubia,https://inaturalist-open-data.s3.amazonaws.com/photos/699100629/original.jpg,http://creativecommons.org/licenses/by-nc/4.0/,False,Emily Cowles,Emily Cowles,United States of America,Arizona,33.515533,-111.679122,2026-07-16T08:49:34,6452397752,,699100629,downloaded,OK,4241266,c75f1138edb1e46a528afe693415059e99fd992fb8f17c432d32048474391dfd,aquatic_plant_images\Heteranthera_dubia\Heteranthera_dubia_GBIF_699100629.jpg
GBIF,Heteranthera dubia,https://inaturalist-open-data.s3.amazonaws.com/photos/700528225/original.jpg,http://creativecommons.org/licenses/by-nc/4.0/,False,williamwanders,williamwanders,United States of America,Minnesota,45.285079,-93.290617,2026-07-18T16:38:37,6452500751,,700528225,downloaded,OK,3890089,34a6060dc9e06b5e9a1d94a20ccf5f662e1b33b4d5b0a675aff4f4e25be8a0ac,aquatic_plant_images\Heteranthera_dubia\Heteranthera_dubia_GBIF_700528225.jpg
GBIF,Heteranthera dubia,https://inaturalist-open-data.s3.amazonaws.com/photos/699633039/original.jpg,http://creativecommons.org/licenses/by-nc/4.0/,False,atatone,atatone,United States of America,Virginia,38.641809,-78.529794,2026-07-17T12:21:35,6452551432,,699633039,downloaded,OK,2369126,bcaed684ee449f14404425f3d145768c40cba7945c0d34901d587b473b3e044d,aquatic_plant_images\Heteranthera_dubia\Heteranthera_dubia_GBIF_699633039.jpg
GBIF,Heteranthera dubia,https://inaturalist-open-data.s3.amazonaws.com/photos/701656995/original.jpg,http://creativecommons.org/licenses/by-nc/4.0/,False,Charles Anderson,Charles Anderson,United States of America,Ohio,41.178532,-81.305893,2026-07-20T12:35:50,6452656601,,701656995,downloaded,OK,1864901,3940d772042701aff76efe07f0432c07429358d209c7d722757d18e6ea90279c,aquatic_plant_images\Heteranthera_dubia\Heteranthera_dubia_GBIF_701656995.jpg
GBIF,Heteranthera dubia,https://inaturalist-open-data.s3.amazonaws.com/photos/705700031/original.jpg,http://creativecommons.org/licenses/by-nc/4.0/,False,Brian Charles,Brian Charles,United States of America,Minnesota,45.095225,-92.995456,2026-07-20T20:14:43,6469674495,,705700031,downloaded,OK,2564646,737eec91432e6a3ad3de166595e34be9954df536d322955d98db61f8abc233f5,aquatic_plant_images\Heteranthera_dubia\Heteranthera_dubia_GBIF_705700031.jpg
GBIF,Heteranthera dubia,https://inaturalist-open-data.s3.amazonaws.com/photos/701878291/original.jpg,http://creativecommons.org/licenses/by-nc/4.0/,False,aodhankk,aodhankk,United States of America,Virginia,38.656987,-78.537242,2026-07-20T12:57:50,6470050670,,701878291,downloaded,OK,4382759,93e6ac1ab988978f9ccb17b9c9f39044939f02b8d74741a3265b3143106cd5bd,aquatic_plant_images\Heteranthera_dubia\Heteranthera_dubia_GBIF_701878291.jpg
GBIF,Heteranthera dubia,https://inaturalist-open-data.s3.amazonaws.com/photos/702129369/original.jpg,http://creativecommons.org/licenses/by-nc/4.0/,False,aodhankk,aodhankk,United States of America,Virginia,38.656987,-78.537242,2026-07-20T12:57:50,6470050670,,702129369,downloaded,OK,4664680,6c5e0f125213a21ba283264b01c8b35cb9a48f0b5818f9ed9e7c39149af15de1,aquatic_plant_images\Heteranthera_dubia\Heteranthera_dubia_GBIF_702129369.jpg
GBIF,Heteranthera dubia,https://inaturalist-open-data.s3.amazonaws.com/photos/681832008/original.jpg,http://creativecommons.org/licenses/by-nc/4.0/,False,Charlotte Way,Charlotte Way,United States of America,New York,43.017658,-78.778337,2026-06-18T15:06:27,6413148699,,681832008,skipped_duplicate,Duplicate URL/photo ID,,,
GBIF,Hydrocharis morsus-ranae,https://observation.org/photos/145985943.jpg,http://creativecommons.org/licenses/by-nc-nd/4.0/,False,JanLR,JanLR,Netherlands,Gelderland,51.95,5.9,2026-03-26,6182570677,,,downloaded,OK,170745,b5f395837350b3d5c1788024c5bb928eec17de692a2fe4957362ead0d9adcbe6,aquatic_plant_images\Hydrocharis_morsus-ranae\Hydrocharis_morsus-ranae_GBIF_84b0b9101361.jpg
GBIF,Hydrocharis morsus-ranae,https://observation.org/photos/148183963.jpg,http://creativecommons.org/licenses/by-nc-nd/4.0/,False,Angela de Wild,Angela de Wild,Netherlands,Gelderland,52.1,5.5,2026-04-19,6213192137,,,downloaded,OK,385529,d0a1bbb5c6f19f1f534a04559d671536c3984a901307258eaa01baf3038fedc3,aquatic_plant_images\Hydrocharis_morsus-ranae\Hydrocharis_morsus-ranae_GBIF_10ef5c3affb4.jpg
GBIF,Hydrocharis morsus-ranae,https://observation.org/photos/147690750.jpg,http://creativecommons.org/licenses/by-nc-nd/4.0/,False,aittersu,aittersu,Netherlands,Overijssel,52.55,6.0,2026-04-15,6213385274,,,downloaded,OK,116644,fc89b7a38a2037addb12fd736697a514f983b154ddce092c885b7313bc0dc0ec,aquatic_plant_images\Hydrocharis_morsus-ranae\Hydrocharis_morsus-ranae_GBIF_727c88ba4392.jpg
GBIF,Hydrocharis morsus-ranae,https://observation.org/photos/148433592.jpg,http://creativecommons.org/licenses/by-nc-nd/4.0/,False,Peter Schaft,Peter Schaft,Netherlands,Noord-Brabant,51.65,4.85,2026-04-21,6227403572,,,downloaded,OK,192776,cadc6afba6e58e3cdb9b191fea40ecffa2a9442a343c4d730313bbba6697893b,aquatic_plant_images\Hydrocharis_morsus-ranae\Hydrocharis_morsus-ranae_GBIF_1d5f840f8b72.jpg
GBIF,Hydrocharis morsus-ranae,https://observation.org/photos/148482453.jpg,http://creativecommons.org/licenses/by-nc-nd/4.0/,False,Levi van der Horst,Levi van der Horst,Netherlands,Overijssel,52.6,5.95,2026-04-22,6227410383,,,downloaded,OK,251543,95a8d0f2fe9c9ea22d63dc6a5d0dc61b7008675cfb630412bff8e35d51355adc,aquatic_plant_images\Hydrocharis_morsus-ranae\Hydrocharis_morsus-ranae_GBIF_e351f363badb.jpg
GBIF,Hydrocharis morsus-ranae,https://observation.org/photos/148853787.jpg,http://creativecommons.org/licenses/by-nc-nd/4.0/,False,Anita Abbing,Anita Abbing,Netherlands,Gelderland,51.85,6.35,2026-04-25,6227801324,,,downloaded,OK,308005,19d7a38de9d397b65672a94c3925e0c1a59e024d7dea66915ef84394f141b6eb,aquatic_plant_images\Hydrocharis_morsus-ranae\Hydrocharis_morsus-ranae_GBIF_e388942a18c2.jpg
GBIF,Hydrocharis morsus-ranae,https://observation.org/photos/148482527.jpg,http://creativecommons.org/licenses/by-nc-nd/4.0/,False,Corné van der Horst,Corné van der Horst,Netherlands,Overijssel,52.6,5.95,2026-04-22,6227863555,,,downloaded,OK,257704,c273197417e39fd09465d818e8fac5e4d095fc5032573eab5daa74e535395658,aquatic_plant_images\Hydrocharis_morsus-ranae\Hydrocharis_morsus-ranae_GBIF_5ac9ea7944f8.jpg
GBIF,Hydrocharis morsus-ranae,https://observation.org/photos/148482528.jpg,http://creativecommons.org/licenses/by-nc-nd/4.0/,False,Corné van der Horst,Corné van der Horst,Netherlands,Overijssel,52.6,5.95,2026-04-22,6227863555,,,downloaded,OK,253541,9ca8c21318c455d0379f7725caee58706281e10b4924bd30ff276cc1d67c714f,aquatic_plant_images\Hydrocharis_morsus-ranae\Hydrocharis_morsus-ranae_GBIF_8cbc31199f82.jpg
GBIF,Hydrocharis morsus-ranae,https://observation.org/photos/148482529.jpg,http://creativecommons.org/licenses/by-nc-nd/4.0/,False,Corné van der Horst,Corné van der Horst,Netherlands,Overijssel,52.6,5.95,2026-04-22,6227863555,,,downloaded,OK,349332,77e8a384e185075e7c34f86f75617ed6ca9332285f4024a3fdb75432d3bf3bab,aquatic_plant_images\Hydrocharis_morsus-ranae\Hydrocharis_morsus-ranae_GBIF_9c45115d1605.jpg
GBIF,Hydrocharis morsus-ranae,https://observation.org/photos/148835966.jpg,http://creativecommons.org/licenses/by-nc-nd/4.0/,False,Wilma Burema,Wilma Burema,Netherlands,Friesland,52.95,6.35,2026-04-25,6227990625,,,downloaded,OK,247007,3d0dff28a7ddb35b02a3ecf3e6c0a9bb1c474729049572422042dfb936204b0e,aquatic_plant_images\Hydrocharis_morsus-ranae\Hydrocharis_morsus-ranae_GBIF_55849fed2cb9.jpg
GBIF,Hydrocharis morsus-ranae,https://observation.org/photos/148835967.jpg,http://creativecommons.org/licenses/by-nc-nd/4.0/,False,Wilma Burema,Wilma Burema,Netherlands,Friesland,52.95,6.35,2026-04-25,6227990625,,,downloaded,OK,318206,e75e90c98eb2aa37f270e8e72bb5ebcc52ed09d9f9bb7a1c99b72f56a2935d41,aquatic_plant_images\Hydrocharis_morsus-ranae\Hydrocharis_morsus-ranae_GBIF_17e4c72a1db3.jpg
GBIF,Hydrocharis morsus-ranae,https://observation.org/photos/148835968.jpg,http://creativecommons.org/licenses/by-nc-nd/4.0/,False,Wilma Burema,Wilma Burema,Netherlands,Friesland,52.95,6.35,2026-04-25,6227990625,,,downloaded,OK,244102,5a7974c3099ee6bae46c168e54191308880c2bddccd18272dab68d7b7c4ce8ca,aquatic_plant_images\Hydrocharis_morsus-ranae\Hydrocharis_morsus-ranae_GBIF_65592a3a9043.jpg
GBIF,Hydrocharis morsus-ranae,https://observation.org/photos/148864488.jpg,http://creativecommons.org/licenses/by-nc-nd/4.0/,False,Hans Pohlmann,Hans Pohlmann,Netherlands,Groningen,53.1,6.6,2026-04-25,6228127460,,,downloaded,OK,207849,00becfc69225ace6d0f12f2333f9dd9e071da381d5f91e330cd78ba392626233,aquatic_plant_images\Hydrocharis_morsus-ranae\Hydrocharis_morsus-ranae_GBIF_f10eff0f450f.jpg
GBIF,Hydrocharis morsus-ranae,https://observation.org/photos/148436742.jpg,http://creativecommons.org/licenses/by-nc-nd/4.0/,False,J. Kastelijn,J. Kastelijn,Netherlands,Noord-Brabant,51.75,5.0,2026-04-19,6228275429,,,downloaded,OK,257583,cebe6bb2c6e47a9550e21d1abdb065ab351d13aa775764e865e6f09ade53562b,aquatic_plant_images\Hydrocharis_morsus-ranae\Hydrocharis_morsus-ranae_GBIF_96a326560b77.jpg
GBIF,Hydrocharis morsus-ranae,https://inaturalist-open-data.s3.amazonaws.com/photos/640706821/original.jpg,http://creativecommons.org/publicdomain/zero/1.0/,True,Hans Van Calster,Hans Van Calster,Belgium,Vlaanderen,50.969498,4.792015,2026-04-19T15:00:13,6234255318,,640706821,downloaded,OK,2182738,4adcc72761dc43e8e7d31135ec7b1b6af6b762e774922b57120c6cbd2308a442,aquatic_plant_images\Hydrocharis_morsus-ranae\Hydrocharis_morsus-ranae_GBIF_640706821.jpg
GBIF,Hydrocharis morsus-ranae,https://inaturalist-open-data.s3.amazonaws.com/photos/638308092/original.jpg,http://creativecommons.org/licenses/by/4.0/,True,Henry Miller,Henry Miller,United Kingdom of Great Britain and Northern Ireland,England,52.670475,1.527532,2026-04-11T06:01,6234330010,,638308092,downloaded,OK,1178428,60b1a73b3717b040203a31b434c807d83ad297da28b26912d3cb30a40b742878,aquatic_plant_images\Hydrocharis_morsus-ranae\Hydrocharis_morsus-ranae_GBIF_638308092.jpg
GBIF,Hydrocharis morsus-ranae,https://inaturalist-open-data.s3.amazonaws.com/photos/648057680/original.jpg,http://creativecommons.org/licenses/by-nc/4.0/,False,kategrozone,kategrozone,United Kingdom of Great Britain and Northern Ireland,England,53.257238,-2.50747,2026-04-27T14:49:07,6234401338,,648057680,downloaded,OK,1045298,ee7e1f280ba9abe65cb956c5494a48768e376046fad77606404925c789b52822,aquatic_plant_images\Hydrocharis_morsus-ranae\Hydrocharis_morsus-ranae_GBIF_648057680.jpg
GBIF,Hydrocharis morsus-ranae,https://inaturalist-open-data.s3.amazonaws.com/photos/638308306/original.jpg,http://creativecommons.org/licenses/by/4.0/,True,Henry Miller,Henry Miller,United Kingdom of Great Britain and Northern Ireland,England,52.671388,1.527707,2026-04-11T06:08,6234844697,,638308306,downloaded,OK,1485677,22260dd4241d81e590f29293c0ab7d4da7a3e2bfc6a1c896b4eec143269f0349,aquatic_plant_images\Hydrocharis_morsus-ranae\Hydrocharis_morsus-ranae_GBIF_638308306.jpg
GBIF,Hydrocharis morsus-ranae,https://inaturalist-open-data.s3.amazonaws.com/photos/644111429/original.jpg,http://creativecommons.org/licenses/by-nc/4.0/,False,joeranger,joeranger,United Kingdom of Great Britain and Northern Ireland,England,52.401344,-1.495571,2026-04-24T20:23:29,6251621933,,644111429,downloaded,OK,1435473,e8e38ae58ddeb17de7c8b04f45692a462fa76dea62b0e3219cd9855fb2ea77d3,aquatic_plant_images\Hydrocharis_morsus-ranae\Hydrocharis_morsus-ranae_GBIF_644111429.jpg
GBIF,Hydrocharis morsus-ranae,https://inaturalist-open-data.s3.amazonaws.com/photos/649292885/original.jpg,http://creativecommons.org/licenses/by-nc/4.0/,False,Lea Held,Lea Held,Germany,Baden-Württemberg,47.689888,9.176413,2026-04-27T15:23:27,6251644885,,649292885,downloaded,OK,3475521,25af780514ba4b5b2995ea869a37d5d95821fc0a6da726b28c8e3e95f0ad39a5,aquatic_plant_images\Hydrocharis_morsus-ranae\Hydrocharis_morsus-ranae_GBIF_649292885.jpg
GBIF,Hydrocharis morsus-ranae,https://inaturalist-open-data.s3.amazonaws.com/photos/644013550/original.jpg,http://creativecommons.org/licenses/by-nc/4.0/,False,michgrub97,michgrub97,Austria,Steiermark,47.128568,15.602164,2026-04-24T18:54:12,6320797948,,644013550,downloaded,OK,1396151,269b4bef8134a9f413070fca47c91163e451a62663805cb4a4c0a969b3cf0d4c,aquatic_plant_images\Hydrocharis_morsus-ranae\Hydrocharis_morsus-ranae_GBIF_644013550.jpg
GBIF,Hydrocharis morsus-ranae,https://observation.org/photos/149475774.jpg,http://creativecommons.org/licenses/by-nc-nd/4.0/,False,Jeltje Berendsen,Jeltje Berendsen,Netherlands,Gelderland,51.85,6.3,2026-04-27,6341947056,,,downloaded,OK,123004,a524274d567220efef2bd2dfa5b2bec5acbc909f5eb27541419eb19d58861c48,aquatic_plant_images\Hydrocharis_morsus-ranae\Hydrocharis_morsus-ranae_GBIF_f811bd213f84.jpg
GBIF,Hydrocharis morsus-ranae,https://observation.org/photos/149475777.jpg,http://creativecommons.org/licenses/by-nc-nd/4.0/,False,Jeltje Berendsen,Jeltje Berendsen,Netherlands,Gelderland,51.85,6.3,2026-04-27,6341947056,,,downloaded,OK,127748,91cb620a48e84450a02bfed2b034a4d2b45f6e645c81c46b7819088443b9c187,aquatic_plant_images\Hydrocharis_morsus-ranae\Hydrocharis_morsus-ranae_GBIF_8c246e82dea1.jpg
GBIF,Hydrocharis morsus-ranae,https://observation.org/photos/149475779.jpg,http://creativecommons.org/licenses/by-nc-nd/4.0/,False,Jeltje Berendsen,Jeltje Berendsen,Netherlands,Gelderland,51.85,6.3,2026-04-27,6341947056,,,downloaded,OK,197527,92005d3653794bec745be206e23ed26e939b9b6a771b28f3a942042288eb42b1,aquatic_plant_images\Hydrocharis_morsus-ranae\Hydrocharis_morsus-ranae_GBIF_fef245f7af9a.jpg
GBIF,Hydrocharis morsus-ranae,https://observation.org/photos/149475781.jpg,http://creativecommons.org/licenses/by-nc-nd/4.0/,False,Jeltje Berendsen,Jeltje Berendsen,Netherlands,Gelderland,51.85,6.3,2026-04-27,6341947056,,,downloaded,OK,162613,54b72836d609bc71cf1825d5defab71764f219c84c55eb092f0a35ea822e1742,aquatic_plant_images\Hydrocharis_morsus-ranae\Hydrocharis_morsus-ranae_GBIF_24ced6a87166.jpg
GBIF,Hydrocharis morsus-ranae,https://observation.org/photos/149475782.jpg,http://creativecommons.org/licenses/by-nc-nd/4.0/,False,Jeltje Berendsen,Jeltje Berendsen,Netherlands,Gelderland,51.85,6.3,2026-04-27,6341947056,,,downloaded,OK,166342,0376c5c8df077c7ec5ff93954aef1427a9bbfa6f073de41ae048a2e16d5418b5,aquatic_plant_images\Hydrocharis_morsus-ranae\Hydrocharis_morsus-ranae_GBIF_03168ab2e424.jpg
GBIF,Hydrocharis morsus-ranae,https://observation.org/photos/149290004.jpg,http://creativecommons.org/licenses/by-nc-nd/4.0/,False,jwjm,jwjm,Netherlands,Overijssel,52.75,5.95,2026-04-28,6342410601,,,downloaded,OK,360993,dbd8a4ca64c45bbd220ad3085f05352af46cd2bd54109be4cd44b89521e6a99c,aquatic_plant_images\Hydrocharis_morsus-ranae\Hydrocharis_morsus-ranae_GBIF_a2bbd6ed3dab.jpg
GBIF,Hydrocharis morsus-ranae,https://observation.org/photos/149358896.jpg,http://creativecommons.org/licenses/by-nc-nd/4.0/,False,Rudie Jullens,Rudie Jullens,Netherlands,Groningen,53.15,6.8,2026-04-28,6343077902,,,downloaded,OK,170013,58a54909984a393e7475e7ca3bfc11b02829a2bb18d5809c11662eb7a5b89a2b,aquatic_plant_images\Hydrocharis_morsus-ranae\Hydrocharis_morsus-ranae_GBIF_69f9e08b1013.jpg
GBIF,Hydrocharis morsus-ranae,https://observation.org/photos/149211376.jpg,http://creativecommons.org/licenses/by-nc-nd/4.0/,False,Bart,Bart,Netherlands,Noord-Brabant,51.65,4.95,2026-04-27,6343097900,,,downloaded,OK,205942,190f7a59a1e530a11a3235e9b0f1fe0899e2cff0bdc8b2c298d7e2646aeb7026,aquatic_plant_images\Hydrocharis_morsus-ranae\Hydrocharis_morsus-ranae_GBIF_704b2ae99c2f.jpg
GBIF,Hydrocharis morsus-ranae,https://observation.org/photos/149482268.jpg,http://creativecommons.org/licenses/by-nc-nd/4.0/,False,Wiep,Wiep,Netherlands,Drenthe,53.05,6.7,2026-04-29,6343583647,,,downloaded,OK,263817,3619a776b343b04932ec4155d9c4fb9b3e87ba8c28df7bf84228ea5ca9d007c7,aquatic_plant_images\Hydrocharis_morsus-ranae\Hydrocharis_morsus-ranae_GBIF_e813024db0d9.jpg
GBIF,Hydrocharis morsus-ranae,https://observation.org/photos/149564663.jpg,http://creativecommons.org/licenses/by-nc-nd/4.0/,False,Bouwina Geurts,Bouwina Geurts,Netherlands,Overijssel,52.3,6.1,2026-04-26,6344325434,,,downloaded,OK,304497,8c0692c3ea4f27c1c7d3003be5c579f6f246db5f6877aaba95628e9013d9bad6,aquatic_plant_images\Hydrocharis_morsus-ranae\Hydrocharis_morsus-ranae_GBIF_f903cec2c8b6.jpg
GBIF,Hydrocharis morsus-ranae,https://inaturalist-open-data.s3.amazonaws.com/photos/646156157/original.jpg,http://creativecommons.org/licenses/by-nc/4.0/,False,daniel_koerbaecher,daniel_koerbaecher,Germany,Schleswig-Holstein,54.337298,10.198428,2026-04-26T08:48:28,6413821058,,646156157,downloaded,OK,1485602,90f69790cb56c2931f0ea2c2b8ecfaaeba6b0cd270c3d78fadc52684842dd751,aquatic_plant_images\Hydrocharis_morsus-ranae\Hydrocharis_morsus-ranae_GBIF_646156157.jpg
GBIF,Hydrocharis morsus-ranae,https://inaturalist-open-data.s3.amazonaws.com/photos/687159309/original.jpg,http://creativecommons.org/licenses/by-nc/4.0/,False,Tim Newbold,Tim Newbold,United Kingdom of Great Britain and Northern Ireland,England,52.443495,-0.189343,2026-04-26T12:05:18,6422497343,,687159309,downloaded,OK,503761,303957a762a86b14d39d86ec299d2a828b9bcb46c384e02df8f2ff2e81ac485b,aquatic_plant_images\Hydrocharis_morsus-ranae\Hydrocharis_morsus-ranae_GBIF_687159309.jpg
GBIF,Hydrocharis morsus-ranae,https://inaturalist-open-data.s3.amazonaws.com/photos/661516303/original.jpg,http://creativecommons.org/licenses/by-nc/4.0/,False,Julia,Julia,United States of America,Michigan,44.00253,-83.70636,2026-05-17T13:14:38,6320324047,,661516303,downloaded,OK,2232062,447f6a08a5a0f3f094e30a8ccdcfbab2176af8af0b5d2185b6682863a8048149,aquatic_plant_images\Hydrocharis_morsus-ranae\Hydrocharis_morsus-ranae_GBIF_661516303.jpg
GBIF,Hydrocharis morsus-ranae,https://inaturalist-open-data.s3.amazonaws.com/photos/661516493/original.jpg,http://creativecommons.org/licenses/by-nc/4.0/,False,Julia,Julia,United States of America,Michigan,44.00253,-83.70636,2026-05-17T13:14:38,6320324047,,661516493,downloaded,OK,1952304,d0cf1854161df9a69ff5760ecb4b1cb563be7cca2c53b8fdfa2b98f85ec2ef3a,aquatic_plant_images\Hydrocharis_morsus-ranae\Hydrocharis_morsus-ranae_GBIF_661516493.jpg
GBIF,Hydrocharis morsus-ranae,https://inaturalist-open-data.s3.amazonaws.com/photos/661516606/original.jpg,http://creativecommons.org/licenses/by-nc/4.0/,False,Julia,Julia,United States of America,Michigan,44.00253,-83.70636,2026-05-17T13:14:38,6320324047,,661516606,downloaded,OK,2100135,97b24a762ea2631167a69bfd6f8b2f059e3ff86f8bf7ee995dae8255e574a113,aquatic_plant_images\Hydrocharis_morsus-ranae\Hydrocharis_morsus-ranae_GBIF_661516606.jpg
GBIF,Myriophyllum sibiricum,https://inaturalist-open-data.s3.amazonaws.com/photos/637254265/original.jpg,http://creativecommons.org/publicdomain/zero/1.0/,True,Jonny Tostenson,Jonny Tostenson,United States of America,Minnesota,45.155086,-92.795001,2026-04-12T14:54:56,6251649220,,637254265,downloaded,OK,751256,dc8b842548115e0ee85714aedbf0176d5293d075ddd768457c7d44b04469c291,aquatic_plant_images\Myriophyllum_sibiricum\Myriophyllum_sibiricum_GBIF_637254265.jpg
GBIF,Myriophyllum sibiricum,https://inaturalist-open-data.s3.amazonaws.com/photos/650911078/original.jpg,http://creativecommons.org/licenses/by-nc/4.0/,False,wes_inc,wes_inc,United States of America,Minnesota,45.714237,-95.578661,2026-04-30T12:38:57,6320728033,,650911078,downloaded,OK,1995105,9945838d9a48f3d94187cf23d08e212a8b50ddd33041921c2d93ec2f21406f2f,aquatic_plant_images\Myriophyllum_sibiricum\Myriophyllum_sibiricum_GBIF_650911078.jpg
GBIF,Myriophyllum sibiricum,https://inaturalist-open-data.s3.amazonaws.com/photos/650911128/original.jpg,http://creativecommons.org/licenses/by-nc/4.0/,False,wes_inc,wes_inc,United States of America,Minnesota,45.714237,-95.578661,2026-04-30T12:38:57,6320728033,,650911128,downloaded,OK,1862282,2198989083cae37cf92ab08bf3795a633d5bfba837d8c4a5ef87a396ff151444,aquatic_plant_images\Myriophyllum_sibiricum\Myriophyllum_sibiricum_GBIF_650911128.jpg
GBIF,Myriophyllum sibiricum,https://inaturalist-open-data.s3.amazonaws.com/photos/650911195/original.jpg,http://creativecommons.org/licenses/by-nc/4.0/,False,wes_inc,wes_inc,United States of America,Minnesota,45.714237,-95.578661,2026-04-30T12:38:57,6320728033,,650911195,downloaded,OK,1608386,61d53173caf44cfe6d65b85ab0d68333a16d2a20dedc89149d9ca81639783350,aquatic_plant_images\Myriophyllum_sibiricum\Myriophyllum_sibiricum_GBIF_650911195.jpg
GBIF,Myriophyllum sibiricum,https://inaturalist-open-data.s3.amazonaws.com/photos/650911257/original.jpg,http://creativecommons.org/licenses/by-nc/4.0/,False,wes_inc,wes_inc,United States of America,Minnesota,45.714237,-95.578661,2026-04-30T12:38:57,6320728033,,650911257,downloaded,OK,1758113,418546c2aca6034b2b6d00ea00917911056d377dbe73d437396431852ff20587,aquatic_plant_images\Myriophyllum_sibiricum\Myriophyllum_sibiricum_GBIF_650911257.jpg
GBIF,Myriophyllum sibiricum,https://inaturalist-open-data.s3.amazonaws.com/photos/650911291/original.jpg,http://creativecommons.org/licenses/by-nc/4.0/,False,wes_inc,wes_inc,United States of America,Minnesota,45.714237,-95.578661,2026-04-30T12:38:57,6320728033,,650911291,downloaded,OK,1728715,3e35cc224f0516d7e1c2bb2a920cf769e399961497601ec2d0a352ef37d983af,aquatic_plant_images\Myriophyllum_sibiricum\Myriophyllum_sibiricum_GBIF_650911291.jpg
GBIF,Myriophyllum sibiricum,https://inaturalist-open-data.s3.amazonaws.com/photos/673234703/original.jpg,http://creativecommons.org/licenses/by-nc/4.0/,False,Eduard Garin,Eduard Garin,Russian Federation,Yaroslavl',58.062137,38.245525,2026-06-05T11:14,6398730361,,673234703,downloaded,OK,1227700,cfd1002162f19ebebc139f3efccfe460016386986d223a0e8ee6a3991be26e5c,aquatic_plant_images\Myriophyllum_sibiricum\Myriophyllum_sibiricum_GBIF_673234703.jpg
GBIF,Myriophyllum sibiricum,https://inaturalist-open-data.s3.amazonaws.com/photos/673234684/original.jpg,http://creativecommons.org/licenses/by-nc/4.0/,False,Eduard Garin,Eduard Garin,Russian Federation,Yaroslavl',58.062137,38.245525,2026-06-05T11:14,6398730361,,673234684,downloaded,OK,1194994,fdc97a033e71bc6b75a5d20da78f88589abe03beb80a276009b0558ef480dd0b,aquatic_plant_images\Myriophyllum_sibiricum\Myriophyllum_sibiricum_GBIF_673234684.jpg
GBIF,Myriophyllum sibiricum,https://inaturalist-open-data.s3.amazonaws.com/photos/673234685/original.jpg,http://creativecommons.org/licenses/by-nc/4.0/,False,Eduard Garin,Eduard Garin,Russian Federation,Yaroslavl',58.062137,38.245525,2026-06-05T11:14,6398730361,,673234685,downloaded,OK,1258411,fd4f20d8a8da0a6ade8cf66e9619ded5c385436234e948c044aee63c99af9763,aquatic_plant_images\Myriophyllum_sibiricum\Myriophyllum_sibiricum_GBIF_673234685.jpg
GBIF,Myriophyllum sibiricum,https://inaturalist-open-data.s3.amazonaws.com/photos/673092520/original.jpg,http://creativecommons.org/licenses/by-nc/4.0/,False,R. Lucine,R. Lucine,United States of America,Minnesota,46.149064,-93.495554,2026-06-03T13:18:48,6398739882,,673092520,downloaded,OK,525649,724d5561f046d0f3c1429af5b3ff1cf5e6012163a35001e1d0534fd6e2b4871f,aquatic_plant_images\Myriophyllum_sibiricum\Myriophyllum_sibiricum_GBIF_673092520.jpg
GBIF,Myriophyllum sibiricum,https://inaturalist-open-data.s3.amazonaws.com/photos/673092559/original.jpg,http://creativecommons.org/licenses/by-nc/4.0/,False,R. Lucine,R. Lucine,United States of America,Minnesota,46.149064,-93.495554,2026-06-03T13:18:48,6398739882,,673092559,downloaded,OK,2089303,608b574325dfbdb097fb20815eafdfb5c813d99a3470d93bbebc12439ce82f5b,aquatic_plant_images\Myriophyllum_sibiricum\Myriophyllum_sibiricum_GBIF_673092559.jpg
GBIF,Myriophyllum sibiricum,https://inaturalist-open-data.s3.amazonaws.com/photos/679140657/original.jpg,http://creativecommons.org/licenses/by-nc/4.0/,False,Emily Palahnuk,Emily Palahnuk,Canada,Ontario,48.857678,-90.4868,2026-06-13T21:03:51,6400222107,,679140657,downloaded,OK,691706,ae090ccfb0045b5d976843629a7d5cd18370558bef7bdbb9a3fa21e2a2101eea,aquatic_plant_images\Myriophyllum_sibiricum\Myriophyllum_sibiricum_GBIF_679140657.jpg
GBIF,Myriophyllum sibiricum,https://inaturalist-open-data.s3.amazonaws.com/photos/679140718/original.jpg,http://creativecommons.org/licenses/by-nc/4.0/,False,Emily Palahnuk,Emily Palahnuk,Canada,Ontario,48.857678,-90.4868,2026-06-13T21:03:51,6400222107,,679140718,downloaded,OK,815274,59e485b0db346165936c69a313717d6be9f6d22a414929fae4340b83c96de731,aquatic_plant_images\Myriophyllum_sibiricum\Myriophyllum_sibiricum_GBIF_679140718.jpg
GBIF,Myriophyllum sibiricum,https://inaturalist-open-data.s3.amazonaws.com/photos/679140767/original.jpg,http://creativecommons.org/licenses/by-nc/4.0/,False,Emily Palahnuk,Emily Palahnuk,Canada,Ontario,48.857678,-90.4868,2026-06-13T21:03:51,6400222107,,679140767,downloaded,OK,849570,7bdd1bc83fda3123940628336db3082563dcd990d5f3083dfc63fc73f9b8c9e2,aquatic_plant_images\Myriophyllum_sibiricum\Myriophyllum_sibiricum_GBIF_679140767.jpg
GBIF,Myriophyllum sibiricum,https://inaturalist-open-data.s3.amazonaws.com/photos/679140814/original.jpg,http://creativecommons.org/licenses/by-nc/4.0/,False,Emily Palahnuk,Emily Palahnuk,Canada,Ontario,48.857678,-90.4868,2026-06-13T21:03:51,6400222107,,679140814,downloaded,OK,873116,58481b41ad39aa2a589f4a7d6c9b1dee467fc7dc83fe499220f01a8067a75b08,aquatic_plant_images\Myriophyllum_sibiricum\Myriophyllum_sibiricum_GBIF_679140814.jpg
GBIF,Myriophyllum sibiricum,https://inaturalist-open-data.s3.amazonaws.com/photos/684141018/original.jpg,http://creativecommons.org/licenses/by-nc/4.0/,False,Саранчин Евгений,Саранчин Евгений,Russian Federation,Tyumen',56.806583,65.398942,2026-06-22T17:12:56,6413578662,,684141018,downloaded,OK,1033523,925835cbbf6cf926c757b95674b088cf9c341038db5b71f8d192f55abfceadc3,aquatic_plant_images\Myriophyllum_sibiricum\Myriophyllum_sibiricum_GBIF_684141018.jpg
GBIF,Myriophyllum sibiricum,https://inaturalist-open-data.s3.amazonaws.com/photos/684141072/original.jpg,http://creativecommons.org/licenses/by-nc/4.0/,False,Саранчин Евгений,Саранчин Евгений,Russian Federation,Tyumen',56.806583,65.398942,2026-06-22T17:12:56,6413578662,,684141072,downloaded,OK,771411,d3254fb51e98b01f113d3144e7e9d94cac6d0f45ad2b2a9277750277d7bb2ef5,aquatic_plant_images\Myriophyllum_sibiricum\Myriophyllum_sibiricum_GBIF_684141072.jpg
GBIF,Myriophyllum sibiricum,https://inaturalist-open-data.s3.amazonaws.com/photos/684141112/original.jpg,http://creativecommons.org/licenses/by-nc/4.0/,False,Саранчин Евгений,Саранчин Евгений,Russian Federation,Tyumen',56.806583,65.398942,2026-06-22T17:12:56,6413578662,,684141112,downloaded,OK,1108874,66fddb079e740c5282586ff9b6da5fc620acaf0d227b32f5c970942201949749,aquatic_plant_images\Myriophyllum_sibiricum\Myriophyllum_sibiricum_GBIF_684141112.jpg
GBIF,Myriophyllum sibiricum,https://inaturalist-open-data.s3.amazonaws.com/photos/684141155/original.jpg,http://creativecommons.org/licenses/by-nc/4.0/,False,Саранчин Евгений,Саранчин Евгений,Russian Federation,Tyumen',56.806583,65.398942,2026-06-22T17:12:56,6413578662,,684141155,downloaded,OK,594677,3d6cfe7db635ec5b123f7fc05e49d057e1e53e0ce1927409650736e604fc5b99,aquatic_plant_images\Myriophyllum_sibiricum\Myriophyllum_sibiricum_GBIF_684141155.jpg
GBIF,Myriophyllum sibiricum,https://inaturalist-open-data.s3.amazonaws.com/photos/684141212/original.jpg,http://creativecommons.org/licenses/by-nc/4.0/,False,Саранчин Евгений,Саранчин Евгений,Russian Federation,Tyumen',56.806583,65.398942,2026-06-22T17:12:56,6413578662,,684141212,downloaded,OK,961865,8dd2a5d3e19254d946a36db0273059d74b81474478037761a5d0d1888e06b066,aquatic_plant_images\Myriophyllum_sibiricum\Myriophyllum_sibiricum_GBIF_684141212.jpg
GBIF,Myriophyllum sibiricum,https://inaturalist-open-data.s3.amazonaws.com/photos/684663276/original.jpg,http://creativecommons.org/licenses/by-nc/4.0/,False,Саранчин Евгений,Саранчин Евгений,Russian Federation,Tyumen',56.806583,65.398942,2026-06-22T17:12:56,6413578662,,684663276,downloaded,OK,971001,e74745c201957e99205c09c2016f8937183f45f66308d37a71c89f421132041b,aquatic_plant_images\Myriophyllum_sibiricum\Myriophyllum_sibiricum_GBIF_684663276.jpg
GBIF,Myriophyllum sibiricum,https://inaturalist-open-data.s3.amazonaws.com/photos/682095404/original.jpg,http://creativecommons.org/licenses/by-nc/4.0/,False,Sophiane Nacer,Sophiane Nacer,United States of America,Montana,47.035911,-113.389375,2026-06-18T09:38:31,6414063923,,682095404,downloaded,OK,2830563,286e87c1df24a04719cdbe73dfe19b9804753b1c89a1fed24f51464f85e3f56f,aquatic_plant_images\Myriophyllum_sibiricum\Myriophyllum_sibiricum_GBIF_682095404.jpg
GBIF,Myriophyllum sibiricum,https://inaturalist-open-data.s3.amazonaws.com/photos/682095390/original.jpg,http://creativecommons.org/licenses/by-nc/4.0/,False,Sophiane Nacer,Sophiane Nacer,United States of America,Montana,47.035911,-113.389375,2026-06-18T09:38:31,6414063923,,682095390,downloaded,OK,2648803,b8e98c273c1c148eba8420a98724bc9d2ca2c0de713f99d73678528d99e0af63,aquatic_plant_images\Myriophyllum_sibiricum\Myriophyllum_sibiricum_GBIF_682095390.jpg
GBIF,Myriophyllum sibiricum,https://inaturalist-open-data.s3.amazonaws.com/photos/682095403/original.jpg,http://creativecommons.org/licenses/by-nc/4.0/,False,Sophiane Nacer,Sophiane Nacer,United States of America,Montana,47.035911,-113.389375,2026-06-18T09:38:31,6414063923,,682095403,downloaded,OK,2748450,8763043d23ca88c5b5deaa63b25179a9b358c7a22b0f6e6c16aa6c577992e5e6,aquatic_plant_images\Myriophyllum_sibiricum\Myriophyllum_sibiricum_GBIF_682095403.jpg
GBIF,Myriophyllum sibiricum,https://inaturalist-open-data.s3.amazonaws.com/photos/684409892/original.jpg,http://creativecommons.org/licenses/by-nc/4.0/,False,Amy Boros,Amy Boros,United States of America,Wyoming,44.616522,-110.855255,2026-06-22T14:30:26,6422923719,,684409892,downloaded,OK,639688,3c0ef5e77a004554b15e53090f2a1cf48aa8d3e8a63e0570cb3032b02750316f,aquatic_plant_images\Myriophyllum_sibiricum\Myriophyllum_sibiricum_GBIF_684409892.jpg
GBIF,Myriophyllum sibiricum,https://www.artsobservasjoner.no/MediaLibrary/2026/7/357350a8-de1c-4ba8-b044-df30bb445c47_image.jpg,© All rights reserved,False,Finn Gregersen,,Norway,Innlandet,62.122344,10.039545,2026-07-03,6428035357,,,downloaded,OK,1642874,2d1d941be6f19022e78c91a349fb6421d54d093ea7931d81c90f65a9e52beb95,aquatic_plant_images\Myriophyllum_sibiricum\Myriophyllum_sibiricum_GBIF_43b1917aa328.jpg
GBIF,Myriophyllum sibiricum,https://inaturalist-open-data.s3.amazonaws.com/photos/693173989/original.jpg,http://creativecommons.org/licenses/by-nc/4.0/,False,Bruce Bennett,Bruce Bennett,Canada,Yukon,60.100492,-133.817764,2026-07-06T12:48,6441485673,,693173989,downloaded,OK,1028315,2cd8bddf8bb9b2fbe2afaa9aac9760167ea548541614ace7155113fb58a4b03f,aquatic_plant_images\Myriophyllum_sibiricum\Myriophyllum_sibiricum_GBIF_693173989.jpg
GBIF,Myriophyllum sibiricum,https://inaturalist-open-data.s3.amazonaws.com/photos/692681829/original.jpg,http://creativecommons.org/licenses/by/4.0/,True,Екатерина Войнова,Екатерина Войнова,Russian Federation,Ivanovo,57.120865,40.852255,2026-07-05T10:10,6441665547,,692681829,downloaded,OK,1000662,2f6ed6e8d13a340a6a9b1a927b5d14db72fbb080b268df6b326ebf31ded8352a,aquatic_plant_images\Myriophyllum_sibiricum\Myriophyllum_sibiricum_GBIF_692681829.jpg
GBIF,Myriophyllum sibiricum,https://inaturalist-open-data.s3.amazonaws.com/photos/692682775/original.jpg,http://creativecommons.org/licenses/by/4.0/,True,Екатерина Войнова,Екатерина Войнова,Russian Federation,Ivanovo,57.120865,40.852255,2026-07-05T10:10,6441665547,,692682775,downloaded,OK,567978,86e7bde5b149ab6d52152abc3483cac07de644713c7d1f23d182ccfba603c597,aquatic_plant_images\Myriophyllum_sibiricum\Myriophyllum_sibiricum_GBIF_692682775.jpg
GBIF,Myriophyllum sibiricum,https://inaturalist-open-data.s3.amazonaws.com/photos/692682786/original.jpg,http://creativecommons.org/licenses/by/4.0/,True,Екатерина Войнова,Екатерина Войнова,Russian Federation,Ivanovo,57.120865,40.852255,2026-07-05T10:10,6441665547,,692682786,downloaded,OK,771278,9f826f2050f89d9e2c871b0daa9a14656b093e53fc8a4327dd0e7c19c062318e,aquatic_plant_images\Myriophyllum_sibiricum\Myriophyllum_sibiricum_GBIF_692682786.jpg
GBIF,Myriophyllum sibiricum,https://inaturalist-open-data.s3.amazonaws.com/photos/703360841/original.jpg,http://creativecommons.org/licenses/by-nc/4.0/,False,Caleb Swingholm,Caleb Swingholm,United States of America,California,37.584971,-118.861211,2026-07-22T12:09,6470783072,,703360841,downloaded,OK,590104,5078e82144fc0d75d88ca1bfc18352ab582d5b278fb09a68810e0f6735935218,aquatic_plant_images\Myriophyllum_sibiricum\Myriophyllum_sibiricum_GBIF_703360841.jpg
GBIF,Myriophyllum sibiricum,https://inaturalist-open-data.s3.amazonaws.com/photos/703360834/original.jpg,http://creativecommons.org/licenses/by-nc/4.0/,False,Caleb Swingholm,Caleb Swingholm,United States of America,California,37.584971,-118.861211,2026-07-22T12:09,6470783072,,703360834,downloaded,OK,574370,bc8349513757d0a1a5bf91aca441aed716ab8ab19d1e717b12537ee3408adc6b,aquatic_plant_images\Myriophyllum_sibiricum\Myriophyllum_sibiricum_GBIF_703360834.jpg
GBIF,Myriophyllum sibiricum,https://inaturalist-open-data.s3.amazonaws.com/photos/705780464/original.jpg,http://creativecommons.org/licenses/by-nc/4.0/,False,Caleb Swingholm,Caleb Swingholm,United States of America,California,37.619745,-119.007254,2026-07-25T15:35:50,6479170907,,705780464,downloaded,OK,4588046,9e0e374363350ae82705f2527dba76ffa4697c92fdeac072c125e44bf7061ecd,aquatic_plant_images\Myriophyllum_sibiricum\Myriophyllum_sibiricum_GBIF_705780464.jpg
GBIF,Myriophyllum sibiricum,https://inaturalist-open-data.s3.amazonaws.com/photos/705797896/original.jpg,http://creativecommons.org/licenses/by-nc/4.0/,False,Caleb Swingholm,Caleb Swingholm,United States of America,California,37.627425,-119.074452,2026-07-26T17:30,6481478567,,705797896,downloaded,OK,4405246,a9cff8845440e984f1b4973ab52e9886de19463c1e86d4fc522320224f55072c,aquatic_plant_images\Myriophyllum_sibiricum\Myriophyllum_sibiricum_GBIF_705797896.jpg
GBIF,Myriophyllum sibiricum,https://inaturalist-open-data.s3.amazonaws.com/photos/705797891/original.jpg,http://creativecommons.org/licenses/by-nc/4.0/,False,Caleb Swingholm,Caleb Swingholm,United States of America,California,37.627425,-119.074452,2026-07-26T17:30,6481478567,,705797891,downloaded,OK,3788660,fb5020b80f912db089626a5d7334f8b9c2eacd2879135649a3fc53a1d3be01f7,aquatic_plant_images\Myriophyllum_sibiricum\Myriophyllum_sibiricum_GBIF_705797891.jpg
GBIF,Myriophyllum sibiricum,https://inaturalist-open-data.s3.amazonaws.com/photos/705797876/original.jpg,http://creativecommons.org/licenses/by-nc/4.0/,False,Caleb Swingholm,Caleb Swingholm,United States of America,California,37.627425,-119.074452,2026-07-26T17:30,6481478567,,705797876,downloaded,OK,3404925,2f6b84f4347d1575a933eb30df4008a7f05a28c951dcb845c45b685d682e9461,aquatic_plant_images\Myriophyllum_sibiricum\Myriophyllum_sibiricum_GBIF_705797876.jpg
GBIF,Myriophyllum sibiricum,https://inaturalist-open-data.s3.amazonaws.com/photos/705797870/original.jpg,http://creativecommons.org/licenses/by-nc/4.0/,False,Caleb Swingholm,Caleb Swingholm,United States of America,California,37.627425,-119.074452,2026-07-26T17:30,6481478567,,705797870,downloaded,OK,2826797,9a38e58cf98ce0ceb0c6aa958a76e3c7e1d8a09627349125083f92548f2b07e2,aquatic_plant_images\Myriophyllum_sibiricum\Myriophyllum_sibiricum_GBIF_705797870.jpg
GBIF,Myriophyllum sibiricum,https://inaturalist-open-data.s3.amazonaws.com/photos/705787155/original.jpg,http://creativecommons.org/licenses/by-nc/4.0/,False,Caleb Swingholm,Caleb Swingholm,United States of America,California,37.627425,-119.074452,2026-07-26T17:30,6481478567,,705787155,downloaded,OK,634754,1a699df91ea1cdc4079e1db84c0011b684e7094e2604c7dd1f42e3b7ee67de76,aquatic_plant_images\Myriophyllum_sibiricum\Myriophyllum_sibiricum_GBIF_705787155.jpg
GBIF,Myriophyllum sibiricum,https://inaturalist-open-data.s3.amazonaws.com/photos/709593095/original.jpg,http://creativecommons.org/licenses/by-nc/4.0/,False,Kherlenchimeg Nyamsuren,Kherlenchimeg Nyamsuren,Mongolia,Arhangay,47.621463,102.005246,2026-07-28T12:02,6499564754,,709593095,downloaded,OK,492984,fda1c1479624b4e78f6b4217b9253f969fc18b2f7963b96dde3e957d1eb7eb49,aquatic_plant_images\Myriophyllum_sibiricum\Myriophyllum_sibiricum_GBIF_709593095.jpg
GBIF,Myriophyllum sibiricum,https://inaturalist-open-data.s3.amazonaws.com/photos/709593090/original.jpg,http://creativecommons.org/licenses/by-nc/4.0/,False,Kherlenchimeg Nyamsuren,Kherlenchimeg Nyamsuren,Mongolia,Arhangay,47.621463,102.005246,2026-07-28T12:02,6499564754,,709593090,downloaded,OK,453261,db071ff6ca6444dfbf2da369ccb866221c8f9f3a94d6dfc1eedfec59c91bf3b0,aquatic_plant_images\Myriophyllum_sibiricum\Myriophyllum_sibiricum_GBIF_709593090.jpg
GBIF,Myriophyllum sibiricum,https://inaturalist-open-data.s3.amazonaws.com/photos/709593083/original.jpg,http://creativecommons.org/licenses/by-nc/4.0/,False,Kherlenchimeg Nyamsuren,Kherlenchimeg Nyamsuren,Mongolia,Arhangay,47.621463,102.005246,2026-07-28T12:02,6499564754,,709593083,downloaded,OK,618694,63662ba373d451a98320b8584a70f40dfb0698ce9f2703fcdca828ebf6d84e3f,aquatic_plant_images\Myriophyllum_sibiricum\Myriophyllum_sibiricum_GBIF_709593083.jpg
GBIF,Myriophyllum sibiricum,https://inaturalist-open-data.s3.amazonaws.com/photos/709593107/original.jpg,http://creativecommons.org/licenses/by-nc/4.0/,False,Kherlenchimeg Nyamsuren,Kherlenchimeg Nyamsuren,Mongolia,Arhangay,47.621463,102.005246,2026-07-28T12:02,6499564754,,709593107,downloaded,OK,444599,9430cad91f5f6a88c34fafc576095cf4cb17850d17c307b24ea8c351a9979c30,aquatic_plant_images\Myriophyllum_sibiricum\Myriophyllum_sibiricum_GBIF_709593107.jpg
GBIF,Myriophyllum sibiricum,https://inaturalist-open-data.s3.amazonaws.com/photos/720451222/original.jpg,http://creativecommons.org/licenses/by-nc/4.0/,False,Andrea Lorek Strauss,Andrea Lorek Strauss,United States of America,Minnesota,45.287135,-93.907884,2026-08-20T10:44:35,6498535388,,720451222,downloaded,OK,1808196,a697bd76692b348623c4ac7d9ef055df0135b71ab3e37d49251d2578f3f0db6f,aquatic_plant_images\Myriophyllum_sibiricum\Myriophyllum_sibiricum_GBIF_720451222.jpg
GBIF,Myriophyllum sibiricum,https://inaturalist-open-data.s3.amazonaws.com/photos/720491682/original.jpg,http://creativecommons.org/licenses/by-nc/4.0/,False,erin,erin,United States of America,Minnesota,45.30358,-94.932547,2026-08-20T10:25:10,6500084315,,720491682,downloaded,OK,3273278,46793b29067dd39ee8b85cb460d1af597c0b0e1ea4e78e6050912e32d0981907,aquatic_plant_images\Myriophyllum_sibiricum\Myriophyllum_sibiricum_GBIF_720491682.jpg
GBIF,Myriophyllum sibiricum,https://inaturalist-open-data.s3.amazonaws.com/photos/719971258/original.jpg,http://creativecommons.org/licenses/by-nc/4.0/,False,Xavier Quantz,Xavier Quantz,Canada,Alberta,52.377102,-114.165124,2026-08-19T15:42:48,6500380534,,719971258,downloaded,OK,2648154,b2e6a7fca8b03725a3d3a1e3eb9523d491338f3b4c0f3590cb5de69f88cbfc44,aquatic_plant_images\Myriophyllum_sibiricum\Myriophyllum_sibiricum_GBIF_719971258.jpg
GBIF,Myriophyllum sibiricum,https://inaturalist-open-data.s3.amazonaws.com/photos/719971303/original.jpg,http://creativecommons.org/licenses/by-nc/4.0/,False,Xavier Quantz,Xavier Quantz,Canada,Alberta,52.377102,-114.165124,2026-08-19T15:42:48,6500380534,,719971303,downloaded,OK,2553843,01dc37b5fc2694a24636940b98d636464caa101eaa7a3d2af78ae7e371f96611,aquatic_plant_images\Myriophyllum_sibiricum\Myriophyllum_sibiricum_GBIF_719971303.jpg
GBIF,Myriophyllum sibiricum,https://inaturalist-open-data.s3.amazonaws.com/photos/719971345/original.jpg,http://creativecommons.org/licenses/by-nc/4.0/,False,Xavier Quantz,Xavier Quantz,Canada,Alberta,52.377102,-114.165124,2026-08-19T15:42:48,6500380534,,719971345,downloaded,OK,1519795,ab321303575426210b7b2ff34dd9b69719310b14f5fa5e00003784202cdfaa94,aquatic_plant_images\Myriophyllum_sibiricum\Myriophyllum_sibiricum_GBIF_719971345.jpg
GBIF,Myriophyllum sibiricum,https://inaturalist-open-data.s3.amazonaws.com/photos/719971371/original.jpg,http://creativecommons.org/licenses/by-nc/4.0/,False,Xavier Quantz,Xavier Quantz,Canada,Alberta,52.377102,-114.165124,2026-08-19T15:42:48,6500380534,,719971371,downloaded,OK,1495914,c58a1d816ae5b426ff07d33441195c1c8e2656771389358c53dc28a4c164870a,aquatic_plant_images\Myriophyllum_sibiricum\Myriophyllum_sibiricum_GBIF_719971371.jpg
GBIF,Myriophyllum sibiricum,https://inaturalist-open-data.s3.amazonaws.com/photos/719971404/original.jpg,http://creativecommons.org/licenses/by-nc/4.0/,False,Xavier Quantz,Xavier Quantz,Canada,Alberta,52.377102,-114.165124,2026-08-19T15:42:48,6500380534,,719971404,downloaded,OK,1557905,e693c951f138bba74d66d623e54f8836fa5df643b9ab4ba2be51437499252e7b,aquatic_plant_images\Myriophyllum_sibiricum\Myriophyllum_sibiricum_GBIF_719971404.jpg
GBIF,Myriophyllum sibiricum,https://inaturalist-open-data.s3.amazonaws.com/photos/719971499/original.jpg,http://creativecommons.org/licenses/by-nc/4.0/,False,Xavier Quantz,Xavier Quantz,Canada,Alberta,52.377102,-114.165124,2026-08-19T15:42:48,6500380534,,719971499,downloaded,OK,1671872,86b7fa875fc3d3f7ed3aa2601712378c73a806a8e06238cbe6d72909fc13086e,aquatic_plant_images\Myriophyllum_sibiricum\Myriophyllum_sibiricum_GBIF_719971499.jpg
GBIF,Myriophyllum sibiricum,https://inaturalist-open-data.s3.amazonaws.com/photos/719971590/original.jpg,http://creativecommons.org/licenses/by-nc/4.0/,False,Xavier Quantz,Xavier Quantz,Canada,Alberta,52.377102,-114.165124,2026-08-19T15:42:48,6500380534,,719971590,downloaded,OK,2069166,4e4a75b51e1b5d397ceaedb8ca1b88f179b71a7a8d9d7bd5a0dac3203f6db8a6,aquatic_plant_images\Myriophyllum_sibiricum\Myriophyllum_sibiricum_GBIF_719971590.jpg
GBIF,Myriophyllum sibiricum,https://www.artsobservasjoner.no/MediaLibrary/2026/8/62c7c92b-7113-466d-a9d7-f112232e6094_image.jpg,http://creativecommons.org/licenses/by/4.0/,True,Jørn Olav Løkken,,Norway,Troms,68.829489,18.357675,2026-08-24,6509484748,,,downloaded,OK,574059,22504dd8556086a1f5e448fdf62d6dcc27bd6522ce4f367c765abfae148c9b0e,aquatic_plant_images\Myriophyllum_sibiricum\Myriophyllum_sibiricum_GBIF_d3feae529da7.jpg
GBIF,Myriophyllum sibiricum,https://www.artsobservasjoner.no/MediaLibrary/2026/8/66723b99-f40b-41fe-af78-05b29ebae995_image.jpg,http://creativecommons.org/licenses/by/4.0/,True,Jørn Olav Løkken,,Norway,Troms,68.829489,18.357675,2026-08-24,6509484748,,,downloaded,OK,499400,db8878f7ea7f75030cbbf9f167e69aed82783dd3f9003fbb74d0a9f3b5037e43,aquatic_plant_images\Myriophyllum_sibiricum\Myriophyllum_sibiricum_GBIF_fe21223ee8df.jpg
GBIF,Myriophyllum sibiricum,https://www.artsobservasjoner.no/MediaLibrary/2026/8/6b59c325-9755-430f-adfb-9b48b9fe0cb1_image.jpg,http://creativecommons.org/licenses/by/4.0/,True,Jørn Olav Løkken,,Norway,Troms,68.829489,18.357675,2026-08-24,6509484748,,,downloaded,OK,603399,3a486143937c8089b0960b8fd52e395e2b195acf8f1e0d979cf343885bb2db79,aquatic_plant_images\Myriophyllum_sibiricum\Myriophyllum_sibiricum_GBIF_30a954d56881.jpg
GBIF,Myriophyllum sibiricum,https://www.artsobservasjoner.no/MediaLibrary/2026/8/7fb0be23-4568-43af-874d-f057be20fb0d_image.jpg,http://creativecommons.org/licenses/by/4.0/,True,Jørn Olav Løkken,,Norway,Troms,68.829489,18.357675,2026-08-24,6509484748,,,downloaded,OK,589837,b6b94979acd9c93a1c49b34a1702d73f7173005ed99e675f440778867c273dbe,aquatic_plant_images\Myriophyllum_sibiricum\Myriophyllum_sibiricum_GBIF_9544cabbdad4.jpg
GBIF,Myriophyllum sibiricum,https://www.artsobservasjoner.no/MediaLibrary/2026/8/a2e01965-555f-455b-9cc4-ffd5d45ec7cd_image.jpg,http://creativecommons.org/licenses/by/4.0/,True,Jørn Olav Løkken,,Norway,Troms,68.829489,18.357675,2026-08-24,6509484748,,,downloaded,OK,596006,ff17673aea5615d1fb1b1f4afcd43f6a2e4603500a7ca9c91b6c080139dd804e,aquatic_plant_images\Myriophyllum_sibiricum\Myriophyllum_sibiricum_GBIF_0763a68f195b.jpg
GBIF,Myriophyllum sibiricum,https://www.artsobservasjoner.no/MediaLibrary/2026/8/ac1cfa93-8f3a-4501-85cb-ad730b33ef23_image.jpg,http://creativecommons.org/licenses/by/4.0/,True,Jørn Olav Løkken,,Norway,Troms,68.829489,18.357675,2026-08-24,6509484748,,,downloaded,OK,604867,6f51674149949ae58820db057c6590ca1aa4c54672b7c73a6c46a2a13d0668eb,aquatic_plant_images\Myriophyllum_sibiricum\Myriophyllum_sibiricum_GBIF_1e249d01c475.jpg
GBIF,Myriophyllum sibiricum,https://www.artsobservasjoner.no/MediaLibrary/2026/8/133ea4f9-375c-47ba-9bfe-24fd00e81caf_image.jpg,http://creativecommons.org/licenses/by/4.0/,True,Jørn Olav Løkken,,Norway,Troms,68.805316,18.440113,2026-08-25,6509536751,,,downloaded,OK,398579,6cc7b668cc87db5be882199468f40210bfd54cb690b128e2f1558f35808af096,aquatic_plant_images\Myriophyllum_sibiricum\Myriophyllum_sibiricum_GBIF_6ae5c3f1c872.jpg
GBIF,Myriophyllum sibiricum,https://www.artsobservasjoner.no/MediaLibrary/2026/8/671f68ff-6a1a-46b9-8e72-6fe4062fcab2_image.jpg,http://creativecommons.org/licenses/by/4.0/,True,Jørn Olav Løkken,,Norway,Troms,68.805316,18.440113,2026-08-25,6509536751,,,downloaded,OK,570529,4f5380e2c0df9aad3aabbfe59f3721fab49e1a486916b427406ecc7613020c97,aquatic_plant_images\Myriophyllum_sibiricum\Myriophyllum_sibiricum_GBIF_5d7309e8d317.jpg
GBIF,Myriophyllum sibiricum,https://www.artsobservasjoner.no/MediaLibrary/2026/8/cfaf6d95-7733-433d-a1dc-d6886a5ed93d_image.jpg,http://creativecommons.org/licenses/by/4.0/,True,Jørn Olav Løkken,,Norway,Troms,68.805316,18.440113,2026-08-25,6509536751,,,downloaded,OK,453884,93eeeb8475abd174ede10b368be79f871c83f58ad94d95328fc4f61e70a5cdc1,aquatic_plant_images\Myriophyllum_sibiricum\Myriophyllum_sibiricum_GBIF_2bded13b96ae.jpg
GBIF,Myriophyllum sibiricum,https://inaturalist-open-data.s3.amazonaws.com/photos/728375764/original.jpg,http://creativecommons.org/licenses/by-nc/4.0/,False,Савицкая Карина,Савицкая Карина,Belarus,Brest,53.199478,26.017376,2026-08-14T09:56,6518555669,,728375764,downloaded,OK,844703,10b17a6f71e551c770af2dcccbd0fd2d5b7208877160ba8dfb409034ae113f62,aquatic_plant_images\Myriophyllum_sibiricum\Myriophyllum_sibiricum_GBIF_728375764.jpg
GBIF,Myriophyllum sibiricum,https://inaturalist-open-data.s3.amazonaws.com/photos/728375766/original.jpg,http://creativecommons.org/licenses/by-nc/4.0/,False,Савицкая Карина,Савицкая Карина,Belarus,Brest,53.199478,26.017376,2026-08-14T09:56,6518555669,,728375766,downloaded,OK,572067,fa963982aa3a1bf80cf8703b87bc1748ec9ee5eb21019060db6b1e22c939bd9e,aquatic_plant_images\Myriophyllum_sibiricum\Myriophyllum_sibiricum_GBIF_728375766.jpg
GBIF,Myriophyllum sibiricum,https://inaturalist-open-data.s3.amazonaws.com/photos/722560161/original.jpg,http://creativecommons.org/licenses/by-nc/4.0/,False,michellei,michellei,United States of America,Minnesota,48.044925,-92.912921,2026-08-23T19:32:46,6518847318,,722560161,downloaded,OK,1873052,5f9b005fe57e55c7ea1d3da70980d64d09bc0f3cb5f954cd60b4506a9f1c0a7d,aquatic_plant_images\Myriophyllum_sibiricum\Myriophyllum_sibiricum_GBIF_722560161.jpg
GBIF,Myriophyllum sibiricum,https://inaturalist-open-data.s3.amazonaws.com/photos/722560224/original.jpg,http://creativecommons.org/licenses/by-nc/4.0/,False,michellei,michellei,United States of America,Minnesota,48.044925,-92.912921,2026-08-23T19:32:46,6518847318,,722560224,downloaded,OK,1946423,58045af48aaeccbb7f2d598de585d9f995ac407ad526cd4007613db399ce26e6,aquatic_plant_images\Myriophyllum_sibiricum\Myriophyllum_sibiricum_GBIF_722560224.jpg
GBIF,Myriophyllum sibiricum,https://inaturalist-open-data.s3.amazonaws.com/photos/722560277/original.jpg,http://creativecommons.org/licenses/by-nc/4.0/,False,michellei,michellei,United States of America,Minnesota,48.044925,-92.912921,2026-08-23T19:32:46,6518847318,,722560277,downloaded,OK,2257501,9f411e8c19e09709edf42039baf7ba6b3181d84a3c978ea4b2aba3df415db913,aquatic_plant_images\Myriophyllum_sibiricum\Myriophyllum_sibiricum_GBIF_722560277.jpg
GBIF,Myriophyllum sibiricum,https://inaturalist-open-data.s3.amazonaws.com/photos/722560335/original.jpg,http://creativecommons.org/licenses/by-nc/4.0/,False,michellei,michellei,United States of America,Minnesota,48.044925,-92.912921,2026-08-23T19:32:46,6518847318,,722560335,downloaded,OK,2002417,685a3c33ac2831255f024966e0ad47bc578bea696e934645658ba75df99d9e17,aquatic_plant_images\Myriophyllum_sibiricum\Myriophyllum_sibiricum_GBIF_722560335.jpg
GBIF,Myriophyllum sibiricum,https://inaturalist-open-data.s3.amazonaws.com/photos/720173202/original.jpg,http://creativecommons.org/licenses/by-nc/4.0/,False,Connor Haindfield,Connor Haindfield,United States of America,Minnesota,45.287084,-93.907861,2026-08-20T09:46:57,6519865546,,720173202,downloaded,OK,1701175,01ec831a329055035f19cf0cc4d59fa99b96b06d657bf0ec59d09d86dc00ab9e,aquatic_plant_images\Myriophyllum_sibiricum\Myriophyllum_sibiricum_GBIF_720173202.jpg
GBIF,Myriophyllum sibiricum,https://inaturalist-open-data.s3.amazonaws.com/photos/725562327/original.jpg,http://creativecommons.org/licenses/by/4.0/,True,Alex Baxter,Alex Baxter,Canada,Alberta,53.555633,-114.734619,2026-08-26T10:18,6519928938,,725562327,downloaded,OK,727904,6105d98debf0071c00970c2a175bb357c228129bdfcacf37f0cea826c1ac019b,aquatic_plant_images\Myriophyllum_sibiricum\Myriophyllum_sibiricum_GBIF_725562327.jpg
GBIF,Myriophyllum sibiricum,https://inaturalist-open-data.s3.amazonaws.com/photos/725562330/original.jpg,http://creativecommons.org/licenses/by/4.0/,True,Alex Baxter,Alex Baxter,Canada,Alberta,53.555633,-114.734619,2026-08-26T10:18,6519928938,,725562330,downloaded,OK,828280,72492ddf677898ab37aa910325928b51a3029f56c619fe7fc0e8077261a796d8,aquatic_plant_images\Myriophyllum_sibiricum\Myriophyllum_sibiricum_GBIF_725562330.jpg
GBIF,Myriophyllum sibiricum,https://inaturalist-open-data.s3.amazonaws.com/photos/726625756/original.jpg,http://creativecommons.org/licenses/by-nc/4.0/,False,TheInsectGirl,TheInsectGirl,Canada,Manitoba,51.824413,-100.89318,2026-08-31T16:09:01,6552902930,,726625756,downloaded,OK,4603803,a8896efbe911cbb563ccba05f6bd39836e9fa74a1377b079e02ad957623b66cf,aquatic_plant_images\Myriophyllum_sibiricum\Myriophyllum_sibiricum_GBIF_726625756.jpg
GBIF,Myriophyllum sibiricum,https://inaturalist-open-data.s3.amazonaws.com/photos/637254265/original.jpg,http://creativecommons.org/publicdomain/zero/1.0/,True,Jonny Tostenson,Jonny Tostenson,United States of America,Minnesota,45.155086,-92.795001,2026-04-12T14:54:56,6251649220,,637254265,skipped_duplicate,Duplicate URL/photo ID,,,
GBIF,Myriophyllum spicatum,https://inaturalist-open-data.s3.amazonaws.com/photos/605603542/original.jpg,http://creativecommons.org/licenses/by/4.0/,True,chiuluan,chiuluan,Chinese Taipei,Taiwan,23.471588,120.488598,2026-01-01T14:26:19,5938382802,,605603542,downloaded,OK,1215236,e4536a707aa49639d544890ac02d653b2a65fdc0856f7f92f6052ebf6923a9b7,aquatic_plant_images\Myriophyllum_spicatum\Myriophyllum_spicatum_GBIF_605603542.jpg
GBIF,Myriophyllum spicatum,https://inaturalist-open-data.s3.amazonaws.com/photos/605603555/original.jpg,http://creativecommons.org/licenses/by/4.0/,True,chiuluan,chiuluan,Chinese Taipei,Taiwan,23.471588,120.488598,2026-01-01T14:26:19,5938382802,,605603555,downloaded,OK,1246788,a29c3288ef51dc5cb4f2902121f8c14485ce2ebf9c28734bc21667a2adf10288,aquatic_plant_images\Myriophyllum_spicatum\Myriophyllum_spicatum_GBIF_605603555.jpg
GBIF,Myriophyllum spicatum,https://inaturalist-open-data.s3.amazonaws.com/photos/605603567/original.jpg,http://creativecommons.org/licenses/by/4.0/,True,chiuluan,chiuluan,Chinese Taipei,Taiwan,23.471588,120.488598,2026-01-01T14:26:19,5938382802,,605603567,downloaded,OK,2256270,0c64b82bed2aa92170c0b4087fc1c52d2147a7ef2fda21642d8ca3c86271b96b,aquatic_plant_images\Myriophyllum_spicatum\Myriophyllum_spicatum_GBIF_605603567.jpg
GBIF,Myriophyllum spicatum,https://inaturalist-open-data.s3.amazonaws.com/photos/605603652/original.jpg,http://creativecommons.org/licenses/by/4.0/,True,chiuluan,chiuluan,Chinese Taipei,Taiwan,23.471588,120.488598,2026-01-01T14:26:19,5938382802,,605603652,downloaded,OK,2548294,08fca9520a819cbfb4600bbbc18a1ffcc85e896ae3b89a7965fece8211918cb6,aquatic_plant_images\Myriophyllum_spicatum\Myriophyllum_spicatum_GBIF_605603652.jpg
GBIF,Myriophyllum spicatum,https://inaturalist-open-data.s3.amazonaws.com/photos/605295110/original.jpg,http://creativecommons.org/licenses/by-nc/4.0/,False,lubukun,lubukun,Chinese Taipei,Taiwan,24.808424,121.056326,2026-01-04T09:56:49,5938673783,,605295110,downloaded,OK,2306454,dc2c03e33275f1bc501e97b507917215ce02c65b97dfc004c57c1146725766b4,aquatic_plant_images\Myriophyllum_spicatum\Myriophyllum_spicatum_GBIF_605295110.jpg
GBIF,Myriophyllum spicatum,https://inaturalist-open-data.s3.amazonaws.com/photos/605295148/original.jpg,http://creativecommons.org/licenses/by-nc/4.0/,False,lubukun,lubukun,Chinese Taipei,Taiwan,24.808424,121.056326,2026-01-04T09:56:49,5938673783,,605295148,downloaded,OK,2329854,ba88608fab748cbf1a927f6fd97cf34fa131298ba3b4093e3284f08dce019396,aquatic_plant_images\Myriophyllum_spicatum\Myriophyllum_spicatum_GBIF_605295148.jpg
GBIF,Myriophyllum spicatum,https://inaturalist-open-data.s3.amazonaws.com/photos/608804081/original.jpg,http://creativecommons.org/licenses/by-nc/4.0/,False,Peter McCluskey,Peter McCluskey,United States of America,California,37.952775,-122.573819,2026-01-17T12:48:02,6130263768,,608804081,downloaded,OK,1362666,3135cbd19725742e574ad48ea8a7374c6ca21492a98a308fae5cd9ca4f9743e8,aquatic_plant_images\Myriophyllum_spicatum\Myriophyllum_spicatum_GBIF_608804081.jpg
GBIF,Myriophyllum spicatum,https://inaturalist-open-data.s3.amazonaws.com/photos/608804093/original.jpg,http://creativecommons.org/licenses/by-nc/4.0/,False,Peter McCluskey,Peter McCluskey,United States of America,California,37.952775,-122.573819,2026-01-17T12:48:02,6130263768,,608804093,downloaded,OK,1454802,f89bc0f604e64688f0220209e441878c5a27cd3ca960ebc6814b516335d0e4d8,aquatic_plant_images\Myriophyllum_spicatum\Myriophyllum_spicatum_GBIF_608804093.jpg
GBIF,Myriophyllum spicatum,https://inaturalist-open-data.s3.amazonaws.com/photos/608804413/original.jpg,http://creativecommons.org/licenses/by-nc/4.0/,False,Peter McCluskey,Peter McCluskey,United States of America,California,37.952775,-122.573819,2026-01-17T12:48:02,6130263768,,608804413,downloaded,OK,1575326,331cf97e77f8b38b6f7bc897bea537645a5bb1b05a025c69dca442b941e633c0,aquatic_plant_images\Myriophyllum_spicatum\Myriophyllum_spicatum_GBIF_608804413.jpg
GBIF,Myriophyllum spicatum,https://inaturalist-open-data.s3.amazonaws.com/photos/608561500/original.jpg,http://creativecommons.org/licenses/by-nc/4.0/,False,鐦鍆錒/锎钔锕（Man Hoimoon）,鐦鍆錒/锎钔锕（Man Hoimoon）,China,Shanghai,31.305348,121.638436,2026-01-17T13:43:10,6130666424,,608561500,downloaded,OK,513315,6dd912b4b47505a3787a23070b8e5f48aa9081562a4e5b63b4c11768aae306d2,aquatic_plant_images\Myriophyllum_spicatum\Myriophyllum_spicatum_GBIF_608561500.jpg
GBIF,Myriophyllum spicatum,https://inaturalist-open-data.s3.amazonaws.com/photos/608561508/original.jpg,http://creativecommons.org/licenses/by-nc/4.0/,False,鐦鍆錒/锎钔锕（Man Hoimoon）,鐦鍆錒/锎钔锕（Man Hoimoon）,China,Shanghai,31.305348,121.638436,2026-01-17T13:43:10,6130666424,,608561508,downloaded,OK,454073,d939c5bfe8b3bfe50b2baec3cc89763be80247fb33f8d5d99f0604fed9ccceb1,aquatic_plant_images\Myriophyllum_spicatum\Myriophyllum_spicatum_GBIF_608561508.jpg
GBIF,Myriophyllum spicatum,https://inaturalist-open-data.s3.amazonaws.com/photos/608561517/original.jpg,http://creativecommons.org/licenses/by-nc/4.0/,False,鐦鍆錒/锎钔锕（Man Hoimoon）,鐦鍆錒/锎钔锕（Man Hoimoon）,China,Shanghai,31.305348,121.638436,2026-01-17T13:43:10,6130666424,,608561517,downloaded,OK,346175,963dd09f5ba1da0c471193a226fe9a2e6ce08abb0be091deefc4a67d4dfc2b2e,aquatic_plant_images\Myriophyllum_spicatum\Myriophyllum_spicatum_GBIF_608561517.jpg
GBIF,Myriophyllum spicatum,https://inaturalist-open-data.s3.amazonaws.com/photos/607524537/original.jpg,http://creativecommons.org/licenses/by-nc/4.0/,False,Caleb Helsel,Caleb Helsel,United States of America,Texas,30.342155,-97.890663,2026-01-09T15:30:32,6131551322,,607524537,downloaded,OK,1998025,9d4df1782a7f99143e25f4cc9172d7abe0a6bdeb23a1d2decf13d16301a63728,aquatic_plant_images\Myriophyllum_spicatum\Myriophyllum_spicatum_GBIF_607524537.jpg
GBIF,Myriophyllum spicatum,https://inaturalist-open-data.s3.amazonaws.com/photos/611543232/original.jpg,http://creativecommons.org/licenses/by-nc/4.0/,False,bradwarren,bradwarren,United States of America,California,38.231005,-120.955458,2026-01-28T13:37:37,6133388024,,611543232,downloaded,OK,2647694,bc59631525465f84c2338afa7aa1748fd029166159d9fc393ae28166dcbb3a05,aquatic_plant_images\Myriophyllum_spicatum\Myriophyllum_spicatum_GBIF_611543232.jpg
GBIF,Myriophyllum spicatum,https://inaturalist-open-data.s3.amazonaws.com/photos/611543237/original.jpg,http://creativecommons.org/licenses/by-nc/4.0/,False,bradwarren,bradwarren,United States of America,California,38.231005,-120.955458,2026-01-28T13:37:37,6133388024,,611543237,downloaded,OK,2753645,54556a492d153197f8d3343768ec42aabeb60bc59071b324f0ccd33f7a3d3c31,aquatic_plant_images\Myriophyllum_spicatum\Myriophyllum_spicatum_GBIF_611543237.jpg
GBIF,Myriophyllum spicatum,https://inaturalist-open-data.s3.amazonaws.com/photos/611543241/original.jpg,http://creativecommons.org/licenses/by-nc/4.0/,False,bradwarren,bradwarren,United States of America,California,38.231005,-120.955458,2026-01-28T13:37:37,6133388024,,611543241,downloaded,OK,4175289,610b831de6c78d0d6b5c77fd0017d4816b0c639b7c8a185db0cb7a8516a11592,aquatic_plant_images\Myriophyllum_spicatum\Myriophyllum_spicatum_GBIF_611543241.jpg
GBIF,Myriophyllum spicatum,https://observation.org/photos/143213524.jpg,http://creativecommons.org/licenses/by-nc-nd/4.0/,False,joepvhoorn,joepvhoorn,Netherlands,Limburg,51.25,6.0,2026-01-15,6150580371,,,downloaded,OK,256156,3a3311f545e20a28132ae913bac9d351defa9cb4a0e0c209e85b8120a6757565,aquatic_plant_images\Myriophyllum_spicatum\Myriophyllum_spicatum_GBIF_81d33a777a21.jpg
GBIF,Myriophyllum spicatum,https://observation.org/photos/143430618.jpg,http://creativecommons.org/licenses/by-nc-nd/4.0/,False,Siebe Bouman,Siebe Bouman,Netherlands,Limburg,51.5,6.15,2026-01-22,6151007729,,,downloaded,OK,157987,388341b797460bfb7123a2d96f6aebc9f9ce772dc2f0abf26c31631c95a4017b,aquatic_plant_images\Myriophyllum_spicatum\Myriophyllum_spicatum_GBIF_ca2322599140.jpg
GBIF,Myriophyllum spicatum,https://inaturalist-open-data.s3.amazonaws.com/photos/611642547/original.jpg,http://creativecommons.org/licenses/by/4.0/,True,John Haddon,John Haddon,United Kingdom of Great Britain and Northern Ireland,England,53.774095,-2.639368,2026-01-29T11:36:58Z,6170899047,,611642547,downloaded,OK,1149774,bd70ce7f5eb7505a1e8a59b7818a2c3ad5ca3aa16962c45800f51887bfa604f1,aquatic_plant_images\Myriophyllum_spicatum\Myriophyllum_spicatum_GBIF_611642547.jpg
GBIF,Myriophyllum spicatum,https://inaturalist-open-data.s3.amazonaws.com/photos/612304264/original.jpg,http://creativecommons.org/licenses/by-nc/4.0/,False,Abi,Abi,Chinese Taipei,Taichung,24.184663,120.62978,2026-02-01T09:40:09,6133287689,,612304264,downloaded,OK,2543209,574fdb11c6f128ce656595a16fcec0253a246347436d4357a816cafd9c40da54,aquatic_plant_images\Myriophyllum_spicatum\Myriophyllum_spicatum_GBIF_612304264.jpg
GBIF,Myriophyllum spicatum,https://inaturalist-open-data.s3.amazonaws.com/photos/612416613/original.jpg,http://creativecommons.org/licenses/by-nc/4.0/,False,emmarusso2003,emmarusso2003,France,Languedoc-Roussillon,43.648932,3.331267,2026-02-01T13:56:50,6133482702,,612416613,downloaded,OK,1708795,b6ef7b5ec0ef51063c1c252f48018ffdb49fe135e185f1c9e4b332dd007d4f13,aquatic_plant_images\Myriophyllum_spicatum\Myriophyllum_spicatum_GBIF_612416613.jpg
GBIF,Myriophyllum spicatum,https://inaturalist-open-data.s3.amazonaws.com/photos/614275908/original.jpg,http://creativecommons.org/licenses/by-nc/4.0/,False,Jens Bokelaar,Jens Bokelaar,Austria,Oberösterreich,47.851395,13.351785,2026-02-05T16:24:17,6147195826,,614275908,downloaded,OK,1854991,93f930fd02e4f62e034cfc52067667ba324b5c5781b3509fb388d93474451898,aquatic_plant_images\Myriophyllum_spicatum\Myriophyllum_spicatum_GBIF_614275908.jpg
GBIF,Myriophyllum spicatum,https://inaturalist-open-data.s3.amazonaws.com/photos/613485376/original.jpg,http://creativecommons.org/licenses/by-nc/4.0/,False,Mirko Tomasi,Mirko Tomasi,Italy,Lombardia,45.822368,8.738853,2026-02-05T13:22,6147366095,,613485376,downloaded,OK,866177,125d108f956c99f8e0415b582abf4f8fc07d5d17bf85b61aa4ef9d03ec0facdb,aquatic_plant_images\Myriophyllum_spicatum\Myriophyllum_spicatum_GBIF_613485376.jpg
GBIF,Myriophyllum spicatum,https://inaturalist-open-data.s3.amazonaws.com/photos/613806792/original.jpg,http://creativecommons.org/licenses/by-nc/4.0/,False,willem9,willem9,United States of America,Colorado,40.04522,-105.187721,2026-02-06T13:27,6147472565,,613806792,downloaded,OK,686814,d44b915771529d404dba5af53e846ddad0f16173fa15a5d0c95cbe4dc060c4fc,aquatic_plant_images\Myriophyllum_spicatum\Myriophyllum_spicatum_GBIF_613806792.jpg
GBIF,Myriophyllum spicatum,https://observation.org/photos/144041738.jpg,http://creativecommons.org/licenses/by-nc-nd/4.0/,False,Reinier Blok,Reinier Blok,Netherlands,Drenthe,52.85,6.25,2026-02-14,6152125326,,,downloaded,OK,106970,9484a1a290ed109b67b2adf6c21bbf89adf55bb7b71a63930d25975178b7c3c3,aquatic_plant_images\Myriophyllum_spicatum\Myriophyllum_spicatum_GBIF_f3b0874ece52.jpg
GBIF,Myriophyllum spicatum,https://inaturalist-open-data.s3.amazonaws.com/photos/617359174/original.jpg,http://creativecommons.org/licenses/by-nc/4.0/,False,jianglei,jianglei,China,Jiangsu,31.700985,120.482481,2026-02-20T10:25:13,6162895794,,617359174,downloaded,OK,967332,b741111e965bace0128fab4a103ffb751f57c31620008bb1cbb362a752d69bca,aquatic_plant_images\Myriophyllum_spicatum\Myriophyllum_spicatum_GBIF_617359174.jpg
GBIF,Myriophyllum spicatum,https://inaturalist-open-data.s3.amazonaws.com/photos/617048579/original.jpg,http://creativecommons.org/licenses/by-nc/4.0/,False,Kurt Nadler,Kurt Nadler,Austria,Wien,48.251172,16.399348,2026-02-18T11:54,6163269778,,617048579,downloaded,OK,991387,5ec383cacd1b316544c2d16e4f699ca58d1b4f0b549d198565d0299c408fa6e4,aquatic_plant_images\Myriophyllum_spicatum\Myriophyllum_spicatum_GBIF_617048579.jpg
GBIF,Myriophyllum spicatum,https://inaturalist-open-data.s3.amazonaws.com/photos/619819817/original.jpg,http://creativecommons.org/licenses/by-nc/4.0/,False,ur6s77,ur6s77,Slovenia,Gorenjska,46.28733,13.855895,2026-02-28T13:37:39,6170947075,,619819817,downloaded,OK,3166510,7cfda330f4e9c0836b0dbda202538a27b66efcb6de3e0bf460327b45520d0fc2,aquatic_plant_images\Myriophyllum_spicatum\Myriophyllum_spicatum_GBIF_619819817.jpg
GBIF,Myriophyllum spicatum,https://inaturalist-open-data.s3.amazonaws.com/photos/618930147/original.jpg,http://creativecommons.org/licenses/by-nc/4.0/,False,lubukun,lubukun,Chinese Taipei,Taiwan,24.826284,120.974349,2026-02-25T15:14:45,6171052587,,618930147,downloaded,OK,1474898,a5a3cd98861b831e247d1a7f17edb060f73875c4928c434fc787a70029de5e48,aquatic_plant_images\Myriophyllum_spicatum\Myriophyllum_spicatum_GBIF_618930147.jpg
GBIF,Myriophyllum spicatum,https://inaturalist-open-data.s3.amazonaws.com/photos/618930356/original.jpg,http://creativecommons.org/licenses/by-nc/4.0/,False,lubukun,lubukun,Chinese Taipei,Taiwan,24.826284,120.974349,2026-02-25T15:14:45,6171052587,,618930356,downloaded,OK,1321303,ec95d5cbbbc11ccd5883254a55133f36b8287e483d17b22d2e0b718fa3d5ca83,aquatic_plant_images\Myriophyllum_spicatum\Myriophyllum_spicatum_GBIF_618930356.jpg
GBIF,Myriophyllum spicatum,https://inaturalist-open-data.s3.amazonaws.com/photos/618930370/original.jpg,http://creativecommons.org/licenses/by-nc/4.0/,False,lubukun,lubukun,Chinese Taipei,Taiwan,24.826284,120.974349,2026-02-25T15:14:45,6171052587,,618930370,downloaded,OK,1215350,2ebaf7469932bbbee2d8b9779b765771f22827224d201810434191cfd56faa52,aquatic_plant_images\Myriophyllum_spicatum\Myriophyllum_spicatum_GBIF_618930370.jpg
GBIF,Myriophyllum spicatum,https://inaturalist-open-data.s3.amazonaws.com/photos/618931026/original.jpg,http://creativecommons.org/licenses/by-nc/4.0/,False,lubukun,lubukun,Chinese Taipei,Taiwan,24.826284,120.974349,2026-02-25T15:14:45,6171052587,,618931026,downloaded,OK,1485536,8f97c9cad465cc80f3cbb4f306f029a6a36b156a109e6e3059192125fa607ecc,aquatic_plant_images\Myriophyllum_spicatum\Myriophyllum_spicatum_GBIF_618931026.jpg
GBIF,Myriophyllum spicatum,https://inaturalist-open-data.s3.amazonaws.com/photos/619001843/original.jpg,http://creativecommons.org/licenses/by-nc/4.0/,False,DiGua Su,DiGua Su,Chinese Taipei,Taiwan,23.471355,120.48835,2026-02-25T16:52:01,6171224935,,619001843,downloaded,OK,3615691,479d181c9c5f3d827cb5c0b639a59979cf0203e301cdf7d4247f6ec97a58f847,aquatic_plant_images\Myriophyllum_spicatum\Myriophyllum_spicatum_GBIF_619001843.jpg
GBIF,Myriophyllum spicatum,https://inaturalist-open-data.s3.amazonaws.com/photos/618931048/original.jpg,http://creativecommons.org/licenses/by-nc/4.0/,False,lubukun,lubukun,Chinese Taipei,Taiwan,24.827101,120.974285,2026-02-25T14:47:21,6171277543,,618931048,downloaded,OK,752787,181bc0febfb5ea1f445481067689a3cfaaa77c06235db58802e35e3f906e5157,aquatic_plant_images\Myriophyllum_spicatum\Myriophyllum_spicatum_GBIF_618931048.jpg
GBIF,Myriophyllum spicatum,https://inaturalist-open-data.s3.amazonaws.com/photos/618931066/original.jpg,http://creativecommons.org/licenses/by-nc/4.0/,False,lubukun,lubukun,Chinese Taipei,Taiwan,24.827101,120.974285,2026-02-25T14:47:21,6171277543,,618931066,downloaded,OK,954488,429f034794cd000ade52a620627e28ac08eed6ff4a7df2cb79034b0cdb05bf1f,aquatic_plant_images\Myriophyllum_spicatum\Myriophyllum_spicatum_GBIF_618931066.jpg
GBIF,Myriophyllum spicatum,https://inaturalist-open-data.s3.amazonaws.com/photos/619564675/original.jpg,http://creativecommons.org/licenses/by-nc/4.0/,False,鐦鍆錒/锎钔锕（Man Hoimoon）,鐦鍆錒/锎钔锕（Man Hoimoon）,China,Jiangxi,29.261084,117.263682,2026-02-27T14:46:31,6171279452,,619564675,downloaded,OK,685835,5b6f6ca1e9f00cbdc8b58e8aac4289b1f0c7857b71b01ef281608338842a5a02,aquatic_plant_images\Myriophyllum_spicatum\Myriophyllum_spicatum_GBIF_619564675.jpg
GBIF,Myriophyllum spicatum,https://inaturalist-open-data.s3.amazonaws.com/photos/619564696/original.jpg,http://creativecommons.org/licenses/by-nc/4.0/,False,鐦鍆錒/锎钔锕（Man Hoimoon）,鐦鍆錒/锎钔锕（Man Hoimoon）,China,Jiangxi,29.261084,117.263682,2026-02-27T14:46:31,6171279452,,619564696,downloaded,OK,624217,8879403b4aff01e8e801e4064f73818fccb749c209c3aded0d72fb3dd69d4a59,aquatic_plant_images\Myriophyllum_spicatum\Myriophyllum_spicatum_GBIF_619564696.jpg
GBIF,Myriophyllum spicatum,https://inaturalist-open-data.s3.amazonaws.com/photos/619493569/original.jpg,http://creativecommons.org/licenses/by-nc/4.0/,False,鐦鍆錒/锎钔锕（Man Hoimoon）,鐦鍆錒/锎钔锕（Man Hoimoon）,China,Jiangxi,29.261084,117.263682,2026-02-27T14:46:31,6171279452,,619493569,downloaded,OK,625014,c89fcfa0473edac8d5f042d792d8a7a16517f6bba8753c72e2a2a6ec69499789,aquatic_plant_images\Myriophyllum_spicatum\Myriophyllum_spicatum_GBIF_619493569.jpg
GBIF,Myriophyllum spicatum,https://inaturalist-open-data.s3.amazonaws.com/photos/619493584/original.jpg,http://creativecommons.org/licenses/by-nc/4.0/,False,鐦鍆錒/锎钔锕（Man Hoimoon）,鐦鍆錒/锎钔锕（Man Hoimoon）,China,Jiangxi,29.261084,117.263682,2026-02-27T14:46:31,6171279452,,619493584,downloaded,OK,487233,d2c3590d857954500daac38f081a2bb11a5423efb813abed6e12b4050c2b0924,aquatic_plant_images\Myriophyllum_spicatum\Myriophyllum_spicatum_GBIF_619493584.jpg
GBIF,Myriophyllum spicatum,https://inaturalist-open-data.s3.amazonaws.com/photos/619493599/original.jpg,http://creativecommons.org/licenses/by-nc/4.0/,False,鐦鍆錒/锎钔锕（Man Hoimoon）,鐦鍆錒/锎钔锕（Man Hoimoon）,China,Jiangxi,29.261084,117.263682,2026-02-27T14:46:31,6171279452,,619493599,downloaded,OK,462338,5819da7f5127e7fde50a117f08419b96fe4086939f5fd69d256b2a0e4545eaed,aquatic_plant_images\Myriophyllum_spicatum\Myriophyllum_spicatum_GBIF_619493599.jpg
GBIF,Myriophyllum spicatum,https://inaturalist-open-data.s3.amazonaws.com/photos/619493607/original.jpg,http://creativecommons.org/licenses/by-nc/4.0/,False,鐦鍆錒/锎钔锕（Man Hoimoon）,鐦鍆錒/锎钔锕（Man Hoimoon）,China,Jiangxi,29.261084,117.263682,2026-02-27T14:46:31,6171279452,,619493607,downloaded,OK,487538,20a2de72bf328069ffab8e144658459fd11b2b518d3dd71c21d16e84099e8f3a,aquatic_plant_images\Myriophyllum_spicatum\Myriophyllum_spicatum_GBIF_619493607.jpg
GBIF,Myriophyllum spicatum,https://inaturalist-open-data.s3.amazonaws.com/photos/622903918/original.jpg,http://creativecommons.org/licenses/by-nc/4.0/,False,ylan_dano,ylan_dano,France,Languedoc-Roussillon,43.648889,3.331389,2026-02-01T13:55,6178485796,,622903918,downloaded,OK,507634,d34ef7f310dbdb55c19fa7aab719dc9ecabc6e9af94f5e050c6b0fcca21bde88,aquatic_plant_images\Myriophyllum_spicatum\Myriophyllum_spicatum_GBIF_622903918.jpg
GBIF,Myriophyllum spicatum,https://inaturalist-open-data.s3.amazonaws.com/photos/622903933/original.jpg,http://creativecommons.org/licenses/by-nc/4.0/,False,ylan_dano,ylan_dano,France,Languedoc-Roussillon,43.648889,3.331389,2026-02-01T13:55,6178485796,,622903933,downloaded,OK,437853,442d60c87ae5a243fa0ca732a2c6c2176556efa83252c324f8ec9ce954501fa3,aquatic_plant_images\Myriophyllum_spicatum\Myriophyllum_spicatum_GBIF_622903933.jpg
GBIF,Myriophyllum spicatum,https://inaturalist-open-data.s3.amazonaws.com/photos/622903970/original.jpg,http://creativecommons.org/licenses/by-nc/4.0/,False,ylan_dano,ylan_dano,France,Languedoc-Roussillon,43.648889,3.331389,2026-02-01T13:55,6178485796,,622903970,downloaded,OK,648339,244c865150a36fdd9a1464ee541201dedbc9143043e6af9f5014a259babd79fd,aquatic_plant_images\Myriophyllum_spicatum\Myriophyllum_spicatum_GBIF_622903970.jpg
GBIF,Myriophyllum spicatum,https://inaturalist-open-data.s3.amazonaws.com/photos/620029841/original.jpg,http://creativecommons.org/licenses/by-nc/4.0/,False,Trystin Knowland,Trystin Knowland,United States of America,California,37.95063,-122.607147,2026-02-26T09:35:41,6178638320,,620029841,downloaded,OK,3413560,fd7a7b7b92dd3a3f980542eaa81de3dec5a782a7088feb53acb4bec55ef5e9f0,aquatic_plant_images\Myriophyllum_spicatum\Myriophyllum_spicatum_GBIF_620029841.jpg
GBIF,Myriophyllum spicatum,https://inaturalist-open-data.s3.amazonaws.com/photos/614001067/original.jpg,http://creativecommons.org/licenses/by-nc/4.0/,False,Petroc ap Seisyllt,Petroc ap Seisyllt,Egypt,Al Uqsur,25.709713,32.644978,2026-02-04T11:51:26,6520091811,,614001067,downloaded,OK,540343,80e80d41f169cd6bbe6d8306ab6764db2e7cb457801fda2dc0446aec7400d441,aquatic_plant_images\Myriophyllum_spicatum\Myriophyllum_spicatum_GBIF_614001067.jpg
GBIF,Myriophyllum spicatum,https://inaturalist-open-data.s3.amazonaws.com/photos/630356392/original.jpg,http://creativecommons.org/licenses/by/4.0/,True,Alan Prather,Alan Prather,United States of America,Michigan,42.665078,-86.210961,2026-03-28T10:47:35,6184855992,,630356392,downloaded,OK,3355750,88bea8256a5a5cb12d228a92a7388a8c407d97f7f6409bcd8ebfc08bf1e973ac,aquatic_plant_images\Myriophyllum_spicatum\Myriophyllum_spicatum_GBIF_630356392.jpg
GBIF,Myriophyllum spicatum,https://inaturalist-open-data.s3.amazonaws.com/photos/630356412/original.jpg,http://creativecommons.org/licenses/by/4.0/,True,Alan Prather,Alan Prather,United States of America,Michigan,42.665078,-86.210961,2026-03-28T10:47:35,6184855992,,630356412,downloaded,OK,2564100,0a8ca2507d16bafe692c7c114044b1526a512b162c6ef22a5a62b5cb08700282,aquatic_plant_images\Myriophyllum_spicatum\Myriophyllum_spicatum_GBIF_630356412.jpg
GBIF,Najas flexilis,https://inaturalist-open-data.s3.amazonaws.com/photos/607471998/original.jpg,http://creativecommons.org/licenses/by-nc/4.0/,False,Emily Palahnuk,Emily Palahnuk,Canada,Ontario,48.231012,-89.928872,2026-01-10T19:54:23,6130554700,,607471998,downloaded,OK,716553,8c31d68b459bfd5aa26f7837eb1b689b2c15bf47dd998a9b40a39b1cb6cdc2c3,aquatic_plant_images\Najas_flexilis\Najas_flexilis_GBIF_607471998.jpg
GBIF,Najas flexilis,https://inaturalist-open-data.s3.amazonaws.com/photos/607472026/original.jpg,http://creativecommons.org/licenses/by-nc/4.0/,False,Emily Palahnuk,Emily Palahnuk,Canada,Ontario,48.231012,-89.928872,2026-01-10T19:54:23,6130554700,,607472026,downloaded,OK,546919,8217174d17a7ce3c9a2c69a9922f669321a450ac42aad5803f8f82021fb507e0,aquatic_plant_images\Najas_flexilis\Najas_flexilis_GBIF_607472026.jpg
GBIF,Najas flexilis,https://inaturalist-open-data.s3.amazonaws.com/photos/607472050/original.jpg,http://creativecommons.org/licenses/by-nc/4.0/,False,Emily Palahnuk,Emily Palahnuk,Canada,Ontario,48.231012,-89.928872,2026-01-10T19:54:23,6130554700,,607472050,downloaded,OK,603766,45517e37d3530bc2649e3f153295df501c7695dd32aebc4066905e1574cf14cc,aquatic_plant_images\Najas_flexilis\Najas_flexilis_GBIF_607472050.jpg
GBIF,Najas flexilis,https://inaturalist-open-data.s3.amazonaws.com/photos/692795662/original.jpg,http://creativecommons.org/licenses/by-nc/4.0/,False,kclark525,kclark525,United States of America,Michigan,43.413928,-85.672747,2026-07-06T11:29:09,6431788387,,692795662,downloaded,OK,1093981,a6cc497f7e63b663b97d2c030d0c2c304cc0d3cb8e0b6ff0df7682a317c63f36,aquatic_plant_images\Najas_flexilis\Najas_flexilis_GBIF_692795662.jpg
GBIF,Najas flexilis,https://inaturalist-open-data.s3.amazonaws.com/photos/692796139/original.jpg,http://creativecommons.org/licenses/by-nc/4.0/,False,kclark525,kclark525,United States of America,Michigan,43.413928,-85.672747,2026-07-06T11:29:09,6431788387,,692796139,downloaded,OK,2150534,558b016716e184849e65e7c5c9494a4a953a2ef3497f6df9bc5cf622cff7535d,aquatic_plant_images\Najas_flexilis\Najas_flexilis_GBIF_692796139.jpg
GBIF,Najas flexilis,https://inaturalist-open-data.s3.amazonaws.com/photos/699394467/original.jpg,http://creativecommons.org/licenses/by/4.0/,True,Dustin Snider,Dustin Snider,Canada,Saskatchewan,54.155117,-101.983825,2026-07-12T09:01:12,6451934609,,699394467,downloaded,OK,765930,5508361aa4680326d2377613a62dfb206bb6fb7126ed44550bdc29b1589c546e,aquatic_plant_images\Najas_flexilis\Najas_flexilis_GBIF_699394467.jpg
GBIF,Najas flexilis,https://inaturalist-open-data.s3.amazonaws.com/photos/702475598/original.jpg,http://creativecommons.org/licenses/by-nc/4.0/,False,Clay T,Clay T,Canada,Alberta,53.577218,-114.758166,2026-07-21T16:15:38,6470116990,,702475598,downloaded,OK,1097716,e24cf5af3368ce01c0287ba07b314b787c5d6f39882d62fcbfd6ff1b5bdb84e4,aquatic_plant_images\Najas_flexilis\Najas_flexilis_GBIF_702475598.jpg
GBIF,Najas flexilis,https://inaturalist-open-data.s3.amazonaws.com/photos/702475715/original.jpg,http://creativecommons.org/licenses/by-nc/4.0/,False,Clay T,Clay T,Canada,Alberta,53.577218,-114.758166,2026-07-21T16:15:38,6470116990,,702475715,downloaded,OK,1123532,47a3644c8df0af49d8b9041cd4a2f3cda7e1b3a9321ecf5124a6b0afea2503ed,aquatic_plant_images\Najas_flexilis\Najas_flexilis_GBIF_702475715.jpg
GBIF,Najas flexilis,https://inaturalist-open-data.s3.amazonaws.com/photos/702571221/original.jpg,http://creativecommons.org/publicdomain/zero/1.0/,True,Kallum McDonald,Kallum McDonald,Canada,Alberta,53.577103,-114.758255,2026-07-21T16:12,6470386566,,702571221,downloaded,OK,3309010,a7c98100d45ff5c27b55d14e4cff045ac93742df6b6a9a09c6df145cd7df0371,aquatic_plant_images\Najas_flexilis\Najas_flexilis_GBIF_702571221.jpg
GBIF,Najas flexilis,https://inaturalist-open-data.s3.amazonaws.com/photos/738137529/original.jpg,http://creativecommons.org/licenses/by/4.0/,True,Dustin Snider,Dustin Snider,Canada,Alberta,52.51323,-110.092338,2026-07-31T08:23:25,6552231348,,738137529,downloaded,OK,1941872,9b0b5593dba8ab87c797079d1c03dbd2ac526d82169e8e7787145f03af5be1c5,aquatic_plant_images\Najas_flexilis\Najas_flexilis_GBIF_738137529.jpg
GBIF,Najas flexilis,https://inaturalist-open-data.s3.amazonaws.com/photos/713367355/original.jpg,http://creativecommons.org/licenses/by-nc/4.0/,False,James,James,Canada,Nova Scotia,45.068004,-64.352962,2026-08-08T17:20:35,6480356330,,713367355,downloaded,OK,3553305,79eddb02bc7f68cf83c9ee4185524bcd0481eb451f8f41c3b673986a43904672,aquatic_plant_images\Najas_flexilis\Najas_flexilis_GBIF_713367355.jpg
GBIF,Najas flexilis,https://inaturalist-open-data.s3.amazonaws.com/photos/713367283/original.jpg,http://creativecommons.org/licenses/by-nc/4.0/,False,James,James,Canada,Nova Scotia,45.068004,-64.352962,2026-08-08T17:20:35,6480356330,,713367283,downloaded,OK,2896296,cbdc664a8cdaf5feaf75619000b8ba7d9dfe9b5d96c42a2c7758dc7111b15af1,aquatic_plant_images\Najas_flexilis\Najas_flexilis_GBIF_713367283.jpg
GBIF,Najas flexilis,https://inaturalist-open-data.s3.amazonaws.com/photos/713367336/original.jpg,http://creativecommons.org/licenses/by-nc/4.0/,False,James,James,Canada,Nova Scotia,45.068004,-64.352962,2026-08-08T17:20:35,6480356330,,713367336,downloaded,OK,4328859,d4be5493176fc1164ccb6f8a6fbb281285c439b257a43e14cf6cf5adfba74d43,aquatic_plant_images\Najas_flexilis\Najas_flexilis_GBIF_713367336.jpg
GBIF,Najas flexilis,https://inaturalist-open-data.s3.amazonaws.com/photos/720341656/original.jpg,http://creativecommons.org/licenses/by-nc/4.0/,False,Alexander Skevington,Alexander Skevington,Canada,Ontario,45.591592,-78.517913,2026-08-16T13:53:39,6500281762,,720341656,downloaded,OK,2609192,d332c01239271560c70fabb23b73553defc600836660ef0c7b57fb4412eefcce,aquatic_plant_images\Najas_flexilis\Najas_flexilis_GBIF_720341656.jpg
GBIF,Najas flexilis,https://inaturalist-open-data.s3.amazonaws.com/photos/720341509/original.jpg,http://creativecommons.org/licenses/by-nc/4.0/,False,Alexander Skevington,Alexander Skevington,Canada,Ontario,45.591592,-78.517913,2026-08-16T13:53:39,6500281762,,720341509,downloaded,OK,2836892,4a098a8d6ffd258699065e300e3b4f2f06761a42009a5e65ae22451b2ac8beae,aquatic_plant_images\Najas_flexilis\Najas_flexilis_GBIF_720341509.jpg
GBIF,Najas flexilis,https://inaturalist-open-data.s3.amazonaws.com/photos/720341581/original.jpg,http://creativecommons.org/licenses/by-nc/4.0/,False,Alexander Skevington,Alexander Skevington,Canada,Ontario,45.591592,-78.517913,2026-08-16T13:53:39,6500281762,,720341581,downloaded,OK,2533777,defa10fab6644db3330d4fbc258e4c6390a5320cbd682e631e5984b83c05446e,aquatic_plant_images\Najas_flexilis\Najas_flexilis_GBIF_720341581.jpg
GBIF,Najas flexilis,https://inaturalist-open-data.s3.amazonaws.com/photos/717139237/original.jpg,http://creativecommons.org/licenses/by-nc/4.0/,False,cprib,cprib,Canada,Ontario,45.273522,-80.250488,2026-08-14T12:01:18,6519415946,,717139237,downloaded,OK,751067,558044664c23ba157044d5b2af46806a339095250b9ec01b05bc6483cfeececb,aquatic_plant_images\Najas_flexilis\Najas_flexilis_GBIF_717139237.jpg
GBIF,Najas flexilis,https://inaturalist-open-data.s3.amazonaws.com/photos/717139179/original.jpg,http://creativecommons.org/licenses/by-nc/4.0/,False,cprib,cprib,Canada,Ontario,45.273522,-80.250488,2026-08-14T12:01:18,6519415946,,717139179,downloaded,OK,814407,497f8941489019c9f1152d8802a687a7c4bd56af3819147072247f147345a580,aquatic_plant_images\Najas_flexilis\Najas_flexilis_GBIF_717139179.jpg
GBIF,Najas flexilis,https://inaturalist-open-data.s3.amazonaws.com/photos/717139357/original.jpg,http://creativecommons.org/licenses/by-nc/4.0/,False,cprib,cprib,Canada,Ontario,45.273522,-80.250488,2026-08-14T12:01:18,6519415946,,717139357,downloaded,OK,721756,5fc474a291fd807152929e27e4cc343778cca33b8ec132480dfa8574a8192b57,aquatic_plant_images\Najas_flexilis\Najas_flexilis_GBIF_717139357.jpg
GBIF,Najas flexilis,https://inaturalist-open-data.s3.amazonaws.com/photos/717139400/original.jpg,http://creativecommons.org/licenses/by-nc/4.0/,False,cprib,cprib,Canada,Ontario,45.273522,-80.250488,2026-08-14T12:01:18,6519415946,,717139400,downloaded,OK,736746,69342084875464a5fb8ca93d03fef250e52c5fce321a03c4a1b32d1c59741dd1,aquatic_plant_images\Najas_flexilis\Najas_flexilis_GBIF_717139400.jpg
GBIF,Najas flexilis,https://inaturalist-open-data.s3.amazonaws.com/photos/725217689/original.jpg,http://creativecommons.org/licenses/by-nc/4.0/,False,J. Burke Korol,J. Burke Korol,Canada,Nova Scotia,43.910267,-65.879914,2026-08-27T13:04,6520314592,,725217689,downloaded,OK,699564,bdc20c9f624e0dd057824d366f655ebf3c37886456240cddb64e1dd00b3ab4fd,aquatic_plant_images\Najas_flexilis\Najas_flexilis_GBIF_725217689.jpg
GBIF,Najas flexilis,https://inaturalist-open-data.s3.amazonaws.com/photos/725217688/original.jpg,http://creativecommons.org/licenses/by-nc/4.0/,False,J. Burke Korol,J. Burke Korol,Canada,Nova Scotia,43.910267,-65.879914,2026-08-27T13:04,6520314592,,725217688,downloaded,OK,737167,ef320855a01c42eba91ee015af98716902f965c6796c7ac0c9603d7c5a27a673,aquatic_plant_images\Najas_flexilis\Najas_flexilis_GBIF_725217688.jpg
GBIF,Najas flexilis,https://inaturalist-open-data.s3.amazonaws.com/photos/725217692/original.jpg,http://creativecommons.org/licenses/by-nc/4.0/,False,J. Burke Korol,J. Burke Korol,Canada,Nova Scotia,43.910267,-65.879914,2026-08-27T13:04,6520314592,,725217692,downloaded,OK,528559,bc521cba9b5f4ef3bbb892b340ff170f5b000a744eebf8924f605a8cffea7509,aquatic_plant_images\Najas_flexilis\Najas_flexilis_GBIF_725217692.jpg
GBIF,Najas flexilis,https://inaturalist-open-data.s3.amazonaws.com/photos/737265226/original.jpg,http://creativecommons.org/licenses/by/4.0/,True,Dustin Snider,Dustin Snider,Canada,Saskatchewan,52.879733,-101.850945,2026-08-30T10:47:26,6551992437,,737265226,downloaded,OK,659911,ae9e4d0c80b407a83cae9954525147dc7d72a3721721d3068f8895c6fc657229,aquatic_plant_images\Najas_flexilis\Najas_flexilis_GBIF_737265226.jpg
GBIF,Najas flexilis,https://inaturalist-open-data.s3.amazonaws.com/photos/531430910/original.jpg,http://creativecommons.org/licenses/by-nc/4.0/,False,lusherkj,lusherkj,United States of America,Michigan,44.739226,-85.862086,2025-07-02T10:51:04,5216701736,,531430910,downloaded,OK,2034341,a4436e239e122291afb53e32e7f6f2e04413f3cf7d3bb3aa167ec56c56e93a5f,aquatic_plant_images\Najas_flexilis\Najas_flexilis_GBIF_531430910.jpg
GBIF,Najas flexilis,https://inaturalist-open-data.s3.amazonaws.com/photos/537991785/original.jpg,http://creativecommons.org/licenses/by-nc/4.0/,False,micaelacooper,micaelacooper,Canada,Ontario,44.779597,-78.88613,2025-07-16T11:20:44,5230721521,,537991785,downloaded,OK,634133,e0951a93e05cb3df254ee4aa2e7e7076c9a0bf7c7b7c65d84701a5f652267d6d,aquatic_plant_images\Najas_flexilis\Najas_flexilis_GBIF_537991785.jpg
GBIF,Najas flexilis,https://inaturalist-open-data.s3.amazonaws.com/photos/537991821/original.jpg,http://creativecommons.org/licenses/by-nc/4.0/,False,micaelacooper,micaelacooper,Canada,Ontario,44.779597,-78.88613,2025-07-16T11:20:44,5230721521,,537991821,downloaded,OK,631192,ab863aec6f711d0934552755e319c74aae1cdb4140a9a8c6e32d20a305efb242,aquatic_plant_images\Najas_flexilis\Najas_flexilis_GBIF_537991821.jpg
GBIF,Najas flexilis,https://inaturalist-open-data.s3.amazonaws.com/photos/530007623/original.jpg,http://creativecommons.org/licenses/by-nc/4.0/,False,Evan Wahmhoff,Evan Wahmhoff,United States of America,Michigan,44.577251,-83.347363,2025-07-01T10:43:22,5230861889,,530007623,downloaded,OK,1881123,3dcca08b1e5a2dcb90fddaed2b6e3e53beb432e7756fd68c586abc1ebc82282e,aquatic_plant_images\Najas_flexilis\Najas_flexilis_GBIF_530007623.jpg
GBIF,Najas flexilis,https://inaturalist-open-data.s3.amazonaws.com/photos/535102917/original.jpg,http://creativecommons.org/licenses/by/4.0/,True,Brandon Corder,Brandon Corder,United States of America,Wisconsin,46.010903,-89.514008,2025-07-11T16:03:05,5230969538,,535102917,downloaded,OK,3301575,8c8167ecb90b472a10a387364687f225058115343d7008fa9e59dc96b50e2d2c,aquatic_plant_images\Najas_flexilis\Najas_flexilis_GBIF_535102917.jpg
GBIF,Najas flexilis,https://inaturalist-open-data.s3.amazonaws.com/photos/536121649/original.jpg,http://creativecommons.org/publicdomain/zero/1.0/,True,Jonny Tostenson,Jonny Tostenson,United States of America,Minnesota,47.658177,-91.457777,2025-07-13T13:46:48,5231317805,,536121649,downloaded,OK,958885,d0378009957a6698e72dafc78a980b4f65b85fa5e3abf607a410de1f5b61b91f,aquatic_plant_images\Najas_flexilis\Najas_flexilis_GBIF_536121649.jpg
GBIF,Najas flexilis,https://inaturalist-open-data.s3.amazonaws.com/photos/536121229/original.jpg,http://creativecommons.org/publicdomain/zero/1.0/,True,Jonny Tostenson,Jonny Tostenson,United States of America,Minnesota,47.658177,-91.457777,2025-07-13T13:46:48,5231317805,,536121229,downloaded,OK,1523234,a83d4a999497d6e1d1ace446790ced5000e58ef5fb298402a17804fe3b014570,aquatic_plant_images\Najas_flexilis\Najas_flexilis_GBIF_536121229.jpg
GBIF,Najas flexilis,https://inaturalist-open-data.s3.amazonaws.com/photos/543938808/original.jpg,http://creativecommons.org/licenses/by-nc/4.0/,False,juliaschneller,juliaschneller,United States of America,Minnesota,44.179397,-93.807447,2025-07-28T09:58:07,5238234652,,543938808,downloaded,OK,3173713,00275fea9077a53cb43f117c15316243172b4cbbd8f3acd333c529e792733c3e,aquatic_plant_images\Najas_flexilis\Najas_flexilis_GBIF_543938808.jpg
GBIF,Najas flexilis,https://inaturalist-open-data.s3.amazonaws.com/photos/544769599/original.jpg,http://creativecommons.org/publicdomain/zero/1.0/,True,Kallum McDonald,Kallum McDonald,Canada,Alberta,52.744555,-110.590453,2025-07-29T11:18:32,5281935072,,544769599,downloaded,OK,2708576,5425acf746d33ba8d42c7d3d3918e0eee53bae77fe01816a592171ae5a6471cc,aquatic_plant_images\Najas_flexilis\Najas_flexilis_GBIF_544769599.jpg
GBIF,Najas flexilis,https://inaturalist-open-data.s3.amazonaws.com/photos/544649249/original.jpg,http://creativecommons.org/licenses/by-nc/4.0/,False,Siler Russ,Siler Russ,United States of America,Vermont,43.780687,-72.543978,2025-07-29T19:26:12,5282131405,,544649249,downloaded,OK,619477,7d3234cabdbf0af5444c72cb2882ba57925ffe293610fc028d732f107f24e3e6,aquatic_plant_images\Najas_flexilis\Najas_flexilis_GBIF_544649249.jpg
GBIF,Najas flexilis,https://inaturalist-open-data.s3.amazonaws.com/photos/544649311/original.jpg,http://creativecommons.org/licenses/by-nc/4.0/,False,Siler Russ,Siler Russ,United States of America,Vermont,43.780687,-72.543978,2025-07-29T19:26:12,5282131405,,544649311,downloaded,OK,517708,efe5d08a7061b2ab19f0707e3ddd833c5da57d892dda904931c04395ac179cb0,aquatic_plant_images\Najas_flexilis\Najas_flexilis_GBIF_544649311.jpg
GBIF,Najas flexilis,https://inaturalist-open-data.s3.amazonaws.com/photos/544649430/original.jpg,http://creativecommons.org/licenses/by-nc/4.0/,False,Siler Russ,Siler Russ,United States of America,Vermont,43.780687,-72.543978,2025-07-29T19:26:12,5282131405,,544649430,downloaded,OK,694967,ac5b7707a0e0aafb89f2964f236b6e3b01b15a280cf34d6dbddb8471c011ea72,aquatic_plant_images\Najas_flexilis\Najas_flexilis_GBIF_544649430.jpg
GBIF,Najas flexilis,https://inaturalist-open-data.s3.amazonaws.com/photos/545128982/original.jpg,http://creativecommons.org/licenses/by-nc/4.0/,False,Siler Russ,Siler Russ,United States of America,Vermont,43.787058,-72.485141,2025-07-30T19:54:29,5282246731,,545128982,downloaded,OK,727734,b6e0e0ef7961225f2a34d43912d5137d67f8979768b8d6c9a1d1ce0b72b03306,aquatic_plant_images\Najas_flexilis\Najas_flexilis_GBIF_545128982.jpg
GBIF,Najas flexilis,https://inaturalist-open-data.s3.amazonaws.com/photos/545128953/original.jpg,http://creativecommons.org/licenses/by-nc/4.0/,False,Siler Russ,Siler Russ,United States of America,Vermont,43.787058,-72.485141,2025-07-30T19:54:29,5282246731,,545128953,downloaded,OK,743405,282e31dd5764398652fd85d387ddb0e1b3befc71dae4f1e3a41eeadb123788d7,aquatic_plant_images\Najas_flexilis\Najas_flexilis_GBIF_545128953.jpg
GBIF,Najas flexilis,https://inaturalist-open-data.s3.amazonaws.com/photos/544769623/original.jpg,http://creativecommons.org/publicdomain/zero/1.0/,True,Kallum McDonald,Kallum McDonald,Canada,Alberta,52.744567,-110.59008,2025-07-29T11:10:08,5282520218,,544769623,downloaded,OK,2939210,0e5d8ac5fc7c9afbbf8c16249283862b16e5d7d20b6239f7bf737fcea60f5b31,aquatic_plant_images\Najas_flexilis\Najas_flexilis_GBIF_544769623.jpg
GBIF,Najas flexilis,https://inaturalist-open-data.s3.amazonaws.com/photos/544769622/original.jpg,http://creativecommons.org/publicdomain/zero/1.0/,True,Kallum McDonald,Kallum McDonald,Canada,Alberta,52.744567,-110.59008,2025-07-29T11:10:08,5282520218,,544769622,downloaded,OK,3015257,a3a4ec505588f037147b0302f4e0f5720cf75ca5ded0dd6edc58e4bee2f2ae2c,aquatic_plant_images\Najas_flexilis\Najas_flexilis_GBIF_544769622.jpg
GBIF,Najas flexilis,https://inaturalist-open-data.s3.amazonaws.com/photos/542550403/original.jpg,http://creativecommons.org/licenses/by-nc/4.0/,False,Anthony Shannon-Thorn,Anthony Shannon-Thorn,United States of America,Washington,48.971083,-122.069686,2025-07-24T13:31:03,5291764223,,542550403,downloaded,OK,1695723,f2ae3f98e50dc9d9080f67374ce8be085eae32825d8303991fa03601aaa78962,aquatic_plant_images\Najas_flexilis\Najas_flexilis_GBIF_542550403.jpg
GBIF,Najas flexilis,https://inaturalist-open-data.s3.amazonaws.com/photos/542550432/original.jpg,http://creativecommons.org/licenses/by-nc/4.0/,False,Anthony Shannon-Thorn,Anthony Shannon-Thorn,United States of America,Washington,48.971083,-122.069686,2025-07-24T13:31:03,5291764223,,542550432,downloaded,OK,2000468,adbbabb27dfdb8f306824d3412de99dcb3211997ebcaa9016edcf29b4483551f,aquatic_plant_images\Najas_flexilis\Najas_flexilis_GBIF_542550432.jpg
GBIF,Najas flexilis,https://inaturalist-open-data.s3.amazonaws.com/photos/542798445/original.jpg,http://creativecommons.org/licenses/by-nc/4.0/,False,Fred Watson,Fred Watson,United States of America,Minnesota,48.044881,-90.362861,2025-07-26T07:37:01,5291955229,,542798445,downloaded,OK,758939,daaddbba249742e6b76b5764a731cc8ffbb013e5ed3d7e0607b04f0c7749a8a5,aquatic_plant_images\Najas_flexilis\Najas_flexilis_GBIF_542798445.jpg
GBIF,Najas flexilis,https://inaturalist-open-data.s3.amazonaws.com/photos/542798338/original.jpg,http://creativecommons.org/licenses/by-nc/4.0/,False,Fred Watson,Fred Watson,United States of America,Minnesota,48.044881,-90.362861,2025-07-26T07:37:01,5291955229,,542798338,downloaded,OK,897541,314fe60300ec6c0f0c879a6b755ee40fee64749b71a691e84c923ec484e22d22,aquatic_plant_images\Najas_flexilis\Najas_flexilis_GBIF_542798338.jpg
GBIF,Najas flexilis,https://inaturalist-open-data.s3.amazonaws.com/photos/543269473/original.jpg,http://creativecommons.org/licenses/by-nc/4.0/,False,Fred Watson,Fred Watson,United States of America,Minnesota,48.04516,-90.363034,2025-07-26T15:41:45,5292070609,,543269473,downloaded,OK,964993,6f8cca617cb877a43917474e0d55e13ff122c7912016229b2ed6f15672fe7445,aquatic_plant_images\Najas_flexilis\Najas_flexilis_GBIF_543269473.jpg
GBIF,Najas flexilis,https://inaturalist-open-data.s3.amazonaws.com/photos/543269540/original.jpg,http://creativecommons.org/licenses/by-nc/4.0/,False,Fred Watson,Fred Watson,United States of America,Minnesota,48.04516,-90.363034,2025-07-26T15:41:45,5292070609,,543269540,downloaded,OK,859703,217b96d646de226dff4ef92a5df02dbcf8cc1ae246bf773365c6ddf415332545,aquatic_plant_images\Najas_flexilis\Najas_flexilis_GBIF_543269540.jpg
GBIF,Najas flexilis,https://inaturalist-open-data.s3.amazonaws.com/photos/543269616/original.jpg,http://creativecommons.org/licenses/by-nc/4.0/,False,Fred Watson,Fred Watson,United States of America,Minnesota,48.04516,-90.363034,2025-07-26T15:41:45,5292070609,,543269616,downloaded,OK,821984,4ef12ff1fd7f66e848c427b3e783102d28e1aa832ba1efbbcbf8d785fbbd77b6,aquatic_plant_images\Najas_flexilis\Najas_flexilis_GBIF_543269616.jpg
GBIF,Najas flexilis,https://inaturalist-open-data.s3.amazonaws.com/photos/533127141/original.jpg,http://creativecommons.org/licenses/by-nc/4.0/,False,Matthew S. Berg,Matthew S. Berg,United States of America,Wisconsin,45.501013,-92.332275,2025-07-07T08:54:17,5839841417,,533127141,downloaded,OK,820623,51c586b4dfda2b3e2033e3a2ecfa2ab2d17b6c1ade22d9c25863337a452508b4,aquatic_plant_images\Najas_flexilis\Najas_flexilis_GBIF_533127141.jpg
GBIF,Najas flexilis,https://inaturalist-open-data.s3.amazonaws.com/photos/607471998/original.jpg,http://creativecommons.org/licenses/by-nc/4.0/,False,Emily Palahnuk,Emily Palahnuk,Canada,Ontario,48.231012,-89.928872,2026-01-10T19:54:23,6130554700,,607471998,skipped_duplicate,Duplicate URL/photo ID,,,
GBIF,Najas flexilis,https://inaturalist-open-data.s3.amazonaws.com/photos/607472026/original.jpg,http://creativecommons.org/licenses/by-nc/4.0/,False,Emily Palahnuk,Emily Palahnuk,Canada,Ontario,48.231012,-89.928872,2026-01-10T19:54:23,6130554700,,607472026,skipped_duplicate,Duplicate URL/photo ID,,,
GBIF,Najas flexilis,https://inaturalist-open-data.s3.amazonaws.com/photos/607472050/original.jpg,http://creativecommons.org/licenses/by-nc/4.0/,False,Emily Palahnuk,Emily Palahnuk,Canada,Ontario,48.231012,-89.928872,2026-01-10T19:54:23,6130554700,,607472050,skipped_duplicate,Duplicate URL/photo ID,,,
GBIF,Nitellopsis obtusa,https://inaturalist-open-data.s3.amazonaws.com/photos/657009211/original.jpg,http://creativecommons.org/licenses/by-nc/4.0/,False,Ryan Andrews,Ryan Andrews,United States of America,Kansas,38.802437,-95.163528,2026-05-09T14:01:09,6273367581,,657009211,downloaded,OK,2475284,f0f3b60960a98624d9984ad579426f9b9e9d90017190e8a2fc4d386dec8c3de5,aquatic_plant_images\Nitellopsis_obtusa\Nitellopsis_obtusa_GBIF_657009211.jpg
GBIF,Nitellopsis obtusa,https://inaturalist-open-data.s3.amazonaws.com/photos/658218194/original.jpg,http://creativecommons.org/licenses/by-nc/4.0/,False,pvnd0ra,pvnd0ra,United States of America,Michigan,42.485697,-83.798398,2026-05-11T17:09:09,6273494481,,658218194,downloaded,OK,2924186,cee62802ed2f56f01b2fa339032a096785dc6073835c46041b37b31e51104b3d,aquatic_plant_images\Nitellopsis_obtusa\Nitellopsis_obtusa_GBIF_658218194.jpg
GBIF,Nitellopsis obtusa,https://inaturalist-open-data.s3.amazonaws.com/photos/665768833/original.jpg,http://creativecommons.org/licenses/by-nc/4.0/,False,cs_kenney,cs_kenney,United States of America,New York,42.657406,-77.058942,2026-05-24T10:52:50,6334385474,,665768833,downloaded,OK,1891999,b8c4b035be2c9b1e8c2d384ad4bc88635fb54dcf057e7e378b2850c3a8207442,aquatic_plant_images\Nitellopsis_obtusa\Nitellopsis_obtusa_GBIF_665768833.jpg
GBIF,Nitellopsis obtusa,https://inaturalist-open-data.s3.amazonaws.com/photos/665768886/original.jpg,http://creativecommons.org/licenses/by-nc/4.0/,False,cs_kenney,cs_kenney,United States of America,New York,42.657406,-77.058942,2026-05-24T10:52:50,6334385474,,665768886,downloaded,OK,1328602,e9428e10c04dde2896b775cf34a742859ca7c451f39db4ed61bd003571157efd,aquatic_plant_images\Nitellopsis_obtusa\Nitellopsis_obtusa_GBIF_665768886.jpg
GBIF,Nitellopsis obtusa,https://inaturalist-open-data.s3.amazonaws.com/photos/667842230/original.jpg,http://creativecommons.org/licenses/by-nc/4.0/,False,Johannes Dammer,Johannes Dammer,Poland,Lubusz,52.329453,15.292677,2026-05-24,6352345765,,667842230,downloaded,OK,411507,7e8004508c6bca71fddd5acbeb4dcc6da1470c10bb0bd17e5e88385ec635d226,aquatic_plant_images\Nitellopsis_obtusa\Nitellopsis_obtusa_GBIF_667842230.jpg
GBIF,Nitellopsis obtusa,https://inaturalist-open-data.s3.amazonaws.com/photos/667843431/original.jpg,http://creativecommons.org/licenses/by-nc/4.0/,False,Johannes Dammer,Johannes Dammer,Poland,Lubusz,52.329453,15.292677,2026-05-24,6352345765,,667843431,downloaded,OK,82209,da5043276bed78a220aaa11a5477c0811c38949ad87dc0addb50f3a582ac7d59,aquatic_plant_images\Nitellopsis_obtusa\Nitellopsis_obtusa_GBIF_667843431.jpg
GBIF,Nitellopsis obtusa,https://inaturalist-open-data.s3.amazonaws.com/photos/667843568/original.jpg,http://creativecommons.org/licenses/by-nc/4.0/,False,Johannes Dammer,Johannes Dammer,Poland,Lubusz,52.329453,15.292677,2026-05-24,6352345765,,667843568,downloaded,OK,129651,11503b887cf0ce4660b867e6e8767cbc1822ecb0534cbe141cf85a0c93f4f483,aquatic_plant_images\Nitellopsis_obtusa\Nitellopsis_obtusa_GBIF_667843568.jpg
GBIF,Nitellopsis obtusa,https://inaturalist-open-data.s3.amazonaws.com/photos/667843636/original.jpg,http://creativecommons.org/licenses/by-nc/4.0/,False,Johannes Dammer,Johannes Dammer,Poland,Lubusz,52.329453,15.292677,2026-05-24,6352345765,,667843636,downloaded,OK,78793,6aa2e4a7d400b9003689b2c5cd479c574dcf08b676e270a2fa3bda568f151513,aquatic_plant_images\Nitellopsis_obtusa\Nitellopsis_obtusa_GBIF_667843636.jpg
GBIF,Nitellopsis obtusa,https://inaturalist-open-data.s3.amazonaws.com/photos/667843721/original.jpg,http://creativecommons.org/licenses/by-nc/4.0/,False,Johannes Dammer,Johannes Dammer,Poland,Lubusz,52.329453,15.292677,2026-05-24,6352345765,,667843721,downloaded,OK,97744,215fe4d3618b0ed59bcbfc7d3a2566cda90ceedfbb9e693ad7d5b01d9bddc463,aquatic_plant_images\Nitellopsis_obtusa\Nitellopsis_obtusa_GBIF_667843721.jpg
GBIF,Nitellopsis obtusa,https://inaturalist-open-data.s3.amazonaws.com/photos/667843808/original.jpg,http://creativecommons.org/licenses/by-nc/4.0/,False,Johannes Dammer,Johannes Dammer,Poland,Lubusz,52.329453,15.292677,2026-05-24,6352345765,,667843808,downloaded,OK,275584,ffa76944fe732b0e7fbff42ec5cff68325ef7a2741dbce8dfbe69a0753a5bdbc,aquatic_plant_images\Nitellopsis_obtusa\Nitellopsis_obtusa_GBIF_667843808.jpg
GBIF,Nitellopsis obtusa,https://inaturalist-open-data.s3.amazonaws.com/photos/669678987/original.jpg,http://creativecommons.org/licenses/by-nc/4.0/,False,Li Wef.,Li Wef.,Germany,Nordrhein-Westfalen,51.504084,6.655343,2026-05-30T20:11:16,6352997977,,669678987,downloaded,OK,1680258,006ef207e84c391c55c8779a4c8d74274e3ee9e9a9446919013f904ea7f62152,aquatic_plant_images\Nitellopsis_obtusa\Nitellopsis_obtusa_GBIF_669678987.jpg
GBIF,Nitellopsis obtusa,https://inaturalist-open-data.s3.amazonaws.com/photos/670982356/original.jpg,http://creativecommons.org/licenses/by-nc/4.0/,False,Fanny Dstjean,Fanny Dstjean,France,Rhône-Alpes,45.850473,5.79943,2026-05-25T12:48:51,6431187998,,670982356,downloaded,OK,2706007,f08698625f352e5fddd714e2c2736d4637f0fa9e3457a8e1496f6adc5505ed28,aquatic_plant_images\Nitellopsis_obtusa\Nitellopsis_obtusa_GBIF_670982356.jpg
GBIF,Nitellopsis obtusa,https://inaturalist-open-data.s3.amazonaws.com/photos/670982360/original.jpg,http://creativecommons.org/licenses/by-nc/4.0/,False,Fanny Dstjean,Fanny Dstjean,France,Rhône-Alpes,45.850473,5.79943,2026-05-25T12:48:51,6431187998,,670982360,downloaded,OK,2694485,eb4b3c9ef65d50b6327f53f96bff4de2ef2be095e4af457432c77bcb94401ccd,aquatic_plant_images\Nitellopsis_obtusa\Nitellopsis_obtusa_GBIF_670982360.jpg
GBIF,Nitellopsis obtusa,https://inaturalist-open-data.s3.amazonaws.com/photos/670982376/original.jpg,http://creativecommons.org/licenses/by-nc/4.0/,False,Fanny Dstjean,Fanny Dstjean,France,Rhône-Alpes,45.850473,5.79943,2026-05-25T12:48:51,6431187998,,670982376,downloaded,OK,4044610,7b5c3edc2d70798c520206a8f90bb2e81e4b963654d11275871e1d6e9ea6d90d,aquatic_plant_images\Nitellopsis_obtusa\Nitellopsis_obtusa_GBIF_670982376.jpg
GBIF,Nitellopsis obtusa,https://inaturalist-open-data.s3.amazonaws.com/photos/670982365/original.jpg,http://creativecommons.org/licenses/by-nc/4.0/,False,Fanny Dstjean,Fanny Dstjean,France,Rhône-Alpes,45.850473,5.79943,2026-05-25T12:48:51,6431187998,,670982365,downloaded,OK,3812182,088f122c4b86c7a04f9187fd7d661dbecff58c94953b614d50bbbe1e1dbf5e86,aquatic_plant_images\Nitellopsis_obtusa\Nitellopsis_obtusa_GBIF_670982365.jpg
GBIF,Nitellopsis obtusa,https://inaturalist-open-data.s3.amazonaws.com/photos/670982361/original.jpg,http://creativecommons.org/licenses/by-nc/4.0/,False,Fanny Dstjean,Fanny Dstjean,France,Rhône-Alpes,45.850473,5.79943,2026-05-25T12:48:51,6431187998,,670982361,downloaded,OK,2540113,cc4528a7df98875559cbf7ec8c6606ba894a9ca816e7ae7fb5e76a674137ac88,aquatic_plant_images\Nitellopsis_obtusa\Nitellopsis_obtusa_GBIF_670982361.jpg
GBIF,Nitellopsis obtusa,https://inaturalist-open-data.s3.amazonaws.com/photos/728142508/original.jpg,http://creativecommons.org/licenses/by-nc/4.0/,False,jvntd,jvntd,France,Rhône-Alpes,45.78978,5.020777,2026-05-24T13:44,6550803738,,728142508,downloaded,OK,517293,82a063d26c65d6cc4a95f71a67d6699b75fff71b5e6929c01470a4c7ebdd1f44,aquatic_plant_images\Nitellopsis_obtusa\Nitellopsis_obtusa_GBIF_728142508.jpg
GBIF,Nitellopsis obtusa,https://inaturalist-open-data.s3.amazonaws.com/photos/685601837/original.jpg,http://creativecommons.org/licenses/by-nc/4.0/,False,violetdavies,violetdavies,Canada,Ontario,44.389125,-77.856255,2026-06-24T11:58:35,6422119131,,685601837,downloaded,OK,2506869,835180bac8d72a9366e6e4c2bfcb0e5a0a7a06add231c5eecd4c1cfcfb5229ec,aquatic_plant_images\Nitellopsis_obtusa\Nitellopsis_obtusa_GBIF_685601837.jpg
GBIF,Nitellopsis obtusa,https://inaturalist-open-data.s3.amazonaws.com/photos/685601839/original.jpg,http://creativecommons.org/licenses/by-nc/4.0/,False,violetdavies,violetdavies,Canada,Ontario,44.389125,-77.856255,2026-06-24T11:58:35,6422119131,,685601839,downloaded,OK,2507199,84fe32273cc62495faebd12aca67725e33e0e8b16bce7379b80445d2a3cfb5ba,aquatic_plant_images\Nitellopsis_obtusa\Nitellopsis_obtusa_GBIF_685601839.jpg
GBIF,Nitellopsis obtusa,https://inaturalist-open-data.s3.amazonaws.com/photos/685292511/original.jpg,http://creativecommons.org/publicdomain/zero/1.0/,True,Erik Buchwald,Erik Buchwald,Denmark,Hovedstaden,55.79998,12.365993,2026-06-24T12:23:50,6422358715,,685292511,downloaded,OK,1680453,b0373e2a5c60084922155b68aa3d4802c79fc1d9fb45d4504387d4f9942c7b33,aquatic_plant_images\Nitellopsis_obtusa\Nitellopsis_obtusa_GBIF_685292511.jpg
GBIF,Nitellopsis obtusa,https://inaturalist-open-data.s3.amazonaws.com/photos/685292557/original.jpg,http://creativecommons.org/publicdomain/zero/1.0/,True,Erik Buchwald,Erik Buchwald,Denmark,Hovedstaden,55.79998,12.365993,2026-06-24T12:23:50,6422358715,,685292557,downloaded,OK,1849918,f28e7c1ccc4392e6c9cf7fad060a4f8105f51c4023d852305eb790be72d0daeb,aquatic_plant_images\Nitellopsis_obtusa\Nitellopsis_obtusa_GBIF_685292557.jpg
GBIF,Nitellopsis obtusa,https://inaturalist-open-data.s3.amazonaws.com/photos/685292595/original.jpg,http://creativecommons.org/publicdomain/zero/1.0/,True,Erik Buchwald,Erik Buchwald,Denmark,Hovedstaden,55.79998,12.365993,2026-06-24T12:23:50,6422358715,,685292595,downloaded,OK,1474139,25107d34b029917fcd2ab4448a05d72414529775baf474aca652e3d57253a30e,aquatic_plant_images\Nitellopsis_obtusa\Nitellopsis_obtusa_GBIF_685292595.jpg
GBIF,Nitellopsis obtusa,https://inaturalist-open-data.s3.amazonaws.com/photos/685292627/original.jpg,http://creativecommons.org/publicdomain/zero/1.0/,True,Erik Buchwald,Erik Buchwald,Denmark,Hovedstaden,55.79998,12.365993,2026-06-24T12:23:50,6422358715,,685292627,downloaded,OK,1533274,a5cfd944ceeae9d8411544e8a1a3725ea26f16cd32b4154b71e6fc4e722a8b80,aquatic_plant_images\Nitellopsis_obtusa\Nitellopsis_obtusa_GBIF_685292627.jpg
GBIF,Nitellopsis obtusa,https://inaturalist-open-data.s3.amazonaws.com/photos/685292664/original.jpg,http://creativecommons.org/publicdomain/zero/1.0/,True,Erik Buchwald,Erik Buchwald,Denmark,Hovedstaden,55.79998,12.365993,2026-06-24T12:23:50,6422358715,,685292664,downloaded,OK,1424823,d001d4382ed91206e375e2bf75dbc1f82f25195712c5ff72e6a544c1c2b2805a,aquatic_plant_images\Nitellopsis_obtusa\Nitellopsis_obtusa_GBIF_685292664.jpg
GBIF,Nitellopsis obtusa,https://inaturalist-open-data.s3.amazonaws.com/photos/685919786/original.jpg,http://creativecommons.org/publicdomain/zero/1.0/,True,Erik Buchwald,Erik Buchwald,Denmark,Hovedstaden,55.79998,12.365993,2026-06-24T12:23:50,6422358715,,685919786,downloaded,OK,1633994,0443336b233300b28e2f06f07fb3f67c0c6c5bbd9b17d7e11836d45cc9dbcfb0,aquatic_plant_images\Nitellopsis_obtusa\Nitellopsis_obtusa_GBIF_685919786.jpg
GBIF,Nitellopsis obtusa,https://inaturalist-open-data.s3.amazonaws.com/photos/685925588/original.jpg,http://creativecommons.org/publicdomain/zero/1.0/,True,Erik Buchwald,Erik Buchwald,Denmark,Hovedstaden,55.79998,12.365993,2026-06-24T12:23:50,6422358715,,685925588,downloaded,OK,1925079,65e20c68100ed7a6fcb363a20cc7a9c626895eeba5a0c8ac970ef872d2af9449,aquatic_plant_images\Nitellopsis_obtusa\Nitellopsis_obtusa_GBIF_685925588.jpg
GBIF,Nitellopsis obtusa,https://inaturalist-open-data.s3.amazonaws.com/photos/686635164/original.jpg,http://creativecommons.org/licenses/by/4.0/,True,Peter Quakenbush,Peter Quakenbush,United States of America,Michigan,43.138672,-85.39567,2026-06-26T08:49:51,6430915323,,686635164,downloaded,OK,2172831,0ead4e2f0e7ebb4ecb6dd880091d4723d8c0ec2c77f6f6e2cf2a6773f9f1e9b0,aquatic_plant_images\Nitellopsis_obtusa\Nitellopsis_obtusa_GBIF_686635164.jpg
GBIF,Nitellopsis obtusa,https://inaturalist-open-data.s3.amazonaws.com/photos/686635168/original.jpg,http://creativecommons.org/licenses/by/4.0/,True,Peter Quakenbush,Peter Quakenbush,United States of America,Michigan,43.138672,-85.39567,2026-06-26T08:49:51,6430915323,,686635168,downloaded,OK,2151213,b42415013d9219774db72b18a2d112f8f40c9460f7d2d5405de4102b307cc5c7,aquatic_plant_images\Nitellopsis_obtusa\Nitellopsis_obtusa_GBIF_686635168.jpg
GBIF,Nitellopsis obtusa,https://inaturalist-open-data.s3.amazonaws.com/photos/686635169/original.jpg,http://creativecommons.org/licenses/by/4.0/,True,Peter Quakenbush,Peter Quakenbush,United States of America,Michigan,43.138672,-85.39567,2026-06-26T08:49:51,6430915323,,686635169,downloaded,OK,4155903,eed5761826de056dddd4d0abdf031383f849a55fa8a1e03a7568fe61edbeeade,aquatic_plant_images\Nitellopsis_obtusa\Nitellopsis_obtusa_GBIF_686635169.jpg
GBIF,Nitellopsis obtusa,https://inaturalist-open-data.s3.amazonaws.com/photos/688674083/original.jpg,http://creativecommons.org/licenses/by-nc/4.0/,False,ingridbey,ingridbey,United States of America,Minnesota,47.138646,-94.674558,2026-06-29T15:04:06,6431093561,,688674083,downloaded,OK,1142157,420cce9e36db90bd7c5c606d413719692193eded07401e5ff643d845abae6f57,aquatic_plant_images\Nitellopsis_obtusa\Nitellopsis_obtusa_GBIF_688674083.jpg
GBIF,Nitellopsis obtusa,https://inaturalist-open-data.s3.amazonaws.com/photos/692508124/original.jpg,http://creativecommons.org/licenses/by-nc/4.0/,False,vancekr1,vancekr1,United States of America,Michigan,44.350762,-83.946097,2026-06-03T14:09:45,6431576707,,692508124,downloaded,OK,2393571,9ae674b488609652e9639a04cabc6448eb5481ee57594814215b4a2eab479895,aquatic_plant_images\Nitellopsis_obtusa\Nitellopsis_obtusa_GBIF_692508124.jpg
GBIF,Nitellopsis obtusa,https://inaturalist-open-data.s3.amazonaws.com/photos/688673417/original.jpg,http://creativecommons.org/licenses/by-nc/4.0/,False,ingridbey,ingridbey,United States of America,Minnesota,47.13829,-94.674885,2026-06-29T15:02:21,6431866753,,688673417,downloaded,OK,2177214,eacdb7c28c0826ae26b98a4aea516cacd2bb48b748522902940b585b0ec425c8,aquatic_plant_images\Nitellopsis_obtusa\Nitellopsis_obtusa_GBIF_688673417.jpg
GBIF,Nitellopsis obtusa,https://inaturalist-open-data.s3.amazonaws.com/photos/687686769/original.jpg,http://creativecommons.org/licenses/by-nc/4.0/,False,Johannes Dammer,Johannes Dammer,Germany,Sachsen-Anhalt,51.792888,12.579699,2026-06-26T18:35,6431876688,,687686769,downloaded,OK,1552359,1fee26e145ba86cf8f5134206aea481cce1918c0709b71ef8b7a477c8a5f3b6a,aquatic_plant_images\Nitellopsis_obtusa\Nitellopsis_obtusa_GBIF_687686769.jpg
GBIF,Nitellopsis obtusa,https://inaturalist-open-data.s3.amazonaws.com/photos/687686848/original.jpg,http://creativecommons.org/licenses/by-nc/4.0/,False,Johannes Dammer,Johannes Dammer,Germany,Sachsen-Anhalt,51.792888,12.579699,2026-06-26T18:35,6431876688,,687686848,downloaded,OK,1771516,4a25c3a14b99ef337dea58d3d338c056358f3420eaf3ae894509791f287ee8bd,aquatic_plant_images\Nitellopsis_obtusa\Nitellopsis_obtusa_GBIF_687686848.jpg
GBIF,Nitellopsis obtusa,https://inaturalist-open-data.s3.amazonaws.com/photos/687686929/original.jpg,http://creativecommons.org/licenses/by-nc/4.0/,False,Johannes Dammer,Johannes Dammer,Germany,Sachsen-Anhalt,51.792888,12.579699,2026-06-26T18:35,6431876688,,687686929,downloaded,OK,1683890,97f6a301c17c5c6dcf3de102e461163465e854c9c768a7b0142b12b390df3a79,aquatic_plant_images\Nitellopsis_obtusa\Nitellopsis_obtusa_GBIF_687686929.jpg
GBIF,Nitellopsis obtusa,https://inaturalist-open-data.s3.amazonaws.com/photos/687687001/original.jpg,http://creativecommons.org/licenses/by-nc/4.0/,False,Johannes Dammer,Johannes Dammer,Germany,Sachsen-Anhalt,51.792888,12.579699,2026-06-26T18:35,6431876688,,687687001,downloaded,OK,1721472,5c48006b7ae4452c658a39f6a824f12c4ad75b95abfc6fa3f21f241f12bd81a9,aquatic_plant_images\Nitellopsis_obtusa\Nitellopsis_obtusa_GBIF_687687001.jpg
GBIF,Nitellopsis obtusa,https://inaturalist-open-data.s3.amazonaws.com/photos/687687060/original.jpg,http://creativecommons.org/licenses/by-nc/4.0/,False,Johannes Dammer,Johannes Dammer,Germany,Sachsen-Anhalt,51.792888,12.579699,2026-06-26T18:35,6431876688,,687687060,downloaded,OK,1938896,f29e09e5e9e6a53bf62ae30da4c51b09d740da8f18208699b5ca99b6160c412b,aquatic_plant_images\Nitellopsis_obtusa\Nitellopsis_obtusa_GBIF_687687060.jpg
GBIF,Nitellopsis obtusa,https://inaturalist-open-data.s3.amazonaws.com/photos/691315760/original.jpg,http://creativecommons.org/licenses/by-nc/4.0/,False,pkofmi,pkofmi,United States of America,Michigan,44.431021,-83.921186,2026-07-01T07:06,6431494877,,691315760,downloaded,OK,396963,3639d1e00c10791fedced54e254c8d78dd1f0b20791da01ff0692d65f8203b36,aquatic_plant_images\Nitellopsis_obtusa\Nitellopsis_obtusa_GBIF_691315760.jpg
GBIF,Nitellopsis obtusa,https://inaturalist-open-data.s3.amazonaws.com/photos/689691067/original.jpg,http://creativecommons.org/licenses/by-nc/4.0/,False,mmwb52,mmwb52,United States of America,Michigan,43.617662,-85.29591,2026-07-01T11:33:06,6431630648,,689691067,downloaded,OK,3548112,606ea16a400ad4736543ce833820ceeffc3bc3df33762ecacde59c7caacde654,aquatic_plant_images\Nitellopsis_obtusa\Nitellopsis_obtusa_GBIF_689691067.jpg
GBIF,Nitellopsis obtusa,https://inaturalist-open-data.s3.amazonaws.com/photos/695078974/original.jpg,http://creativecommons.org/licenses/by-nc/4.0/,False,Daniel Ward,Daniel Ward,Poland,Kuyavian-Pomeranian,53.382244,17.878981,2026-07-04T14:07,6441195521,,695078974,downloaded,OK,716439,457f12f67fdf0edac760e6c40de9b8dce019306b2c8596fab62dd9ce112c54dd,aquatic_plant_images\Nitellopsis_obtusa\Nitellopsis_obtusa_GBIF_695078974.jpg
GBIF,Nitellopsis obtusa,https://inaturalist-open-data.s3.amazonaws.com/photos/693655950/original.jpg,http://creativecommons.org/licenses/by-nc/4.0/,False,weilival,weilival,Canada,Québec,45.597967,-73.472058,2026-07-07T15:50,6441227998,,693655950,downloaded,OK,768851,c3ebd0555e6c8e226b090ca8f037e7069ec66b5461d57c121dac6e0e2f56a436,aquatic_plant_images\Nitellopsis_obtusa\Nitellopsis_obtusa_GBIF_693655950.jpg
GBIF,Nitellopsis obtusa,https://inaturalist-open-data.s3.amazonaws.com/photos/693655967/original.jpg,http://creativecommons.org/licenses/by-nc/4.0/,False,weilival,weilival,Canada,Québec,45.597967,-73.472058,2026-07-07T15:50,6441227998,,693655967,downloaded,OK,789321,7b26601bc41949e52ad685f5a471383f3958ba179e85199061bd10c0f9a6d477,aquatic_plant_images\Nitellopsis_obtusa\Nitellopsis_obtusa_GBIF_693655967.jpg
GBIF,Nitellopsis obtusa,https://inaturalist-open-data.s3.amazonaws.com/photos/693655966/original.jpg,http://creativecommons.org/licenses/by-nc/4.0/,False,weilival,weilival,Canada,Québec,45.597967,-73.472058,2026-07-07T15:50,6441227998,,693655966,downloaded,OK,674756,68d81e1d9df7a5dd33416ed4d5174c377e0b5732282b39b5eb344080b1d3302a,aquatic_plant_images\Nitellopsis_obtusa\Nitellopsis_obtusa_GBIF_693655966.jpg
GBIF,Nitellopsis obtusa,https://inaturalist-open-data.s3.amazonaws.com/photos/693655624/original.jpg,http://creativecommons.org/licenses/by-nc/4.0/,False,weilival,weilival,Canada,Québec,45.597992,-73.471808,2026-07-07T15:06,6441666750,,693655624,downloaded,OK,644527,d059ad57f07f619d8f352619537a7a635141069c5e572acd1fad152034f66bfd,aquatic_plant_images\Nitellopsis_obtusa\Nitellopsis_obtusa_GBIF_693655624.jpg
GBIF,Nitellopsis obtusa,https://inaturalist-open-data.s3.amazonaws.com/photos/693655685/original.jpg,http://creativecommons.org/licenses/by-nc/4.0/,False,weilival,weilival,Canada,Québec,45.597992,-73.471808,2026-07-07T15:06,6441666750,,693655685,downloaded,OK,667122,3380376080c22b019a4af51bc4d8b76d76c8bf40c6b2850b2b2d176b169f8109,aquatic_plant_images\Nitellopsis_obtusa\Nitellopsis_obtusa_GBIF_693655685.jpg
GBIF,Nitellopsis obtusa,https://inaturalist-open-data.s3.amazonaws.com/photos/693655681/original.jpg,http://creativecommons.org/licenses/by-nc/4.0/,False,weilival,weilival,Canada,Québec,45.597992,-73.471808,2026-07-07T15:06,6441666750,,693655681,downloaded,OK,698970,425c398ed9a97e558bc5c65cff867a874de3e94fe74eaaa0c1520d8382362a3d,aquatic_plant_images\Nitellopsis_obtusa\Nitellopsis_obtusa_GBIF_693655681.jpg
GBIF,Nitellopsis obtusa,https://inaturalist-open-data.s3.amazonaws.com/photos/693448876/original.jpg,http://creativecommons.org/licenses/by-nc/4.0/,False,pkofmi,pkofmi,United States of America,Michigan,44.4346,-83.927794,2026-07-06T14:15,6441745902,,693448876,downloaded,OK,974579,35a60924be632c31ef54d7b5abb3bbd365a57a85222f0953c12fdb9db4654cf6,aquatic_plant_images\Nitellopsis_obtusa\Nitellopsis_obtusa_GBIF_693448876.jpg
GBIF,Nitellopsis obtusa,https://inaturalist-open-data.s3.amazonaws.com/photos/703748101/original.jpg,http://creativecommons.org/licenses/by/4.0/,True,Quinn,Quinn,United States of America,Michigan,42.719978,-83.522147,2026-07-23T13:04:49,6470310763,,703748101,downloaded,OK,1918146,93ea81e7a9b8e01244ba5c7d6640cee71f9938182c7c98f18d4e72e68ba739fd,aquatic_plant_images\Nitellopsis_obtusa\Nitellopsis_obtusa_GBIF_703748101.jpg
GBIF,Nitellopsis obtusa,https://inaturalist-open-data.s3.amazonaws.com/photos/702083578/original.jpg,http://creativecommons.org/licenses/by-nc/4.0/,False,someone_who_likes_nature,someone_who_likes_nature,United States of America,New York,42.676613,-76.716225,2026-07-15T11:07:36,6470374957,,702083578,downloaded,OK,2469710,9f791fb2425e39b90a7e05e3624832410564a776dbc571be7183f7c5b0a3a060,aquatic_plant_images\Nitellopsis_obtusa\Nitellopsis_obtusa_GBIF_702083578.jpg
GBIF,Nitellopsis obtusa,https://inaturalist-open-data.s3.amazonaws.com/photos/689690928/original.jpg,http://creativecommons.org/licenses/by-nc/4.0/,False,mmwb52,mmwb52,United States of America,Michigan,43.617478,-85.296444,2026-07-01T11:28:12,6479200716,,689690928,downloaded,OK,2466810,a816d924801dd6a48e0b564d8440af0ab4cdbc2a1ae27409916d94ef24af4a28,aquatic_plant_images\Nitellopsis_obtusa\Nitellopsis_obtusa_GBIF_689690928.jpg
GBIF,Nitellopsis obtusa,https://inaturalist-open-data.s3.amazonaws.com/photos/707143753/original.jpg,http://creativecommons.org/licenses/by-nc/4.0/,False,Dominik Roman Letz,Dominik Roman Letz,Slovakia,Bratislavský,48.120073,17.142107,2026-07-29T09:45:43,6479391820,,707143753,downloaded,OK,2272774,738cc6bbb5af01530dc4c94d42fc6c63eb275f5a6ab6317018000f3d74db394c,aquatic_plant_images\Nitellopsis_obtusa\Nitellopsis_obtusa_GBIF_707143753.jpg
GBIF,Nitellopsis obtusa,https://inaturalist-open-data.s3.amazonaws.com/photos/707143782/original.jpg,http://creativecommons.org/licenses/by-nc/4.0/,False,Dominik Roman Letz,Dominik Roman Letz,Slovakia,Bratislavský,48.120073,17.142107,2026-07-29T09:45:43,6479391820,,707143782,downloaded,OK,2680930,290df224f194343a15b90ac329d83a9eba01c2337875437a7b8a2512e5b199fd,aquatic_plant_images\Nitellopsis_obtusa\Nitellopsis_obtusa_GBIF_707143782.jpg
GBIF,Nitellopsis obtusa,https://inaturalist-open-data.s3.amazonaws.com/photos/707143814/original.jpg,http://creativecommons.org/licenses/by-nc/4.0/,False,Dominik Roman Letz,Dominik Roman Letz,Slovakia,Bratislavský,48.120073,17.142107,2026-07-29T09:45:43,6479391820,,707143814,downloaded,OK,3199909,e2c904be8cce9061662751e13b33101832691e86099b101fbda3e88644255418,aquatic_plant_images\Nitellopsis_obtusa\Nitellopsis_obtusa_GBIF_707143814.jpg
GBIF,Nitellopsis obtusa,https://inaturalist-open-data.s3.amazonaws.com/photos/707880421/original.jpg,http://creativecommons.org/licenses/by-nc/4.0/,False,lgrenier04,lgrenier04,Canada,Ontario,44.711792,-79.868362,2026-07-30T12:33:44,6480804914,,707880421,downloaded,OK,759210,c7d1398dc467a9ae96d6c46dcc7d95f90a4e4d5f52485064e7a01b3054136287,aquatic_plant_images\Nitellopsis_obtusa\Nitellopsis_obtusa_GBIF_707880421.jpg
GBIF,Nitellopsis obtusa,https://inaturalist-open-data.s3.amazonaws.com/photos/658218194/original.jpg,http://creativecommons.org/licenses/by-nc/4.0/,False,pvnd0ra,pvnd0ra,United States of America,Michigan,42.485697,-83.798398,2026-05-11T17:09:09,6273494481,,658218194,skipped_duplicate,Duplicate URL/photo ID,,,
GBIF,Nuphar variegata,https://inaturalist-open-data.s3.amazonaws.com/photos/629651020/original.jpg,http://creativecommons.org/licenses/by-nc/4.0/,False,James Holdsworth,James Holdsworth,Canada,Ontario,43.242704,-81.855286,2026-03-27T11:33,6235383565,,629651020,downloaded,OK,1074439,cf9b97a850ca3ad84caa55f8d68522e85305eaf8a5217fe5f0f4e1643cfabcc1,aquatic_plant_images\Nuphar_variegata\Nuphar_variegata_GBIF_629651020.jpg
GBIF,Nuphar variegata,https://inaturalist-open-data.s3.amazonaws.com/photos/629651547/original.jpg,http://creativecommons.org/licenses/by-nc/4.0/,False,James Holdsworth,James Holdsworth,Canada,Ontario,43.242704,-81.855286,2026-03-27T11:33,6235383565,,629651547,downloaded,OK,1079043,8e97ef469887acb0faae4015b38714c5db8f8c2a159403e30f57cb69480725a8,aquatic_plant_images\Nuphar_variegata\Nuphar_variegata_GBIF_629651547.jpg
GBIF,Nuphar variegata,https://inaturalist-open-data.s3.amazonaws.com/photos/637212423/original.jpg,http://creativecommons.org/licenses/by-nc/4.0/,False,Kit Muma,Kit Muma,Canada,Ontario,44.849597,-76.203844,2026-04-12T14:00:11,6195535534,,637212423,downloaded,OK,2276301,71de4b51369ce4401b1bd8e7be284c7534925be2fe8b95740e3677856b0821cd,aquatic_plant_images\Nuphar_variegata\Nuphar_variegata_GBIF_637212423.jpg
GBIF,Nuphar variegata,https://inaturalist-open-data.s3.amazonaws.com/photos/637333634/original.jpg,http://creativecommons.org/licenses/by-nc/4.0/,False,Wren Shay,Wren Shay,Canada,Ontario,45.090328,-74.528388,2026-04-12T09:23:30,6195603944,,637333634,downloaded,OK,1758931,594a2903b963cdc06ca497d37131d97501620f18893159f3be63bf61d73ca91a,aquatic_plant_images\Nuphar_variegata\Nuphar_variegata_GBIF_637333634.jpg
GBIF,Nuphar variegata,https://inaturalist-open-data.s3.amazonaws.com/photos/640786459/original.jpg,http://creativecommons.org/licenses/by-nc/4.0/,False,SAWilde,SAWilde,United States of America,Wisconsin,44.324692,-89.211514,2026-04-19T09:59:50,6234247121,,640786459,downloaded,OK,2330963,153d684ad58bbcdfa70b43e9a4edeceffb44b7b9f07469f4bf919aff473c7651,aquatic_plant_images\Nuphar_variegata\Nuphar_variegata_GBIF_640786459.jpg
GBIF,Nuphar variegata,https://inaturalist-open-data.s3.amazonaws.com/photos/640786539/original.jpg,http://creativecommons.org/licenses/by-nc/4.0/,False,SAWilde,SAWilde,United States of America,Wisconsin,44.324692,-89.211514,2026-04-19T09:59:50,6234247121,,640786539,downloaded,OK,2853438,993f4836e1c2ca7130b909fec86930050eac15e2b6ef2cdd5399d0f0ccaebd04,aquatic_plant_images\Nuphar_variegata\Nuphar_variegata_GBIF_640786539.jpg
GBIF,Nuphar variegata,https://inaturalist-open-data.s3.amazonaws.com/photos/640786623/original.jpg,http://creativecommons.org/licenses/by-nc/4.0/,False,SAWilde,SAWilde,United States of America,Wisconsin,44.324692,-89.211514,2026-04-19T09:59:50,6234247121,,640786623,downloaded,OK,2444628,7aeaef0fa3a7ae6be41f156c386daa5e06486d6a07a2e88aec7e5d20d33b80c0,aquatic_plant_images\Nuphar_variegata\Nuphar_variegata_GBIF_640786623.jpg
GBIF,Nuphar variegata,https://inaturalist-open-data.s3.amazonaws.com/photos/637432152/original.jpg,http://creativecommons.org/licenses/by-nc/4.0/,False,Ryan Bardin,Ryan Bardin,United States of America,Connecticut,41.246393,-73.47567,2026-04-12T16:29,6234444704,,637432152,downloaded,OK,980054,13ec81bee18487a828c90188e326cecd98efaba0a51c118d74898526fdaebbaf,aquatic_plant_images\Nuphar_variegata\Nuphar_variegata_GBIF_637432152.jpg
GBIF,Nuphar variegata,https://inaturalist-open-data.s3.amazonaws.com/photos/637432206/original.jpg,http://creativecommons.org/licenses/by-nc/4.0/,False,Ryan Bardin,Ryan Bardin,United States of America,Connecticut,41.246393,-73.47567,2026-04-12T16:29,6234444704,,637432206,downloaded,OK,954598,3c2139d4998e79cf47c5dfc19566a9f90e72c48e4f0c8773c5696b21a426428e,aquatic_plant_images\Nuphar_variegata\Nuphar_variegata_GBIF_637432206.jpg
GBIF,Nuphar variegata,https://inaturalist-open-data.s3.amazonaws.com/photos/637432204/original.jpg,http://creativecommons.org/licenses/by-nc/4.0/,False,Ryan Bardin,Ryan Bardin,United States of America,Connecticut,41.246393,-73.47567,2026-04-12T16:29,6234444704,,637432204,downloaded,OK,999491,96a7c30c07df76ed23a27dfcf5722f35745234e885c5e46000bae8e17e9aafe2,aquatic_plant_images\Nuphar_variegata\Nuphar_variegata_GBIF_637432204.jpg
GBIF,Nuphar variegata,https://inaturalist-open-data.s3.amazonaws.com/photos/642579372/original.jpg,http://creativecommons.org/licenses/by-nc/4.0/,False,Pat Deacon,Pat Deacon,Canada,Ontario,43.586591,-80.09815,2026-04-22T13:49:48,6235356192,,642579372,downloaded,OK,3130853,427b0abedc7c8aa98620c64627e001d60ef2da3c4224c404622765e07400cdbc,aquatic_plant_images\Nuphar_variegata\Nuphar_variegata_GBIF_642579372.jpg
GBIF,Nuphar variegata,https://inaturalist-open-data.s3.amazonaws.com/photos/644108594/original.jpg,http://creativecommons.org/licenses/by-nc/4.0/,False,Karen Beck,Karen Beck,United States of America,Rhode Island,41.522298,-71.748647,2026-04-24T14:29:07,6235694298,,644108594,downloaded,OK,1292702,213c6e1c09c4e41bd35c66cd6adcf93b43ddf332206e6f96ec18f8278c00950c,aquatic_plant_images\Nuphar_variegata\Nuphar_variegata_GBIF_644108594.jpg
GBIF,Nuphar variegata,https://inaturalist-open-data.s3.amazonaws.com/photos/645686732/original.jpg,http://creativecommons.org/licenses/by-nc/4.0/,False,Kelly Fuerstenberg,Kelly Fuerstenberg,United States of America,Connecticut,41.566389,-72.787867,2026-04-25T16:11,6235706505,,645686732,downloaded,OK,533060,c18e8b2609a19136e3edd4ee4c38ebbb374a9c57cd531919133726546b20e81d,aquatic_plant_images\Nuphar_variegata\Nuphar_variegata_GBIF_645686732.jpg
GBIF,Nuphar variegata,https://inaturalist-open-data.s3.amazonaws.com/photos/642216108/original.jpg,http://creativecommons.org/licenses/by-nc/4.0/,False,Wayne Longbottom,Wayne Longbottom,United States of America,Maryland,38.757958,-75.735326,2026-04-21T13:44,6236018860,,642216108,downloaded,OK,1349276,ee6b3948f2347a73c6a06d2a683f46e78cb22faf35eac68f032705ec493c8775,aquatic_plant_images\Nuphar_variegata\Nuphar_variegata_GBIF_642216108.jpg
GBIF,Nuphar variegata,https://inaturalist-open-data.s3.amazonaws.com/photos/640975968/original.jpg,http://creativecommons.org/licenses/by-nc/4.0/,False,Bradley Rasmussen,Bradley Rasmussen,United States of America,New Hampshire,43.793523,-71.777141,2026-04-18T16:33:29,6251612180,,640975968,downloaded,OK,2061584,c5362cea5940ea50389f5c3e72ceadc7c3162c1b66aa1e024dbb503705e6ede9,aquatic_plant_images\Nuphar_variegata\Nuphar_variegata_GBIF_640975968.jpg
GBIF,Nuphar variegata,https://inaturalist-open-data.s3.amazonaws.com/photos/654496969/original.jpg,http://creativecommons.org/licenses/by-nc/4.0/,False,katg927,katg927,United States of America,New York,41.577465,-74.469711,2026-04-26T13:22:28,6252295508,,654496969,downloaded,OK,2008207,168e2aecde4225e34ad9a3fb17599b984a98ded64fbdb737e688b18eafb0aa7a,aquatic_plant_images\Nuphar_variegata\Nuphar_variegata_GBIF_654496969.jpg
GBIF,Nuphar variegata,https://inaturalist-open-data.s3.amazonaws.com/photos/648805418/original.jpg,http://creativecommons.org/licenses/by-nc/4.0/,False,Jodi Levine,Jodi Levine,United States of America,Massachusetts,42.345658,-72.49128,2026-04-27T13:34:38,6252555389,,648805418,downloaded,OK,2151235,6f9db772da8bab14bdcc17b4d7bb0e2e3dfb5eb65c4c58b783e621679a4d67cc,aquatic_plant_images\Nuphar_variegata\Nuphar_variegata_GBIF_648805418.jpg
GBIF,Nuphar variegata,https://inaturalist-open-data.s3.amazonaws.com/photos/649384969/original.jpg,http://creativecommons.org/publicdomain/zero/1.0/,True,Lynn Harper,Lynn Harper,United States of America,Massachusetts,42.060732,-72.356813,2026-04-27T13:43,6252778256,,649384969,downloaded,OK,1967159,f0de03d85212a6f72bdfed7e82d72074cbad6a398e7817d6ac3131004c835821,aquatic_plant_images\Nuphar_variegata\Nuphar_variegata_GBIF_649384969.jpg
GBIF,Nuphar variegata,https://inaturalist-open-data.s3.amazonaws.com/photos/649384641/original.jpg,http://creativecommons.org/publicdomain/zero/1.0/,True,Lynn Harper,Lynn Harper,United States of America,Massachusetts,42.060178,-72.35486,2026-04-27T13:31,6253293986,,649384641,downloaded,OK,1920169,1bab2d7fbf7c21c80df557f5bb31b4281b78848353e439192b6d736f6d885623,aquatic_plant_images\Nuphar_variegata\Nuphar_variegata_GBIF_649384641.jpg
GBIF,Nuphar variegata,https://inaturalist-open-data.s3.amazonaws.com/photos/639024563/original.jpg,http://creativecommons.org/licenses/by-nc/4.0/,False,Heather Pickard,Heather Pickard,Canada,Ontario,45.373009,-75.797496,2026-04-15T16:07,6552271972,,639024563,downloaded,OK,481414,3733ad1b72662599093d6edbc235ded7b9aac1dfb14d1cdb8b4dd7caf2138e5d,aquatic_plant_images\Nuphar_variegata\Nuphar_variegata_GBIF_639024563.jpg
GBIF,Nuphar variegata,https://inaturalist-open-data.s3.amazonaws.com/photos/656396667/original.jpg,http://creativecommons.org/licenses/by-nc/4.0/,False,J,J,United States of America,New Hampshire,42.719863,-71.396012,2026-05-05T16:07:07,6273236948,,656396667,downloaded,OK,3139638,5c111b264e8b1ddfd45ced28f3c54858d0e5e1bd694425128d2f18e93321a681,aquatic_plant_images\Nuphar_variegata\Nuphar_variegata_GBIF_656396667.jpg
GBIF,Nuphar variegata,https://inaturalist-open-data.s3.amazonaws.com/photos/654469849/original.jpg,http://creativecommons.org/licenses/by-nc/4.0/,False,jonno_6,jonno_6,United States of America,Massachusetts,42.618017,-71.644355,2026-05-05T15:20:32,6273239624,,654469849,downloaded,OK,3812774,107aa36f8426daae729df64b69f1f40fc986c041f162ff3320df0b6d72b7131f,aquatic_plant_images\Nuphar_variegata\Nuphar_variegata_GBIF_654469849.jpg
GBIF,Nuphar variegata,https://inaturalist-open-data.s3.amazonaws.com/photos/658069357/original.jpg,http://creativecommons.org/licenses/by-nc/4.0/,False,larryrush,larryrush,United States of America,New Hampshire,43.789913,-71.774125,2026-05-11T12:11:29,6273337070,,658069357,downloaded,OK,781969,1f8e38ec65441a727372ec58d9294458fd96ee42ff2684b5408a6ba7e0a52ac2,aquatic_plant_images\Nuphar_variegata\Nuphar_variegata_GBIF_658069357.jpg
GBIF,Nuphar variegata,https://inaturalist-open-data.s3.amazonaws.com/photos/658069430/original.jpg,http://creativecommons.org/licenses/by-nc/4.0/,False,larryrush,larryrush,United States of America,New Hampshire,43.789913,-71.774125,2026-05-11T12:11:29,6273337070,,658069430,downloaded,OK,695157,c1d184147455a360dba3c70a29e65382615795e139d2b93945edcbb66a33f55b,aquatic_plant_images\Nuphar_variegata\Nuphar_variegata_GBIF_658069430.jpg
GBIF,Nuphar variegata,https://inaturalist-open-data.s3.amazonaws.com/photos/656284712/original.jpg,http://creativecommons.org/licenses/by-nc/4.0/,False,chemist-1,chemist-1,United States of America,New Jersey,39.785354,-74.555376,2026-05-08T11:59:04,6273905796,,656284712,downloaded,OK,3182783,0301dea1f6f469ebc0f75f17bdfa1765210a3ff66aa1e17e9504bb39726161f0,aquatic_plant_images\Nuphar_variegata\Nuphar_variegata_GBIF_656284712.jpg
GBIF,Nuphar variegata,https://inaturalist-open-data.s3.amazonaws.com/photos/659370494/original.jpg,http://creativecommons.org/licenses/by-nc/4.0/,False,Janet Elliott,Janet Elliott,Canada,Ontario,44.519327,-76.683643,2026-05-12T11:32,6320124080,,659370494,downloaded,OK,1278836,05f774300ea4ff7005841e24c85d0e8b8824b93ebc8d6c4f0cc4cf2ef9945f39,aquatic_plant_images\Nuphar_variegata\Nuphar_variegata_GBIF_659370494.jpg
GBIF,Nuphar variegata,https://inaturalist-open-data.s3.amazonaws.com/photos/662046444/original.jpg,http://creativecommons.org/licenses/by-nc/4.0/,False,hollyyoung,hollyyoung,United States of America,New Hampshire,43.961215,-71.963265,2026-05-16T10:43,6320276711,,662046444,downloaded,OK,746301,a4f9f0324858de4ba480c92c41aad758d749401763fabdb9d0c10e67bba671c2,aquatic_plant_images\Nuphar_variegata\Nuphar_variegata_GBIF_662046444.jpg
GBIF,Nuphar variegata,https://inaturalist-open-data.s3.amazonaws.com/photos/662062117/original.jpg,http://creativecommons.org/licenses/by-nc/4.0/,False,hollyyoung,hollyyoung,United States of America,New Hampshire,43.961215,-71.963265,2026-05-16T10:43,6320276711,,662062117,downloaded,OK,743707,befd97ee937746be30a0606d4261966e2b34466ab9c7b914b7d69c87b6e14516,aquatic_plant_images\Nuphar_variegata\Nuphar_variegata_GBIF_662062117.jpg
GBIF,Nuphar variegata,https://inaturalist-open-data.s3.amazonaws.com/photos/658708576/original.jpg,http://creativecommons.org/licenses/by-nc/4.0/,False,Murray Beckel,Murray Beckel,Canada,Ontario,44.524115,-76.742163,2026-05-12T11:32:20,6320452935,,658708576,downloaded,OK,1387768,04ec3b64f06ba98f836bcf89d22064437d675399229e7eeee0cf64e79527fb1a,aquatic_plant_images\Nuphar_variegata\Nuphar_variegata_GBIF_658708576.jpg
GBIF,Nuphar variegata,https://inaturalist-open-data.s3.amazonaws.com/photos/660814987/original.jpg,http://creativecommons.org/licenses/by-nc/4.0/,False,Ava,Ava,United States of America,Massachusetts,42.45678,-71.904762,2026-05-16T10:32:19,6320792559,,660814987,downloaded,OK,3459470,7dce435b6dd1a753ee13633a5e7b366a52781ffe5fea7c922cf900fb6944cb48,aquatic_plant_images\Nuphar_variegata\Nuphar_variegata_GBIF_660814987.jpg
GBIF,Nuphar variegata,https://inaturalist-open-data.s3.amazonaws.com/photos/661841674/original.jpg,http://creativecommons.org/licenses/by-nc/4.0/,False,Ashley,Ashley,Canada,Ontario,43.247917,-81.846147,2026-05-17T13:04:25,6320806479,,661841674,downloaded,OK,3442152,434a2091f703763c7a0ff5403e488fde737f31911dca783f35dbf1f91d0335fe,aquatic_plant_images\Nuphar_variegata\Nuphar_variegata_GBIF_661841674.jpg
GBIF,Nuphar variegata,https://inaturalist-open-data.s3.amazonaws.com/photos/661132117/original.jpg,http://creativecommons.org/licenses/by-nc/4.0/,False,banderson854,banderson854,United States of America,New Jersey,39.956145,-74.503067,2026-05-02T18:22,6320824053,,661132117,downloaded,OK,1933643,ee52f605257b424fe3a6c1a90d4ed756e67420a4a9a6d95446bfe8eedfc5a44b,aquatic_plant_images\Nuphar_variegata\Nuphar_variegata_GBIF_661132117.jpg
GBIF,Nuphar variegata,https://inaturalist-open-data.s3.amazonaws.com/photos/661132123/original.jpg,http://creativecommons.org/licenses/by-nc/4.0/,False,banderson854,banderson854,United States of America,New Jersey,39.956145,-74.503067,2026-05-02T18:22,6320824053,,661132123,downloaded,OK,1850048,0525d15bfbd013fcfe199ed2291227d5981660c200b9c9ae0e3468eb8aed8e04,aquatic_plant_images\Nuphar_variegata\Nuphar_variegata_GBIF_661132123.jpg
GBIF,Nuphar variegata,https://inaturalist-open-data.s3.amazonaws.com/photos/661132125/original.jpg,http://creativecommons.org/licenses/by-nc/4.0/,False,banderson854,banderson854,United States of America,New Jersey,39.956145,-74.503067,2026-05-02T18:22,6320824053,,661132125,downloaded,OK,1892344,f499c1e7ab11802f6dfd3ae00b05a4ff839255aa5c584cb80ed6af605c930393,aquatic_plant_images\Nuphar_variegata\Nuphar_variegata_GBIF_661132125.jpg
GBIF,Nuphar variegata,https://inaturalist-open-data.s3.amazonaws.com/photos/629651020/original.jpg,http://creativecommons.org/licenses/by-nc/4.0/,False,James Holdsworth,James Holdsworth,Canada,Ontario,43.242704,-81.855286,2026-03-27T11:33,6235383565,,629651020,skipped_duplicate,Duplicate URL/photo ID,,,
GBIF,Nuphar variegata,https://inaturalist-open-data.s3.amazonaws.com/photos/629651547/original.jpg,http://creativecommons.org/licenses/by-nc/4.0/,False,James Holdsworth,James Holdsworth,Canada,Ontario,43.242704,-81.855286,2026-03-27T11:33,6235383565,,629651547,skipped_duplicate,Duplicate URL/photo ID,,,
GBIF,Nymphaea odorata,https://inaturalist-open-data.s3.amazonaws.com/photos/608975893/original.jpg,http://creativecommons.org/licenses/by-nc/4.0/,False,Rich Ackerman,Rich Ackerman,United States of America,Florida,26.074797,-80.323887,2026-01-18T12:44:25,6129823578,,608975893,downloaded,OK,1231706,b4a8e2747dbcf86f49adcccea45102623cb04001baa82c216034c9b99cef3aa6,aquatic_plant_images\Nymphaea_odorata\Nymphaea_odorata_GBIF_608975893.jpg
GBIF,Nymphaea odorata,https://inaturalist-open-data.s3.amazonaws.com/photos/607819985/original.jpg,http://creativecommons.org/licenses/by/4.0/,True,Dan Vickers,Dan Vickers,United States of America,Florida,26.804188,-81.957297,2026-01-13T12:59,6130062091,,607819985,downloaded,OK,2040277,53cf2abc72d326723884ebeaf8f3afeec49a2a2d895f1eb90eaa5a6adeb83eb1,aquatic_plant_images\Nymphaea_odorata\Nymphaea_odorata_GBIF_607819985.jpg
GBIF,Nymphaea odorata,https://inaturalist-open-data.s3.amazonaws.com/photos/610419584/original.jpg,http://creativecommons.org/licenses/by-nc/4.0/,False,alexgz,alexgz,United States of America,Florida,26.358047,-80.306236,2026-01-24T10:50:49,6130215885,,610419584,downloaded,OK,2298239,1f9cdaeb139a719b9f34c6a6d87d6958ef39ee5f75acc1faa85173ec97341586,aquatic_plant_images\Nymphaea_odorata\Nymphaea_odorata_GBIF_610419584.jpg
GBIF,Nymphaea odorata,https://inaturalist-open-data.s3.amazonaws.com/photos/606240809/original.jpg,http://creativecommons.org/licenses/by-nc/4.0/,False,Tonyia Johnson Stump,Tonyia Johnson Stump,United States of America,Maryland,38.371526,-76.393522,2026-01-07T14:59,6130424340,,606240809,downloaded,OK,620813,fbe0c9e41835c492fa711b6345d3d23adb773ffbe72fea82b7dc9d71ecd05c42,aquatic_plant_images\Nymphaea_odorata\Nymphaea_odorata_GBIF_606240809.jpg
GBIF,Nymphaea odorata,https://inaturalist-open-data.s3.amazonaws.com/photos/605805078/original.jpg,http://creativecommons.org/licenses/by-nc/4.0/,False,Janet Wright,Janet Wright,United States of America,Mississippi,30.453033,-88.681725,2026-01-05T10:21,6130604578,,605805078,downloaded,OK,954595,5e148bacc6aa82f5016031134c2c308ecb69ca1089eec6b0c9e2244ccdedc0af,aquatic_plant_images\Nymphaea_odorata\Nymphaea_odorata_GBIF_605805078.jpg
GBIF,Nymphaea odorata,https://inaturalist-open-data.s3.amazonaws.com/photos/605805080/original.jpg,http://creativecommons.org/licenses/by-nc/4.0/,False,Janet Wright,Janet Wright,United States of America,Mississippi,30.453033,-88.681725,2026-01-05T10:21,6130604578,,605805080,downloaded,OK,1021020,fb119f7707767fedf9fcee783f831357f1c1ade23a4ba05c5f16deed9b49eb6f,aquatic_plant_images\Nymphaea_odorata\Nymphaea_odorata_GBIF_605805080.jpg
GBIF,Nymphaea odorata,https://inaturalist-open-data.s3.amazonaws.com/photos/609774853/original.jpg,http://creativecommons.org/licenses/by-nc/4.0/,False,Valentina,Valentina,United States of America,Florida,26.632572,-80.310501,2026-01-21T16:05:32,6130673571,,609774853,downloaded,OK,1700211,a8147305778c539e3f7bb9a195822b4ff6627f732a685590e72deaa417b05757,aquatic_plant_images\Nymphaea_odorata\Nymphaea_odorata_GBIF_609774853.jpg
GBIF,Nymphaea odorata,https://inaturalist-open-data.s3.amazonaws.com/photos/610480623/original.jpg,http://creativecommons.org/licenses/by-nc/4.0/,False,Jess,Jess,United States of America,Florida,28.601925,-81.193515,2026-01-24T15:21:41,6131055190,,610480623,downloaded,OK,1292081,68b94d3f91521bd063cca90f569695173b8e220b547ca9201d810f96edeff597,aquatic_plant_images\Nymphaea_odorata\Nymphaea_odorata_GBIF_610480623.jpg
GBIF,Nymphaea odorata,https://inaturalist-open-data.s3.amazonaws.com/photos/608007169/original.jpg,http://creativecommons.org/licenses/by-nc/4.0/,False,John Tyler,John Tyler,United States of America,South Carolina,33.363187,-79.228888,2026-01-14T17:11:52,6131079699,,608007169,downloaded,OK,2925567,d200ed9f867887be91ed159d89df235223e7dc194d343d9baa1d44d47dc9aade,aquatic_plant_images\Nymphaea_odorata\Nymphaea_odorata_GBIF_608007169.jpg
GBIF,Nymphaea odorata,https://inaturalist-open-data.s3.amazonaws.com/photos/608007171/original.jpg,http://creativecommons.org/licenses/by-nc/4.0/,False,John Tyler,John Tyler,United States of America,South Carolina,33.363187,-79.228888,2026-01-14T17:11:52,6131079699,,608007171,downloaded,OK,3768455,afb4be2aec6b1a1ae39aac03cac72330819f3b22fbc71224f350fc719757ec53,aquatic_plant_images\Nymphaea_odorata\Nymphaea_odorata_GBIF_608007171.jpg
GBIF,Nymphaea odorata,https://inaturalist-open-data.s3.amazonaws.com/photos/606295996/original.jpg,http://creativecommons.org/licenses/by-nc/4.0/,False,Janet Wright,Janet Wright,United States of America,Mississippi,30.456953,-88.772322,2026-01-05T14:19,6131339336,,606295996,downloaded,OK,188612,80e60ffc7c5d6fd8a3eb3d1e8fd83d958c3c8490dfd2ec2641b6c5c6faf173a4,aquatic_plant_images\Nymphaea_odorata\Nymphaea_odorata_GBIF_606295996.jpg
GBIF,Nymphaea odorata,https://inaturalist-open-data.s3.amazonaws.com/photos/606295989/original.jpg,http://creativecommons.org/licenses/by-nc/4.0/,False,Janet Wright,Janet Wright,United States of America,Mississippi,30.456953,-88.772322,2026-01-05T14:19,6131339336,,606295989,downloaded,OK,584166,4c8f1c0c613332b63c294f5905dff5fd7c2ae359fd9ca00b01460acc4a5dbd7f,aquatic_plant_images\Nymphaea_odorata\Nymphaea_odorata_GBIF_606295989.jpg
GBIF,Nymphaea odorata,https://inaturalist-open-data.s3.amazonaws.com/photos/609771192/original.jpg,http://creativecommons.org/licenses/by-nc/4.0/,False,tilman78,tilman78,United States of America,Florida,26.632563,-80.310555,2026-01-21T16:06:16,6131377124,,609771192,downloaded,OK,2185257,b0ad49fc962c607666dbd037a6be32e83232f79b3b0cd26029371242fa9a6633,aquatic_plant_images\Nymphaea_odorata\Nymphaea_odorata_GBIF_609771192.jpg
GBIF,Nymphaea odorata,https://inaturalist-open-data.s3.amazonaws.com/photos/610763539/original.jpg,http://creativecommons.org/licenses/by-nc/4.0/,False,ruthy1104,ruthy1104,United States of America,Florida,25.75349,-80.379711,2026-01-25T14:46:49,6131417708,,610763539,downloaded,OK,971056,bbe20538312db8423687e26d05729b0f04b2c0a94ee067f2aaf7d10d6d0c784c,aquatic_plant_images\Nymphaea_odorata\Nymphaea_odorata_GBIF_610763539.jpg
GBIF,Nymphaea odorata,https://inaturalist-open-data.s3.amazonaws.com/photos/607376169/original.jpg,http://creativecommons.org/licenses/by-nc/4.0/,False,Jeanene Daniels,Jeanene Daniels,United States of America,Alabama,30.255881,-87.653419,2026-01-11T10:56:59,6131568356,,607376169,downloaded,OK,2139686,65e881ed7b6374fd05d5eb13fcafe2abe6444e2f33b2c29c8be99d8a77264958,aquatic_plant_images\Nymphaea_odorata\Nymphaea_odorata_GBIF_607376169.jpg
GBIF,Nymphaea odorata,https://inaturalist-open-data.s3.amazonaws.com/photos/607376196/original.jpg,http://creativecommons.org/licenses/by-nc/4.0/,False,Jeanene Daniels,Jeanene Daniels,United States of America,Alabama,30.255881,-87.653419,2026-01-11T10:56:59,6131568356,,607376196,downloaded,OK,2653007,be1c36c1daebfc1e604178ed4f05f27552693a16842ebfad462bc670c191febd,aquatic_plant_images\Nymphaea_odorata\Nymphaea_odorata_GBIF_607376196.jpg
GBIF,Nymphaea odorata,https://inaturalist-open-data.s3.amazonaws.com/photos/607376210/original.jpg,http://creativecommons.org/licenses/by-nc/4.0/,False,Jeanene Daniels,Jeanene Daniels,United States of America,Alabama,30.255881,-87.653419,2026-01-11T10:56:59,6131568356,,607376210,downloaded,OK,1946033,997f0c4571690b1303cf9b4ea1e767d9e45d1082d2c3f35baaeeb5ebd601c725,aquatic_plant_images\Nymphaea_odorata\Nymphaea_odorata_GBIF_607376210.jpg
GBIF,Nymphaea odorata,https://inaturalist-open-data.s3.amazonaws.com/photos/611280947/original.jpg,http://creativecommons.org/licenses/by-nc/4.0/,False,Drew Gentry,Drew Gentry,United States of America,Alabama,30.26772,-87.651312,2026-01-27T15:07:56,6133076480,,611280947,downloaded,OK,1721516,348e7131c966e211eec9c915e6726e848557cb99e4721f2d87e33336725f8f98,aquatic_plant_images\Nymphaea_odorata\Nymphaea_odorata_GBIF_611280947.jpg
GBIF,Nymphaea odorata,https://inaturalist-open-data.s3.amazonaws.com/photos/611507382/original.jpg,http://creativecommons.org/licenses/by-nc/4.0/,False,sparkypetunia,sparkypetunia,United States of America,Florida,29.156723,-81.152931,2026-01-28T11:33:16,6133270450,,611507382,downloaded,OK,376670,827f32b209675bc674bd85d6e50ac5a7137b4ab7f34310a56d6bba4ccb544b03,aquatic_plant_images\Nymphaea_odorata\Nymphaea_odorata_GBIF_611507382.jpg
GBIF,Nymphaea odorata,https://inaturalist-open-data.s3.amazonaws.com/photos/611294505/original.jpg,http://creativecommons.org/licenses/by-nc/4.0/,False,Luke-Ezra,Luke-Ezra,United States of America,Florida,29.983525,-84.861258,2026-01-27T12:53:14,6133322915,,611294505,downloaded,OK,1212109,04207acd0fa3c0a3c61217e818cd8c753c3ae091b4ac85dd2b7a884d2a5ef6c9,aquatic_plant_images\Nymphaea_odorata\Nymphaea_odorata_GBIF_611294505.jpg
GBIF,Nymphaea odorata,https://inaturalist-open-data.s3.amazonaws.com/photos/611517849/original.jpg,http://creativecommons.org/licenses/by-nc/4.0/,False,damiangar,damiangar,United States of America,Florida,26.632705,-80.31047,2026-01-28T14:49:12,6133338734,,611517849,downloaded,OK,702346,2ea06db44144ad6d268218933d48b61167d7c485da26d603b0d015364390ecc1,aquatic_plant_images\Nymphaea_odorata\Nymphaea_odorata_GBIF_611517849.jpg
GBIF,Nymphaea odorata,https://inaturalist-open-data.s3.amazonaws.com/photos/611517855/original.jpg,http://creativecommons.org/licenses/by-nc/4.0/,False,damiangar,damiangar,United States of America,Florida,26.632705,-80.31047,2026-01-28T14:49:12,6133338734,,611517855,downloaded,OK,758719,aca0f1717173158754652aba3585da6d1fb59c8aeea581624a3cc06d35849361,aquatic_plant_images\Nymphaea_odorata\Nymphaea_odorata_GBIF_611517855.jpg
GBIF,Nymphaea odorata,https://inaturalist-open-data.s3.amazonaws.com/photos/611517876/original.jpg,http://creativecommons.org/licenses/by-nc/4.0/,False,damiangar,damiangar,United States of America,Florida,26.632705,-80.31047,2026-01-28T14:49:12,6133338734,,611517876,downloaded,OK,642492,ce362e9f1de42739de77b91c22899e2c6c9445e60fa1b32b409c5fd97258e6a5,aquatic_plant_images\Nymphaea_odorata\Nymphaea_odorata_GBIF_611517876.jpg
GBIF,Nymphaea odorata,https://inaturalist-open-data.s3.amazonaws.com/photos/611506910/original.jpg,http://creativecommons.org/licenses/by-nc/4.0/,False,Samuel Fowlkes,Samuel Fowlkes,United States of America,Florida,26.808932,-80.169537,2026-01-28T15:23:37,6133415111,,611506910,downloaded,OK,2210953,4184cebd5c84316007cbb94373a6ce0799ba3d1d0bd5a619dbbef77d3f63113f,aquatic_plant_images\Nymphaea_odorata\Nymphaea_odorata_GBIF_611506910.jpg
GBIF,Nymphaea odorata,https://inaturalist-open-data.s3.amazonaws.com/photos/618153868/original.jpg,http://creativecommons.org/licenses/by-nc/4.0/,False,Marina Windevoxhel L.,Marina Windevoxhel L.,United States of America,Florida,26.075128,-80.324354,2026-01-09T12:31:29,6162910900,,618153868,downloaded,OK,2509066,80cd7a459f82dc0e154eaf0ce154bcb0919372c39704735e8c2600c7c3053f79,aquatic_plant_images\Nymphaea_odorata\Nymphaea_odorata_GBIF_618153868.jpg
GBIF,Nymphaea odorata,https://inaturalist-open-data.s3.amazonaws.com/photos/611319105/original.jpg,http://creativecommons.org/licenses/by-nc/4.0/,False,larvalfishguy,larvalfishguy,United States of America,Florida,27.9826,-80.754447,2026-01-25T17:25:51,6185234451,,611319105,downloaded,OK,854641,70e039f152a5521ee568e685eaab206dab982de35445188e6c90ae031a502e7c,aquatic_plant_images\Nymphaea_odorata\Nymphaea_odorata_GBIF_611319105.jpg
GBIF,Nymphaea odorata,https://inaturalist-open-data.s3.amazonaws.com/photos/604859919/original.jpg,http://creativecommons.org/licenses/by-nc/4.0/,False,andre2de3meijer,andre2de3meijer,Brazil,Paraná,-24.942836,-50.13935,2026-01-01T11:00,6234625393,,604859919,downloaded,OK,1254288,4ff040a0a6b9890757b2ef00b284c9c10480ed7317487c96333dcabd1e06878b,aquatic_plant_images\Nymphaea_odorata\Nymphaea_odorata_GBIF_604859919.jpg
GBIF,Nymphaea odorata,https://inaturalist-open-data.s3.amazonaws.com/photos/608830993/original.jpg,http://creativecommons.org/licenses/by/4.0/,True,Michelle W. （鍾偉瑋）,Michelle W. （鍾偉瑋）,United States of America,Texas,30.290461,-96.722414,2026-01-16T16:14,6320959796,,608830993,downloaded,OK,751846,d75af683bee64c707e3f1ac2630e7aa7856dc68c6720e5bf1ae849f8a5e5fd22,aquatic_plant_images\Nymphaea_odorata\Nymphaea_odorata_GBIF_608830993.jpg
GBIF,Nymphaea odorata,https://inaturalist-open-data.s3.amazonaws.com/photos/608831169/original.jpg,http://creativecommons.org/licenses/by/4.0/,True,Michelle W. （鍾偉瑋）,Michelle W. （鍾偉瑋）,United States of America,Texas,30.290461,-96.722414,2026-01-16T16:14,6320959796,,608831169,downloaded,OK,1035935,3a085eb0c31a814c24fec569c179e05cb320037f7924a91c9447d4540d6f616d,aquatic_plant_images\Nymphaea_odorata\Nymphaea_odorata_GBIF_608831169.jpg
GBIF,Nymphaea odorata,https://inaturalist-open-data.s3.amazonaws.com/photos/618994481/original.jpg,http://creativecommons.org/licenses/by-nc/4.0/,False,kiamor10,kiamor10,United States of America,Florida,28.601885,-81.19355,2026-01-30T13:22:50,6333846910,,618994481,downloaded,OK,2099678,f071026dfdf22928f2a561def5d498871783a5200b5f8c4bb86022fbd89c4d8d,aquatic_plant_images\Nymphaea_odorata\Nymphaea_odorata_GBIF_618994481.jpg
GBIF,Nymphaea odorata,https://inaturalist-open-data.s3.amazonaws.com/photos/608766449/original.jpg,http://creativecommons.org/licenses/by-nc/4.0/,False,Bill Pranty,Bill Pranty,United States of America,Florida,28.288363,-82.283138,2026-01-17T12:27,6334904921,,608766449,downloaded,OK,1668337,26f2d5f25bd5ab00d0144f53f208221b25137d2aa5045ce9c6d456edbd4a0ec5,aquatic_plant_images\Nymphaea_odorata\Nymphaea_odorata_GBIF_608766449.jpg
GBIF,Nymphaea odorata,https://inaturalist-open-data.s3.amazonaws.com/photos/607787626/original.jpg,http://creativecommons.org/licenses/by-nc/4.0/,False,Luke-Ezra,Luke-Ezra,United States of America,Florida,29.835422,-84.793205,2026-01-13T14:19:33,6498535861,,607787626,downloaded,OK,1021331,a3ee71e5ac675b37d5873963a6f57273f6600666d16416c1fd7382e725f0e26b,aquatic_plant_images\Nymphaea_odorata\Nymphaea_odorata_GBIF_607787626.jpg
GBIF,Nymphaea odorata,https://inaturalist-open-data.s3.amazonaws.com/photos/607165425/original.jpg,http://creativecommons.org/licenses/by-nc/4.0/,False,C. Phillips,C. Phillips,United States of America,Florida,30.129416,-84.146096,2026-01-10T10:29,6498666394,,607165425,downloaded,OK,979582,1ea7344c89488b8dfc5289b8e24b3caac1b9ac784464723d3b9572c018537e7e,aquatic_plant_images\Nymphaea_odorata\Nymphaea_odorata_GBIF_607165425.jpg
GBIF,Nymphaea odorata,https://inaturalist-open-data.s3.amazonaws.com/photos/612962860/original.jpg,http://creativecommons.org/licenses/by-nc/4.0/,False,charcat9,charcat9,United States of America,Wisconsin,43.393967,-88.001289,2026-02-01T15:00:59,6179289536,,612962860,downloaded,OK,1795858,39d58976fd18ac5e63d0341b71bfed0277f5935416ae6851402c3a5ab79fc6c6,aquatic_plant_images\Nymphaea_odorata\Nymphaea_odorata_GBIF_612962860.jpg
GBIF,Nymphaea odorata,https://inaturalist-open-data.s3.amazonaws.com/photos/612962872/original.jpg,http://creativecommons.org/licenses/by-nc/4.0/,False,charcat9,charcat9,United States of America,Wisconsin,43.393967,-88.001289,2026-02-01T15:00:59,6179289536,,612962872,downloaded,OK,2054472,4c6627f79d5005b1c42ab6731e3d57fa0301710819974158adcbb0593ae12e93,aquatic_plant_images\Nymphaea_odorata\Nymphaea_odorata_GBIF_612962872.jpg
GBIF,Nymphaea odorata,https://inaturalist-open-data.s3.amazonaws.com/photos/612962892/original.jpg,http://creativecommons.org/licenses/by-nc/4.0/,False,charcat9,charcat9,United States of America,Wisconsin,43.393967,-88.001289,2026-02-01T15:00:59,6179289536,,612962892,downloaded,OK,2131246,896ee1bccb1e7283e0cb14d73da1094003a90176a64e1d9eae6849e67f8ed90a,aquatic_plant_images\Nymphaea_odorata\Nymphaea_odorata_GBIF_612962892.jpg
GBIF,Potamogeton crispus,https://inaturalist-open-data.s3.amazonaws.com/photos/604383292/original.jpg,http://creativecommons.org/licenses/by-nc/4.0/,False,Stephen Csurhes,Stephen Csurhes,Australia,New South Wales,-30.223623,151.667439,2026-01-01T13:26:55,5938274516,,604383292,downloaded,OK,1162610,c7064026d2922aba87856769e3e8d8a243eaebe898dfdc00a239f6a385769c85,aquatic_plant_images\Potamogeton_crispus\Potamogeton_crispus_GBIF_604383292.jpg
GBIF,Potamogeton crispus,https://inaturalist-open-data.s3.amazonaws.com/photos/608826614/original.jpg,http://creativecommons.org/licenses/by-nc/4.0/,False,Steven Kurniawidjaja,Steven Kurniawidjaja,United States of America,California,33.988153,-116.655169,2026-01-17T11:35,6130053941,,608826614,downloaded,OK,1400958,aab6847530eda162ea2c2f66f1b05e625ac7f611edebc64841c3831e82db1730,aquatic_plant_images\Potamogeton_crispus\Potamogeton_crispus_GBIF_608826614.jpg
GBIF,Potamogeton crispus,https://inaturalist-open-data.s3.amazonaws.com/photos/608826616/original.jpg,http://creativecommons.org/licenses/by-nc/4.0/,False,Steven Kurniawidjaja,Steven Kurniawidjaja,United States of America,California,33.988153,-116.655169,2026-01-17T11:35,6130053941,,608826616,downloaded,OK,1573425,3aed11d9a3b7ae13024ae5f2288df2a199f9c6213b78a12d1d83fd479e92fd6e,aquatic_plant_images\Potamogeton_crispus\Potamogeton_crispus_GBIF_608826616.jpg
GBIF,Potamogeton crispus,https://inaturalist-open-data.s3.amazonaws.com/photos/608826615/original.jpg,http://creativecommons.org/licenses/by-nc/4.0/,False,Steven Kurniawidjaja,Steven Kurniawidjaja,United States of America,California,33.988153,-116.655169,2026-01-17T11:35,6130053941,,608826615,downloaded,OK,1442330,277afae8d15e931b4f92e86d64fa46d4a9f7497574fba57331c6a5e29a9e7a4c,aquatic_plant_images\Potamogeton_crispus\Potamogeton_crispus_GBIF_608826615.jpg
GBIF,Potamogeton crispus,https://inaturalist-open-data.s3.amazonaws.com/photos/608525801/original.jpg,http://creativecommons.org/licenses/by-nc/4.0/,False,莊欣音,莊欣音,Chinese Taipei,Taiwan,24.728053,121.124377,2026-01-17T10:40:35,6130138397,,608525801,downloaded,OK,1984415,4fdf8e76f909058efa101cbf6f5002fca262966e6ad26bed2af043a4618cb0ed,aquatic_plant_images\Potamogeton_crispus\Potamogeton_crispus_GBIF_608525801.jpg
GBIF,Potamogeton crispus,https://inaturalist-open-data.s3.amazonaws.com/photos/606090011/original.jpg,http://creativecommons.org/licenses/by-nc/4.0/,False,Phil Collier,Phil Collier,Australia,Tasmania,-41.314554,146.475847,2026-01-07T11:59:54,6130154554,,606090011,downloaded,OK,3580541,a161370949d5cdd94740ce681674a41858a3627b5564fca5b5099bbc910896f3,aquatic_plant_images\Potamogeton_crispus\Potamogeton_crispus_GBIF_606090011.jpg
GBIF,Potamogeton crispus,https://inaturalist-open-data.s3.amazonaws.com/photos/606090029/original.jpg,http://creativecommons.org/licenses/by-nc/4.0/,False,Phil Collier,Phil Collier,Australia,Tasmania,-41.314554,146.475847,2026-01-07T11:59:54,6130154554,,606090029,downloaded,OK,2233622,9c108d6eee88eff9e269a0ff94b97a2d30e6225de5583e9eb7c71d661c7fd827,aquatic_plant_images\Potamogeton_crispus\Potamogeton_crispus_GBIF_606090029.jpg
GBIF,Potamogeton crispus,https://inaturalist-open-data.s3.amazonaws.com/photos/606090039/original.jpg,http://creativecommons.org/licenses/by-nc/4.0/,False,Phil Collier,Phil Collier,Australia,Tasmania,-41.314554,146.475847,2026-01-07T11:59:54,6130154554,,606090039,downloaded,OK,1664328,b239bdd4e076fd8d222e2fc2ecd4c69f707b08b0a54c49fd90779d87214d8dba,aquatic_plant_images\Potamogeton_crispus\Potamogeton_crispus_GBIF_606090039.jpg
GBIF,Potamogeton crispus,https://inaturalist-open-data.s3.amazonaws.com/photos/606090054/original.jpg,http://creativecommons.org/licenses/by-nc/4.0/,False,Phil Collier,Phil Collier,Australia,Tasmania,-41.314554,146.475847,2026-01-07T11:59:54,6130154554,,606090054,downloaded,OK,1355552,9e19119a37961b152bde013f5afa2aeb5168a283edefd74fe5aa5b66d072ad8f,aquatic_plant_images\Potamogeton_crispus\Potamogeton_crispus_GBIF_606090054.jpg
GBIF,Potamogeton crispus,https://inaturalist-open-data.s3.amazonaws.com/photos/606090066/original.jpg,http://creativecommons.org/licenses/by-nc/4.0/,False,Phil Collier,Phil Collier,Australia,Tasmania,-41.314554,146.475847,2026-01-07T11:59:54,6130154554,,606090066,downloaded,OK,1368328,d4b677d8916a7b1efb0ce3427267db631da448900a4290b637e58a862b87f1c5,aquatic_plant_images\Potamogeton_crispus\Potamogeton_crispus_GBIF_606090066.jpg
GBIF,Potamogeton crispus,https://inaturalist-open-data.s3.amazonaws.com/photos/608525497/original.jpg,http://creativecommons.org/licenses/by-nc/4.0/,False,莊欣音,莊欣音,Chinese Taipei,Taiwan,24.729012,121.119663,2026-01-17T10:38:47,6130299419,,608525497,downloaded,OK,1506983,4226c5c8867e61a7f28bd430336706ae4fdc5904818c0dcc8f2deb69f6d540fc,aquatic_plant_images\Potamogeton_crispus\Potamogeton_crispus_GBIF_608525497.jpg
GBIF,Potamogeton crispus,https://inaturalist-open-data.s3.amazonaws.com/photos/609600796/original.jpg,http://creativecommons.org/licenses/by/4.0/,True,chiuluan,chiuluan,Chinese Taipei,Taiwan,23.893527,121.541887,2026-01-19T15:28,6130474842,,609600796,downloaded,OK,563766,f329703847d59d8cddc576e50e3d496d37a0f8876ffd3abab2451c477bdfa158,aquatic_plant_images\Potamogeton_crispus\Potamogeton_crispus_GBIF_609600796.jpg
GBIF,Potamogeton crispus,https://inaturalist-open-data.s3.amazonaws.com/photos/609600795/original.jpg,http://creativecommons.org/licenses/by/4.0/,True,chiuluan,chiuluan,Chinese Taipei,Taiwan,23.893527,121.541887,2026-01-19T15:28,6130474842,,609600795,downloaded,OK,765920,93938da5d255353a8ae16daa7e8778488ab6e3a5e8da28ed0bc3d52828d1b869,aquatic_plant_images\Potamogeton_crispus\Potamogeton_crispus_GBIF_609600795.jpg
GBIF,Potamogeton crispus,https://inaturalist-open-data.s3.amazonaws.com/photos/609151718/original.jpg,http://creativecommons.org/licenses/by/4.0/,True,mel letterman,mel letterman,United States of America,California,38.62357,-121.289545,2026-01-18T09:40:18,6130572878,,609151718,downloaded,OK,714983,35cebaf565cd42eebe60a650f40e1584fecba5cd3b0ef821a7d331426dc8827e,aquatic_plant_images\Potamogeton_crispus\Potamogeton_crispus_GBIF_609151718.jpg
GBIF,Potamogeton crispus,https://inaturalist-open-data.s3.amazonaws.com/photos/609151742/original.jpg,http://creativecommons.org/licenses/by/4.0/,True,mel letterman,mel letterman,United States of America,California,38.62357,-121.289545,2026-01-18T09:40:18,6130572878,,609151742,downloaded,OK,718141,391ee877e89726e0ec6cbd3301919f322ab93f1b42079222c0aa730733510199,aquatic_plant_images\Potamogeton_crispus\Potamogeton_crispus_GBIF_609151742.jpg
GBIF,Potamogeton crispus,https://inaturalist-open-data.s3.amazonaws.com/photos/609218566/original.jpg,http://creativecommons.org/licenses/by/4.0/,True,mel letterman,mel letterman,United States of America,California,38.62357,-121.289545,2026-01-18T09:40:18,6130572878,,609218566,downloaded,OK,748321,4b211304e47ae3314d5390a14ca65d7c99d3e7e990071555c8fb148bfb195548,aquatic_plant_images\Potamogeton_crispus\Potamogeton_crispus_GBIF_609218566.jpg
GBIF,Potamogeton crispus,https://inaturalist-open-data.s3.amazonaws.com/photos/609218582/original.jpg,http://creativecommons.org/licenses/by/4.0/,True,mel letterman,mel letterman,United States of America,California,38.62357,-121.289545,2026-01-18T09:40:18,6130572878,,609218582,downloaded,OK,647890,efc335b848f41e3bdac0268a3e5bb5ad71a107033be09f8c6c789eea6c0c784c,aquatic_plant_images\Potamogeton_crispus\Potamogeton_crispus_GBIF_609218582.jpg
GBIF,Potamogeton crispus,https://inaturalist-open-data.s3.amazonaws.com/photos/609218600/original.jpg,http://creativecommons.org/licenses/by/4.0/,True,mel letterman,mel letterman,United States of America,California,38.62357,-121.289545,2026-01-18T09:40:18,6130572878,,609218600,downloaded,OK,710007,eac9608010b7a770475485927da2db8ed78cac8d8c7b1925e369d6baa3a80652,aquatic_plant_images\Potamogeton_crispus\Potamogeton_crispus_GBIF_609218600.jpg
GBIF,Potamogeton crispus,https://inaturalist-open-data.s3.amazonaws.com/photos/609439671/original.jpg,http://creativecommons.org/licenses/by-nc/4.0/,False,Noopur🍀,Noopur🍀,India,Rajasthan,25.203036,75.791664,2026-01-20T14:52:39,6130634115,,609439671,downloaded,OK,1902722,86b60919217c5a3fd463105f4fd152239c2c1b3c03dea78bb983169b3d36821d,aquatic_plant_images\Potamogeton_crispus\Potamogeton_crispus_GBIF_609439671.jpg
GBIF,Potamogeton crispus,https://inaturalist-open-data.s3.amazonaws.com/photos/606340802/original.jpg,http://creativecommons.org/licenses/by-nc/4.0/,False,Gareth,Gareth,Australia,Australian Capital Territory,-35.399082,149.011115,2026-01-08T18:54:40,6130702797,,606340802,downloaded,OK,1715226,0c65bd54aca76ccac16a7f463695cb27cf430efa9da1b494ea859a27a5d2d3fe,aquatic_plant_images\Potamogeton_crispus\Potamogeton_crispus_GBIF_606340802.jpg
GBIF,Potamogeton crispus,https://inaturalist-open-data.s3.amazonaws.com/photos/608526869/original.jpg,http://creativecommons.org/licenses/by-nc/4.0/,False,happy0502,happy0502,Chinese Taipei,Taiwan,24.72792,121.124558,2026-01-17T10:45:19,6130741922,,608526869,downloaded,OK,1202598,3cfba14d90b42e54f556136eb5d10add31c49739df4bfed5bb4ed2eadfd9b05f,aquatic_plant_images\Potamogeton_crispus\Potamogeton_crispus_GBIF_608526869.jpg
GBIF,Potamogeton crispus,https://inaturalist-open-data.s3.amazonaws.com/photos/610939357/original.jpg,http://creativecommons.org/licenses/by-nc/4.0/,False,鐦鍆錒/锎钔锕（Man Hoimoon）,鐦鍆錒/锎钔锕（Man Hoimoon）,China,Guangdong,22.544027,114.101436,2026-01-26T15:15:21,6131000420,,610939357,downloaded,OK,1379178,f694b506e872663b00731393874e4ba39cac56c0fd89d98ef0c8ab0b25983c93,aquatic_plant_images\Potamogeton_crispus\Potamogeton_crispus_GBIF_610939357.jpg
GBIF,Potamogeton crispus,https://inaturalist-open-data.s3.amazonaws.com/photos/610939375/original.jpg,http://creativecommons.org/licenses/by-nc/4.0/,False,鐦鍆錒/锎钔锕（Man Hoimoon）,鐦鍆錒/锎钔锕（Man Hoimoon）,China,Guangdong,22.544027,114.101436,2026-01-26T15:15:21,6131000420,,610939375,downloaded,OK,1362958,dcf63c3305cfd5488168600a35d274c70406b9113464e9e9ff0b47816e3a23df,aquatic_plant_images\Potamogeton_crispus\Potamogeton_crispus_GBIF_610939375.jpg
GBIF,Potamogeton crispus,https://inaturalist-open-data.s3.amazonaws.com/photos/610968230/original.jpg,http://creativecommons.org/licenses/by-nc/4.0/,False,timfernando,timfernando,Australia,Victoria,-37.780268,145.362208,2026-01-26T23:31:51,6131038571,,610968230,downloaded,OK,2593445,419953d70e7aa0d6285915016386fb7139f2a2a41ad9f4e9db048d00122a94ad,aquatic_plant_images\Potamogeton_crispus\Potamogeton_crispus_GBIF_610968230.jpg
GBIF,Potamogeton crispus,https://inaturalist-open-data.s3.amazonaws.com/photos/607328171/original.jpg,http://creativecommons.org/licenses/by/4.0/,True,Lucas Christofides,Lucas Christofides,Australia,Queensland,-27.741017,152.457642,2026-01-09T12:45:48,6131222570,,607328171,downloaded,OK,4015568,4979aef75e8b02cd0975a2bb4ad41642e2e981c6fac965298c6025d1af47c569,aquatic_plant_images\Potamogeton_crispus\Potamogeton_crispus_GBIF_607328171.jpg
GBIF,Potamogeton crispus,https://inaturalist-open-data.s3.amazonaws.com/photos/607328155/original.jpg,http://creativecommons.org/licenses/by/4.0/,True,Lucas Christofides,Lucas Christofides,Australia,Queensland,-27.741017,152.457642,2026-01-09T12:45:48,6131222570,,607328155,downloaded,OK,3324140,c2e729c3bfa09a9ef8a6d70a465a15caac195a9fc18b6636984bc3e8547d9936,aquatic_plant_images\Potamogeton_crispus\Potamogeton_crispus_GBIF_607328155.jpg
GBIF,Potamogeton crispus,https://inaturalist-open-data.s3.amazonaws.com/photos/607328167/original.jpg,http://creativecommons.org/licenses/by/4.0/,True,Lucas Christofides,Lucas Christofides,Australia,Queensland,-27.741017,152.457642,2026-01-09T12:45:48,6131222570,,607328167,downloaded,OK,3921863,7164e5cf36dcd262d7c1e16be79def2b07095c00378b389bcbd9daf4179f8e08,aquatic_plant_images\Potamogeton_crispus\Potamogeton_crispus_GBIF_607328167.jpg
GBIF,Potamogeton crispus,https://inaturalist-open-data.s3.amazonaws.com/photos/607328168/original.jpg,http://creativecommons.org/licenses/by/4.0/,True,Lucas Christofides,Lucas Christofides,Australia,Queensland,-27.741017,152.457642,2026-01-09T12:45:48,6131222570,,607328168,downloaded,OK,4071958,bd268b725d0d4b635d6459a280c1d3c0fd803ead309a67a07d115f7d8e5dfe79,aquatic_plant_images\Potamogeton_crispus\Potamogeton_crispus_GBIF_607328168.jpg
GBIF,Potamogeton crispus,https://inaturalist-open-data.s3.amazonaws.com/photos/606471853/original.jpg,http://creativecommons.org/licenses/by-nc/4.0/,False,Hēmi Tūtiri,Hēmi Tūtiri,New Zealand,Taranaki,-39.841013,174.680553,2026-01-09T10:13:31,6131296272,,606471853,downloaded,OK,1748251,d8890300e7ed412a3d5899b974232d555f43e7acc3c9c35d5a9900ecbb06d62c,aquatic_plant_images\Potamogeton_crispus\Potamogeton_crispus_GBIF_606471853.jpg
GBIF,Potamogeton crispus,https://inaturalist-open-data.s3.amazonaws.com/photos/608824981/original.jpg,http://creativecommons.org/licenses/by-nc/4.0/,False,Steven Kurniawidjaja,Steven Kurniawidjaja,United States of America,California,33.988835,-116.655506,2026-01-17T11:00,6131385351,,608824981,downloaded,OK,1222824,3a95646e30372b0d79efa83a1576c8e2ad5f6ac1e51158b4b6defb77a34e7278,aquatic_plant_images\Potamogeton_crispus\Potamogeton_crispus_GBIF_608824981.jpg
GBIF,Potamogeton crispus,https://inaturalist-open-data.s3.amazonaws.com/photos/608824982/original.jpg,http://creativecommons.org/licenses/by-nc/4.0/,False,Steven Kurniawidjaja,Steven Kurniawidjaja,United States of America,California,33.988835,-116.655506,2026-01-17T11:00,6131385351,,608824982,downloaded,OK,1130479,4203d1000c08ab8bbd55fa0b335f41cf9b23433defe10fb8c91e03d0407d4294,aquatic_plant_images\Potamogeton_crispus\Potamogeton_crispus_GBIF_608824982.jpg
GBIF,Potamogeton crispus,https://inaturalist-open-data.s3.amazonaws.com/photos/610624113/original.jpg,http://creativecommons.org/licenses/by-nc/4.0/,False,hakkahamushi,hakkahamushi,Japan,Tokyo,35.681063,139.455524,2026-01-24T12:25,6131431106,,610624113,downloaded,OK,2062260,fa79830008e1289fbce4ce14d764fb0fa5bc7ae2e43d760c9acb5fc1bb04fb2b,aquatic_plant_images\Potamogeton_crispus\Potamogeton_crispus_GBIF_610624113.jpg
GBIF,Potamogeton crispus,https://inaturalist-open-data.s3.amazonaws.com/photos/610624108/original.jpg,http://creativecommons.org/licenses/by-nc/4.0/,False,hakkahamushi,hakkahamushi,Japan,Tokyo,35.681063,139.455524,2026-01-24T12:25,6131431106,,610624108,downloaded,OK,1938916,306e832059b96e1d724142c253a1a9ea0a9084efa89ea2d5f533cde1489138aa,aquatic_plant_images\Potamogeton_crispus\Potamogeton_crispus_GBIF_610624108.jpg
GBIF,Potamogeton crispus,https://inaturalist-open-data.s3.amazonaws.com/photos/610624069/original.jpg,http://creativecommons.org/licenses/by-nc/4.0/,False,hakkahamushi,hakkahamushi,Japan,Tokyo,35.681063,139.455524,2026-01-24T12:25,6131431106,,610624069,downloaded,OK,1507611,693f929ef2a7520e2dc0789c6d0017407b032ee6006aa270594d4dc67fdfae92,aquatic_plant_images\Potamogeton_crispus\Potamogeton_crispus_GBIF_610624069.jpg
GBIF,Potamogeton crispus,https://inaturalist-open-data.s3.amazonaws.com/photos/610624103/original.jpg,http://creativecommons.org/licenses/by-nc/4.0/,False,hakkahamushi,hakkahamushi,Japan,Tokyo,35.681063,139.455524,2026-01-24T12:25,6131431106,,610624103,downloaded,OK,1442199,b8ede22e1b52bc810fd648525e4b5777279f169bfbbcb8de9d3f8d9e3f9374b5,aquatic_plant_images\Potamogeton_crispus\Potamogeton_crispus_GBIF_610624103.jpg
GBIF,Potamogeton crispus,https://inaturalist-open-data.s3.amazonaws.com/photos/610624604/original.jpg,http://creativecommons.org/licenses/by-nc/4.0/,False,hakkahamushi,hakkahamushi,Japan,Tokyo,35.681063,139.455524,2026-01-24T12:25,6131431106,,610624604,downloaded,OK,1516454,4f0bd367995ad2f19593ae1b22ed92777b6c3729a354ac9b073ea7faf83e9f66,aquatic_plant_images\Potamogeton_crispus\Potamogeton_crispus_GBIF_610624604.jpg
GBIF,Potamogeton crispus,https://inaturalist-open-data.s3.amazonaws.com/photos/610624653/original.jpg,http://creativecommons.org/licenses/by-nc/4.0/,False,hakkahamushi,hakkahamushi,Japan,Tokyo,35.681063,139.455524,2026-01-24T12:25,6131431106,,610624653,downloaded,OK,1535426,8295e7a689a1367fe9aaae4071cf4b72805e78edee0959f52393ebd48210ca64,aquatic_plant_images\Potamogeton_crispus\Potamogeton_crispus_GBIF_610624653.jpg
GBIF,Potamogeton crispus,https://inaturalist-open-data.s3.amazonaws.com/photos/610624657/original.jpg,http://creativecommons.org/licenses/by-nc/4.0/,False,hakkahamushi,hakkahamushi,Japan,Tokyo,35.681063,139.455524,2026-01-24T12:25,6131431106,,610624657,downloaded,OK,1395587,449c4793f861c9f766be6d11d3fdd2e68997aa1401881694de396ec6d1ebb188,aquatic_plant_images\Potamogeton_crispus\Potamogeton_crispus_GBIF_610624657.jpg
GBIF,Potamogeton crispus,https://inaturalist-open-data.s3.amazonaws.com/photos/610624664/original.jpg,http://creativecommons.org/licenses/by-nc/4.0/,False,hakkahamushi,hakkahamushi,Japan,Tokyo,35.681063,139.455524,2026-01-24T12:25,6131431106,,610624664,downloaded,OK,1454994,3b2683d1c77f889ae867d27083e93b2d63ed5216703afd362fde808736d363cd,aquatic_plant_images\Potamogeton_crispus\Potamogeton_crispus_GBIF_610624664.jpg
GBIF,Potamogeton crispus,https://inaturalist-open-data.s3.amazonaws.com/photos/610624684/original.jpg,http://creativecommons.org/licenses/by-nc/4.0/,False,hakkahamushi,hakkahamushi,Japan,Tokyo,35.681063,139.455524,2026-01-24T12:25,6131431106,,610624684,downloaded,OK,1475041,ccbe63f84303b4848bed8672f1c5392b77907be0e61d35931169022666688bc1,aquatic_plant_images\Potamogeton_crispus\Potamogeton_crispus_GBIF_610624684.jpg
GBIF,Potamogeton crispus,https://inaturalist-open-data.s3.amazonaws.com/photos/610206064/original.jpg,http://creativecommons.org/licenses/by-nc/4.0/,False,Maria Rita Gelso,Maria Rita Gelso,Italy,Lombardia,45.540932,9.208427,2026-01-23T11:23,6133230176,,610206064,downloaded,OK,513339,c2c5c2960f0e6e457302681779991be1c65a6014e067d851a953d2c7a03dd375,aquatic_plant_images\Potamogeton_crispus\Potamogeton_crispus_GBIF_610206064.jpg
GBIF,Potamogeton crispus,https://inaturalist-open-data.s3.amazonaws.com/photos/610206065/original.jpg,http://creativecommons.org/licenses/by-nc/4.0/,False,Maria Rita Gelso,Maria Rita Gelso,Italy,Lombardia,45.540932,9.208427,2026-01-23T11:23,6133230176,,610206065,downloaded,OK,510191,cfbd4d1591ff8bc401c30de83b53ac0a10826286c0af1f575392baef2d9942af,aquatic_plant_images\Potamogeton_crispus\Potamogeton_crispus_GBIF_610206065.jpg
GBIF,Potamogeton crispus,https://inaturalist-open-data.s3.amazonaws.com/photos/612586506/original.jpg,http://creativecommons.org/licenses/by/4.0/,True,geosesarma,geosesarma,United States of America,New Jersey,40.294189,-74.358644,2026-01-14T14:29,6133250780,,612586506,downloaded,OK,490967,23fdea790566177866d53860850bd2921d834f1247fb8f6215a4b58bb59f3f82,aquatic_plant_images\Potamogeton_crispus\Potamogeton_crispus_GBIF_612586506.jpg
GBIF,Potamogeton crispus,https://inaturalist-open-data.s3.amazonaws.com/photos/612586565/original.jpg,http://creativecommons.org/licenses/by/4.0/,True,geosesarma,geosesarma,United States of America,New Jersey,40.294189,-74.358644,2026-01-14T14:29,6133250780,,612586565,downloaded,OK,554232,283e6fc746733d5f5f8c87b94c55178ba492f6a4aaa752e2339b1b354953550c,aquatic_plant_images\Potamogeton_crispus\Potamogeton_crispus_GBIF_612586565.jpg
GBIF,Potamogeton crispus,https://inaturalist-open-data.s3.amazonaws.com/photos/607997477/original.jpg,http://creativecommons.org/licenses/by/4.0/,True,geosesarma,geosesarma,United States of America,New Jersey,40.294189,-74.358644,2026-01-14T14:29,6133250780,,607997477,downloaded,OK,1923582,fd782521788390d71045c4f55f9665845162ea62b4174d261bd4c86cfe7d9dff,aquatic_plant_images\Potamogeton_crispus\Potamogeton_crispus_GBIF_607997477.jpg
GBIF,Potamogeton crispus,https://inaturalist-open-data.s3.amazonaws.com/photos/610642802/original.jpg,http://creativecommons.org/licenses/by-nc/4.0/,False,Gordon Chen,Gordon Chen,Chinese Taipei,Taiwan,23.412328,120.506578,2026-01-25T11:38:42,6133250808,,610642802,downloaded,OK,1411300,cebd17b5aa127863bd91f34c7eb134098445bb94b2eda9ee7f718721f0e42836,aquatic_plant_images\Potamogeton_crispus\Potamogeton_crispus_GBIF_610642802.jpg
GBIF,Potamogeton crispus,https://inaturalist-open-data.s3.amazonaws.com/photos/610642819/original.jpg,http://creativecommons.org/licenses/by-nc/4.0/,False,Gordon Chen,Gordon Chen,Chinese Taipei,Taiwan,23.412328,120.506578,2026-01-25T11:38:42,6133250808,,610642819,downloaded,OK,1298706,856d26daa0ab07a651c0edf276526e3ecb4655f4f7bd43f57586397e351f63da,aquatic_plant_images\Potamogeton_crispus\Potamogeton_crispus_GBIF_610642819.jpg
GBIF,Potamogeton crispus,https://inaturalist-open-data.s3.amazonaws.com/photos/610642840/original.jpg,http://creativecommons.org/licenses/by-nc/4.0/,False,Gordon Chen,Gordon Chen,Chinese Taipei,Taiwan,23.412328,120.506578,2026-01-25T11:38:42,6133250808,,610642840,downloaded,OK,1399303,aab98bbac1cbff6e48c28524046bed7b0859aa9c4302ff2a8fb389e9a110f808,aquatic_plant_images\Potamogeton_crispus\Potamogeton_crispus_GBIF_610642840.jpg
GBIF,Potamogeton crispus,https://inaturalist-open-data.s3.amazonaws.com/photos/612616494/original.jpg,http://creativecommons.org/licenses/by/4.0/,True,William Harland,William Harland,New Zealand,Canterbury,-43.646501,172.483151,2026-01-28T14:31,6133452887,,612616494,downloaded,OK,136756,3ae41c2b353c198ee8e38c9f36e8a1f16f88a9394d35fb6ac41469c40554777f,aquatic_plant_images\Potamogeton_crispus\Potamogeton_crispus_GBIF_612616494.jpg
GBIF,Potamogeton crispus,https://inaturalist-open-data.s3.amazonaws.com/photos/612616498/original.jpg,http://creativecommons.org/licenses/by/4.0/,True,William Harland,William Harland,New Zealand,Canterbury,-43.646501,172.483151,2026-01-28T14:31,6133452887,,612616498,downloaded,OK,270000,d4767e116a69bde6dac9e3295bf7ea6e929f25832957ececfa977d5ead02919f,aquatic_plant_images\Potamogeton_crispus\Potamogeton_crispus_GBIF_612616498.jpg
GBIF,Potamogeton crispus,https://inaturalist-open-data.s3.amazonaws.com/photos/612127091/original.jpg,http://creativecommons.org/licenses/by-nc/4.0/,False,Jenny Emeny,Jenny Emeny,Australia,Victoria,-38.339734,142.636193,2026-01-30T18:56:26,6163408935,,612127091,downloaded,OK,1191491,a78ee9cdc534b8aed27e9b4ef87047755e3d854e61e45c503832607187d127ce,aquatic_plant_images\Potamogeton_crispus\Potamogeton_crispus_GBIF_612127091.jpg
GBIF,Potamogeton crispus,https://inaturalist-open-data.s3.amazonaws.com/photos/612280169/original.jpg,http://creativecommons.org/licenses/by-nc/4.0/,False,Jenny Emeny,Jenny Emeny,Australia,Victoria,-38.339734,142.636193,2026-01-30T18:56:26,6163408935,,612280169,downloaded,OK,1051123,31f71e7264be2a060da801d5134f086f037e9548b7fcbfb3918a9dc80b109255,aquatic_plant_images\Potamogeton_crispus\Potamogeton_crispus_GBIF_612280169.jpg
GBIF,Potamogeton crispus,https://inaturalist-open-data.s3.amazonaws.com/photos/612280202/original.jpg,http://creativecommons.org/licenses/by-nc/4.0/,False,Jenny Emeny,Jenny Emeny,Australia,Victoria,-38.339734,142.636193,2026-01-30T18:56:26,6163408935,,612280202,downloaded,OK,851258,d893127cb71eab3d539747c5ff70aa8ac09306e3ba24346834aeacd2ffe6852d,aquatic_plant_images\Potamogeton_crispus\Potamogeton_crispus_GBIF_612280202.jpg
GBIF,Potamogeton crispus,https://inaturalist-open-data.s3.amazonaws.com/photos/612280252/original.jpg,http://creativecommons.org/licenses/by-nc/4.0/,False,Jenny Emeny,Jenny Emeny,Australia,Victoria,-38.339734,142.636193,2026-01-30T18:56:26,6163408935,,612280252,downloaded,OK,911778,b73e2d953972a9e3fd045560ea2f46093d3e13d4e508d52ca9a3a29d9505a72a,aquatic_plant_images\Potamogeton_crispus\Potamogeton_crispus_GBIF_612280252.jpg
GBIF,Potamogeton crispus,https://inaturalist-open-data.s3.amazonaws.com/photos/612280315/original.jpg,http://creativecommons.org/licenses/by-nc/4.0/,False,Jenny Emeny,Jenny Emeny,Australia,Victoria,-38.339734,142.636193,2026-01-30T18:56:26,6163408935,,612280315,downloaded,OK,1000222,feb887edee2b4c14c88d9bc996897a750b97796cfc08b68350da2ee7e221012f,aquatic_plant_images\Potamogeton_crispus\Potamogeton_crispus_GBIF_612280315.jpg
GBIF,Potamogeton crispus,https://inaturalist-open-data.s3.amazonaws.com/photos/612280354/original.jpg,http://creativecommons.org/licenses/by-nc/4.0/,False,Jenny Emeny,Jenny Emeny,Australia,Victoria,-38.339734,142.636193,2026-01-30T18:56:26,6163408935,,612280354,downloaded,OK,841133,a920af74ce9505e3a1cf32ce1198cef588001648e6ccd62ef2cff91cd4ee2d89,aquatic_plant_images\Potamogeton_crispus\Potamogeton_crispus_GBIF_612280354.jpg
GBIF,Potamogeton crispus,https://inaturalist-open-data.s3.amazonaws.com/photos/612288673/original.jpg,http://creativecommons.org/licenses/by-nc/4.0/,False,Jenny Emeny,Jenny Emeny,Australia,Victoria,-38.339734,142.636193,2026-01-30T18:56:26,6163408935,,612288673,downloaded,OK,1290619,cb7512aecf1cae78101cad217124d9c396df1a08742c849e551cec413ade2e9e,aquatic_plant_images\Potamogeton_crispus\Potamogeton_crispus_GBIF_612288673.jpg
GBIF,Potamogeton crispus,https://inaturalist-open-data.s3.amazonaws.com/photos/626995593/original.jpg,http://creativecommons.org/licenses/by-nc/4.0/,False,Marshal,Marshal,Australia,Victoria,-37.818218,144.572314,2026-01-26T00:44,6185350228,,626995593,downloaded,OK,2993550,b91229728ad275d14fd5fdff0dfd89524584cf028ee3814522b45ddb03dac2c3,aquatic_plant_images\Potamogeton_crispus\Potamogeton_crispus_GBIF_626995593.jpg
GBIF,Potamogeton crispus,https://inaturalist-open-data.s3.amazonaws.com/photos/610637157/original.jpg,http://creativecommons.org/licenses/by-nc/4.0/,False,hakkahamushi,hakkahamushi,Japan,Tokyo,35.759255,139.522933,2026-01-24T16:32,6431291532,,610637157,downloaded,OK,1423770,b462ef062684ea328b9c124059f3687872d7e7d3292e969a400c4a0fa6d556de,aquatic_plant_images\Potamogeton_crispus\Potamogeton_crispus_GBIF_610637157.jpg
GBIF,Potamogeton crispus,https://inaturalist-open-data.s3.amazonaws.com/photos/610637166/original.jpg,http://creativecommons.org/licenses/by-nc/4.0/,False,hakkahamushi,hakkahamushi,Japan,Tokyo,35.759255,139.522933,2026-01-24T16:32,6431291532,,610637166,downloaded,OK,1436914,e485cf72658db0423fca4b26bb3fa28a4e8c150eb4d8636ccc94f4133d2dfecf,aquatic_plant_images\Potamogeton_crispus\Potamogeton_crispus_GBIF_610637166.jpg
GBIF,Potamogeton crispus,https://inaturalist-open-data.s3.amazonaws.com/photos/609160014/original.jpg,http://creativecommons.org/licenses/by-nc/4.0/,False,lubukun,lubukun,Chinese Taipei,Taiwan,24.526665,120.838163,2026-01-19T14:38:59,6480326213,,609160014,downloaded,OK,640242,284b267b6d5e33b2b416c94d81eb119cae496e0a38b3a3ced7d1e2461ec1bf53,aquatic_plant_images\Potamogeton_crispus\Potamogeton_crispus_GBIF_609160014.jpg
GBIF,Potamogeton crispus,https://inaturalist-open-data.s3.amazonaws.com/photos/609160026/original.jpg,http://creativecommons.org/licenses/by-nc/4.0/,False,lubukun,lubukun,Chinese Taipei,Taiwan,24.526665,120.838163,2026-01-19T14:38:59,6480326213,,609160026,downloaded,OK,668042,8a7845eed4a7d0ddb62af513864f85c904bf9d5deb7a4d30d17b0894f8df6b5e,aquatic_plant_images\Potamogeton_crispus\Potamogeton_crispus_GBIF_609160026.jpg
GBIF,Potamogeton crispus,https://inaturalist-open-data.s3.amazonaws.com/photos/612307278/original.jpg,http://creativecommons.org/licenses/by-nc/4.0/,False,Abi,Abi,Chinese Taipei,Taichung,24.186166,120.628868,2026-02-01T09:56:37,6133404589,,612307278,downloaded,OK,2173978,408b377126081ad5539f115442a3b36b2cc82f24f6e99ee06640970d5211f92e,aquatic_plant_images\Potamogeton_crispus\Potamogeton_crispus_GBIF_612307278.jpg
GBIF,Potamogeton crispus,https://inaturalist-open-data.s3.amazonaws.com/photos/612307300/original.jpg,http://creativecommons.org/licenses/by-nc/4.0/,False,Abi,Abi,Chinese Taipei,Taichung,24.186166,120.628868,2026-02-01T09:56:37,6133404589,,612307300,downloaded,OK,2538370,5e99fec505de29d8bfcbcd63529e5e3c4dc8b9d4331b3e9ccc15f0a129a8c2e0,aquatic_plant_images\Potamogeton_crispus\Potamogeton_crispus_GBIF_612307300.jpg
GBIF,Potamogeton crispus,https://inaturalist-open-data.s3.amazonaws.com/photos/630352791/original.jpg,http://creativecommons.org/licenses/by/4.0/,True,Alan Prather,Alan Prather,United States of America,Michigan,42.665078,-86.210961,2026-03-28T10:47:59,6184965525,,630352791,downloaded,OK,2768728,e5cc7d583197776c9922a77efebbbf65e507955c1b7f8aebeecb3cebb7317aa7,aquatic_plant_images\Potamogeton_crispus\Potamogeton_crispus_GBIF_630352791.jpg
GBIF,Potamogeton crispus,https://inaturalist-open-data.s3.amazonaws.com/photos/630352824/original.jpg,http://creativecommons.org/licenses/by/4.0/,True,Alan Prather,Alan Prather,United States of America,Michigan,42.665078,-86.210961,2026-03-28T10:47:59,6184965525,,630352824,downloaded,OK,2756590,080e69516ff2755741f950ff7d087e311341750b987daed76ef6be2f22adfe86,aquatic_plant_images\Potamogeton_crispus\Potamogeton_crispus_GBIF_630352824.jpg
GBIF,Potamogeton crispus,https://inaturalist-open-data.s3.amazonaws.com/photos/630352838/original.jpg,http://creativecommons.org/licenses/by/4.0/,True,Alan Prather,Alan Prather,United States of America,Michigan,42.665078,-86.210961,2026-03-28T10:47:59,6184965525,,630352838,downloaded,OK,2906533,e6e540eeeb9cc1c2bff8c249eab2749381251ed09289fefbfe912807b5c5b279,aquatic_plant_images\Potamogeton_crispus\Potamogeton_crispus_GBIF_630352838.jpg
GBIF,Potamogeton gramineus,https://inaturalist-open-data.s3.amazonaws.com/photos/609789584/original.jpg,http://creativecommons.org/licenses/by-nc/4.0/,False,James K. Wetterer,James K. Wetterer,United States of America,Florida,27.663375,-80.644225,2026-01-21T14:23:57,6162844885,,609789584,downloaded,OK,734981,8946f70beae9907c5dda13260fae4a87acee5a4daa9c35b3b7efcbb567603f93,aquatic_plant_images\Potamogeton_gramineus\Potamogeton_gramineus_GBIF_609789584.jpg
GBIF,Potamogeton gramineus,https://inaturalist-open-data.s3.amazonaws.com/photos/609789609/original.jpg,http://creativecommons.org/licenses/by-nc/4.0/,False,James K. Wetterer,James K. Wetterer,United States of America,Florida,27.663375,-80.644225,2026-01-21T14:23:57,6162844885,,609789609,downloaded,OK,932768,a45aef2186a7030e7e461377c86472e75be470dc30f711a5d38033d908fde601,aquatic_plant_images\Potamogeton_gramineus\Potamogeton_gramineus_GBIF_609789609.jpg
GBIF,Potamogeton gramineus,https://inaturalist-open-data.s3.amazonaws.com/photos/609789627/original.jpg,http://creativecommons.org/licenses/by-nc/4.0/,False,James K. Wetterer,James K. Wetterer,United States of America,Florida,27.663375,-80.644225,2026-01-21T14:23:57,6162844885,,609789627,downloaded,OK,847357,757d8db0151ad888e9fc45def8d9543d421bb175ea605f6f01e8bc7e004b25ee,aquatic_plant_images\Potamogeton_gramineus\Potamogeton_gramineus_GBIF_609789627.jpg
GBIF,Potamogeton gramineus,https://inaturalist-open-data.s3.amazonaws.com/photos/634577417/original.jpg,http://creativecommons.org/licenses/by-nc/4.0/,False,B.Byambajav,B.Byambajav,Mongolia,Hövsgöl,51.080831,99.705011,2026-02-13T15:29,6234594995,,634577417,downloaded,OK,1057589,1ebbf1f3ac58cee72c7f87b084a1388889f0b22a102a47a0cd188cd19a260765,aquatic_plant_images\Potamogeton_gramineus\Potamogeton_gramineus_GBIF_634577417.jpg
GBIF,Potamogeton gramineus,https://inaturalist-open-data.s3.amazonaws.com/photos/634577424/original.jpg,http://creativecommons.org/licenses/by-nc/4.0/,False,B.Byambajav,B.Byambajav,Mongolia,Hövsgöl,51.080831,99.705011,2026-02-13T15:29,6234594995,,634577424,downloaded,OK,1502279,66299b5085240dab6ee38763687a27ae814e501cf17a060a91bd469cec013306,aquatic_plant_images\Potamogeton_gramineus\Potamogeton_gramineus_GBIF_634577424.jpg
GBIF,Potamogeton gramineus,https://inaturalist-open-data.s3.amazonaws.com/photos/634577574/original.jpg,http://creativecommons.org/licenses/by-nc/4.0/,False,B.Byambajav,B.Byambajav,Mongolia,Hövsgöl,51.080831,99.705011,2026-02-13T15:29,6234594995,,634577574,downloaded,OK,1073506,a882d5412989af4804fa13c2f273867f9916337ab577ba21cc38b0eef4921491,aquatic_plant_images\Potamogeton_gramineus\Potamogeton_gramineus_GBIF_634577574.jpg
GBIF,Potamogeton gramineus,https://inaturalist-open-data.s3.amazonaws.com/photos/634579101/original.jpg,http://creativecommons.org/licenses/by-nc/4.0/,False,B.Byambajav,B.Byambajav,Mongolia,Hövsgöl,51.080831,99.705011,2026-02-13T15:29,6234594995,,634579101,downloaded,OK,1757360,be25e5929088593461317264f7d5dfa8edc15619996bdedf6c3ba9c2f45ffe90,aquatic_plant_images\Potamogeton_gramineus\Potamogeton_gramineus_GBIF_634579101.jpg
GBIF,Potamogeton gramineus,https://inaturalist-open-data.s3.amazonaws.com/photos/634579102/original.jpg,http://creativecommons.org/licenses/by-nc/4.0/,False,B.Byambajav,B.Byambajav,Mongolia,Hövsgöl,51.080831,99.705011,2026-02-13T15:29,6234594995,,634579102,downloaded,OK,1785888,0c566e6d6fc078f706e3afc88151172ebefae860d314e1904ec1afa7aa61608a,aquatic_plant_images\Potamogeton_gramineus\Potamogeton_gramineus_GBIF_634579102.jpg
GBIF,Potamogeton gramineus,https://observation.org/photos/146566817.jpg,http://creativecommons.org/licenses/by-nc/4.0/,False,Wim Langbroek,Wim Langbroek,Netherlands,Zuid-Holland,51.85,4.0,2026-04-04,6186688996,,,downloaded,OK,142432,f03011c7c71d9446c239f436de231264a39e6513a01035c4e926bd60e445b18f,aquatic_plant_images\Potamogeton_gramineus\Potamogeton_gramineus_GBIF_c4148a488bb5.jpg
GBIF,Potamogeton gramineus,https://observation.org/photos/146566868.jpg,http://creativecommons.org/licenses/by-nc/4.0/,False,Wim Langbroek,Wim Langbroek,Netherlands,Zuid-Holland,51.85,4.0,2026-04-04,6186688996,,,downloaded,OK,165996,b10a00ba2bd52aa20b19060d401c2f67c24e1107a99d492df8ed7fe61f917ea7,aquatic_plant_images\Potamogeton_gramineus\Potamogeton_gramineus_GBIF_843cae3905e4.jpg
GBIF,Potamogeton gramineus,https://observation.org/photos/148933250.jpg,http://creativecommons.org/licenses/by-nc/4.0/,False,Wim Langbroek,Wim Langbroek,Netherlands,Zuid-Holland,51.85,4.05,2026-04-25,6228154428,,,downloaded,OK,245950,eb471d448b2c0d5a8bdd09de47f1089eda609f65b36b4142f76a985a33512eb2,aquatic_plant_images\Potamogeton_gramineus\Potamogeton_gramineus_GBIF_5f4a6dd56085.jpg
GBIF,Potamogeton gramineus,https://observation.org/photos/148933251.jpg,http://creativecommons.org/licenses/by-nc/4.0/,False,Wim Langbroek,Wim Langbroek,Netherlands,Zuid-Holland,51.85,4.05,2026-04-25,6228154428,,,downloaded,OK,234103,e6bce21b1d23d2ce9848b96310b7ad714cf1c8ba6d57d6d53393840cc457339d,aquatic_plant_images\Potamogeton_gramineus\Potamogeton_gramineus_GBIF_a7d8e3c9aad8.jpg
GBIF,Potamogeton gramineus,https://observation.org/photos/148933253.jpg,http://creativecommons.org/licenses/by-nc/4.0/,False,Wim Langbroek,Wim Langbroek,Netherlands,Zuid-Holland,51.85,4.05,2026-04-25,6228154428,,,downloaded,OK,272236,d3959d2f3d13d0c62a3e29f701682e21a18f4b466e72a034cf1779fe82b26dcb,aquatic_plant_images\Potamogeton_gramineus\Potamogeton_gramineus_GBIF_7b3ab678bc3f.jpg
GBIF,Potamogeton gramineus,https://inaturalist-open-data.s3.amazonaws.com/photos/662127616/original.jpg,http://creativecommons.org/licenses/by-nc/4.0/,False,nico2709,nico2709,France,Bourgogne,47.602613,3.113572,2026-05-18T17:08:48,6320057304,,662127616,downloaded,OK,2058190,14f6bf0e49464190905dcbb9306f5f55a205e18d04dcaaa914eaae69fcab1e75,aquatic_plant_images\Potamogeton_gramineus\Potamogeton_gramineus_GBIF_662127616.jpg
GBIF,Potamogeton gramineus,https://inaturalist-open-data.s3.amazonaws.com/photos/662127673/original.jpg,http://creativecommons.org/licenses/by-nc/4.0/,False,nico2709,nico2709,France,Bourgogne,47.602613,3.113572,2026-05-18T17:08:48,6320057304,,662127673,downloaded,OK,2069011,e03ee9b089adb325a56b8afb92a5943a98949a4d2e2b474ee5cac314c808af2c,aquatic_plant_images\Potamogeton_gramineus\Potamogeton_gramineus_GBIF_662127673.jpg
GBIF,Potamogeton gramineus,https://inaturalist-open-data.s3.amazonaws.com/photos/662127757/original.jpg,http://creativecommons.org/licenses/by-nc/4.0/,False,nico2709,nico2709,France,Bourgogne,47.602613,3.113572,2026-05-18T17:08:48,6320057304,,662127757,downloaded,OK,1960468,7c2d667e64296e90b67ff8d6671ef57c48553c5c64190ab148a54175919e28ce,aquatic_plant_images\Potamogeton_gramineus\Potamogeton_gramineus_GBIF_662127757.jpg
GBIF,Potamogeton gramineus,https://inaturalist-open-data.s3.amazonaws.com/photos/662127821/original.jpg,http://creativecommons.org/licenses/by-nc/4.0/,False,nico2709,nico2709,France,Bourgogne,47.602613,3.113572,2026-05-18T17:08:48,6320057304,,662127821,downloaded,OK,1828327,80d3bfbbae5cee8f1cf955de6471992e979e49dcbcbc050f70723d5daa47f521,aquatic_plant_images\Potamogeton_gramineus\Potamogeton_gramineus_GBIF_662127821.jpg
GBIF,Potamogeton gramineus,https://inaturalist-open-data.s3.amazonaws.com/photos/662127883/original.jpg,http://creativecommons.org/licenses/by-nc/4.0/,False,nico2709,nico2709,France,Bourgogne,47.602613,3.113572,2026-05-18T17:08:48,6320057304,,662127883,downloaded,OK,2224361,5a44947a10173b8951ec8b6df5e78116279097668dd41c08b202cd8464e4af80,aquatic_plant_images\Potamogeton_gramineus\Potamogeton_gramineus_GBIF_662127883.jpg
GBIF,Potamogeton gramineus,https://inaturalist-open-data.s3.amazonaws.com/photos/662127934/original.jpg,http://creativecommons.org/licenses/by-nc/4.0/,False,nico2709,nico2709,France,Bourgogne,47.602613,3.113572,2026-05-18T17:08:48,6320057304,,662127934,downloaded,OK,1857887,0c0b0d58ffd4b7dc0f0a72c923e1adec569f725278bbb0c3c1f40f6750048b50,aquatic_plant_images\Potamogeton_gramineus\Potamogeton_gramineus_GBIF_662127934.jpg
GBIF,Potamogeton gramineus,https://observation.org/photos/150030165.jpg,http://creativecommons.org/licenses/by-nc-nd/4.0/,False,lennart van der Kamp,lennart van der Kamp,Netherlands,Gelderland,52.1,6.45,2026-05-03,6342895769,,,downloaded,OK,424075,b6d799d47e1c9ac170b7888351d3e4019b650f0aa81ef79012924ba46855129a,aquatic_plant_images\Potamogeton_gramineus\Potamogeton_gramineus_GBIF_7c7736e7d97d.jpg
GBIF,Potamogeton gramineus,https://observation.org/photos/150030166.jpg,http://creativecommons.org/licenses/by-nc-nd/4.0/,False,lennart van der Kamp,lennart van der Kamp,Netherlands,Gelderland,52.1,6.45,2026-05-03,6342895769,,,downloaded,OK,387169,e0afe21ebb3db736aaad502e27c533ce089b2165bf4a4c87ca36a5224e5e6929,aquatic_plant_images\Potamogeton_gramineus\Potamogeton_gramineus_GBIF_1c7e2a826109.jpg
GBIF,Potamogeton gramineus,https://observation.org/photos/150030167.jpg,http://creativecommons.org/licenses/by-nc-nd/4.0/,False,lennart van der Kamp,lennart van der Kamp,Netherlands,Gelderland,52.1,6.45,2026-05-03,6342895769,,,downloaded,OK,437467,e26a8ab4859c41b21f461da3b9cb994b15efad3de00d81ac4f6838141d4dc737,aquatic_plant_images\Potamogeton_gramineus\Potamogeton_gramineus_GBIF_1e07ae73df47.jpg
GBIF,Potamogeton gramineus,https://observation.org/photos/154215269.jpg,http://creativecommons.org/licenses/by-nc-nd/4.0/,False,J. Kastelijn,J. Kastelijn,Netherlands,Noord-Brabant,51.65,5.25,2026-05-20,6343753460,,,downloaded,OK,195819,53731b1c9030cc531321f5aa09c54fbe98f33eeaf4d6b18785bd5214a1469e72,aquatic_plant_images\Potamogeton_gramineus\Potamogeton_gramineus_GBIF_42d335bfdf8c.jpg
GBIF,Potamogeton gramineus,https://observation.org/photos/154215270.jpg,http://creativecommons.org/licenses/by-nc-nd/4.0/,False,J. Kastelijn,J. Kastelijn,Netherlands,Noord-Brabant,51.65,5.25,2026-05-20,6343753460,,,downloaded,OK,292703,e9bdee0f3a449e961f50cd5e20400fc080abc58dd5c7997f0b7049aad3038ccf,aquatic_plant_images\Potamogeton_gramineus\Potamogeton_gramineus_GBIF_4a223faa6c3b.jpg
GBIF,Potamogeton gramineus,https://observation.org/photos/154215271.jpg,http://creativecommons.org/licenses/by-nc-nd/4.0/,False,J. Kastelijn,J. Kastelijn,Netherlands,Noord-Brabant,51.65,5.25,2026-05-20,6343753460,,,downloaded,OK,192445,c73c234e3ba696812bfefac74e6a7f91a1dd03e62ca0f8a502a2b33ad00dbdfb,aquatic_plant_images\Potamogeton_gramineus\Potamogeton_gramineus_GBIF_8febe8cd73dc.jpg
GBIF,Potamogeton gramineus,https://observation.org/photos/154215272.jpg,http://creativecommons.org/licenses/by-nc-nd/4.0/,False,J. Kastelijn,J. Kastelijn,Netherlands,Noord-Brabant,51.65,5.25,2026-05-20,6343753460,,,downloaded,OK,175543,0d250d22be03cb8d966da9abbe86f247d23013b853d21d6e7e2ad8cf33fae225,aquatic_plant_images\Potamogeton_gramineus\Potamogeton_gramineus_GBIF_1fb9e5075e43.jpg
GBIF,Potamogeton gramineus,https://observation.org/photos/154215273.jpg,http://creativecommons.org/licenses/by-nc-nd/4.0/,False,J. Kastelijn,J. Kastelijn,Netherlands,Noord-Brabant,51.65,5.25,2026-05-20,6343753460,,,downloaded,OK,207265,f408ada31b6d0a99c316027518872a753dd7937b27400cd7003f75ceea81d385,aquatic_plant_images\Potamogeton_gramineus\Potamogeton_gramineus_GBIF_50597041da56.jpg
GBIF,Potamogeton gramineus,https://observation.org/photos/154215308.jpg,http://creativecommons.org/licenses/by-nc-nd/4.0/,False,J. Kastelijn,J. Kastelijn,Netherlands,Noord-Brabant,51.65,5.25,2026-05-20,6343753460,,,downloaded,OK,160008,999f2787a27ebdf741fed3771c2cb8037ae5d263514c4abe7dc2e5c432bc4af3,aquatic_plant_images\Potamogeton_gramineus\Potamogeton_gramineus_GBIF_9ad211ca3d1d.jpg
GBIF,Potamogeton gramineus,https://inaturalist-open-data.s3.amazonaws.com/photos/677270202/original.jpg,http://creativecommons.org/licenses/by/4.0/,True,Jamie O'Neill,Jamie O'Neill,Ireland,Clare,53.014741,-8.979211,2026-06-10T13:42,6398675573,,677270202,downloaded,OK,932767,2cf75a4301980b72f8e9ddcdddd7e3755a031fce30a9349f73ae695762daaa59,aquatic_plant_images\Potamogeton_gramineus\Potamogeton_gramineus_GBIF_677270202.jpg
GBIF,Potamogeton gramineus,https://inaturalist-open-data.s3.amazonaws.com/photos/677270313/original.jpg,http://creativecommons.org/licenses/by/4.0/,True,Jamie O'Neill,Jamie O'Neill,Ireland,Clare,53.014741,-8.979211,2026-06-10T13:42,6398675573,,677270313,downloaded,OK,2013897,fccc2ca1ec4b6515cfedaee114daa6aadd6fdeec2ac109d0324c0b6aab079aa8,aquatic_plant_images\Potamogeton_gramineus\Potamogeton_gramineus_GBIF_677270313.jpg
GBIF,Potamogeton gramineus,https://inaturalist-open-data.s3.amazonaws.com/photos/677270374/original.jpg,http://creativecommons.org/licenses/by/4.0/,True,Jamie O'Neill,Jamie O'Neill,Ireland,Clare,53.014741,-8.979211,2026-06-10T13:42,6398675573,,677270374,downloaded,OK,1447972,377aa75648bb6a4d69cb0cdb418150c7db095d93c2d939892cea2a8c1c5afe9b,aquatic_plant_images\Potamogeton_gramineus\Potamogeton_gramineus_GBIF_677270374.jpg
GBIF,Potamogeton gramineus,https://inaturalist-open-data.s3.amazonaws.com/photos/677270472/original.jpg,http://creativecommons.org/licenses/by/4.0/,True,Jamie O'Neill,Jamie O'Neill,Ireland,Clare,53.014741,-8.979211,2026-06-10T13:42,6398675573,,677270472,downloaded,OK,1251892,1a6b808cad38ab0851f5b77f761f2e222de902c730c5bc505afc98fa3afc29d0,aquatic_plant_images\Potamogeton_gramineus\Potamogeton_gramineus_GBIF_677270472.jpg
GBIF,Potamogeton gramineus,https://inaturalist-open-data.s3.amazonaws.com/photos/677270521/original.jpg,http://creativecommons.org/licenses/by/4.0/,True,Jamie O'Neill,Jamie O'Neill,Ireland,Clare,53.014741,-8.979211,2026-06-10T13:42,6398675573,,677270521,downloaded,OK,1759051,16dc3fd86f11008cb149d93e4dd850f0b852d88fdbdea2a9f8dfcfdff9974250,aquatic_plant_images\Potamogeton_gramineus\Potamogeton_gramineus_GBIF_677270521.jpg
GBIF,Potamogeton gramineus,https://inaturalist-open-data.s3.amazonaws.com/photos/677270593/original.jpg,http://creativecommons.org/licenses/by/4.0/,True,Jamie O'Neill,Jamie O'Neill,Ireland,Clare,53.014741,-8.979211,2026-06-10T13:42,6398675573,,677270593,downloaded,OK,1533434,cf8d3253aec6a2be30f21683e171db751316e9c387a5640b954e3d681732cd8b,aquatic_plant_images\Potamogeton_gramineus\Potamogeton_gramineus_GBIF_677270593.jpg
GBIF,Potamogeton gramineus,https://inaturalist-open-data.s3.amazonaws.com/photos/677270746/original.jpg,http://creativecommons.org/licenses/by/4.0/,True,Jamie O'Neill,Jamie O'Neill,Ireland,Clare,53.014741,-8.979211,2026-06-10T13:42,6398675573,,677270746,downloaded,OK,551073,50b4f341a3694efbbcc8e7785f5a2dde25c6318d52929828ba26a553a5fcfafa,aquatic_plant_images\Potamogeton_gramineus\Potamogeton_gramineus_GBIF_677270746.jpg
GBIF,Potamogeton gramineus,https://inaturalist-open-data.s3.amazonaws.com/photos/677270806/original.jpg,http://creativecommons.org/licenses/by/4.0/,True,Jamie O'Neill,Jamie O'Neill,Ireland,Clare,53.014741,-8.979211,2026-06-10T13:42,6398675573,,677270806,downloaded,OK,556062,fe66a07a6623c355e2ee5d84e67e03bf55323b79bdcd68941f070013f9a4c940,aquatic_plant_images\Potamogeton_gramineus\Potamogeton_gramineus_GBIF_677270806.jpg
GBIF,Potamogeton gramineus,https://inaturalist-open-data.s3.amazonaws.com/photos/676200629/original.jpg,http://creativecommons.org/licenses/by-nc/4.0/,False,Chace Scholten,Chace Scholten,United States of America,Michigan,44.042621,-86.458221,2026-06-09T17:55:13,6398916823,,676200629,downloaded,OK,1947702,3cdb382ed8cf16ab1e6ed5b115202abb30c868491f5ebe53b9c0ed258c0ac668,aquatic_plant_images\Potamogeton_gramineus\Potamogeton_gramineus_GBIF_676200629.jpg
GBIF,Potamogeton gramineus,https://observation.org/photos/158520224.jpg,http://creativecommons.org/licenses/by-nc-nd/4.0/,False,Sjoerd-Dirk,Sjoerd-Dirk,Netherlands,Zuid-Holland,51.9,4.05,2026-06-21,6410975584,,,downloaded,OK,211551,32a06859f0ecb07edace538dbd8bc22c372db4aff9b7845b597e9bf46501aefa,aquatic_plant_images\Potamogeton_gramineus\Potamogeton_gramineus_GBIF_af2a8589a339.jpg
GBIF,Potamogeton gramineus,https://observation.org/photos/158520225.jpg,http://creativecommons.org/licenses/by-nc-nd/4.0/,False,Sjoerd-Dirk,Sjoerd-Dirk,Netherlands,Zuid-Holland,51.9,4.05,2026-06-21,6410975584,,,downloaded,OK,97317,ac12dd91e37bc7f4abd92b55ccb1744ba1ef846694c0176877ca30efeafdee41,aquatic_plant_images\Potamogeton_gramineus\Potamogeton_gramineus_GBIF_07d94999c1af.jpg
GBIF,Potamogeton gramineus,https://observation.org/photos/158520226.jpg,http://creativecommons.org/licenses/by-nc-nd/4.0/,False,Sjoerd-Dirk,Sjoerd-Dirk,Netherlands,Zuid-Holland,51.9,4.05,2026-06-21,6410975584,,,downloaded,OK,133958,de9dfe17ab18ae9ba9f550b4a498346077b1ac4266301c9d697206a1e3b8966f,aquatic_plant_images\Potamogeton_gramineus\Potamogeton_gramineus_GBIF_33127069fd35.jpg
GBIF,Potamogeton gramineus,https://observation.org/photos/158520227.jpg,http://creativecommons.org/licenses/by-nc-nd/4.0/,False,Sjoerd-Dirk,Sjoerd-Dirk,Netherlands,Zuid-Holland,51.9,4.05,2026-06-21,6410975584,,,downloaded,OK,121155,becc2fdf6261052f765d72989406124e25f650f810cdaba3ba21206ac9945017,aquatic_plant_images\Potamogeton_gramineus\Potamogeton_gramineus_GBIF_cd6354f0f582.jpg
GBIF,Potamogeton gramineus,https://observation.org/photos/157190414.jpg,http://creativecommons.org/licenses/by-nc/4.0/,False,Wim Langbroek,Wim Langbroek,Netherlands,Zuid-Holland,51.85,4.0,2026-06-16,6411944949,,,downloaded,OK,191794,cbcfdfb77b8fcbcaddcfe324cc47d642109195c060432d9351efde7492803eed,aquatic_plant_images\Potamogeton_gramineus\Potamogeton_gramineus_GBIF_c34e3c735a02.jpg
GBIF,Potamogeton gramineus,https://observation.org/photos/157190415.jpg,http://creativecommons.org/licenses/by-nc/4.0/,False,Wim Langbroek,Wim Langbroek,Netherlands,Zuid-Holland,51.85,4.0,2026-06-16,6411944949,,,downloaded,OK,276955,1749981afec4144044ccb73f5c31f740a5f91623a48aec4fa8a63578cb6e876b,aquatic_plant_images\Potamogeton_gramineus\Potamogeton_gramineus_GBIF_25440e15f723.jpg
GBIF,Potamogeton gramineus,https://observation.org/photos/157190416.jpg,http://creativecommons.org/licenses/by-nc/4.0/,False,Wim Langbroek,Wim Langbroek,Netherlands,Zuid-Holland,51.85,4.0,2026-06-16,6411944949,,,downloaded,OK,288548,15a9506ad131d33c220e6a3bd3ce7586d975c02c21492af75d3272341014ae60,aquatic_plant_images\Potamogeton_gramineus\Potamogeton_gramineus_GBIF_43e029ef3c9f.jpg
GBIF,Potamogeton gramineus,https://observation.org/photos/157190417.jpg,http://creativecommons.org/licenses/by-nc/4.0/,False,Wim Langbroek,Wim Langbroek,Netherlands,Zuid-Holland,51.85,4.0,2026-06-16,6411944949,,,downloaded,OK,152663,8627853f6ff70264b7d3dc1cab2181487ad4495cda628c424036e2b36e142565,aquatic_plant_images\Potamogeton_gramineus\Potamogeton_gramineus_GBIF_fcf1eaa68a5d.jpg
GBIF,Potamogeton gramineus,https://observation.org/photos/157190418.jpg,http://creativecommons.org/licenses/by-nc/4.0/,False,Wim Langbroek,Wim Langbroek,Netherlands,Zuid-Holland,51.85,4.0,2026-06-16,6411944949,,,downloaded,OK,270158,73c79cb7c4721ea10ed6555d3100fd7427868e4a420ae47d2f377feaaf107dd5,aquatic_plant_images\Potamogeton_gramineus\Potamogeton_gramineus_GBIF_c75110c87211.jpg
GBIF,Potamogeton gramineus,https://observation.org/photos/157190488.jpg,http://creativecommons.org/licenses/by-nc/4.0/,False,Wim Langbroek,Wim Langbroek,Netherlands,Zuid-Holland,51.85,4.0,2026-06-16,6411944949,,,downloaded,OK,186086,9566861dbbf7c9a6c3e53ccf156fe5fe8ce8bc8f8a3256a09939ced9dd07e0d5,aquatic_plant_images\Potamogeton_gramineus\Potamogeton_gramineus_GBIF_5fe55a9ee0f7.jpg
GBIF,Potamogeton gramineus,https://inaturalist-open-data.s3.amazonaws.com/photos/682925425/original.jpg,http://creativecommons.org/licenses/by-nc/4.0/,False,Věra Kafková,Věra Kafková,Czechia,Pardubický,50.096742,15.78329,2026-06-20T10:47:18,6413221630,,682925425,downloaded,OK,2610598,8e4fec94f2185b5104c55d3d1692768f9d1e6bae71d37078ae484c69680e02ca,aquatic_plant_images\Potamogeton_gramineus\Potamogeton_gramineus_GBIF_682925425.jpg
GBIF,Potamogeton gramineus,https://inaturalist-open-data.s3.amazonaws.com/photos/682925530/original.jpg,http://creativecommons.org/licenses/by-nc/4.0/,False,Věra Kafková,Věra Kafková,Czechia,Pardubický,50.096742,15.78329,2026-06-20T10:47:18,6413221630,,682925530,downloaded,OK,2925482,3b4e8d097e1b2a904a872585c71807187ca59105467e72b95d60fbbf49677707,aquatic_plant_images\Potamogeton_gramineus\Potamogeton_gramineus_GBIF_682925530.jpg
GBIF,Potamogeton gramineus,https://inaturalist-open-data.s3.amazonaws.com/photos/682925627/original.jpg,http://creativecommons.org/licenses/by-nc/4.0/,False,Věra Kafková,Věra Kafková,Czechia,Pardubický,50.096742,15.78329,2026-06-20T10:47:18,6413221630,,682925627,downloaded,OK,2779821,693208f470e25c52166472abc57b3d04774381e60219df159a8621e462fce922,aquatic_plant_images\Potamogeton_gramineus\Potamogeton_gramineus_GBIF_682925627.jpg
GBIF,Potamogeton gramineus,https://inaturalist-open-data.s3.amazonaws.com/photos/682925734/original.jpg,http://creativecommons.org/licenses/by-nc/4.0/,False,Věra Kafková,Věra Kafková,Czechia,Pardubický,50.096742,15.78329,2026-06-20T10:47:18,6413221630,,682925734,downloaded,OK,2638580,9716a738e4c50ffcd620fa4dfc38b4eb875c0f797fea3514651c848f05c2550a,aquatic_plant_images\Potamogeton_gramineus\Potamogeton_gramineus_GBIF_682925734.jpg
GBIF,Potamogeton gramineus,https://inaturalist-open-data.s3.amazonaws.com/photos/681272050/original.jpg,http://creativecommons.org/licenses/by-nc/4.0/,False,Andrey Efremov,Andrey Efremov,Kazakhstan,West Kazakhstan,50.797195,49.983727,2026-06-16T08:34:29,6413257745,,681272050,downloaded,OK,1593574,543c622bfa1e942537ded774ae6acf5b3a62eb2e37abe6f252cc3e297cae6bba,aquatic_plant_images\Potamogeton_gramineus\Potamogeton_gramineus_GBIF_681272050.jpg
GBIF,Potamogeton gramineus,https://inaturalist-open-data.s3.amazonaws.com/photos/681272110/original.jpg,http://creativecommons.org/licenses/by-nc/4.0/,False,Andrey Efremov,Andrey Efremov,Kazakhstan,West Kazakhstan,50.797195,49.983727,2026-06-16T08:34:29,6413257745,,681272110,downloaded,OK,1732747,b30a13a61bec8b87d81209db1969330db4b17bf1229edec6b65bb4ba51fb74dc,aquatic_plant_images\Potamogeton_gramineus\Potamogeton_gramineus_GBIF_681272110.jpg
GBIF,Potamogeton gramineus,https://inaturalist-open-data.s3.amazonaws.com/photos/681272249/original.jpg,http://creativecommons.org/licenses/by-nc/4.0/,False,Andrey Efremov,Andrey Efremov,Kazakhstan,West Kazakhstan,50.797195,49.983727,2026-06-16T08:34:29,6413257745,,681272249,downloaded,OK,1822206,983d6d445843ec7d702f2f7b826ccfc3947ec3392c4749eb5b631b4c0bbce6fb,aquatic_plant_images\Potamogeton_gramineus\Potamogeton_gramineus_GBIF_681272249.jpg
GBIF,Potamogeton gramineus,https://inaturalist-open-data.s3.amazonaws.com/photos/682588709/original.jpg,http://creativecommons.org/licenses/by-nc/4.0/,False,Anna Šolcová,Anna Šolcová,Czechia,Pardubický,50.096694,15.783328,2026-06-20T10:46:14,6413290659,,682588709,downloaded,OK,2362336,e5ce4447d2f2354b21e314639066a7891d63ebdb70ab7bfa2ce236c235e0d601,aquatic_plant_images\Potamogeton_gramineus\Potamogeton_gramineus_GBIF_682588709.jpg
GBIF,Potamogeton gramineus,https://inaturalist-open-data.s3.amazonaws.com/photos/682867319/original.jpg,http://creativecommons.org/licenses/by-nc/4.0/,False,Zdenek Kaplan,Zdenek Kaplan,Czechia,Pardubický,50.096757,15.783213,2026-06-20T10:43:02,6413372493,,682867319,downloaded,OK,2644419,fba007165dec957ecb1c704e9dc8628e1f1c0d1782e873986a9a9ab7f411e6ac,aquatic_plant_images\Potamogeton_gramineus\Potamogeton_gramineus_GBIF_682867319.jpg
GBIF,Potamogeton gramineus,https://inaturalist-open-data.s3.amazonaws.com/photos/682867412/original.jpg,http://creativecommons.org/licenses/by-nc/4.0/,False,Zdenek Kaplan,Zdenek Kaplan,Czechia,Pardubický,50.096757,15.783213,2026-06-20T10:43:02,6413372493,,682867412,downloaded,OK,1744098,1d25af6dd884e22b3ba448f9e843829fe25c5a5d0bf3079e5ac3e7fe8617cbbf,aquatic_plant_images\Potamogeton_gramineus\Potamogeton_gramineus_GBIF_682867412.jpg
GBIF,Potamogeton gramineus,https://inaturalist-open-data.s3.amazonaws.com/photos/682867518/original.jpg,http://creativecommons.org/licenses/by-nc/4.0/,False,Zdenek Kaplan,Zdenek Kaplan,Czechia,Pardubický,50.096757,15.783213,2026-06-20T10:43:02,6413372493,,682867518,downloaded,OK,2339118,a05bcab491adf00fccdcaeb6fe48e08dde0b610936acd150d1c95608928b1e10,aquatic_plant_images\Potamogeton_gramineus\Potamogeton_gramineus_GBIF_682867518.jpg
GBIF,Potamogeton gramineus,https://inaturalist-open-data.s3.amazonaws.com/photos/682868140/original.jpg,http://creativecommons.org/licenses/by-nc/4.0/,False,Zdenek Kaplan,Zdenek Kaplan,Czechia,Pardubický,50.096757,15.783213,2026-06-20T10:43:02,6413372493,,682868140,downloaded,OK,1858815,5abadb17d3c9729fec642513d058abc4fa2023a9900564fa35fc242c977834bc,aquatic_plant_images\Potamogeton_gramineus\Potamogeton_gramineus_GBIF_682868140.jpg
GBIF,Potamogeton gramineus,https://inaturalist-open-data.s3.amazonaws.com/photos/682330769/original.jpg,http://creativecommons.org/licenses/by-nc/4.0/,False,Věra Kafková,Věra Kafková,Czechia,Královéhradecký,50.115427,15.443391,2026-06-19T16:39:26,6413397614,,682330769,downloaded,OK,3065210,4038fd0e1cc1211889dd564720cbba53c65e46caa383823d1a8862d1fbb28f3c,aquatic_plant_images\Potamogeton_gramineus\Potamogeton_gramineus_GBIF_682330769.jpg
GBIF,Potamogeton gramineus,https://inaturalist-open-data.s3.amazonaws.com/photos/682330863/original.jpg,http://creativecommons.org/licenses/by-nc/4.0/,False,Věra Kafková,Věra Kafková,Czechia,Královéhradecký,50.115427,15.443391,2026-06-19T16:39:26,6413397614,,682330863,downloaded,OK,3661630,4f3c0dd4a2d5ff438e70346d5757586c343588446de79368610ae9eeea4b909e,aquatic_plant_images\Potamogeton_gramineus\Potamogeton_gramineus_GBIF_682330863.jpg
GBIF,Potamogeton gramineus,https://inaturalist-open-data.s3.amazonaws.com/photos/683353497/original.jpg,http://creativecommons.org/licenses/by-nc/4.0/,False,Jan Henrik Klaile,Jan Henrik Klaile,Finland,Southern Finland,61.230734,28.943305,2026-06-21T14:42:28,6413518701,,683353497,downloaded,OK,2197868,af8941779aa1102c27d6e063ff01eb4bfbac77b293cc609a904a79121680acf3,aquatic_plant_images\Potamogeton_gramineus\Potamogeton_gramineus_GBIF_683353497.jpg
GBIF,Potamogeton gramineus,https://inaturalist-open-data.s3.amazonaws.com/photos/683353540/original.jpg,http://creativecommons.org/licenses/by-nc/4.0/,False,Jan Henrik Klaile,Jan Henrik Klaile,Finland,Southern Finland,61.230734,28.943305,2026-06-21T14:42:28,6413518701,,683353540,downloaded,OK,2142767,ae033516af933b655cd37dbdd4cf0e25282b8bf6c4225ecb17bf0e8a07e4c27e,aquatic_plant_images\Potamogeton_gramineus\Potamogeton_gramineus_GBIF_683353540.jpg
GBIF,Potamogeton gramineus,https://inaturalist-open-data.s3.amazonaws.com/photos/683353694/original.jpg,http://creativecommons.org/licenses/by-nc/4.0/,False,Jan Henrik Klaile,Jan Henrik Klaile,Finland,Southern Finland,61.230734,28.943305,2026-06-21T14:42:28,6413518701,,683353694,downloaded,OK,1917961,755c67c37d8f41bad38f73232f18e89db4c4c1b087f72bc5338993d6f649e326,aquatic_plant_images\Potamogeton_gramineus\Potamogeton_gramineus_GBIF_683353694.jpg
GBIF,Potamogeton gramineus,https://inaturalist-open-data.s3.amazonaws.com/photos/683353750/original.jpg,http://creativecommons.org/licenses/by-nc/4.0/,False,Jan Henrik Klaile,Jan Henrik Klaile,Finland,Southern Finland,61.230734,28.943305,2026-06-21T14:42:28,6413518701,,683353750,downloaded,OK,2349333,1de66697f8c0ea4a95ef701bfaa454538fd466c4e8f8306387ab7bd02d5240b9,aquatic_plant_images\Potamogeton_gramineus\Potamogeton_gramineus_GBIF_683353750.jpg
GBIF,Potamogeton gramineus,https://inaturalist-open-data.s3.amazonaws.com/photos/680002550/original.jpg,http://creativecommons.org/licenses/by-nd/4.0/,False,William S. Popovici,William S. Popovici,United States of America,Minnesota,47.919762,-91.721062,2026-06-15T15:51:20,6413918773,,680002550,downloaded,OK,3399753,db4ff8ba41e901a8f325ada19e76e0e9c9624af22cda24a328cb862a53f6c24d,aquatic_plant_images\Potamogeton_gramineus\Potamogeton_gramineus_GBIF_680002550.jpg
GBIF,Potamogeton gramineus,https://inaturalist-open-data.s3.amazonaws.com/photos/680002551/original.jpg,http://creativecommons.org/licenses/by-nd/4.0/,False,William S. Popovici,William S. Popovici,United States of America,Minnesota,47.919762,-91.721062,2026-06-15T15:51:20,6413918773,,680002551,downloaded,OK,3409780,e1e410b93ba76dc120850db73918c1dfaa4ceff1762b398c5fb8ccf78d61c1d6,aquatic_plant_images\Potamogeton_gramineus\Potamogeton_gramineus_GBIF_680002551.jpg
GBIF,Potamogeton gramineus,https://inaturalist-open-data.s3.amazonaws.com/photos/680002709/original.jpg,http://creativecommons.org/licenses/by-nd/4.0/,False,William S. Popovici,William S. Popovici,United States of America,Minnesota,47.919762,-91.721062,2026-06-15T15:51:20,6413918773,,680002709,downloaded,OK,4215777,41960e737706706f1184420a830fc3e7cdd5f4fadc1a0b21109de7121a51c862,aquatic_plant_images\Potamogeton_gramineus\Potamogeton_gramineus_GBIF_680002709.jpg
GBIF,Potamogeton gramineus,https://inaturalist-open-data.s3.amazonaws.com/photos/680002517/original.jpg,http://creativecommons.org/licenses/by-nd/4.0/,False,William S. Popovici,William S. Popovici,United States of America,Minnesota,47.919762,-91.721062,2026-06-15T15:51:20,6413918773,,680002517,downloaded,OK,2983116,dd4d5aa6a780afa0527909735ad51193f491bb1423b8d28b281fac8edcc5a9cc,aquatic_plant_images\Potamogeton_gramineus\Potamogeton_gramineus_GBIF_680002517.jpg
GBIF,Potamogeton gramineus,https://inaturalist-open-data.s3.amazonaws.com/photos/680002637/original.jpg,http://creativecommons.org/licenses/by-nd/4.0/,False,William S. Popovici,William S. Popovici,United States of America,Minnesota,47.919762,-91.721062,2026-06-15T15:51:20,6413918773,,680002637,downloaded,OK,3921670,707b33e73fb1cd0064800b9c1f5280af3692bfa92127a8b8346a23a439acf0ba,aquatic_plant_images\Potamogeton_gramineus\Potamogeton_gramineus_GBIF_680002637.jpg
GBIF,Potamogeton gramineus,https://inaturalist-open-data.s3.amazonaws.com/photos/680002699/original.jpg,http://creativecommons.org/licenses/by-nd/4.0/,False,William S. Popovici,William S. Popovici,United States of America,Minnesota,47.919762,-91.721062,2026-06-15T15:51:20,6413918773,,680002699,downloaded,OK,3388659,a17e0ab202991ce9187a305a8de0e649bdb54f339f4e36533937d6d34457bb70,aquatic_plant_images\Potamogeton_gramineus\Potamogeton_gramineus_GBIF_680002699.jpg
GBIF,Potamogeton gramineus,https://inaturalist-open-data.s3.amazonaws.com/photos/680002534/original.jpg,http://creativecommons.org/licenses/by-nd/4.0/,False,William S. Popovici,William S. Popovici,United States of America,Minnesota,47.919762,-91.721062,2026-06-15T15:51:20,6413918773,,680002534,downloaded,OK,2815786,38b0cf40bb8a37ea75797d07197bdcb5a47151efcf805d0bdcb37d2131b13885,aquatic_plant_images\Potamogeton_gramineus\Potamogeton_gramineus_GBIF_680002534.jpg
GBIF,Potamogeton gramineus,https://inaturalist-open-data.s3.amazonaws.com/photos/680002542/original.jpg,http://creativecommons.org/licenses/by-nd/4.0/,False,William S. Popovici,William S. Popovici,United States of America,Minnesota,47.919762,-91.721062,2026-06-15T15:51:20,6413918773,,680002542,downloaded,OK,2386940,84bb9c9b09c8190c3ebd3cf46c98f4ee39ad65ac81647974dd89bf74d61c0804,aquatic_plant_images\Potamogeton_gramineus\Potamogeton_gramineus_GBIF_680002542.jpg
GBIF,Potamogeton gramineus,https://inaturalist-open-data.s3.amazonaws.com/photos/680002693/original.jpg,http://creativecommons.org/licenses/by-nd/4.0/,False,William S. Popovici,William S. Popovici,United States of America,Minnesota,47.919762,-91.721062,2026-06-15T15:51:20,6413918773,,680002693,downloaded,OK,2832738,5e35f8c55fa9ef5cc75a23ea3b4b56480b64e4141ba0b9ada22fd1cffe470e0d,aquatic_plant_images\Potamogeton_gramineus\Potamogeton_gramineus_GBIF_680002693.jpg
GBIF,Potamogeton gramineus,https://inaturalist-open-data.s3.amazonaws.com/photos/680002718/original.jpg,http://creativecommons.org/licenses/by-nd/4.0/,False,William S. Popovici,William S. Popovici,United States of America,Minnesota,47.919762,-91.721062,2026-06-15T15:51:20,6413918773,,680002718,downloaded,OK,2920064,ca6e7cc8111fc5168cfcc7c9c29529d333aad1f3c6df25c79fe622c4bae161a9,aquatic_plant_images\Potamogeton_gramineus\Potamogeton_gramineus_GBIF_680002718.jpg
GBIF,Potamogeton gramineus,https://inaturalist-open-data.s3.amazonaws.com/photos/680002701/original.jpg,http://creativecommons.org/licenses/by-nd/4.0/,False,William S. Popovici,William S. Popovici,United States of America,Minnesota,47.919762,-91.721062,2026-06-15T15:51:20,6413918773,,680002701,downloaded,OK,2685391,3fcdad648c1b73c9e2a415d5c23227b75c1e39b77292a69b3a5564504dc0fd87,aquatic_plant_images\Potamogeton_gramineus\Potamogeton_gramineus_GBIF_680002701.jpg
GBIF,Potamogeton gramineus,https://inaturalist-open-data.s3.amazonaws.com/photos/681063681/original.jpg,http://creativecommons.org/licenses/by-nc/4.0/,False,Braden J. Judson,Braden J. Judson,Canada,British Columbia,50.317511,-126.4206,2026-06-14T04:29,6414047369,,681063681,downloaded,OK,3736068,92489a04f3b1cbe76ce61eb4ec40ede2eaf814e14a9109b6226b285b42c7d841,aquatic_plant_images\Potamogeton_gramineus\Potamogeton_gramineus_GBIF_681063681.jpg
GBIF,Potamogeton gramineus,https://inaturalist-open-data.s3.amazonaws.com/photos/682506772/original.jpg,http://creativecommons.org/licenses/by-nc/4.0/,False,Zdenek Kaplan,Zdenek Kaplan,Czechia,Královéhradecký,50.115388,15.443399,2026-06-19T16:35:51,6414080707,,682506772,downloaded,OK,2616108,bf1279bcd1125d410773c83be6717b4b5f8fbc3958e68bc4d3b8abcccdeaafe2,aquatic_plant_images\Potamogeton_gramineus\Potamogeton_gramineus_GBIF_682506772.jpg
GBIF,Potamogeton gramineus,https://inaturalist-open-data.s3.amazonaws.com/photos/682506832/original.jpg,http://creativecommons.org/licenses/by-nc/4.0/,False,Zdenek Kaplan,Zdenek Kaplan,Czechia,Královéhradecký,50.115388,15.443399,2026-06-19T16:35:51,6414080707,,682506832,downloaded,OK,2296866,0dc51d1eed158bb407ac99645867c2af51aeec943cfa1d500b2e50bf6e54d7c2,aquatic_plant_images\Potamogeton_gramineus\Potamogeton_gramineus_GBIF_682506832.jpg
GBIF,Potamogeton gramineus,https://inaturalist-open-data.s3.amazonaws.com/photos/682506882/original.jpg,http://creativecommons.org/licenses/by-nc/4.0/,False,Zdenek Kaplan,Zdenek Kaplan,Czechia,Královéhradecký,50.115388,15.443399,2026-06-19T16:35:51,6414080707,,682506882,downloaded,OK,2425750,80e64250e14272701d1f6f579a56b8bc5d881e39d96c3f54f667ffe66e1a60e5,aquatic_plant_images\Potamogeton_gramineus\Potamogeton_gramineus_GBIF_682506882.jpg
GBIF,Potamogeton gramineus,https://inaturalist-open-data.s3.amazonaws.com/photos/682506932/original.jpg,http://creativecommons.org/licenses/by-nc/4.0/,False,Zdenek Kaplan,Zdenek Kaplan,Czechia,Královéhradecký,50.115388,15.443399,2026-06-19T16:35:51,6414080707,,682506932,downloaded,OK,2316314,b6e94c3bdfca0c8005c30c7a758455dd8da49ec84ed90328056305e1f596271e,aquatic_plant_images\Potamogeton_gramineus\Potamogeton_gramineus_GBIF_682506932.jpg
GBIF,Potamogeton gramineus,https://inaturalist-open-data.s3.amazonaws.com/photos/682507361/original.jpg,http://creativecommons.org/licenses/by-nc/4.0/,False,Zdenek Kaplan,Zdenek Kaplan,Czechia,Královéhradecký,50.115388,15.443399,2026-06-19T16:35:51,6414080707,,682507361,downloaded,OK,2588528,fa77dab0b6642f0da78f4dc53854de83e65e4777a662c126349032bf47840acd,aquatic_plant_images\Potamogeton_gramineus\Potamogeton_gramineus_GBIF_682507361.jpg
GBIF,Potamogeton gramineus,https://inaturalist-open-data.s3.amazonaws.com/photos/679414832/original.jpg,http://creativecommons.org/licenses/by-nd/4.0/,False,William S. Popovici,William S. Popovici,United States of America,Minnesota,47.918397,-91.720458,2026-06-14T21:36:55,6422146797,,679414832,downloaded,OK,2497902,392f9a329ef1d2e92318581d3f2908ac63b3690c28089a92e7938a7c7aa34b05,aquatic_plant_images\Potamogeton_gramineus\Potamogeton_gramineus_GBIF_679414832.jpg
GBIF,Potamogeton gramineus,https://inaturalist-open-data.s3.amazonaws.com/photos/679414834/original.jpg,http://creativecommons.org/licenses/by-nd/4.0/,False,William S. Popovici,William S. Popovici,United States of America,Minnesota,47.918397,-91.720458,2026-06-14T21:36:55,6422146797,,679414834,downloaded,OK,2465198,70f176efd15dc3e51d126c458a3e7cf58793d9c4fb0147941910b7e8c6a89a55,aquatic_plant_images\Potamogeton_gramineus\Potamogeton_gramineus_GBIF_679414834.jpg
GBIF,Potamogeton gramineus,https://inaturalist-open-data.s3.amazonaws.com/photos/679414830/original.jpg,http://creativecommons.org/licenses/by-nd/4.0/,False,William S. Popovici,William S. Popovici,United States of America,Minnesota,47.918397,-91.720458,2026-06-14T21:36:55,6422146797,,679414830,downloaded,OK,1416953,f1b16f33f76b527cdcdd674dca94f335e2426e9b3514e8846606f350d2c2fef3,aquatic_plant_images\Potamogeton_gramineus\Potamogeton_gramineus_GBIF_679414830.jpg
GBIF,Potamogeton gramineus,https://inaturalist-open-data.s3.amazonaws.com/photos/679414828/original.jpg,http://creativecommons.org/licenses/by-nd/4.0/,False,William S. Popovici,William S. Popovici,United States of America,Minnesota,47.918397,-91.720458,2026-06-14T21:36:55,6422146797,,679414828,downloaded,OK,1370241,73ee75f0bbd3a14eaf17a95dc9bc9d1e4364e6f5663ab2112a29abf5bc8f743e,aquatic_plant_images\Potamogeton_gramineus\Potamogeton_gramineus_GBIF_679414828.jpg
GBIF,Potamogeton gramineus,https://inaturalist-open-data.s3.amazonaws.com/photos/679423403/original.jpg,http://creativecommons.org/licenses/by-nd/4.0/,False,William S. Popovici,William S. Popovici,United States of America,Minnesota,47.918397,-91.720458,2026-06-14T21:36:55,6422146797,,679423403,downloaded,OK,2311827,ecf27a3e6165aac975be795fe1a05811aea12bedbca99a0923abf938365fd8b4,aquatic_plant_images\Potamogeton_gramineus\Potamogeton_gramineus_GBIF_679423403.jpg
GBIF,Potamogeton gramineus,https://inaturalist-open-data.s3.amazonaws.com/photos/679423406/original.jpg,http://creativecommons.org/licenses/by-nd/4.0/,False,William S. Popovici,William S. Popovici,United States of America,Minnesota,47.918397,-91.720458,2026-06-14T21:36:55,6422146797,,679423406,downloaded,OK,2274331,e04f25831b8098877b51cf29625316dbc21d2e38be4a5351e4ae4d8d3c0fe8d4,aquatic_plant_images\Potamogeton_gramineus\Potamogeton_gramineus_GBIF_679423406.jpg
GBIF,Potamogeton gramineus,https://inaturalist-open-data.s3.amazonaws.com/photos/679423410/original.jpg,http://creativecommons.org/licenses/by-nd/4.0/,False,William S. Popovici,William S. Popovici,United States of America,Minnesota,47.918397,-91.720458,2026-06-14T21:36:55,6422146797,,679423410,downloaded,OK,1842072,05378fcc7d0bbb1bc366524325f3403b380a1cc4e41b457e1b85438d69b1e5fa,aquatic_plant_images\Potamogeton_gramineus\Potamogeton_gramineus_GBIF_679423410.jpg
GBIF,Potamogeton gramineus,https://inaturalist-open-data.s3.amazonaws.com/photos/679681711/original.jpg,http://creativecommons.org/licenses/by-nd/4.0/,False,William S. Popovici,William S. Popovici,United States of America,Minnesota,47.918397,-91.720458,2026-06-14T21:36:55,6422146797,,679681711,downloaded,OK,3471075,9b9f1bb92273858480d3f17022b46721b810bdac189bee26ad9c316d7bed5e3d,aquatic_plant_images\Potamogeton_gramineus\Potamogeton_gramineus_GBIF_679681711.jpg
GBIF,Potamogeton gramineus,https://inaturalist-open-data.s3.amazonaws.com/photos/679681716/original.jpg,http://creativecommons.org/licenses/by-nd/4.0/,False,William S. Popovici,William S. Popovici,United States of America,Minnesota,47.918397,-91.720458,2026-06-14T21:36:55,6422146797,,679681716,downloaded,OK,3694964,cabae9fe4fc531d831d6e90d134e20b0b993ad56211faad937f93163cdaeff97,aquatic_plant_images\Potamogeton_gramineus\Potamogeton_gramineus_GBIF_679681716.jpg
GBIF,Potamogeton gramineus,https://inaturalist-open-data.s3.amazonaws.com/photos/679681713/original.jpg,http://creativecommons.org/licenses/by-nd/4.0/,False,William S. Popovici,William S. Popovici,United States of America,Minnesota,47.918397,-91.720458,2026-06-14T21:36:55,6422146797,,679681713,downloaded,OK,3254478,e6817f0cc5c9d3a53a62285e3815c2326b7b562e174b1d02c7636e6ba9b67f9c,aquatic_plant_images\Potamogeton_gramineus\Potamogeton_gramineus_GBIF_679681713.jpg
GBIF,Potamogeton gramineus,https://inaturalist-open-data.s3.amazonaws.com/photos/679681684/original.jpg,http://creativecommons.org/licenses/by-nd/4.0/,False,William S. Popovici,William S. Popovici,United States of America,Minnesota,47.918397,-91.720458,2026-06-14T21:36:55,6422146797,,679681684,downloaded,OK,2070024,d814dfc9397b38d60d8c01fbd278f08f48bc6f1c41a6d3952ddc439230ace305,aquatic_plant_images\Potamogeton_gramineus\Potamogeton_gramineus_GBIF_679681684.jpg
GBIF,Potamogeton gramineus,https://inaturalist-open-data.s3.amazonaws.com/photos/679681717/original.jpg,http://creativecommons.org/licenses/by-nd/4.0/,False,William S. Popovici,William S. Popovici,United States of America,Minnesota,47.918397,-91.720458,2026-06-14T21:36:55,6422146797,,679681717,downloaded,OK,3112021,0e8d56c8bab27beefc5d3376271b5486e565411f0be88c878f800b8008afe8a8,aquatic_plant_images\Potamogeton_gramineus\Potamogeton_gramineus_GBIF_679681717.jpg
GBIF,Potamogeton gramineus,https://inaturalist-open-data.s3.amazonaws.com/photos/679681742/original.jpg,http://creativecommons.org/licenses/by-nd/4.0/,False,William S. Popovici,William S. Popovici,United States of America,Minnesota,47.918397,-91.720458,2026-06-14T21:36:55,6422146797,,679681742,downloaded,OK,2311827,ecf27a3e6165aac975be795fe1a05811aea12bedbca99a0923abf938365fd8b4,aquatic_plant_images\Potamogeton_gramineus\Potamogeton_gramineus_GBIF_679681742.jpg
GBIF,Potamogeton gramineus,https://inaturalist-open-data.s3.amazonaws.com/photos/679681733/original.jpg,http://creativecommons.org/licenses/by-nd/4.0/,False,William S. Popovici,William S. Popovici,United States of America,Minnesota,47.918397,-91.720458,2026-06-14T21:36:55,6422146797,,679681733,downloaded,OK,2274331,e04f25831b8098877b51cf29625316dbc21d2e38be4a5351e4ae4d8d3c0fe8d4,aquatic_plant_images\Potamogeton_gramineus\Potamogeton_gramineus_GBIF_679681733.jpg
GBIF,Potamogeton gramineus,https://inaturalist-open-data.s3.amazonaws.com/photos/679681691/original.jpg,http://creativecommons.org/licenses/by-nd/4.0/,False,William S. Popovici,William S. Popovici,United States of America,Minnesota,47.918397,-91.720458,2026-06-14T21:36:55,6422146797,,679681691,downloaded,OK,1842072,05378fcc7d0bbb1bc366524325f3403b380a1cc4e41b457e1b85438d69b1e5fa,aquatic_plant_images\Potamogeton_gramineus\Potamogeton_gramineus_GBIF_679681691.jpg
GBIF,Potamogeton gramineus,https://inaturalist-open-data.s3.amazonaws.com/photos/687981575/original.jpg,http://creativecommons.org/licenses/by-nc/4.0/,False,Юрий,Юрий,Russian Federation,Bryansk,53.099837,33.513649,2026-06-27T14:22,6422233007,,687981575,downloaded,OK,1659016,515a53a8a05b1a926646a0134627a98f3bfb7605758d27d13fdbf1d891f67c73,aquatic_plant_images\Potamogeton_gramineus\Potamogeton_gramineus_GBIF_687981575.jpg
GBIF,Potamogeton gramineus,https://inaturalist-open-data.s3.amazonaws.com/photos/687981691/original.jpg,http://creativecommons.org/licenses/by-nc/4.0/,False,Юрий,Юрий,Russian Federation,Bryansk,53.099837,33.513649,2026-06-27T14:22,6422233007,,687981691,downloaded,OK,1482188,892b30fb4a0a1428e00c6705bebd6be3f72e1f5d36a5f4635956bce5b68a80ae,aquatic_plant_images\Potamogeton_gramineus\Potamogeton_gramineus_GBIF_687981691.jpg
GBIF,Potamogeton gramineus,https://inaturalist-open-data.s3.amazonaws.com/photos/687981734/original.jpg,http://creativecommons.org/licenses/by-nc/4.0/,False,Юрий,Юрий,Russian Federation,Bryansk,53.099837,33.513649,2026-06-27T14:22,6422233007,,687981734,downloaded,OK,1139136,5b578dd8ae2b354d9eecc66a5fbeb099e8ad30b2e87f50fd9d087c87aa67bee9,aquatic_plant_images\Potamogeton_gramineus\Potamogeton_gramineus_GBIF_687981734.jpg
GBIF,Potamogeton gramineus,https://inaturalist-open-data.s3.amazonaws.com/photos/687949274/original.jpg,http://creativecommons.org/licenses/by-nc/4.0/,False,Юрий,Юрий,Russian Federation,Bryansk,53.103994,33.505173,2026-06-27T12:40,6422413781,,687949274,downloaded,OK,1034208,3b230f2b9ad69606c13885bbe8778eac5ccc1420c56475004e768dfba0219fdc,aquatic_plant_images\Potamogeton_gramineus\Potamogeton_gramineus_GBIF_687949274.jpg
GBIF,Potamogeton gramineus,https://inaturalist-open-data.s3.amazonaws.com/photos/685560085/original.jpg,http://creativecommons.org/licenses/by/4.0/,True,Henry Miller,Henry Miller,United Kingdom of Great Britain and Northern Ireland,Wales,53.273903,-4.247297,2026-06-24T04:06,6422925604,,685560085,downloaded,OK,1835148,7b86bcd754c6d9fad59cd49221ff1301d885b844d025a0724541dbc690650ae7,aquatic_plant_images\Potamogeton_gramineus\Potamogeton_gramineus_GBIF_685560085.jpg
GBIF,Potamogeton gramineus,https://inaturalist-open-data.s3.amazonaws.com/photos/685560135/original.jpg,http://creativecommons.org/licenses/by/4.0/,True,Henry Miller,Henry Miller,United Kingdom of Great Britain and Northern Ireland,Wales,53.273903,-4.247297,2026-06-24T04:06,6422925604,,685560135,downloaded,OK,1542859,255fb1d412eb057cce43f398988d223f16a2e4ae1eef07aaa70c765c398708c6,aquatic_plant_images\Potamogeton_gramineus\Potamogeton_gramineus_GBIF_685560135.jpg
GBIF,Potamogeton gramineus,https://inaturalist-open-data.s3.amazonaws.com/photos/685560152/original.jpg,http://creativecommons.org/licenses/by/4.0/,True,Henry Miller,Henry Miller,United Kingdom of Great Britain and Northern Ireland,Wales,53.273903,-4.247297,2026-06-24T04:06,6422925604,,685560152,downloaded,OK,1611617,49b1dcb4a41178628769ef437c8496ad8758553b9ff96451c1d1cf400739352e,aquatic_plant_images\Potamogeton_gramineus\Potamogeton_gramineus_GBIF_685560152.jpg
GBIF,Potamogeton gramineus,https://inaturalist-open-data.s3.amazonaws.com/photos/689970878/original.jpg,http://creativecommons.org/licenses/by-nc/4.0/,False,Andrew Gray,Andrew Gray,United States of America,Michigan,45.795318,-84.952154,2026-06-22T16:30,6431830463,,689970878,downloaded,OK,1366644,37a84214fc059055ee08462a75e25ccd85155639aae5b3c896d737d36b900659,aquatic_plant_images\Potamogeton_gramineus\Potamogeton_gramineus_GBIF_689970878.jpg
GBIF,Potamogeton gramineus,https://inaturalist-open-data.s3.amazonaws.com/photos/689970903/original.jpg,http://creativecommons.org/licenses/by-nc/4.0/,False,Andrew Gray,Andrew Gray,United States of America,Michigan,45.795318,-84.952154,2026-06-22T16:30,6431830463,,689970903,downloaded,OK,1353132,21d96aa6c30ace0177684a8dc0a7e023cc16c329faf17309109d4ace0c010c38,aquatic_plant_images\Potamogeton_gramineus\Potamogeton_gramineus_GBIF_689970903.jpg
GBIF,Potamogeton gramineus,https://inaturalist-open-data.s3.amazonaws.com/photos/676200629/original.jpg,http://creativecommons.org/licenses/by-nc/4.0/,False,Chace Scholten,Chace Scholten,United States of America,Michigan,44.042621,-86.458221,2026-06-09T17:55:13,6398916823,,676200629,skipped_duplicate,Duplicate URL/photo ID,,,
GBIF,Potamogeton illinoensis,https://inaturalist-open-data.s3.amazonaws.com/photos/609993047/original.jpg,http://creativecommons.org/licenses/by-nc/4.0/,False,sebento,sebento,United States of America,Florida,26.774078,-80.122811,2026-01-21T10:52:31,6129909734,,609993047,downloaded,OK,3319828,acd1ed4fb5fffbb0b36da9d58c1e928d39cb31d325994cc165d2242699d4ef06,aquatic_plant_images\Potamogeton_illinoensis\Potamogeton_illinoensis_GBIF_609993047.jpg
GBIF,Potamogeton illinoensis,https://inaturalist-open-data.s3.amazonaws.com/photos/606179233/original.jpg,http://creativecommons.org/licenses/by/4.0/,True,Ezequiel Racker,Ezequiel Racker,Argentina,Río Negro,-41.056531,-71.515328,2026-01-02T17:39:03,6131139992,,606179233,downloaded,OK,2141121,e3d9105c06a7532bba75bbba0e42fba01e4d585df013ac5534231ac3ec6a6b00,aquatic_plant_images\Potamogeton_illinoensis\Potamogeton_illinoensis_GBIF_606179233.jpg
GBIF,Potamogeton illinoensis,https://inaturalist-open-data.s3.amazonaws.com/photos/614295145/original.jpg,http://creativecommons.org/licenses/by-nc/4.0/,False,kimberleyvak,kimberleyvak,Mexico,Baja California Sur,23.903092,-110.207667,2026-02-06T09:02:02,6159475281,,614295145,downloaded,OK,4595938,413b6eb5eb9ce9b6d73ceb886c91d4d8fd12a5dcccb87922094dca26d6ec9c0a,aquatic_plant_images\Potamogeton_illinoensis\Potamogeton_illinoensis_GBIF_614295145.jpg
GBIF,Potamogeton illinoensis,https://inaturalist-open-data.s3.amazonaws.com/photos/614295152/original.jpg,http://creativecommons.org/licenses/by-nc/4.0/,False,kimberleyvak,kimberleyvak,Mexico,Baja California Sur,23.903092,-110.207667,2026-02-06T09:02:02,6159475281,,614295152,downloaded,OK,3645945,f8dfe21eed323fb8b124a3b18fe4be0a155f38b0b53b59a39ad02cb7c0169614,aquatic_plant_images\Potamogeton_illinoensis\Potamogeton_illinoensis_GBIF_614295152.jpg
GBIF,Potamogeton illinoensis,https://inaturalist-open-data.s3.amazonaws.com/photos/614295149/original.jpg,http://creativecommons.org/licenses/by-nc/4.0/,False,kimberleyvak,kimberleyvak,Mexico,Baja California Sur,23.903092,-110.207667,2026-02-06T09:02:02,6159475281,,614295149,downloaded,OK,3634589,c5491f269b2c7978713cf9ec7fa154904dbc13dc4b0bd18aa67de9f6cc0d81ec,aquatic_plant_images\Potamogeton_illinoensis\Potamogeton_illinoensis_GBIF_614295149.jpg
GBIF,Potamogeton illinoensis,https://inaturalist-open-data.s3.amazonaws.com/photos/618272481/original.jpg,http://creativecommons.org/licenses/by-nc/4.0/,False,Chris Bentley,Chris Bentley,United States of America,Texas,29.709002,-98.13535,2026-02-22,6162944088,,618272481,downloaded,OK,934007,0e959df467a936aff098a0843bffb9693ab8d77d5e2b6ad7d5e03f279ed80d8c,aquatic_plant_images\Potamogeton_illinoensis\Potamogeton_illinoensis_GBIF_618272481.jpg
GBIF,Potamogeton illinoensis,https://inaturalist-open-data.s3.amazonaws.com/photos/618830181/original.jpg,http://creativecommons.org/licenses/by-nc/4.0/,False,carrieschaefer,carrieschaefer,United States of America,Texas,31.04499,-98.414743,2026-02-24T13:06:49,6171098915,,618830181,downloaded,OK,3174086,0a1ce0e972330ee17c4f9b70a309ff6056f8040a26c0989b1ea814c93f5006c9,aquatic_plant_images\Potamogeton_illinoensis\Potamogeton_illinoensis_GBIF_618830181.jpg
GBIF,Potamogeton illinoensis,https://inaturalist-open-data.s3.amazonaws.com/photos/618830216/original.jpg,http://creativecommons.org/licenses/by-nc/4.0/,False,carrieschaefer,carrieschaefer,United States of America,Texas,31.04499,-98.414743,2026-02-24T13:06:49,6171098915,,618830216,downloaded,OK,3021127,2f5da756bb589566304c7d190d8da4a62bb3e8bec0028d21de40a51c8a99bcc1,aquatic_plant_images\Potamogeton_illinoensis\Potamogeton_illinoensis_GBIF_618830216.jpg
GBIF,Potamogeton illinoensis,https://inaturalist-open-data.s3.amazonaws.com/photos/618830242/original.jpg,http://creativecommons.org/licenses/by-nc/4.0/,False,carrieschaefer,carrieschaefer,United States of America,Texas,31.04499,-98.414743,2026-02-24T13:06:49,6171098915,,618830242,downloaded,OK,2922655,fb9fec50b579df5fc6df5dfbaac61a0b9bf0f5a0843e130f171d49f6584e3012,aquatic_plant_images\Potamogeton_illinoensis\Potamogeton_illinoensis_GBIF_618830242.jpg
GBIF,Potamogeton illinoensis,https://inaturalist-open-data.s3.amazonaws.com/photos/625093136/original.jpg,http://creativecommons.org/licenses/by-nc/4.0/,False,James K. Wetterer,James K. Wetterer,United States of America,Florida,27.896353,-80.593392,2026-03-15T15:08:54,6178300711,,625093136,downloaded,OK,993273,699ffe40b640dce0a1eee29225cba3f5ffeab48bf2910bd6ca74dfdef264da36,aquatic_plant_images\Potamogeton_illinoensis\Potamogeton_illinoensis_GBIF_625093136.jpg
GBIF,Potamogeton illinoensis,https://inaturalist-open-data.s3.amazonaws.com/photos/625093177/original.jpg,http://creativecommons.org/licenses/by-nc/4.0/,False,James K. Wetterer,James K. Wetterer,United States of America,Florida,27.896353,-80.593392,2026-03-15T15:08:54,6178300711,,625093177,downloaded,OK,936918,d1174a871cc6be1dec3994fb2ce3e4e8b2f8b31231d7e03ca93c7b03a99953b4,aquatic_plant_images\Potamogeton_illinoensis\Potamogeton_illinoensis_GBIF_625093177.jpg
GBIF,Potamogeton illinoensis,https://inaturalist-open-data.s3.amazonaws.com/photos/625093231/original.jpg,http://creativecommons.org/licenses/by-nc/4.0/,False,James K. Wetterer,James K. Wetterer,United States of America,Florida,27.896353,-80.593392,2026-03-15T15:08:54,6178300711,,625093231,downloaded,OK,812364,4a0008de51a653264212e4498fb43991b2820c779280ebe3e79edd68d3205388,aquatic_plant_images\Potamogeton_illinoensis\Potamogeton_illinoensis_GBIF_625093231.jpg
GBIF,Potamogeton illinoensis,https://inaturalist-open-data.s3.amazonaws.com/photos/623932174/original.jpg,http://creativecommons.org/licenses/by-nc/4.0/,False,Eb Merritt,Eb Merritt,United States of America,Texas,29.78182,-98.70923,2026-03-12T09:23:18,6179130103,,623932174,downloaded,OK,2587735,acc68177f650f2aa9b9bf5fdf79c45c6492255eb37275554a978f0ef86f20ee2,aquatic_plant_images\Potamogeton_illinoensis\Potamogeton_illinoensis_GBIF_623932174.jpg
GBIF,Potamogeton illinoensis,https://inaturalist-open-data.s3.amazonaws.com/photos/629586046/original.jpg,http://creativecommons.org/licenses/by-nc/4.0/,False,Ethan,Ethan,United States of America,Missouri,37.154777,-91.441653,2026-03-26T10:54,6185960353,,629586046,downloaded,OK,1569370,6910d0ffcc09b0731dfc1dbc34add1f90cab84655cded1071e05e424a32ca089,aquatic_plant_images\Potamogeton_illinoensis\Potamogeton_illinoensis_GBIF_629586046.jpg
GBIF,Potamogeton illinoensis,https://inaturalist-open-data.s3.amazonaws.com/photos/635371779/original.jpg,http://creativecommons.org/licenses/by-nc/4.0/,False,devinb323,devinb323,United States of America,New Mexico,32.245606,-104.697287,2026-04-08T15:13:52,6195779064,,635371779,downloaded,OK,2723697,6cea3614439a45cef8d557eeb45fe6b71200a685b6db4b0e05bca16737e3a2bf,aquatic_plant_images\Potamogeton_illinoensis\Potamogeton_illinoensis_GBIF_635371779.jpg
GBIF,Potamogeton illinoensis,https://inaturalist-open-data.s3.amazonaws.com/photos/653105402/original.jpg,http://creativecommons.org/licenses/by/4.0/,True,Bonnie Semmling,Bonnie Semmling,United States of America,New Jersey,41.030394,-74.775765,2026-04-26T10:11,6252361905,,653105402,downloaded,OK,741438,74fb9cb81cf0420ee8ce5f969845fdd29a7ad0841d2abc3854a40fc06c69220d,aquatic_plant_images\Potamogeton_illinoensis\Potamogeton_illinoensis_GBIF_653105402.jpg
GBIF,Potamogeton illinoensis,https://inaturalist-open-data.s3.amazonaws.com/photos/653106923/original.jpg,http://creativecommons.org/licenses/by/4.0/,True,Bonnie Semmling,Bonnie Semmling,United States of America,New Jersey,41.030394,-74.775765,2026-04-26T10:11,6252361905,,653106923,downloaded,OK,665137,90ac6f55a7dd415b05eb4c69a9cfca9428d703ed66be18d36ad76069e5bad02c,aquatic_plant_images\Potamogeton_illinoensis\Potamogeton_illinoensis_GBIF_653106923.jpg
GBIF,Potamogeton illinoensis,https://inaturalist-open-data.s3.amazonaws.com/photos/645644263/original.jpg,http://creativecommons.org/licenses/by-nc/4.0/,False,James K. Wetterer,James K. Wetterer,United States of America,Florida,26.129039,-80.358733,2026-04-25T11:31:20,6252421723,,645644263,downloaded,OK,897418,899777afa078f1fa70c6d17504b8fbb45ee906c6808b169cf237d094c7b4abff,aquatic_plant_images\Potamogeton_illinoensis\Potamogeton_illinoensis_GBIF_645644263.jpg
GBIF,Potamogeton illinoensis,https://inaturalist-open-data.s3.amazonaws.com/photos/645644390/original.jpg,http://creativecommons.org/licenses/by-nc/4.0/,False,James K. Wetterer,James K. Wetterer,United States of America,Florida,26.129039,-80.358733,2026-04-25T11:31:20,6252421723,,645644390,downloaded,OK,638300,dbec3c504ca2b7333c1e15e0029e1edeaa6cc065ee3c367013e1f18cd049823a,aquatic_plant_images\Potamogeton_illinoensis\Potamogeton_illinoensis_GBIF_645644390.jpg
GBIF,Potamogeton illinoensis,https://inaturalist-open-data.s3.amazonaws.com/photos/645644492/original.jpg,http://creativecommons.org/licenses/by-nc/4.0/,False,James K. Wetterer,James K. Wetterer,United States of America,Florida,26.129039,-80.358733,2026-04-25T11:31:20,6252421723,,645644492,downloaded,OK,786527,18c7a553c295f1f2b670b680a1c15b78ee3f119dc4f5e8efe1a2fd9505158a5b,aquatic_plant_images\Potamogeton_illinoensis\Potamogeton_illinoensis_GBIF_645644492.jpg
GBIF,Potamogeton illinoensis,https://inaturalist-open-data.s3.amazonaws.com/photos/645644579/original.jpg,http://creativecommons.org/licenses/by-nc/4.0/,False,James K. Wetterer,James K. Wetterer,United States of America,Florida,26.129039,-80.358733,2026-04-25T11:31:20,6252421723,,645644579,downloaded,OK,983772,65febe6fb3c92c7080601cb5d630f11537775d92cb8343288b5770457ea108b4,aquatic_plant_images\Potamogeton_illinoensis\Potamogeton_illinoensis_GBIF_645644579.jpg
GBIF,Potamogeton illinoensis,https://inaturalist-open-data.s3.amazonaws.com/photos/653195328/original.jpg,http://creativecommons.org/licenses/by-nc/4.0/,False,Enrique Flores García,Enrique Flores García,Mexico,Baja California Sur,24.832102,-110.80118,2026-04-27T08:18,6274244870,,653195328,downloaded,OK,1354840,8702b362ee1d30b80ffc8ab0418e532ac807fb858a1419bfc120c6bd0c7e0ac1,aquatic_plant_images\Potamogeton_illinoensis\Potamogeton_illinoensis_GBIF_653195328.jpg
GBIF,Potamogeton illinoensis,https://inaturalist-open-data.s3.amazonaws.com/photos/653195348/original.jpg,http://creativecommons.org/licenses/by-nc/4.0/,False,Enrique Flores García,Enrique Flores García,Mexico,Baja California Sur,24.832102,-110.80118,2026-04-27T08:18,6274244870,,653195348,downloaded,OK,1268984,10e875ffc91d9dfdb80e4ecb7e15a87bdb3ce87faf4af7ca9573771bdf333d1f,aquatic_plant_images\Potamogeton_illinoensis\Potamogeton_illinoensis_GBIF_653195348.jpg
GBIF,Potamogeton illinoensis,https://inaturalist-open-data.s3.amazonaws.com/photos/653195389/original.jpg,http://creativecommons.org/licenses/by-nc/4.0/,False,Enrique Flores García,Enrique Flores García,Mexico,Baja California Sur,24.832102,-110.80118,2026-04-27T08:18,6274244870,,653195389,downloaded,OK,1370158,61ae64f5e42fa5b1e2684bfd6fde98206cf547475b67d90f8164c55fea31d4d7,aquatic_plant_images\Potamogeton_illinoensis\Potamogeton_illinoensis_GBIF_653195389.jpg
GBIF,Potamogeton illinoensis,https://inaturalist-open-data.s3.amazonaws.com/photos/653195403/original.jpg,http://creativecommons.org/licenses/by-nc/4.0/,False,Enrique Flores García,Enrique Flores García,Mexico,Baja California Sur,24.832102,-110.80118,2026-04-27T08:18,6274244870,,653195403,downloaded,OK,1308381,36564982dd57aecda88add15273ffd3e8a1b0e048f684f5f6d6dada0229d7963,aquatic_plant_images\Potamogeton_illinoensis\Potamogeton_illinoensis_GBIF_653195403.jpg
GBIF,Potamogeton illinoensis,https://inaturalist-open-data.s3.amazonaws.com/photos/653195409/original.jpg,http://creativecommons.org/licenses/by-nc/4.0/,False,Enrique Flores García,Enrique Flores García,Mexico,Baja California Sur,24.832102,-110.80118,2026-04-27T08:18,6274244870,,653195409,downloaded,OK,1324910,5d95a460fc86695de2a6198153bcc0952ed2adff165bdbf81add33f73dd8d21d,aquatic_plant_images\Potamogeton_illinoensis\Potamogeton_illinoensis_GBIF_653195409.jpg
GBIF,Potamogeton illinoensis,https://inaturalist-open-data.s3.amazonaws.com/photos/650170472/original.jpg,http://creativecommons.org/licenses/by-nc/4.0/,False,Gerardo Marrón,Gerardo Marrón,Mexico,Baja California Sur,24.833069,-110.806267,2026-04-27T06:08:48,6352415884,,650170472,downloaded,OK,2212394,c7ee2d2568fb88578e5bac41eedbb68c0a89570c030d46bf96902dad8cb96e75,aquatic_plant_images\Potamogeton_illinoensis\Potamogeton_illinoensis_GBIF_650170472.jpg
GBIF,Potamogeton illinoensis,https://inaturalist-open-data.s3.amazonaws.com/photos/650170526/original.jpg,http://creativecommons.org/licenses/by-nc/4.0/,False,Gerardo Marrón,Gerardo Marrón,Mexico,Baja California Sur,24.833069,-110.806267,2026-04-27T06:08:48,6352415884,,650170526,downloaded,OK,2432766,f1425bad5de63ebc2ff57dba887f51f7dd95ad2ffc0d79fbdbb3a18a3b1948a9,aquatic_plant_images\Potamogeton_illinoensis\Potamogeton_illinoensis_GBIF_650170526.jpg
GBIF,Potamogeton illinoensis,https://inaturalist-open-data.s3.amazonaws.com/photos/650170610/original.jpg,http://creativecommons.org/licenses/by-nc/4.0/,False,Gerardo Marrón,Gerardo Marrón,Mexico,Baja California Sur,24.833069,-110.806267,2026-04-27T06:08:48,6352415884,,650170610,downloaded,OK,2115272,6ebe31d7e01236d8116c4fc4ae5f25acaf3d53da2676a5f58b411daa8c8e9323,aquatic_plant_images\Potamogeton_illinoensis\Potamogeton_illinoensis_GBIF_650170610.jpg
GBIF,Potamogeton illinoensis,https://inaturalist-open-data.s3.amazonaws.com/photos/644326022/original.jpg,http://creativecommons.org/licenses/by-nc/4.0/,False,McKenna,McKenna,United States of America,Florida,25.695164,-80.598252,2026-04-23T11:16:10,6469912790,,644326022,downloaded,OK,1590100,f881f63bfc62249ae058ce6b39e352e197b0ddc3d8c1dcc2ac40d09d63279414,aquatic_plant_images\Potamogeton_illinoensis\Potamogeton_illinoensis_GBIF_644326022.jpg
GBIF,Potamogeton illinoensis,https://inaturalist-open-data.s3.amazonaws.com/photos/644326129/original.jpg,http://creativecommons.org/licenses/by-nc/4.0/,False,McKenna,McKenna,United States of America,Florida,25.695164,-80.598252,2026-04-23T11:16:10,6469912790,,644326129,downloaded,OK,2172183,ca3fe3c5a2157b12cd1dc965cb36616e9d84e0ada3f950f138b3511f456f9ad1,aquatic_plant_images\Potamogeton_illinoensis\Potamogeton_illinoensis_GBIF_644326129.jpg
GBIF,Potamogeton illinoensis,https://inaturalist-open-data.s3.amazonaws.com/photos/654518389/original.jpg,http://creativecommons.org/licenses/by/4.0/,True,Kai Murphy,Kai Murphy,United States of America,Florida,26.313802,-80.162391,2026-05-05T19:08:22,6273407164,,654518389,downloaded,OK,1091069,0db00bb22aa40262f040e9aab4dcb070f83b7e1429da526780f5626a8c526496,aquatic_plant_images\Potamogeton_illinoensis\Potamogeton_illinoensis_GBIF_654518389.jpg
GBIF,Potamogeton illinoensis,https://inaturalist-open-data.s3.amazonaws.com/photos/681218627/original.jpg,http://creativecommons.org/licenses/by-nc/4.0/,False,Ashleigh Chee Hing,Ashleigh Chee Hing,United States of America,Florida,26.176805,-80.448084,2026-05-27T22:22:10,6413683375,,681218627,downloaded,OK,609769,3de2751d76c9cd4026b77cb151ce204d3e34abdd2aba40e59ae147fbb8f682c0,aquatic_plant_images\Potamogeton_illinoensis\Potamogeton_illinoensis_GBIF_681218627.jpg
GBIF,Potamogeton illinoensis,https://inaturalist-open-data.s3.amazonaws.com/photos/671916351/original.jpg,http://creativecommons.org/publicdomain/zero/1.0/,True,Carter Ertel,Carter Ertel,United States of America,Minnesota,45.302795,-93.897924,2026-06-02T18:30:14,6399789805,,671916351,downloaded,OK,1084763,939b81887eb930cd55472a315aef0a120da2bdce9bce33e298753eb4369d51d4,aquatic_plant_images\Potamogeton_illinoensis\Potamogeton_illinoensis_GBIF_671916351.jpg
GBIF,Potamogeton illinoensis,https://inaturalist-open-data.s3.amazonaws.com/photos/690463999/original.jpg,http://creativecommons.org/licenses/by-nc/4.0/,False,James K. Wetterer,James K. Wetterer,United States of America,Florida,26.739803,-80.900763,2026-07-02T15:19:41,6430968987,,690463999,downloaded,OK,845514,484aa95ae41848af9afc958d0d1a05590191ef6616625f9fd34a0a16815d78e5,aquatic_plant_images\Potamogeton_illinoensis\Potamogeton_illinoensis_GBIF_690463999.jpg
GBIF,Potamogeton illinoensis,https://inaturalist-open-data.s3.amazonaws.com/photos/690464041/original.jpg,http://creativecommons.org/licenses/by-nc/4.0/,False,James K. Wetterer,James K. Wetterer,United States of America,Florida,26.739803,-80.900763,2026-07-02T15:19:41,6430968987,,690464041,downloaded,OK,562087,46907f47adcf307e35314f14d979b1be0df4865d82ad1e29c7e186827dde2ce5,aquatic_plant_images\Potamogeton_illinoensis\Potamogeton_illinoensis_GBIF_690464041.jpg
GBIF,Potamogeton illinoensis,https://inaturalist-open-data.s3.amazonaws.com/photos/690464064/original.jpg,http://creativecommons.org/licenses/by-nc/4.0/,False,James K. Wetterer,James K. Wetterer,United States of America,Florida,26.739803,-80.900763,2026-07-02T15:19:41,6430968987,,690464064,downloaded,OK,713144,509d4b1de45ad1a3b8f56e21d9371585e5bfe145e2edcc2995b9f8c923d89e6c,aquatic_plant_images\Potamogeton_illinoensis\Potamogeton_illinoensis_GBIF_690464064.jpg
GBIF,Potamogeton illinoensis,https://inaturalist-open-data.s3.amazonaws.com/photos/690464096/original.jpg,http://creativecommons.org/licenses/by-nc/4.0/,False,James K. Wetterer,James K. Wetterer,United States of America,Florida,26.739803,-80.900763,2026-07-02T15:19:41,6430968987,,690464096,downloaded,OK,762756,5dd98bd5a90d125559d3352fbd06bc23a3431a65d51b225d2ccabb04a9b9ef7b,aquatic_plant_images\Potamogeton_illinoensis\Potamogeton_illinoensis_GBIF_690464096.jpg
GBIF,Potamogeton illinoensis,https://inaturalist-open-data.s3.amazonaws.com/photos/693868581/original.jpg,http://creativecommons.org/licenses/by-nc/4.0/,False,albaker39,albaker39,United States of America,Michigan,44.066136,-84.751962,2026-07-05T10:29:15,6441257093,,693868581,downloaded,OK,719740,705bdb47246beae2857f46788d6fdc5dcba9af629784ff99ab0e0c3cf43116a0,aquatic_plant_images\Potamogeton_illinoensis\Potamogeton_illinoensis_GBIF_693868581.jpg
GBIF,Potamogeton illinoensis,https://inaturalist-open-data.s3.amazonaws.com/photos/693868567/original.jpg,http://creativecommons.org/licenses/by-nc/4.0/,False,albaker39,albaker39,United States of America,Michigan,44.066136,-84.751962,2026-07-05T10:29:15,6441257093,,693868567,downloaded,OK,761224,245fb4fa793423580fb1853293ff0b01d1eb62b81fd53e9fe4b786f33036d9a7,aquatic_plant_images\Potamogeton_illinoensis\Potamogeton_illinoensis_GBIF_693868567.jpg
GBIF,Potamogeton illinoensis,https://inaturalist-open-data.s3.amazonaws.com/photos/693868594/original.jpg,http://creativecommons.org/licenses/by-nc/4.0/,False,albaker39,albaker39,United States of America,Michigan,44.066136,-84.751962,2026-07-05T10:29:15,6441257093,,693868594,downloaded,OK,755175,5971d2405e7958fd8065f5e99d7a116f86100bc97b5f0fe1975f7beed8429054,aquatic_plant_images\Potamogeton_illinoensis\Potamogeton_illinoensis_GBIF_693868594.jpg
GBIF,Potamogeton illinoensis,https://inaturalist-open-data.s3.amazonaws.com/photos/693868611/original.jpg,http://creativecommons.org/licenses/by-nc/4.0/,False,albaker39,albaker39,United States of America,Michigan,44.066136,-84.751962,2026-07-05T10:29:15,6441257093,,693868611,downloaded,OK,737647,21ba474a1c91ea3e3afef8e2c103b5ec234a8ba429a92e678138320e88eb64c9,aquatic_plant_images\Potamogeton_illinoensis\Potamogeton_illinoensis_GBIF_693868611.jpg
GBIF,Potamogeton illinoensis,https://inaturalist-open-data.s3.amazonaws.com/photos/693868651/original.jpg,http://creativecommons.org/licenses/by-nc/4.0/,False,albaker39,albaker39,United States of America,Michigan,44.066136,-84.751962,2026-07-05T10:29:15,6441257093,,693868651,downloaded,OK,750462,3d49377d2f387111fd649ac5b6eff9eb375fc1c3a718243680aca3e26b5a40a7,aquatic_plant_images\Potamogeton_illinoensis\Potamogeton_illinoensis_GBIF_693868651.jpg
GBIF,Potamogeton illinoensis,https://inaturalist-open-data.s3.amazonaws.com/photos/707769933/original.jpg,http://creativecommons.org/licenses/by/4.0/,True,Norma Malinowski,Norma Malinowski,United States of America,Minnesota,47.955673,-91.561773,2026-07-29T13:47:44,6481255931,,707769933,downloaded,OK,2247293,2d110a62e3acaeb997497562fd3639a12712d6c7228aab6d289e8239b28dc919,aquatic_plant_images\Potamogeton_illinoensis\Potamogeton_illinoensis_GBIF_707769933.jpg
GBIF,Potamogeton illinoensis,https://inaturalist-open-data.s3.amazonaws.com/photos/707770157/original.jpg,http://creativecommons.org/licenses/by/4.0/,True,Norma Malinowski,Norma Malinowski,United States of America,Minnesota,47.955673,-91.561773,2026-07-29T13:47:44,6481255931,,707770157,downloaded,OK,2544316,21bcfbc6465e8f9b0c9dac822ccf4d11e018aad5a0582fd18f07162d8d889283,aquatic_plant_images\Potamogeton_illinoensis\Potamogeton_illinoensis_GBIF_707770157.jpg
GBIF,Potamogeton illinoensis,https://inaturalist-open-data.s3.amazonaws.com/photos/707849122/original.jpg,http://creativecommons.org/licenses/by/4.0/,True,Norma Malinowski,Norma Malinowski,United States of America,Minnesota,47.955673,-91.561773,2026-07-29T13:47:44,6481255931,,707849122,downloaded,OK,1829625,d6a28a360c21c474f272f3d5561a5da44589ce721ae288e2bf6adacf8bedd49e,aquatic_plant_images\Potamogeton_illinoensis\Potamogeton_illinoensis_GBIF_707849122.jpg
GBIF,Potamogeton illinoensis,https://inaturalist-open-data.s3.amazonaws.com/photos/707849213/original.jpg,http://creativecommons.org/licenses/by/4.0/,True,Norma Malinowski,Norma Malinowski,United States of America,Minnesota,47.955673,-91.561773,2026-07-29T13:47:44,6481255931,,707849213,downloaded,OK,1867959,d479c5a4290b234f193607a75a421f6410e8d85fee690b1face8106e1379cc64,aquatic_plant_images\Potamogeton_illinoensis\Potamogeton_illinoensis_GBIF_707849213.jpg
GBIF,Potamogeton illinoensis,https://inaturalist-open-data.s3.amazonaws.com/photos/708353745/original.jpg,http://creativecommons.org/licenses/by/4.0/,True,Norma Malinowski,Norma Malinowski,United States of America,Minnesota,47.955673,-91.561773,2026-07-29T13:47:44,6481255931,,708353745,downloaded,OK,592741,53c3e6531a1fffdd53a11a49358516085a2e3f6f09206fc924c70971b58d40d7,aquatic_plant_images\Potamogeton_illinoensis\Potamogeton_illinoensis_GBIF_708353745.jpg
GBIF,Potamogeton illinoensis,https://inaturalist-open-data.s3.amazonaws.com/photos/707296917/original.jpg,http://creativecommons.org/licenses/by-nc/4.0/,False,clairemlc,clairemlc,Canada,Ontario,44.790047,-79.742347,2026-07-08T12:38,6481263548,,707296917,downloaded,OK,734081,dc96cfb032b68b94970bf7de6993c113ebe98a4ef41efde8eb60fc284ccceb42,aquatic_plant_images\Potamogeton_illinoensis\Potamogeton_illinoensis_GBIF_707296917.jpg
GBIF,Potamogeton illinoensis,https://inaturalist-open-data.s3.amazonaws.com/photos/707296914/original.jpg,http://creativecommons.org/licenses/by-nc/4.0/,False,clairemlc,clairemlc,Canada,Ontario,44.790047,-79.742347,2026-07-08T12:38,6481263548,,707296914,downloaded,OK,690957,391d649b4e6788cfa94756a3657010988aa0c6d2e0bdc267964f5d87be22ecf0,aquatic_plant_images\Potamogeton_illinoensis\Potamogeton_illinoensis_GBIF_707296914.jpg
GBIF,Potamogeton illinoensis,https://inaturalist-open-data.s3.amazonaws.com/photos/713403920/original.jpg,http://creativecommons.org/licenses/by-nc/4.0/,False,James K. Wetterer,James K. Wetterer,United States of America,Florida,25.660213,-80.38588,2026-08-08T16:06:27,6479939860,,713403920,downloaded,OK,700912,251560800000ac37ebc7f3efa93fad8811ebd2dfab171a801c3fc812be0c8f18,aquatic_plant_images\Potamogeton_illinoensis\Potamogeton_illinoensis_GBIF_713403920.jpg
GBIF,Potamogeton illinoensis,https://inaturalist-open-data.s3.amazonaws.com/photos/713403953/original.jpg,http://creativecommons.org/licenses/by-nc/4.0/,False,James K. Wetterer,James K. Wetterer,United States of America,Florida,25.660213,-80.38588,2026-08-08T16:06:27,6479939860,,713403953,downloaded,OK,772484,adf824b50228014a63a11b16d96f99aadc23e93ba18fd209c286a58ba67822db,aquatic_plant_images\Potamogeton_illinoensis\Potamogeton_illinoensis_GBIF_713403953.jpg
GBIF,Potamogeton illinoensis,https://inaturalist-open-data.s3.amazonaws.com/photos/711237014/original.jpg,http://creativecommons.org/licenses/by-nc/4.0/,False,alexparry,alexparry,United States of America,New York,43.368349,-73.667633,2026-08-02T17:48,6480060822,,711237014,downloaded,OK,1158632,089ce7949b6a2686360c080d051fa6cb3c31227f3c78f738dfcfed3c872e5e5e,aquatic_plant_images\Potamogeton_illinoensis\Potamogeton_illinoensis_GBIF_711237014.jpg
GBIF,Potamogeton illinoensis,https://inaturalist-open-data.s3.amazonaws.com/photos/711237976/original.jpg,http://creativecommons.org/licenses/by-nc/4.0/,False,alexparry,alexparry,United States of America,New York,43.368349,-73.667633,2026-08-02T17:48,6480060822,,711237976,downloaded,OK,1271274,b1bc3a342fb359053cbed0ff3c78ee5af773f315f996ac4993ed318ae3dc6a58,aquatic_plant_images\Potamogeton_illinoensis\Potamogeton_illinoensis_GBIF_711237976.jpg
GBIF,Potamogeton illinoensis,https://inaturalist-open-data.s3.amazonaws.com/photos/713157323/original.jpg,http://creativecommons.org/licenses/by-nc/4.0/,False,jirihulcr,jirihulcr,United States of America,Florida,29.72765,-82.417542,2026-08-08T10:51:28,6498148370,,713157323,downloaded,OK,3603094,e30350b32c05a080b810f1e97c547cb64bb731d054c96e73a1e72fe081481b19,aquatic_plant_images\Potamogeton_illinoensis\Potamogeton_illinoensis_GBIF_713157323.jpg
GBIF,Potamogeton illinoensis,https://inaturalist-open-data.s3.amazonaws.com/photos/717592174/original.jpg,http://creativecommons.org/licenses/by-nc/4.0/,False,Matthew Voelker,Matthew Voelker,United States of America,New York,42.790282,-76.053395,2026-08-15T11:53:54,6498225418,,717592174,downloaded,OK,878181,5c56e39ee44db36e18408bfaba75a77b43cfe4a583f8ed3b7b5299d35f7fa760,aquatic_plant_images\Potamogeton_illinoensis\Potamogeton_illinoensis_GBIF_717592174.jpg
GBIF,Potamogeton illinoensis,https://inaturalist-open-data.s3.amazonaws.com/photos/693868581/original.jpg,http://creativecommons.org/licenses/by-nc/4.0/,False,albaker39,albaker39,United States of America,Michigan,44.066136,-84.751962,2026-07-05T10:29:15,6441257093,,693868581,skipped_duplicate,Duplicate URL/photo ID,,,
GBIF,Potamogeton illinoensis,https://inaturalist-open-data.s3.amazonaws.com/photos/693868567/original.jpg,http://creativecommons.org/licenses/by-nc/4.0/,False,albaker39,albaker39,United States of America,Michigan,44.066136,-84.751962,2026-07-05T10:29:15,6441257093,,693868567,skipped_duplicate,Duplicate URL/photo ID,,,
GBIF,Potamogeton illinoensis,https://inaturalist-open-data.s3.amazonaws.com/photos/693868594/original.jpg,http://creativecommons.org/licenses/by-nc/4.0/,False,albaker39,albaker39,United States of America,Michigan,44.066136,-84.751962,2026-07-05T10:29:15,6441257093,,693868594,skipped_duplicate,Duplicate URL/photo ID,,,
GBIF,Potamogeton illinoensis,https://inaturalist-open-data.s3.amazonaws.com/photos/693868611/original.jpg,http://creativecommons.org/licenses/by-nc/4.0/,False,albaker39,albaker39,United States of America,Michigan,44.066136,-84.751962,2026-07-05T10:29:15,6441257093,,693868611,skipped_duplicate,Duplicate URL/photo ID,,,
GBIF,Potamogeton illinoensis,https://inaturalist-open-data.s3.amazonaws.com/photos/693868651/original.jpg,http://creativecommons.org/licenses/by-nc/4.0/,False,albaker39,albaker39,United States of America,Michigan,44.066136,-84.751962,2026-07-05T10:29:15,6441257093,,693868651,skipped_duplicate,Duplicate URL/photo ID,,,
GBIF,Potamogeton natans,https://inaturalist-open-data.s3.amazonaws.com/photos/609936238/original.jpg,http://creativecommons.org/licenses/by-nc/4.0/,False,Connor E. J. Graham,Connor E. J. Graham,United States of America,Oregon,45.114608,-122.934714,2026-01-11T12:38,6130211696,,609936238,downloaded,OK,1307481,f1d1e95a9395bc7865a8504ce9bb906676ff5e6a3d993c82a53cc132453ed636,aquatic_plant_images\Potamogeton_natans\Potamogeton_natans_GBIF_609936238.jpg
GBIF,Potamogeton natans,https://observation.org/photos/143616741.jpg,http://creativecommons.org/licenses/by-nc-nd/4.0/,False,Alex Zuijdervliet,Alex Zuijdervliet,Netherlands,Zuid-Holland,52.25,4.45,2026-01-30,6152325815,,,downloaded,OK,127860,62e3f2ff3c9b3698775be0981e4c0b33f2bacd2c81519d5102758a1293e028ab,aquatic_plant_images\Potamogeton_natans\Potamogeton_natans_GBIF_89fdafa0f81e.jpg
GBIF,Potamogeton natans,https://observation.org/photos/143616742.jpg,http://creativecommons.org/licenses/by-nc-nd/4.0/,False,Alex Zuijdervliet,Alex Zuijdervliet,Netherlands,Zuid-Holland,52.25,4.45,2026-01-30,6152325815,,,downloaded,OK,84914,905645411fb0b622e2e5a84d9b944c52a901aa9d89ab82fe0ee7046ea3862632,aquatic_plant_images\Potamogeton_natans\Potamogeton_natans_GBIF_f11864abd339.jpg
GBIF,Potamogeton natans,https://inaturalist-open-data.s3.amazonaws.com/photos/622553859/original.jpg,http://creativecommons.org/licenses/by-nc/4.0/,False,Attila Steiner,Attila Steiner,Hungary,Borsod-Abaúj-Zemplén,48.483091,20.545153,2026-03-07T13:17,6178293562,,622553859,downloaded,OK,871110,b3d0e4df1f4184f3c73f768c18a2e62d8300a179eb973a5f8532bf369bfed6bf,aquatic_plant_images\Potamogeton_natans\Potamogeton_natans_GBIF_622553859.jpg
GBIF,Potamogeton natans,https://inaturalist-open-data.s3.amazonaws.com/photos/621702195/original.jpg,http://creativecommons.org/licenses/by-nc/4.0/,False,Sergio López Castelo,Sergio López Castelo,Spain,Principado de Asturias,43.521092,-5.616952,2026-03-04T16:35,6178390478,,621702195,downloaded,OK,1092073,d77e8ede929b81ae1671bd1cb9f5c3f7304585aa93410d5e2042b2f937385113,aquatic_plant_images\Potamogeton_natans\Potamogeton_natans_GBIF_621702195.jpg
GBIF,Potamogeton natans,https://inaturalist-open-data.s3.amazonaws.com/photos/621702771/original.jpg,http://creativecommons.org/licenses/by-nc/4.0/,False,Sergio López Castelo,Sergio López Castelo,Spain,Principado de Asturias,43.520952,-5.618108,2026-03-04T17:14,6178625949,,621702771,downloaded,OK,711524,806a9ac191f7d43741e99e89ebd4e4e4a29b3f67f48449b283cec9dc3937e70e,aquatic_plant_images\Potamogeton_natans\Potamogeton_natans_GBIF_621702771.jpg
GBIF,Potamogeton natans,https://inaturalist-open-data.s3.amazonaws.com/photos/621424558/original.jpg,http://creativecommons.org/licenses/by-nc/4.0/,False,suncicas,suncicas,Croatia,Primorsko-Goranska,45.088763,14.466689,2026-03-05T13:07:24,6179146802,,621424558,downloaded,OK,1335678,eb001c6c044863a0e29f544764827ca0c27e08c756f60cee5fa459a03d96eb9c,aquatic_plant_images\Potamogeton_natans\Potamogeton_natans_GBIF_621424558.jpg
GBIF,Potamogeton natans,https://inaturalist-open-data.s3.amazonaws.com/photos/629008621/original.jpg,http://creativecommons.org/licenses/by-nc/4.0/,False,Ian Cruickshank,Ian Cruickshank,Canada,British Columbia,49.087575,-125.787419,2026-03-23T09:43,6184788798,,629008621,downloaded,OK,2152050,8ecca9a05ec48424bb3c54854103b24a47f8905d380163e0d86823da8dfce839,aquatic_plant_images\Potamogeton_natans\Potamogeton_natans_GBIF_629008621.jpg
GBIF,Potamogeton natans,https://inaturalist-open-data.s3.amazonaws.com/photos/629575253/original.jpg,http://creativecommons.org/licenses/by-nc/4.0/,False,watkinsa,watkinsa,United Kingdom of Great Britain and Northern Ireland,Scotland,57.279694,-4.317645,2026-03-27T12:13:55Z,6185134354,,629575253,downloaded,OK,1213731,8631f2444feb97f77878c68bb5f9ea3b5a379e794c7adfe331b4c60d5dc63872,aquatic_plant_images\Potamogeton_natans\Potamogeton_natans_GBIF_629575253.jpg
GBIF,Potamogeton natans,https://observation.org/photos/146204718.jpg,http://creativecommons.org/licenses/by-nc-nd/4.0/,False,Eloy Overvelde,Eloy Overvelde,Netherlands,Gelderland,52.1,6.3,2026-03-30,6186708335,,,downloaded,OK,312014,b14ee34561781d925e83d6d2a2af1f93644d67f6c5dfb9aca9862fe6d26c2e51,aquatic_plant_images\Potamogeton_natans\Potamogeton_natans_GBIF_dd722b611c12.jpg
GBIF,Potamogeton natans,https://observation.org/photos/146204994.jpg,http://creativecommons.org/licenses/by-nc-nd/4.0/,False,Tessa van den Bongaardt,Tessa van den Bongaardt,Netherlands,Noord-Holland,52.6,4.6,2026-03-29,6186802158,,,downloaded,OK,548267,bb27d0528133cb737b1882652641345ff9011ca473959ab34a6c3130cbf682b0,aquatic_plant_images\Potamogeton_natans\Potamogeton_natans_GBIF_9ebdeae23fba.jpg
GBIF,Potamogeton natans,https://observation.org/photos/146516721.jpg,http://creativecommons.org/licenses/by-nc-nd/4.0/,False,grace,grace,Netherlands,Limburg,50.8,5.75,2026-04-04,6186692823,,,downloaded,OK,252220,83f9d414833f9cb037993a950f484808b4f1763ce576eb58e13761dded606634,aquatic_plant_images\Potamogeton_natans\Potamogeton_natans_GBIF_7da73ba51d81.jpg
GBIF,Potamogeton natans,https://observation.org/photos/146516722.jpg,http://creativecommons.org/licenses/by-nc-nd/4.0/,False,grace,grace,Netherlands,Limburg,50.8,5.75,2026-04-04,6186692823,,,downloaded,OK,203294,526eefff0aa61f86aa3d76ef6a603f04bbd3b8eb618025ce2b898bc25847a1ca,aquatic_plant_images\Potamogeton_natans\Potamogeton_natans_GBIF_4a1419caa522.jpg
GBIF,Potamogeton natans,https://observation.org/photos/146516723.jpg,http://creativecommons.org/licenses/by-nc-nd/4.0/,False,grace,grace,Netherlands,Limburg,50.8,5.75,2026-04-04,6186692823,,,downloaded,OK,352920,c9526c9347ad84036327521f61b29919e36c0d4014a7373f2050fe4b755aa805,aquatic_plant_images\Potamogeton_natans\Potamogeton_natans_GBIF_f519ba4142c9.jpg
GBIF,Potamogeton natans,https://observation.org/photos/146516724.jpg,http://creativecommons.org/licenses/by-nc-nd/4.0/,False,grace,grace,Netherlands,Limburg,50.8,5.75,2026-04-04,6186692823,,,downloaded,OK,191898,02e4748077f6ef88157ae647913c78d751f712dd1997dea8bbd1fb1b7fda8bea,aquatic_plant_images\Potamogeton_natans\Potamogeton_natans_GBIF_9db5e97515b1.jpg
GBIF,Potamogeton natans,https://observation.org/photos/146556992.jpg,http://creativecommons.org/licenses/by-nc-nd/4.0/,False,L. van Hal,L. van Hal,Netherlands,Noord-Brabant,51.5,5.7,2026-04-04,6186776834,,,downloaded,OK,164007,402a5f746f88d3c26c75bb63f2812bdc090bc31e22b414ed248f8cc13daa2ebc,aquatic_plant_images\Potamogeton_natans\Potamogeton_natans_GBIF_e8d2b1e14b02.jpg
GBIF,Potamogeton natans,https://observation.org/photos/146556993.jpg,http://creativecommons.org/licenses/by-nc-nd/4.0/,False,L. van Hal,L. van Hal,Netherlands,Noord-Brabant,51.5,5.7,2026-04-04,6186776834,,,downloaded,OK,74130,402474d5591f44ab50912b10ee1a751bcc564e11de7cd5fc0002421507f88c0f,aquatic_plant_images\Potamogeton_natans\Potamogeton_natans_GBIF_d938400fbd78.jpg
GBIF,Potamogeton natans,https://observation.org/photos/146556994.jpg,http://creativecommons.org/licenses/by-nc-nd/4.0/,False,L. van Hal,L. van Hal,Netherlands,Noord-Brabant,51.5,5.7,2026-04-04,6186776834,,,downloaded,OK,91289,4d7480a9a71641dfd07b72c7be47adcf3cc00828868ae084731322a470c02747,aquatic_plant_images\Potamogeton_natans\Potamogeton_natans_GBIF_9e703b2b49cf.jpg
GBIF,Potamogeton natans,https://inaturalist-open-data.s3.amazonaws.com/photos/634006567/original.jpg,http://creativecommons.org/licenses/by-nc/4.0/,False,Dev Johnson,Dev Johnson,Canada,British Columbia,49.266783,-124.905939,2026-04-05T13:53:29,6188557954,,634006567,downloaded,OK,2425783,fe2f33ac96a5e851d31ceab8c244b6b557f69e0df526901fc08028989a97c007,aquatic_plant_images\Potamogeton_natans\Potamogeton_natans_GBIF_634006567.jpg
GBIF,Potamogeton natans,https://inaturalist-open-data.s3.amazonaws.com/photos/634006599/original.jpg,http://creativecommons.org/licenses/by-nc/4.0/,False,Dev Johnson,Dev Johnson,Canada,British Columbia,49.266783,-124.905939,2026-04-05T13:53:29,6188557954,,634006599,downloaded,OK,2440145,12818883fa0f212e7887b7ab9bf39c3b149b86379949206387774bef00e683f0,aquatic_plant_images\Potamogeton_natans\Potamogeton_natans_GBIF_634006599.jpg
GBIF,Potamogeton natans,https://observation.org/photos/146752765.jpg,http://creativecommons.org/licenses/by-nc/4.0/,False,J. Dolstra,J. Dolstra,Netherlands,Friesland,53.05,6.1,2026-04-06,6193146821,,,downloaded,OK,92225,9da6da1f9e355433b0d322c3f6eb0b33a08b30f8fe7e14f907d97aaff869f3e6,aquatic_plant_images\Potamogeton_natans\Potamogeton_natans_GBIF_5b53e9eba981.jpg
GBIF,Potamogeton natans,https://observation.org/photos/146752766.jpg,http://creativecommons.org/licenses/by-nc/4.0/,False,J. Dolstra,J. Dolstra,Netherlands,Friesland,53.05,6.1,2026-04-06,6193146821,,,downloaded,OK,140486,57adeb4239b168495714845d253f0da0e62be3fa5b02475be3a6cd4da92acd18,aquatic_plant_images\Potamogeton_natans\Potamogeton_natans_GBIF_9a96fa92d448.jpg
GBIF,Potamogeton natans,https://observation.org/photos/147321995.jpg,http://creativecommons.org/licenses/by-nc-nd/4.0/,False,Quincy Doornik,Quincy Doornik,Netherlands,Noord-Brabant,51.6,4.7,2026-04-11,6193443435,,,downloaded,OK,71874,91055cf934e3ec6b44d4f42834a9555ae0e9432c3abf1e69130dc234e67a512a,aquatic_plant_images\Potamogeton_natans\Potamogeton_natans_GBIF_9e23a1648b9e.jpg
GBIF,Potamogeton natans,https://observation.org/photos/147321996.jpg,http://creativecommons.org/licenses/by-nc-nd/4.0/,False,Quincy Doornik,Quincy Doornik,Netherlands,Noord-Brabant,51.6,4.7,2026-04-11,6193443435,,,downloaded,OK,185195,2f417caad625cdec861864491df66db964f018bb7a721d97d0fd6c44f1e28d65,aquatic_plant_images\Potamogeton_natans\Potamogeton_natans_GBIF_82fadaabd781.jpg
GBIF,Potamogeton natans,https://inaturalist-open-data.s3.amazonaws.com/photos/636600390/original.jpg,http://creativecommons.org/licenses/by-nc/4.0/,False,Stephen Clifford,Stephen Clifford,United States of America,California,40.634183,-121.862938,2026-04-10T09:27:25,6195514219,,636600390,downloaded,OK,696437,79c4a0b1ad93072ec41627fa48b636141d71957d726e0a33086f0364547a1531,aquatic_plant_images\Potamogeton_natans\Potamogeton_natans_GBIF_636600390.jpg
GBIF,Potamogeton natans,https://inaturalist-open-data.s3.amazonaws.com/photos/636600446/original.jpg,http://creativecommons.org/licenses/by-nc/4.0/,False,Stephen Clifford,Stephen Clifford,United States of America,California,40.634183,-121.862938,2026-04-10T09:27:25,6195514219,,636600446,downloaded,OK,764809,c3223320fdfd0d4f8d474301727cc8d7d386445442fdff82f98d6c5e3adea1f4,aquatic_plant_images\Potamogeton_natans\Potamogeton_natans_GBIF_636600446.jpg
GBIF,Potamogeton natans,https://inaturalist-open-data.s3.amazonaws.com/photos/636600498/original.jpg,http://creativecommons.org/licenses/by-nc/4.0/,False,Stephen Clifford,Stephen Clifford,United States of America,California,40.634183,-121.862938,2026-04-10T09:27:25,6195514219,,636600498,downloaded,OK,1251945,cd1f6b76d0e81e8778b05c1522453ebb335560b3255a7a50377f173f0b3fba20,aquatic_plant_images\Potamogeton_natans\Potamogeton_natans_GBIF_636600498.jpg
GBIF,Potamogeton natans,https://inaturalist-open-data.s3.amazonaws.com/photos/635942003/original.jpg,http://creativecommons.org/licenses/by-nc/4.0/,False,Benjamin Schedl,Benjamin Schedl,Austria,Burgenland,47.412812,16.288908,2026-04-09T13:51:59,6195880543,,635942003,downloaded,OK,4091976,1679e689c3f8201f070d04a86be6723499ced3697f9f6421c1b0e3fc588368ff,aquatic_plant_images\Potamogeton_natans\Potamogeton_natans_GBIF_635942003.jpg
GBIF,Potamogeton natans,https://observation.org/photos/147546471.jpg,http://creativecommons.org/licenses/by-nc-sa/4.0/,False,Max Janse,Max Janse,Netherlands,Gelderland,52.0,5.8,2026-04-03,6213175228,,,downloaded,OK,77674,ff651296af2a4c12ba69baafc959140ad320854e23d8788d58a3ecde2cba7261,aquatic_plant_images\Potamogeton_natans\Potamogeton_natans_GBIF_683e6509fc5c.jpg
GBIF,Potamogeton natans,https://observation.org/photos/147957176.jpg,http://creativecommons.org/licenses/by-nc-nd/4.0/,False,Koert Scholten,Koert Scholten,Netherlands,Friesland,52.95,6.35,2026-04-17,6213276692,,,downloaded,OK,186794,b4162d3c1cfd5b6653babb8b8397883e13b5f660eedd687bdfe581f125d32166,aquatic_plant_images\Potamogeton_natans\Potamogeton_natans_GBIF_088946ae903f.jpg
GBIF,Potamogeton natans,https://observation.org/photos/147957177.jpg,http://creativecommons.org/licenses/by-nc-nd/4.0/,False,Koert Scholten,Koert Scholten,Netherlands,Friesland,52.95,6.35,2026-04-17,6213276692,,,downloaded,OK,201107,9dbf026e7cad0a5313f07d3c6030a1a89429e83cdab556f639659b9b3a7ff5c9,aquatic_plant_images\Potamogeton_natans\Potamogeton_natans_GBIF_de54233594bc.jpg
GBIF,Potamogeton natans,https://observation.org/photos/147565250.jpg,http://creativecommons.org/licenses/by-nc-nd/4.0/,False,bernard lucas,bernard lucas,Netherlands,Noord-Holland,52.8,4.65,2026-04-14,6213309810,,,downloaded,OK,175699,ae2c07125a9c55efe5a2cf42b1b56cdf9a60a6c2cae1ab01bd0f867c94398b27,aquatic_plant_images\Potamogeton_natans\Potamogeton_natans_GBIF_dc06aa297f36.jpg
GBIF,Potamogeton natans,https://observation.org/photos/148094011.jpg,http://creativecommons.org/licenses/by-nc-nd/4.0/,False,Jeroen Hoek,Jeroen Hoek,Netherlands,Overijssel,52.65,6.1,2026-04-18,6213519898,,,downloaded,OK,102767,47767a230b501f3265e6990b8b5bf927ccf758d0649f263fd07399c0befc96df,aquatic_plant_images\Potamogeton_natans\Potamogeton_natans_GBIF_2402858baf9f.jpg
GBIF,Potamogeton natans,https://observation.org/photos/147791159.jpg,http://creativecommons.org/licenses/by-nc-nd/4.0/,False,Boogert,Boogert,Netherlands,Gelderland,52.15,5.55,2026-04-16,6213543591,,,downloaded,OK,335901,f4cb2f45833e10ef6acd78df705241f243a94a300783e20dc05d4647fe2e2096,aquatic_plant_images\Potamogeton_natans\Potamogeton_natans_GBIF_8ca9c16c6611.jpg
GBIF,Potamogeton natans,https://observation.org/photos/148803337.jpg,http://creativecommons.org/licenses/by-nc-nd/4.0/,False,Joachim van der Valk,Joachim van der Valk,Netherlands,Drenthe,52.7,6.2,2026-04-24,6227504443,,,downloaded,OK,109824,d736b0854137e1f786e1356ba75bfe7a7b223065c5493b036ae7b434d47fcaba,aquatic_plant_images\Potamogeton_natans\Potamogeton_natans_GBIF_ec12636094dc.jpg
GBIF,Potamogeton natans,https://observation.org/photos/148453073.jpg,http://creativecommons.org/licenses/by-nc-nd/4.0/,False,Rudie Jullens,Rudie Jullens,Netherlands,Groningen,53.05,7.15,2026-04-21,6227518357,,,downloaded,OK,157727,425523c0e0bfe8104608bcaf57aa4775a56c29ebb48b30d99d1c081d636a2d08,aquatic_plant_images\Potamogeton_natans\Potamogeton_natans_GBIF_3bd76554684c.jpg
GBIF,Potamogeton natans,https://observation.org/photos/148291929.jpg,http://creativecommons.org/licenses/by-nc-nd/4.0/,False,Denis Bruins,Denis Bruins,Netherlands,Drenthe,52.7,6.45,2026-04-20,6227732353,,,downloaded,OK,161089,13dc99c44adfd9024e085ed8748605f2f727ed65e42f9c8e620d1dfb0766deab,aquatic_plant_images\Potamogeton_natans\Potamogeton_natans_GBIF_b468780774fa.jpg
GBIF,Potamogeton natans,https://inaturalist-open-data.s3.amazonaws.com/photos/677300503/original.jpg,http://creativecommons.org/licenses/by-nc/4.0/,False,Andrea Kingsley,Andrea Kingsley,Canada,Ontario,44.045072,-77.743606,2026-06-11T12:53,6399324749,,677300503,downloaded,OK,1160436,4164f2e651f337e0e7a5a8e8d77f2d331396a2d90cad90413d97ef02df5e2802,aquatic_plant_images\Potamogeton_natans\Potamogeton_natans_GBIF_677300503.jpg
GBIF,Potamogeton praelongus,https://inaturalist-open-data.s3.amazonaws.com/photos/618159773/original.jpg,http://creativecommons.org/licenses/by-nc/4.0/,False,wes_inc,wes_inc,United States of America,Minnesota,46.256355,-95.661614,2026-02-22T12:58:35,6163057714,,618159773,downloaded,OK,1747223,0aae5d21cf4112f39f3a98280851f8f9fca36ca784e64241046d17814219d192,aquatic_plant_images\Potamogeton_praelongus\Potamogeton_praelongus_GBIF_618159773.jpg
GBIF,Potamogeton praelongus,https://inaturalist-open-data.s3.amazonaws.com/photos/618159796/original.jpg,http://creativecommons.org/licenses/by-nc/4.0/,False,wes_inc,wes_inc,United States of America,Minnesota,46.256355,-95.661614,2026-02-22T12:58:35,6163057714,,618159796,downloaded,OK,2262890,233c111f78c91364bfb107aa97decf60413a700614758a4a4d8b06835e8a2d78,aquatic_plant_images\Potamogeton_praelongus\Potamogeton_praelongus_GBIF_618159796.jpg
GBIF,Potamogeton praelongus,https://inaturalist-open-data.s3.amazonaws.com/photos/618159816/original.jpg,http://creativecommons.org/licenses/by-nc/4.0/,False,wes_inc,wes_inc,United States of America,Minnesota,46.256355,-95.661614,2026-02-22T12:58:35,6163057714,,618159816,downloaded,OK,2089264,c102bb291a849617261375cae7268c4d51c471d80abdc12e09be5cbb25469eae,aquatic_plant_images\Potamogeton_praelongus\Potamogeton_praelongus_GBIF_618159816.jpg
GBIF,Potamogeton praelongus,https://inaturalist-open-data.s3.amazonaws.com/photos/618159843/original.jpg,http://creativecommons.org/licenses/by-nc/4.0/,False,wes_inc,wes_inc,United States of America,Minnesota,46.256355,-95.661614,2026-02-22T12:58:35,6163057714,,618159843,downloaded,OK,1954164,a46cf06f7ed3602161257d06c190e493f384eeb9c4ba9b11c0afa193c5093a03,aquatic_plant_images\Potamogeton_praelongus\Potamogeton_praelongus_GBIF_618159843.jpg
GBIF,Potamogeton praelongus,https://inaturalist-open-data.s3.amazonaws.com/photos/618159873/original.jpg,http://creativecommons.org/licenses/by-nc/4.0/,False,wes_inc,wes_inc,United States of America,Minnesota,46.256355,-95.661614,2026-02-22T12:58:35,6163057714,,618159873,downloaded,OK,1985007,4fe6832301edcd71acdc82b7713d756f3ca60dcefa9be71bc8bed293b8efaf93,aquatic_plant_images\Potamogeton_praelongus\Potamogeton_praelongus_GBIF_618159873.jpg
GBIF,Potamogeton praelongus,https://inaturalist-open-data.s3.amazonaws.com/photos/618170829/original.jpg,http://creativecommons.org/licenses/by-nc/4.0/,False,wes_inc,wes_inc,United States of America,Minnesota,46.256355,-95.661614,2026-02-22T12:58:35,6163057714,,618170829,downloaded,OK,2457161,076b5bde693091405972b96dc162165310ea355f70c0d400a919fc552d3611b9,aquatic_plant_images\Potamogeton_praelongus\Potamogeton_praelongus_GBIF_618170829.jpg
GBIF,Potamogeton praelongus,https://inaturalist-open-data.s3.amazonaws.com/photos/618170849/original.jpg,http://creativecommons.org/licenses/by-nc/4.0/,False,wes_inc,wes_inc,United States of America,Minnesota,46.256355,-95.661614,2026-02-22T12:58:35,6163057714,,618170849,downloaded,OK,1766284,3e6afdc770822738ea03bbb8bc74c888ff9b4407cd4b7c8e97f540afc23d1d54,aquatic_plant_images\Potamogeton_praelongus\Potamogeton_praelongus_GBIF_618170849.jpg
GBIF,Potamogeton praelongus,https://inaturalist-open-data.s3.amazonaws.com/photos/618170883/original.jpg,http://creativecommons.org/licenses/by-nc/4.0/,False,wes_inc,wes_inc,United States of America,Minnesota,46.256355,-95.661614,2026-02-22T12:58:35,6163057714,,618170883,downloaded,OK,2580155,ce7836843e34a5e41d2c493e9d413625ad40556a0e89ab16fe961c0fbc51f5d0,aquatic_plant_images\Potamogeton_praelongus\Potamogeton_praelongus_GBIF_618170883.jpg
GBIF,Potamogeton praelongus,https://inaturalist-open-data.s3.amazonaws.com/photos/618170911/original.jpg,http://creativecommons.org/licenses/by-nc/4.0/,False,wes_inc,wes_inc,United States of America,Minnesota,46.256355,-95.661614,2026-02-22T12:58:35,6163057714,,618170911,downloaded,OK,2051959,bcdd873fe1e2a2697119e4819b5822b278024421ac853dee03475870e8613232,aquatic_plant_images\Potamogeton_praelongus\Potamogeton_praelongus_GBIF_618170911.jpg
GBIF,Potamogeton praelongus,https://inaturalist-open-data.s3.amazonaws.com/photos/628946423/original.jpg,http://creativecommons.org/licenses/by-nc/4.0/,False,George Cook,George Cook,Canada,Ontario,44.237287,-76.617662,2026-03-25T13:35:17,6186158633,,628946423,downloaded,OK,1950590,452e54a8ebc81ef99284763a8c90daea6248042a6d204e739e10f7aceecd491c,aquatic_plant_images\Potamogeton_praelongus\Potamogeton_praelongus_GBIF_628946423.jpg
GBIF,Potamogeton praelongus,https://inaturalist-open-data.s3.amazonaws.com/photos/628946451/original.jpg,http://creativecommons.org/licenses/by-nc/4.0/,False,George Cook,George Cook,Canada,Ontario,44.237287,-76.617662,2026-03-25T13:35:17,6186158633,,628946451,downloaded,OK,1450213,e1afa3115cd94740d790fb12efd912de826c5258fa411765cfdf3c091f23abdd,aquatic_plant_images\Potamogeton_praelongus\Potamogeton_praelongus_GBIF_628946451.jpg
GBIF,Potamogeton praelongus,https://inaturalist-open-data.s3.amazonaws.com/photos/629455450/original.jpg,http://creativecommons.org/licenses/by-nc/4.0/,False,George Cook,George Cook,Canada,Ontario,44.237287,-76.617662,2026-03-25T13:35:17,6186158633,,629455450,downloaded,OK,331292,b3e012832405425ea3cb9aeacdc1c370d26373176567791ff9c81eea38a31022,aquatic_plant_images\Potamogeton_praelongus\Potamogeton_praelongus_GBIF_629455450.jpg
GBIF,Potamogeton praelongus,https://inaturalist-open-data.s3.amazonaws.com/photos/671941550/original.jpg,http://creativecommons.org/licenses/by-nc/4.0/,False,Daniel McRae,Daniel McRae,Canada,Prince Edward Island,46.219043,-62.978176,2026-05-26T13:51,6398660004,,671941550,downloaded,OK,903756,bb2951aad84eb6e20e4754247cae3366bf476f557530d122e5d00a9c89704e87,aquatic_plant_images\Potamogeton_praelongus\Potamogeton_praelongus_GBIF_671941550.jpg
GBIF,Potamogeton praelongus,https://inaturalist-open-data.s3.amazonaws.com/photos/671943043/original.jpg,http://creativecommons.org/licenses/by-nc/4.0/,False,Daniel McRae,Daniel McRae,Canada,Prince Edward Island,46.219043,-62.978176,2026-05-26T13:51,6398660004,,671943043,downloaded,OK,797403,a414dbeb526beacfaf345ad927cea70577b8b2c6bcd46771f7c861446bdf1800,aquatic_plant_images\Potamogeton_praelongus\Potamogeton_praelongus_GBIF_671943043.jpg
GBIF,Potamogeton praelongus,https://inaturalist-open-data.s3.amazonaws.com/photos/674870591/original.jpg,http://creativecommons.org/licenses/by-nc/4.0/,False,Sebastian Puzoń,Sebastian Puzoń,Germany,Bayern,47.551318,11.240374,2026-06-07T13:14:46,6398651766,,674870591,downloaded,OK,2046085,e804c4faebaa850600b61256aa3139687dfaf42586730ed9bd98088ef8cd40ca,aquatic_plant_images\Potamogeton_praelongus\Potamogeton_praelongus_GBIF_674870591.jpg
GBIF,Potamogeton praelongus,https://inaturalist-open-data.s3.amazonaws.com/photos/674870658/original.jpg,http://creativecommons.org/licenses/by-nc/4.0/,False,Sebastian Puzoń,Sebastian Puzoń,Germany,Bayern,47.551318,11.240374,2026-06-07T13:14:46,6398651766,,674870658,downloaded,OK,1878179,cc36cae1ff19a4cd40c50c25f2afe7351b3f534e9534b2814d3b3d333cb58a9b,aquatic_plant_images\Potamogeton_praelongus\Potamogeton_praelongus_GBIF_674870658.jpg
GBIF,Potamogeton praelongus,https://inaturalist-open-data.s3.amazonaws.com/photos/674870730/original.jpg,http://creativecommons.org/licenses/by-nc/4.0/,False,Sebastian Puzoń,Sebastian Puzoń,Germany,Bayern,47.551318,11.240374,2026-06-07T13:14:46,6398651766,,674870730,downloaded,OK,1926778,3eeaeb87e51f613402a440d6496fe2160a66291c2f22de03b4a47b769115ef5e,aquatic_plant_images\Potamogeton_praelongus\Potamogeton_praelongus_GBIF_674870730.jpg
GBIF,Potamogeton praelongus,https://inaturalist-open-data.s3.amazonaws.com/photos/678117195/original.jpg,http://creativecommons.org/licenses/by-nc/4.0/,False,Lukas Petrulaitis,Lukas Petrulaitis,Lithuania,Vilniaus,54.544903,24.490817,2026-06-13T09:22:09,6399189893,,678117195,downloaded,OK,666646,765c058cdce47265544b710a9dca371846b99f30dc750d8eb3c9ca41cda16243,aquatic_plant_images\Potamogeton_praelongus\Potamogeton_praelongus_GBIF_678117195.jpg
GBIF,Potamogeton praelongus,https://inaturalist-open-data.s3.amazonaws.com/photos/678117354/original.jpg,http://creativecommons.org/licenses/by-nc/4.0/,False,Lukas Petrulaitis,Lukas Petrulaitis,Lithuania,Vilniaus,54.544903,24.490817,2026-06-13T09:22:09,6399189893,,678117354,downloaded,OK,533604,3c39c0b4de5c5b98a527030b53eb04ce5534c5dec5ad471cd07f8070d358b2b9,aquatic_plant_images\Potamogeton_praelongus\Potamogeton_praelongus_GBIF_678117354.jpg
GBIF,Potamogeton praelongus,https://inaturalist-open-data.s3.amazonaws.com/photos/678117602/original.jpg,http://creativecommons.org/licenses/by-nc/4.0/,False,Lukas Petrulaitis,Lukas Petrulaitis,Lithuania,Vilniaus,54.544903,24.490817,2026-06-13T09:22:09,6399189893,,678117602,downloaded,OK,513327,40a4830e362cd1d70ba26650704157fd0607992ba36612da80a50b76537a374c,aquatic_plant_images\Potamogeton_praelongus\Potamogeton_praelongus_GBIF_678117602.jpg
GBIF,Potamogeton praelongus,https://inaturalist-open-data.s3.amazonaws.com/photos/672438060/original.jpg,http://creativecommons.org/licenses/by-nc/4.0/,False,Russell Marotzke,Russell Marotzke,United States of America,Minnesota,47.008147,-94.734453,2026-06-03T18:03:18,6400334393,,672438060,downloaded,OK,2764329,ebd5da89fae8679c939720b2bd5e49ae66a83701dbb3cc6d1f60021f7fc264f7,aquatic_plant_images\Potamogeton_praelongus\Potamogeton_praelongus_GBIF_672438060.jpg
GBIF,Potamogeton praelongus,https://inaturalist-open-data.s3.amazonaws.com/photos/672438120/original.jpg,http://creativecommons.org/licenses/by-nc/4.0/,False,Russell Marotzke,Russell Marotzke,United States of America,Minnesota,47.008147,-94.734453,2026-06-03T18:03:18,6400334393,,672438120,downloaded,OK,1738670,edf71210175d706a8eead156ea889fee95efc55b881d99a1667d60873878dd17,aquatic_plant_images\Potamogeton_praelongus\Potamogeton_praelongus_GBIF_672438120.jpg
GBIF,Potamogeton praelongus,https://inaturalist-open-data.s3.amazonaws.com/photos/672438179/original.jpg,http://creativecommons.org/licenses/by-nc/4.0/,False,Russell Marotzke,Russell Marotzke,United States of America,Minnesota,47.008147,-94.734453,2026-06-03T18:03:18,6400334393,,672438179,downloaded,OK,1795867,d9c31a32c03853d1959532f128c8ad0d1f734f3716f08c99ac35b82252d67400,aquatic_plant_images\Potamogeton_praelongus\Potamogeton_praelongus_GBIF_672438179.jpg
GBIF,Potamogeton praelongus,https://inaturalist-open-data.s3.amazonaws.com/photos/673151261/original.jpg,http://creativecommons.org/publicdomain/zero/1.0/,True,Kallum McDonald,Kallum McDonald,Canada,Alberta,53.556433,-116.767862,2026-06-03T18:14:12,6400696662,,673151261,downloaded,OK,3266794,b549bc085bbf23063c9e9e6c4754e407c78a1a77f12da10afb4d57ee5d1b5f33,aquatic_plant_images\Potamogeton_praelongus\Potamogeton_praelongus_GBIF_673151261.jpg
GBIF,Potamogeton praelongus,https://inaturalist-open-data.s3.amazonaws.com/photos/673151260/original.jpg,http://creativecommons.org/publicdomain/zero/1.0/,True,Kallum McDonald,Kallum McDonald,Canada,Alberta,53.556433,-116.767862,2026-06-03T18:14:12,6400696662,,673151260,downloaded,OK,3834447,0cc364141a76798e7de2609b8b380b3c26f6636bfceafaa058caf6ff36849c46,aquatic_plant_images\Potamogeton_praelongus\Potamogeton_praelongus_GBIF_673151260.jpg
GBIF,Potamogeton praelongus,https://inaturalist-open-data.s3.amazonaws.com/photos/673151263/original.jpg,http://creativecommons.org/publicdomain/zero/1.0/,True,Kallum McDonald,Kallum McDonald,Canada,Alberta,53.556433,-116.767862,2026-06-03T18:14:12,6400696662,,673151263,downloaded,OK,3488657,7a46ffcc10cb056f80df68ccded8b5dc81f7eeddc48e04a8c0e2830a517265a5,aquatic_plant_images\Potamogeton_praelongus\Potamogeton_praelongus_GBIF_673151263.jpg
GBIF,Potamogeton praelongus,https://inaturalist-open-data.s3.amazonaws.com/photos/673151262/original.jpg,http://creativecommons.org/publicdomain/zero/1.0/,True,Kallum McDonald,Kallum McDonald,Canada,Alberta,53.556433,-116.767862,2026-06-03T18:14:12,6400696662,,673151262,downloaded,OK,3813151,64080d01b0b31f8904a39eef316a1d3bf1d388058ed3d21280cdd37c29262685,aquatic_plant_images\Potamogeton_praelongus\Potamogeton_praelongus_GBIF_673151262.jpg
GBIF,Potamogeton praelongus,https://inaturalist-open-data.s3.amazonaws.com/photos/673153587/original.jpg,http://creativecommons.org/publicdomain/zero/1.0/,True,Kallum McDonald,Kallum McDonald,Canada,Alberta,53.556495,-116.767953,2026-06-03T18:01:19,6400822901,,673153587,downloaded,OK,2642251,d524e53e29f70c0f1e7aa5a16d3e12492da1f1b0e2c80926dccdb3950ea12820,aquatic_plant_images\Potamogeton_praelongus\Potamogeton_praelongus_GBIF_673153587.jpg
GBIF,Potamogeton praelongus,https://inaturalist-open-data.s3.amazonaws.com/photos/673153586/original.jpg,http://creativecommons.org/publicdomain/zero/1.0/,True,Kallum McDonald,Kallum McDonald,Canada,Alberta,53.556495,-116.767953,2026-06-03T18:01:19,6400822901,,673153586,downloaded,OK,2819356,28c7bcb8986cee9d6c8fb8d7c3b6933cb337bcf5b1da000a7fedcaeb39e3c256,aquatic_plant_images\Potamogeton_praelongus\Potamogeton_praelongus_GBIF_673153586.jpg
GBIF,Potamogeton praelongus,https://inaturalist-open-data.s3.amazonaws.com/photos/674746621/original.jpg,http://creativecommons.org/licenses/by-nc/4.0/,False,Minttu Hummelholm,Minttu Hummelholm,Finland,Western Finland,61.067388,24.865552,2026-06-05T14:21:40,6400873579,,674746621,downloaded,OK,2287128,41ed77b73208037bab3a452692c355a0c0e585a903546335e019d9a318770017,aquatic_plant_images\Potamogeton_praelongus\Potamogeton_praelongus_GBIF_674746621.jpg
GBIF,Potamogeton praelongus,https://inaturalist-open-data.s3.amazonaws.com/photos/674820024/original.jpg,http://creativecommons.org/licenses/by-nc/4.0/,False,Minttu Hummelholm,Minttu Hummelholm,Finland,Western Finland,61.067388,24.865552,2026-06-05T14:21:40,6400873579,,674820024,downloaded,OK,2384844,fab4d8e19656c040d7393d6c8170a9545edb28bf9938ffdf32c57ca767427ba6,aquatic_plant_images\Potamogeton_praelongus\Potamogeton_praelongus_GBIF_674820024.jpg
GBIF,Potamogeton praelongus,https://inaturalist-open-data.s3.amazonaws.com/photos/674820102/original.jpg,http://creativecommons.org/licenses/by-nc/4.0/,False,Minttu Hummelholm,Minttu Hummelholm,Finland,Western Finland,61.067388,24.865552,2026-06-05T14:21:40,6400873579,,674820102,downloaded,OK,2473173,e0d1c44ed46c5343a19ff81e3f23ad6527ab29461fcf0a2a6004274d8a6372ee,aquatic_plant_images\Potamogeton_praelongus\Potamogeton_praelongus_GBIF_674820102.jpg
GBIF,Potamogeton praelongus,https://inaturalist-open-data.s3.amazonaws.com/photos/674820185/original.jpg,http://creativecommons.org/licenses/by-nc/4.0/,False,Minttu Hummelholm,Minttu Hummelholm,Finland,Western Finland,61.067388,24.865552,2026-06-05T14:21:40,6400873579,,674820185,downloaded,OK,2457076,4016da9fefa33a2e41462fa7b62f8a5ca739860a8d2a893aea32359332d0c0d5,aquatic_plant_images\Potamogeton_praelongus\Potamogeton_praelongus_GBIF_674820185.jpg
GBIF,Potamogeton praelongus,https://inaturalist-open-data.s3.amazonaws.com/photos/674820257/original.jpg,http://creativecommons.org/licenses/by-nc/4.0/,False,Minttu Hummelholm,Minttu Hummelholm,Finland,Western Finland,61.067388,24.865552,2026-06-05T14:21:40,6400873579,,674820257,downloaded,OK,2429484,b63db01ece57b5b822a1203ba78a0092a6becd1183c8d92d8219c2a81c1f0a51,aquatic_plant_images\Potamogeton_praelongus\Potamogeton_praelongus_GBIF_674820257.jpg
GBIF,Potamogeton praelongus,https://inaturalist-open-data.s3.amazonaws.com/photos/678279672/original.jpg,http://creativecommons.org/licenses/by-nc/4.0/,False,Olga Biryukova,Olga Biryukova,Russian Federation,Nizhegorod,55.658382,43.592467,2026-06-13T14:32:41,6400918783,,678279672,downloaded,OK,2358820,161f929542ef71df625c24e8d01fefbe6a6d0f783528e1f924aec14e167d537c,aquatic_plant_images\Potamogeton_praelongus\Potamogeton_praelongus_GBIF_678279672.jpg
GBIF,Potamogeton praelongus,https://inaturalist-open-data.s3.amazonaws.com/photos/678279795/original.jpg,http://creativecommons.org/licenses/by-nc/4.0/,False,Olga Biryukova,Olga Biryukova,Russian Federation,Nizhegorod,55.658382,43.592467,2026-06-13T14:32:41,6400918783,,678279795,downloaded,OK,2585594,1b06c844337a8fdb025df74835c91fd6259a626e598880477789437c07cdc8f3,aquatic_plant_images\Potamogeton_praelongus\Potamogeton_praelongus_GBIF_678279795.jpg
GBIF,Potamogeton praelongus,https://inaturalist-open-data.s3.amazonaws.com/photos/678279938/original.jpg,http://creativecommons.org/licenses/by-nc/4.0/,False,Olga Biryukova,Olga Biryukova,Russian Federation,Nizhegorod,55.658382,43.592467,2026-06-13T14:32:41,6400918783,,678279938,downloaded,OK,2503550,73dd86af257b18818961d37a9397522d60b3f9db6710d349cb263914798165f3,aquatic_plant_images\Potamogeton_praelongus\Potamogeton_praelongus_GBIF_678279938.jpg
GBIF,Potamogeton praelongus,https://inaturalist-open-data.s3.amazonaws.com/photos/678280070/original.jpg,http://creativecommons.org/licenses/by-nc/4.0/,False,Olga Biryukova,Olga Biryukova,Russian Federation,Nizhegorod,55.658382,43.592467,2026-06-13T14:32:41,6400918783,,678280070,downloaded,OK,2476149,f5a0f01c9e1ccedb9d4c24f1fe69ffdebb769887e1514f312a774347211d0d93,aquatic_plant_images\Potamogeton_praelongus\Potamogeton_praelongus_GBIF_678280070.jpg
GBIF,Potamogeton praelongus,https://inaturalist-open-data.s3.amazonaws.com/photos/678280211/original.jpg,http://creativecommons.org/licenses/by-nc/4.0/,False,Olga Biryukova,Olga Biryukova,Russian Federation,Nizhegorod,55.658382,43.592467,2026-06-13T14:32:41,6400918783,,678280211,downloaded,OK,2489452,ee3ca0503c264b9d3bce6ac7d0661fe6ba297471d2bfc436e4f04f464e33a6b6,aquatic_plant_images\Potamogeton_praelongus\Potamogeton_praelongus_GBIF_678280211.jpg
GBIF,Potamogeton praelongus,https://inaturalist-open-data.s3.amazonaws.com/photos/678280336/original.jpg,http://creativecommons.org/licenses/by-nc/4.0/,False,Olga Biryukova,Olga Biryukova,Russian Federation,Nizhegorod,55.658382,43.592467,2026-06-13T14:32:41,6400918783,,678280336,downloaded,OK,2454079,46b3be5712961dc8dc4a57f2577accc9086f7e8d398c901d80de3af39676afc1,aquatic_plant_images\Potamogeton_praelongus\Potamogeton_praelongus_GBIF_678280336.jpg
GBIF,Potamogeton praelongus,https://inaturalist-open-data.s3.amazonaws.com/photos/682753028/original.jpg,http://creativecommons.org/publicdomain/zero/1.0/,True,Jane Kirkegaard,Jane Kirkegaard,Denmark,Nordjylland,57.168143,9.715847,2026-06-20T17:11:54,6414004380,,682753028,downloaded,OK,1872560,881204694f49583b83a38fd490b3e9e8eff5ea4c512bffee4fb84b5f0b66d45c,aquatic_plant_images\Potamogeton_praelongus\Potamogeton_praelongus_GBIF_682753028.jpg
GBIF,Potamogeton praelongus,https://inaturalist-open-data.s3.amazonaws.com/photos/684598220/original.jpg,http://creativecommons.org/licenses/by-nc/4.0/,False,Matthew StClair,Matthew StClair,United States of America,Pennsylvania,42.067835,-80.194051,2026-06-15T12:19:21,6422366877,,684598220,downloaded,OK,3083796,84d262eb62dd8b4c5df558c792a8e6b83eaed15b2a463cd937b84d0aa01a29bf,aquatic_plant_images\Potamogeton_praelongus\Potamogeton_praelongus_GBIF_684598220.jpg
GBIF,Potamogeton praelongus,https://inaturalist-open-data.s3.amazonaws.com/photos/684598266/original.jpg,http://creativecommons.org/licenses/by-nc/4.0/,False,Matthew StClair,Matthew StClair,United States of America,Pennsylvania,42.067835,-80.194051,2026-06-15T12:19:21,6422366877,,684598266,downloaded,OK,2901623,90022ffa63ea04e6b513d8cb89d5180914640d198cc05e11ef5fe53b47a08448,aquatic_plant_images\Potamogeton_praelongus\Potamogeton_praelongus_GBIF_684598266.jpg
GBIF,Potamogeton praelongus,https://inaturalist-open-data.s3.amazonaws.com/photos/684598291/original.jpg,http://creativecommons.org/licenses/by-nc/4.0/,False,Matthew StClair,Matthew StClair,United States of America,Pennsylvania,42.067835,-80.194051,2026-06-15T12:19:21,6422366877,,684598291,downloaded,OK,2560149,c55b19e7697492f83c9ff791df957f7bad8f38f2d2ec61f0037c73dc85d2789e,aquatic_plant_images\Potamogeton_praelongus\Potamogeton_praelongus_GBIF_684598291.jpg
GBIF,Potamogeton praelongus,https://inaturalist-open-data.s3.amazonaws.com/photos/685455580/original.jpg,http://creativecommons.org/licenses/by-nc/4.0/,False,Nate Martineau,Nate Martineau,United States of America,Wisconsin,46.947752,-90.886581,2026-06-22T16:15:39,6423171531,,685455580,downloaded,OK,1424318,d78ea6733273f5f558c9458003e7d586000ea78f0c41698b19dc88fd088a425c,aquatic_plant_images\Potamogeton_praelongus\Potamogeton_praelongus_GBIF_685455580.jpg
GBIF,Potamogeton praelongus,https://inaturalist-open-data.s3.amazonaws.com/photos/685455620/original.jpg,http://creativecommons.org/licenses/by-nc/4.0/,False,Nate Martineau,Nate Martineau,United States of America,Wisconsin,46.947752,-90.886581,2026-06-22T16:15:39,6423171531,,685455620,downloaded,OK,1453808,336aac707c5962024cf704ed8ac71ed7be534bb384bff291fb376f334d19c824,aquatic_plant_images\Potamogeton_praelongus\Potamogeton_praelongus_GBIF_685455620.jpg
GBIF,Potamogeton praelongus,https://inaturalist-open-data.s3.amazonaws.com/photos/685455649/original.jpg,http://creativecommons.org/licenses/by-nc/4.0/,False,Nate Martineau,Nate Martineau,United States of America,Wisconsin,46.947752,-90.886581,2026-06-22T16:15:39,6423171531,,685455649,downloaded,OK,2246894,62f631b819296ae43a7cba6156e7a02ad60c909278cac0b3b4764cbd065c7d3e,aquatic_plant_images\Potamogeton_praelongus\Potamogeton_praelongus_GBIF_685455649.jpg
GBIF,Potamogeton praelongus,https://inaturalist-open-data.s3.amazonaws.com/photos/685455688/original.jpg,http://creativecommons.org/licenses/by-nc/4.0/,False,Nate Martineau,Nate Martineau,United States of America,Wisconsin,46.947752,-90.886581,2026-06-22T16:15:39,6423171531,,685455688,downloaded,OK,1552280,5c148a93143869c87777c35371733d2cd60bc042422efd03a5d6499eb1f11ce2,aquatic_plant_images\Potamogeton_praelongus\Potamogeton_praelongus_GBIF_685455688.jpg
GBIF,Potamogeton praelongus,https://inaturalist-open-data.s3.amazonaws.com/photos/689076133/original.jpg,http://creativecommons.org/publicdomain/zero/1.0/,True,Paweł Sadkowski,Paweł Sadkowski,Poland,Warmian-Masurian,53.729208,19.559769,2026-06-29T12:24:32,6430992848,,689076133,downloaded,OK,2092036,e11c74859d5ed30b89d63c030c246ef68da63ee86c7365cc4dd4bb53cbe62ecf,aquatic_plant_images\Potamogeton_praelongus\Potamogeton_praelongus_GBIF_689076133.jpg
GBIF,Potamogeton praelongus,https://inaturalist-open-data.s3.amazonaws.com/photos/689076263/original.jpg,http://creativecommons.org/publicdomain/zero/1.0/,True,Paweł Sadkowski,Paweł Sadkowski,Poland,Warmian-Masurian,53.729208,19.559769,2026-06-29T12:24:32,6430992848,,689076263,downloaded,OK,2220216,9235fc2875d1dd464039a08fb5df4c991f0c2ebc372934542cfb9be386ce656a,aquatic_plant_images\Potamogeton_praelongus\Potamogeton_praelongus_GBIF_689076263.jpg
GBIF,Potamogeton praelongus,https://inaturalist-open-data.s3.amazonaws.com/photos/690328708/original.jpg,http://creativecommons.org/licenses/by-nc/4.0/,False,Pavel Safonov,Pavel Safonov,Russian Federation,Moscow City,55.792941,37.418317,2026-06-20T12:57,6431044337,,690328708,downloaded,OK,1543158,e54e081f95ce55727d9948ce496e717a236b9bbba8171ce702e83b2f1b402dd9,aquatic_plant_images\Potamogeton_praelongus\Potamogeton_praelongus_GBIF_690328708.jpg
GBIF,Potamogeton praelongus,https://arter.dk/media/a1401813-b238-4cb7-a5a2-27a9fff83e6b.jpg,http://creativecommons.org/licenses/by/4.0/,True,Hans Henrik Bruun,Hans Henrik Bruun,Denmark,,56.124088,9.611444,2026-06-30,6495443602,,,downloaded,OK,4522919,005f86f3ae34f6d6b2def11f3f91e98abe6d825e4027fc79cf23607b51d9432a,aquatic_plant_images\Potamogeton_praelongus\Potamogeton_praelongus_GBIF_b59c6980a9c2.jpg
GBIF,Potamogeton praelongus,https://arter.dk/media/d9acffab-e1e4-42d2-a50b-a25c1b697736.jpg,http://creativecommons.org/licenses/by/4.0/,True,Hans Henrik Bruun,Hans Henrik Bruun,Denmark,,56.124088,9.611444,2026-06-30,6495443602,,,downloaded,OK,3665610,005165b67e75d900d444818fd601cce8122bfa7dec48facf22bcdb918619ffe2,aquatic_plant_images\Potamogeton_praelongus\Potamogeton_praelongus_GBIF_9d76b8b9c066.jpg
GBIF,Potamogeton praelongus,https://inaturalist-open-data.s3.amazonaws.com/photos/692120385/original.jpg,http://creativecommons.org/publicdomain/zero/1.0/,True,Kallum McDonald,Kallum McDonald,Canada,Alberta,56.368325,-111.285112,2026-07-04T12:36:25,6430951493,,692120385,downloaded,OK,3015519,baf1d3830985dfd6126292d79e128b595423d7d02efc13b128230ea2f74a803d,aquatic_plant_images\Potamogeton_praelongus\Potamogeton_praelongus_GBIF_692120385.jpg
GBIF,Potamogeton praelongus,https://inaturalist-open-data.s3.amazonaws.com/photos/692120390/original.jpg,http://creativecommons.org/publicdomain/zero/1.0/,True,Kallum McDonald,Kallum McDonald,Canada,Alberta,56.368325,-111.285112,2026-07-04T12:36:25,6430951493,,692120390,downloaded,OK,2619337,dfcd5a777802d057bc250ba33f3901550ba5fc61eecbe4ebf3cc3a8bd67c1087,aquatic_plant_images\Potamogeton_praelongus\Potamogeton_praelongus_GBIF_692120390.jpg
GBIF,Potamogeton praelongus,https://inaturalist-open-data.s3.amazonaws.com/photos/692120382/original.jpg,http://creativecommons.org/publicdomain/zero/1.0/,True,Kallum McDonald,Kallum McDonald,Canada,Alberta,56.368325,-111.285112,2026-07-04T12:36:25,6430951493,,692120382,downloaded,OK,2777360,5bf6609fa6ba10f9cc7465e49344adb3164144ebe862dc2a1dd446dcb799c2dd,aquatic_plant_images\Potamogeton_praelongus\Potamogeton_praelongus_GBIF_692120382.jpg
GBIF,Potamogeton praelongus,https://inaturalist-open-data.s3.amazonaws.com/photos/692197689/original.jpg,http://creativecommons.org/publicdomain/zero/1.0/,True,Kallum McDonald,Kallum McDonald,Canada,Alberta,54.587672,-114.183655,2026-07-02T12:37:07,6431237454,,692197689,downloaded,OK,3426234,07f902de7464e938cd92ec81e92cef4fb31ce04fb99e1ee865be6cc49b3174cd,aquatic_plant_images\Potamogeton_praelongus\Potamogeton_praelongus_GBIF_692197689.jpg
GBIF,Potamogeton praelongus,https://inaturalist-open-data.s3.amazonaws.com/photos/692197692/original.jpg,http://creativecommons.org/publicdomain/zero/1.0/,True,Kallum McDonald,Kallum McDonald,Canada,Alberta,54.587672,-114.183655,2026-07-02T12:37:07,6431237454,,692197692,downloaded,OK,2814237,1ff74f786f2d898e9d75aaf3707081eebd81df166089f34c6e351da69c6d82ba,aquatic_plant_images\Potamogeton_praelongus\Potamogeton_praelongus_GBIF_692197692.jpg
GBIF,Potamogeton praelongus,https://inaturalist-open-data.s3.amazonaws.com/photos/692197798/original.jpg,http://creativecommons.org/publicdomain/zero/1.0/,True,Kallum McDonald,Kallum McDonald,Canada,Alberta,54.587672,-114.183655,2026-07-02T12:37:07,6431237454,,692197798,downloaded,OK,3314217,fb841f6bab3c0a551ca31a937fe32aeffb3195ecabaa128d300ce8cc3292c8d5,aquatic_plant_images\Potamogeton_praelongus\Potamogeton_praelongus_GBIF_692197798.jpg
GBIF,Potamogeton praelongus,https://inaturalist-open-data.s3.amazonaws.com/photos/692197634/original.jpg,http://creativecommons.org/publicdomain/zero/1.0/,True,Kallum McDonald,Kallum McDonald,Canada,Alberta,54.587672,-114.183655,2026-07-02T12:37:07,6431237454,,692197634,downloaded,OK,2811279,81718da3ffa7139f2bfa79ccb68f1bb7886c0477ad91b1610d88e2d1e7bbecfa,aquatic_plant_images\Potamogeton_praelongus\Potamogeton_praelongus_GBIF_692197634.jpg
GBIF,Potamogeton praelongus,https://inaturalist-open-data.s3.amazonaws.com/photos/692197859/original.jpg,http://creativecommons.org/publicdomain/zero/1.0/,True,Kallum McDonald,Kallum McDonald,Canada,Alberta,54.587672,-114.183655,2026-07-02T12:37:07,6431237454,,692197859,downloaded,OK,3350392,1f2b3ea95450cabf14eaa47c72df461de69ed37cc717e760984be8cb56a22a9f,aquatic_plant_images\Potamogeton_praelongus\Potamogeton_praelongus_GBIF_692197859.jpg
GBIF,Potamogeton praelongus,https://inaturalist-open-data.s3.amazonaws.com/photos/692146655/original.jpg,http://creativecommons.org/publicdomain/zero/1.0/,True,Kallum McDonald,Kallum McDonald,Canada,Alberta,54.827342,-113.533805,2026-07-03T11:31:04,6431758935,,692146655,downloaded,OK,2610806,763c46e1b5c74b98c5edd9dd7c481bdead76b19cf4b7236b7b91660814dad365,aquatic_plant_images\Potamogeton_praelongus\Potamogeton_praelongus_GBIF_692146655.jpg
GBIF,Potamogeton praelongus,https://inaturalist-open-data.s3.amazonaws.com/photos/692146653/original.jpg,http://creativecommons.org/publicdomain/zero/1.0/,True,Kallum McDonald,Kallum McDonald,Canada,Alberta,54.827342,-113.533805,2026-07-03T11:31:04,6431758935,,692146653,downloaded,OK,2553695,68104458e9b2257a79171e08de037c5aeca45bdca43fa5c56026bfc57425c632,aquatic_plant_images\Potamogeton_praelongus\Potamogeton_praelongus_GBIF_692146653.jpg
GBIF,Potamogeton praelongus,https://inaturalist-open-data.s3.amazonaws.com/photos/692146651/original.jpg,http://creativecommons.org/publicdomain/zero/1.0/,True,Kallum McDonald,Kallum McDonald,Canada,Alberta,54.827342,-113.533805,2026-07-03T11:31:04,6431758935,,692146651,downloaded,OK,2581044,72e87a6143dc6ecd0b9c86a0547b9b90aaadac8f0b837578e5627caf87381b16,aquatic_plant_images\Potamogeton_praelongus\Potamogeton_praelongus_GBIF_692146651.jpg
GBIF,Potamogeton praelongus,https://inaturalist-open-data.s3.amazonaws.com/photos/692146652/original.jpg,http://creativecommons.org/publicdomain/zero/1.0/,True,Kallum McDonald,Kallum McDonald,Canada,Alberta,54.827342,-113.533805,2026-07-03T11:31:04,6431758935,,692146652,downloaded,OK,2302061,0486913e2f170d466cc998c05b8c1901cc55229b591a3398998dc1f261162547,aquatic_plant_images\Potamogeton_praelongus\Potamogeton_praelongus_GBIF_692146652.jpg
GBIF,Potamogeton praelongus,https://inaturalist-open-data.s3.amazonaws.com/photos/697235464/original.jpg,http://creativecommons.org/licenses/by-nc/4.0/,False,ellimac444,ellimac444,Canada,Québec,45.732889,-71.417389,2026-07-13T11:12:11,6441020902,,697235464,downloaded,OK,1928807,d27ac993820261ea86bc48824d1d35466e5d6171477a8f2d17c861efee368a28,aquatic_plant_images\Potamogeton_praelongus\Potamogeton_praelongus_GBIF_697235464.jpg
GBIF,Potamogeton praelongus,https://inaturalist-open-data.s3.amazonaws.com/photos/697235538/original.jpg,http://creativecommons.org/licenses/by-nc/4.0/,False,ellimac444,ellimac444,Canada,Québec,45.732889,-71.417389,2026-07-13T11:12:11,6441020902,,697235538,downloaded,OK,1073601,5bc8e60432a820bf1d9749fe12129b986dfae2a1ed77962475753a59dc3ec912,aquatic_plant_images\Potamogeton_praelongus\Potamogeton_praelongus_GBIF_697235538.jpg
GBIF,Potamogeton praelongus,https://inaturalist-open-data.s3.amazonaws.com/photos/695751789/original.jpg,http://creativecommons.org/licenses/by-nc/4.0/,False,Filip Vyskočil,Filip Vyskočil,Germany,Bayern,47.816123,12.840992,2026-07-11T15:08:32,6441024918,,695751789,downloaded,OK,1466743,5cde8a50968009a19eb6ba6e3f86e356c53d81d221b5eb46a8bbf0f307e93d89,aquatic_plant_images\Potamogeton_praelongus\Potamogeton_praelongus_GBIF_695751789.jpg
GBIF,Potamogeton praelongus,https://inaturalist-open-data.s3.amazonaws.com/photos/695751961/original.jpg,http://creativecommons.org/licenses/by-nc/4.0/,False,Filip Vyskočil,Filip Vyskočil,Germany,Bayern,47.816123,12.840992,2026-07-11T15:08:32,6441024918,,695751961,downloaded,OK,1225163,fdd127bf889b119e8bd046cc41213344900c819ab57d4ddcca6eb9c4c1bd1b25,aquatic_plant_images\Potamogeton_praelongus\Potamogeton_praelongus_GBIF_695751961.jpg
GBIF,Potamogeton praelongus,https://inaturalist-open-data.s3.amazonaws.com/photos/695752177/original.jpg,http://creativecommons.org/licenses/by-nc/4.0/,False,Filip Vyskočil,Filip Vyskočil,Germany,Bayern,47.816123,12.840992,2026-07-11T15:08:32,6441024918,,695752177,downloaded,OK,1187123,51a5658232a882f212459d073d6341c6459819dc6d5faa70f384b3bed68c625e,aquatic_plant_images\Potamogeton_praelongus\Potamogeton_praelongus_GBIF_695752177.jpg
GBIF,Potamogeton praelongus,https://inaturalist-open-data.s3.amazonaws.com/photos/693367785/original.jpg,http://creativecommons.org/publicdomain/zero/1.0/,True,vandenbrink,vandenbrink,United States of America,Minnesota,44.871153,-93.696297,2026-07-07T09:15:50,6441173929,,693367785,downloaded,OK,1408948,ee67340738db4cb460d9688f37e46d8cb6c39ac1cc100a545d61f6f6aa77484b,aquatic_plant_images\Potamogeton_praelongus\Potamogeton_praelongus_GBIF_693367785.jpg
GBIF,Potamogeton praelongus,https://inaturalist-open-data.s3.amazonaws.com/photos/693368746/original.jpg,http://creativecommons.org/publicdomain/zero/1.0/,True,vandenbrink,vandenbrink,United States of America,Minnesota,44.871153,-93.696297,2026-07-07T09:15:50,6441173929,,693368746,downloaded,OK,1096035,a4cf8c9e7d0d6624705c7f3ea680664165aa528a927abb981e5ad51f86d9ccab,aquatic_plant_images\Potamogeton_praelongus\Potamogeton_praelongus_GBIF_693368746.jpg
GBIF,Potamogeton praelongus,https://inaturalist-open-data.s3.amazonaws.com/photos/693369309/original.jpg,http://creativecommons.org/publicdomain/zero/1.0/,True,vandenbrink,vandenbrink,United States of America,Minnesota,44.871153,-93.696297,2026-07-07T09:15:50,6441173929,,693369309,downloaded,OK,760845,bbaad4602c1df8e3a09cecf73da45c1177c26fac7ff614d33d84d1395f5d2230,aquatic_plant_images\Potamogeton_praelongus\Potamogeton_praelongus_GBIF_693369309.jpg
GBIF,Potamogeton praelongus,https://inaturalist-open-data.s3.amazonaws.com/photos/693369447/original.jpg,http://creativecommons.org/publicdomain/zero/1.0/,True,vandenbrink,vandenbrink,United States of America,Minnesota,44.871153,-93.696297,2026-07-07T09:15:50,6441173929,,693369447,downloaded,OK,642773,76cc93f5655b47a781ee7aa6c31dfd6055e8a90547dc6e984b3a5853dd9ba3e2,aquatic_plant_images\Potamogeton_praelongus\Potamogeton_praelongus_GBIF_693369447.jpg
GBIF,Potamogeton praelongus,https://inaturalist-open-data.s3.amazonaws.com/photos/693369526/original.jpg,http://creativecommons.org/publicdomain/zero/1.0/,True,vandenbrink,vandenbrink,United States of America,Minnesota,44.871153,-93.696297,2026-07-07T09:15:50,6441173929,,693369526,downloaded,OK,650313,5599d534569641ab1bd23415b6c53fe72570652cc02910ca6baac7705b7ef622,aquatic_plant_images\Potamogeton_praelongus\Potamogeton_praelongus_GBIF_693369526.jpg
GBIF,Potamogeton praelongus,https://inaturalist-open-data.s3.amazonaws.com/photos/696707144/original.jpg,http://creativecommons.org/licenses/by-nc/4.0/,False,Vojtěch Vyskočil,Vojtěch Vyskočil,Germany,Bayern,47.81625,12.840929,2026-07-11T14:37,6441535869,,696707144,downloaded,OK,1113473,7d0c426205de8a0994135b8b349a141951f5d70636c3ddfdfb467202eb33e500,aquatic_plant_images\Potamogeton_praelongus\Potamogeton_praelongus_GBIF_696707144.jpg
GBIF,Potamogeton praelongus,https://inaturalist-open-data.s3.amazonaws.com/photos/696707303/original.jpg,http://creativecommons.org/licenses/by-nc/4.0/,False,Vojtěch Vyskočil,Vojtěch Vyskočil,Germany,Bayern,47.81625,12.840929,2026-07-11T14:37,6441535869,,696707303,downloaded,OK,1892412,69efcc605cf020afd68570776cffb9580455204c775661d087b44dff03945a4e,aquatic_plant_images\Potamogeton_praelongus\Potamogeton_praelongus_GBIF_696707303.jpg
GBIF,Potamogeton praelongus,https://inaturalist-open-data.s3.amazonaws.com/photos/696707288/original.jpg,http://creativecommons.org/licenses/by-nc/4.0/,False,Vojtěch Vyskočil,Vojtěch Vyskočil,Germany,Bayern,47.81625,12.840929,2026-07-11T14:37,6441535869,,696707288,downloaded,OK,1008384,dae055f38e1b846318c7df31954c60f55e4857e985f55dc9eb7c3d279ad7b36a,aquatic_plant_images\Potamogeton_praelongus\Potamogeton_praelongus_GBIF_696707288.jpg
GBIF,Potamogeton praelongus,https://inaturalist-open-data.s3.amazonaws.com/photos/696707400/original.jpg,http://creativecommons.org/licenses/by-nc/4.0/,False,Vojtěch Vyskočil,Vojtěch Vyskočil,Germany,Bayern,47.81625,12.840929,2026-07-11T14:37,6441535869,,696707400,downloaded,OK,1725203,59f6d0920bf9567c428a0aea42fe8c72260968248521301883e8a2a80c9e7303,aquatic_plant_images\Potamogeton_praelongus\Potamogeton_praelongus_GBIF_696707400.jpg
GBIF,Potamogeton praelongus,https://inaturalist-open-data.s3.amazonaws.com/photos/694398226/original.jpg,http://creativecommons.org/licenses/by-nc/4.0/,False,haydenob,haydenob,Canada,British Columbia,51.263233,-116.982069,2026-07-07T18:13:44,6441875629,,694398226,downloaded,OK,2156912,ae816f032ac5c6ff549f29a67db75108076b509886b77a001829c50b1653f825,aquatic_plant_images\Potamogeton_praelongus\Potamogeton_praelongus_GBIF_694398226.jpg
GBIF,Potamogeton praelongus,https://inaturalist-open-data.s3.amazonaws.com/photos/694398243/original.jpg,http://creativecommons.org/licenses/by-nc/4.0/,False,haydenob,haydenob,Canada,British Columbia,51.263233,-116.982069,2026-07-07T18:13:44,6441875629,,694398243,downloaded,OK,2154841,beb521bf77bb79fdb3c140297f3ea19ab0cd8ccb67a4cd8ca500bb23b0c0830f,aquatic_plant_images\Potamogeton_praelongus\Potamogeton_praelongus_GBIF_694398243.jpg
GBIF,Potamogeton praelongus,https://inaturalist-open-data.s3.amazonaws.com/photos/694398263/original.jpg,http://creativecommons.org/licenses/by-nc/4.0/,False,haydenob,haydenob,Canada,British Columbia,51.263233,-116.982069,2026-07-07T18:13:44,6441875629,,694398263,downloaded,OK,2164996,a99480b5c8aa960601ca2e0a1f52fcc121e25714201667d165cc23ef9681f045,aquatic_plant_images\Potamogeton_praelongus\Potamogeton_praelongus_GBIF_694398263.jpg
GBIF,Potamogeton praelongus,https://inaturalist-open-data.s3.amazonaws.com/photos/694398295/original.jpg,http://creativecommons.org/licenses/by-nc/4.0/,False,haydenob,haydenob,Canada,British Columbia,51.263233,-116.982069,2026-07-07T18:13:44,6441875629,,694398295,downloaded,OK,1922325,c6d601fa440b4514c5f54ebcec4badf061a5491b90649eba36524c98c8f664c0,aquatic_plant_images\Potamogeton_praelongus\Potamogeton_praelongus_GBIF_694398295.jpg
GBIF,Potamogeton praelongus,https://inaturalist-open-data.s3.amazonaws.com/photos/694398311/original.jpg,http://creativecommons.org/licenses/by-nc/4.0/,False,haydenob,haydenob,Canada,British Columbia,51.263233,-116.982069,2026-07-07T18:13:44,6441875629,,694398311,downloaded,OK,1898946,1028dcd2bc942bccf8f40fec2e11ab615dc21d2e706ada5bec375157e175e56f,aquatic_plant_images\Potamogeton_praelongus\Potamogeton_praelongus_GBIF_694398311.jpg
GBIF,Potamogeton praelongus,https://inaturalist-open-data.s3.amazonaws.com/photos/694398329/original.jpg,http://creativecommons.org/licenses/by-nc/4.0/,False,haydenob,haydenob,Canada,British Columbia,51.263233,-116.982069,2026-07-07T18:13:44,6441875629,,694398329,downloaded,OK,1691550,6bba31224ad86ab93ae32b2151f53733ccfbf6781d5c315dd275c67094d1ebd8,aquatic_plant_images\Potamogeton_praelongus\Potamogeton_praelongus_GBIF_694398329.jpg
GBIF,Potamogeton praelongus,https://inaturalist-open-data.s3.amazonaws.com/photos/693959250/original.jpg,http://creativecommons.org/licenses/by-nc/4.0/,False,sls42,sls42,United States of America,Minnesota,44.786486,-93.143957,2026-07-04T06:31,6441977427,,693959250,downloaded,OK,861029,f7cf10d7efb7a1baba59fa2ab0b4bf2fe106c9807cb53a95b96d3f477fc8a0ec,aquatic_plant_images\Potamogeton_praelongus\Potamogeton_praelongus_GBIF_693959250.jpg
GBIF,Potamogeton praelongus,https://inaturalist-open-data.s3.amazonaws.com/photos/693959254/original.jpg,http://creativecommons.org/licenses/by-nc/4.0/,False,sls42,sls42,United States of America,Minnesota,44.786486,-93.143957,2026-07-04T06:31,6441977427,,693959254,downloaded,OK,910650,0583aa49ac6acd45b68b4996083444ec85910e100840307df72b0a03282e753f,aquatic_plant_images\Potamogeton_praelongus\Potamogeton_praelongus_GBIF_693959254.jpg
GBIF,Potamogeton praelongus,https://inaturalist-open-data.s3.amazonaws.com/photos/628946423/original.jpg,http://creativecommons.org/licenses/by-nc/4.0/,False,George Cook,George Cook,Canada,Ontario,44.237287,-76.617662,2026-03-25T13:35:17,6186158633,,628946423,skipped_duplicate,Duplicate URL/photo ID,,,
GBIF,Potamogeton praelongus,https://inaturalist-open-data.s3.amazonaws.com/photos/628946451/original.jpg,http://creativecommons.org/licenses/by-nc/4.0/,False,George Cook,George Cook,Canada,Ontario,44.237287,-76.617662,2026-03-25T13:35:17,6186158633,,628946451,skipped_duplicate,Duplicate URL/photo ID,,,
GBIF,Potamogeton praelongus,https://inaturalist-open-data.s3.amazonaws.com/photos/629455450/original.jpg,http://creativecommons.org/licenses/by-nc/4.0/,False,George Cook,George Cook,Canada,Ontario,44.237287,-76.617662,2026-03-25T13:35:17,6186158633,,629455450,skipped_duplicate,Duplicate URL/photo ID,,,
GBIF,Potamogeton richardsonii,https://inaturalist-open-data.s3.amazonaws.com/photos/605140988/original.jpg,http://creativecommons.org/licenses/by-nc/4.0/,False,Jennifer Rycenga,Jennifer Rycenga,United States of America,New York,43.320101,-77.728082,2026-01-03T14:49:58,5938353092,,605140988,downloaded,OK,2432608,ed33c474b2261ee7f6e52cc13641e9f302a11f456b15422a1a27c38a028c4ead,aquatic_plant_images\Potamogeton_richardsonii\Potamogeton_richardsonii_GBIF_605140988.jpg
GBIF,Potamogeton richardsonii,https://inaturalist-open-data.s3.amazonaws.com/photos/605140989/original.jpg,http://creativecommons.org/licenses/by-nc/4.0/,False,Jennifer Rycenga,Jennifer Rycenga,United States of America,New York,43.320101,-77.728082,2026-01-03T14:49:58,5938353092,,605140989,downloaded,OK,2520523,6d96b9f72205010096f6beb01ad607313e3b3795b057a103c4144a05b1d2051f,aquatic_plant_images\Potamogeton_richardsonii\Potamogeton_richardsonii_GBIF_605140989.jpg
GBIF,Potamogeton richardsonii,https://inaturalist-open-data.s3.amazonaws.com/photos/661782777/original.jpg,http://creativecommons.org/licenses/by-nc/4.0/,False,edelweissprice,edelweissprice,Canada,Ontario,48.370838,-88.801797,2026-05-17T19:31:29,6320690909,,661782777,downloaded,OK,4173451,3b6ff4298305b93ed2977e9a7436bb3ea7726dc78dcc07e7d0e6df2ba3549ec5,aquatic_plant_images\Potamogeton_richardsonii\Potamogeton_richardsonii_GBIF_661782777.jpg
GBIF,Potamogeton richardsonii,https://inaturalist-open-data.s3.amazonaws.com/photos/661782770/original.jpg,http://creativecommons.org/licenses/by-nc/4.0/,False,edelweissprice,edelweissprice,Canada,Ontario,48.370838,-88.801797,2026-05-17T19:31:29,6320690909,,661782770,downloaded,OK,3044387,287971f0cfd02a873a58ecee86f702855deebfa9fcabda4983f550d02022bd4e,aquatic_plant_images\Potamogeton_richardsonii\Potamogeton_richardsonii_GBIF_661782770.jpg
GBIF,Potamogeton richardsonii,https://inaturalist-open-data.s3.amazonaws.com/photos/665812092/original.jpg,http://creativecommons.org/licenses/by-nc/4.0/,False,nathanorbrandon,nathanorbrandon,Canada,Ontario,45.025038,-75.678732,2026-05-24T11:14:23,6334057441,,665812092,downloaded,OK,799648,472c599ef7ff7adb26f4bd60a5eee80f7817dde4a4ae9151a220e1003e997be5,aquatic_plant_images\Potamogeton_richardsonii\Potamogeton_richardsonii_GBIF_665812092.jpg
GBIF,Potamogeton richardsonii,https://inaturalist-open-data.s3.amazonaws.com/photos/670714712/original.jpg,http://creativecommons.org/licenses/by-nc/4.0/,False,Stacy Simpkins,Stacy Simpkins,Canada,Saskatchewan,52.161206,-106.58331,2026-05-31T13:37:05,6352421361,,670714712,downloaded,OK,2139583,44a7baf7a244ba2b90eff6643674d1b37ae62e6cbffc33a381f99b4daa905db2,aquatic_plant_images\Potamogeton_richardsonii\Potamogeton_richardsonii_GBIF_670714712.jpg
GBIF,Potamogeton richardsonii,https://inaturalist-open-data.s3.amazonaws.com/photos/670042978/original.jpg,http://creativecommons.org/publicdomain/zero/1.0/,True,Kallum McDonald,Kallum McDonald,Canada,Alberta,53.837783,-113.32743,2026-05-30T12:43:13,6352895485,,670042978,downloaded,OK,2401342,a20ae622f077a07ac5e7fb9e34fb50284714b18d8b326fdf9524d23235ade598,aquatic_plant_images\Potamogeton_richardsonii\Potamogeton_richardsonii_GBIF_670042978.jpg
GBIF,Potamogeton richardsonii,https://inaturalist-open-data.s3.amazonaws.com/photos/673095996/original.jpg,http://creativecommons.org/publicdomain/zero/1.0/,True,Kallum McDonald,Kallum McDonald,Canada,Alberta,53.528013,-114.290237,2026-06-04T16:48:36,6398607030,,673095996,downloaded,OK,2698022,f0739c1ae179fc3b53ce5f2a6aa9f802ba0e778f46f3457f68623b1688fd53f6,aquatic_plant_images\Potamogeton_richardsonii\Potamogeton_richardsonii_GBIF_673095996.jpg
GBIF,Potamogeton richardsonii,https://inaturalist-open-data.s3.amazonaws.com/photos/673096002/original.jpg,http://creativecommons.org/publicdomain/zero/1.0/,True,Kallum McDonald,Kallum McDonald,Canada,Alberta,53.528013,-114.290237,2026-06-04T16:48:36,6398607030,,673096002,downloaded,OK,2654016,a3ace77c04d9779af8dcac83bdb0bc9e6702cb1b5dcef3445308961732b03031,aquatic_plant_images\Potamogeton_richardsonii\Potamogeton_richardsonii_GBIF_673096002.jpg
GBIF,Potamogeton richardsonii,https://inaturalist-open-data.s3.amazonaws.com/photos/673096004/original.jpg,http://creativecommons.org/publicdomain/zero/1.0/,True,Kallum McDonald,Kallum McDonald,Canada,Alberta,53.528013,-114.290237,2026-06-04T16:48:36,6398607030,,673096004,downloaded,OK,2832516,ede3215525f0653444e3ddb3cfeb7d0250a74ea41f952b6bad842a073bf53e70,aquatic_plant_images\Potamogeton_richardsonii\Potamogeton_richardsonii_GBIF_673096004.jpg
GBIF,Potamogeton richardsonii,https://inaturalist-open-data.s3.amazonaws.com/photos/673096003/original.jpg,http://creativecommons.org/publicdomain/zero/1.0/,True,Kallum McDonald,Kallum McDonald,Canada,Alberta,53.528013,-114.290237,2026-06-04T16:48:36,6398607030,,673096003,downloaded,OK,3264652,a7068576cb6cb3c0783d4e7bd1f56f03fecfa42c81f1f73d8d490f91f30e9195,aquatic_plant_images\Potamogeton_richardsonii\Potamogeton_richardsonii_GBIF_673096003.jpg
GBIF,Potamogeton richardsonii,https://inaturalist-open-data.s3.amazonaws.com/photos/676660087/original.jpg,http://creativecommons.org/licenses/by-nc/4.0/,False,Dale Kristensen,Dale Kristensen,Canada,Ontario,44.533106,-76.582957,2026-06-09T13:51:49,6398691655,,676660087,downloaded,OK,3177145,7d387ee03f0a504fa69629725face397bc8c298c7979f20b41908b41b5063e9c,aquatic_plant_images\Potamogeton_richardsonii\Potamogeton_richardsonii_GBIF_676660087.jpg
GBIF,Potamogeton richardsonii,https://inaturalist-open-data.s3.amazonaws.com/photos/676618783/original.jpg,http://creativecommons.org/licenses/by-nc/4.0/,False,sls42,sls42,United States of America,Minnesota,45.984372,-93.278528,2026-06-03T10:44,6398758750,,676618783,downloaded,OK,1190515,9ebe982021a32990015e37db57eb163c20bc885872f02118e8ebbe1cd5ea8903,aquatic_plant_images\Potamogeton_richardsonii\Potamogeton_richardsonii_GBIF_676618783.jpg
GBIF,Potamogeton richardsonii,https://inaturalist-open-data.s3.amazonaws.com/photos/673099876/original.jpg,http://creativecommons.org/publicdomain/zero/1.0/,True,Kallum McDonald,Kallum McDonald,Canada,Alberta,53.557997,-114.73361,2026-06-04T15:19:15,6399191280,,673099876,downloaded,OK,2785138,1437eb0e5a541932dd8904e94bcbbd0fc09c12a504ca862c9aa8994ccca8aceb,aquatic_plant_images\Potamogeton_richardsonii\Potamogeton_richardsonii_GBIF_673099876.jpg
GBIF,Potamogeton richardsonii,https://inaturalist-open-data.s3.amazonaws.com/photos/673099877/original.jpg,http://creativecommons.org/publicdomain/zero/1.0/,True,Kallum McDonald,Kallum McDonald,Canada,Alberta,53.557997,-114.73361,2026-06-04T15:19:15,6399191280,,673099877,downloaded,OK,2738106,9805c92062df7a8eefe3636bafb3d1dcb232b23d8828bffead37fa3ee1a29d9e,aquatic_plant_images\Potamogeton_richardsonii\Potamogeton_richardsonii_GBIF_673099877.jpg
GBIF,Potamogeton richardsonii,https://inaturalist-open-data.s3.amazonaws.com/photos/672984836/original.jpg,http://creativecommons.org/licenses/by-nc/4.0/,False,hollyyoung,hollyyoung,United States of America,Vermont,43.992659,-72.117082,2026-06-03T10:10,6399202819,,672984836,downloaded,OK,537961,a832c916b5a7a67f38f5b2ab18ebe84372a7d0cc06cd5d23ac667852159eabcb,aquatic_plant_images\Potamogeton_richardsonii\Potamogeton_richardsonii_GBIF_672984836.jpg
GBIF,Potamogeton richardsonii,https://inaturalist-open-data.s3.amazonaws.com/photos/673058109/original.jpg,http://creativecommons.org/licenses/by-nc/4.0/,False,hollyyoung,hollyyoung,United States of America,Vermont,43.992659,-72.117082,2026-06-03T10:10,6399202819,,673058109,downloaded,OK,505518,4d1f807aebf0555e7d95fee8543510a5a1376b077ac70518ffba91900b7c263a,aquatic_plant_images\Potamogeton_richardsonii\Potamogeton_richardsonii_GBIF_673058109.jpg
GBIF,Potamogeton richardsonii,https://inaturalist-open-data.s3.amazonaws.com/photos/673058118/original.jpg,http://creativecommons.org/licenses/by-nc/4.0/,False,hollyyoung,hollyyoung,United States of America,Vermont,43.992659,-72.117082,2026-06-03T10:10,6399202819,,673058118,downloaded,OK,689583,ff7fb4f06ab9035fb5680f675543449aee052f23da00d6ecd081fa77cd183f2c,aquatic_plant_images\Potamogeton_richardsonii\Potamogeton_richardsonii_GBIF_673058118.jpg
GBIF,Potamogeton richardsonii,https://inaturalist-open-data.s3.amazonaws.com/photos/673058123/original.jpg,http://creativecommons.org/licenses/by-nc/4.0/,False,hollyyoung,hollyyoung,United States of America,Vermont,43.992659,-72.117082,2026-06-03T10:10,6399202819,,673058123,downloaded,OK,571587,943db55ab790153b83bfa0b5d02f174de3fc797400d2b987f2eda43e150579f6,aquatic_plant_images\Potamogeton_richardsonii\Potamogeton_richardsonii_GBIF_673058123.jpg
GBIF,Potamogeton richardsonii,https://inaturalist-open-data.s3.amazonaws.com/photos/673096544/original.jpg,http://creativecommons.org/publicdomain/zero/1.0/,True,Kallum McDonald,Kallum McDonald,Canada,Alberta,53.528072,-114.29013,2026-06-04T16:42:59,6399211898,,673096544,downloaded,OK,2656283,5818f7cc97509aef835a99cf8c401a64ee4b6a32615497dca45b3e8bb8e892e4,aquatic_plant_images\Potamogeton_richardsonii\Potamogeton_richardsonii_GBIF_673096544.jpg
GBIF,Potamogeton richardsonii,https://inaturalist-open-data.s3.amazonaws.com/photos/673096547/original.jpg,http://creativecommons.org/publicdomain/zero/1.0/,True,Kallum McDonald,Kallum McDonald,Canada,Alberta,53.528072,-114.29013,2026-06-04T16:42:59,6399211898,,673096547,downloaded,OK,2507887,7c7383caa06f713d46f6563b7049840591fb221fc2b369f06de49d030f194b5f,aquatic_plant_images\Potamogeton_richardsonii\Potamogeton_richardsonii_GBIF_673096547.jpg
GBIF,Potamogeton richardsonii,https://inaturalist-open-data.s3.amazonaws.com/photos/673096548/original.jpg,http://creativecommons.org/publicdomain/zero/1.0/,True,Kallum McDonald,Kallum McDonald,Canada,Alberta,53.528072,-114.29013,2026-06-04T16:42:59,6399211898,,673096548,downloaded,OK,2219201,0ae8482a5dba9209c24b6963a4b3d25fb8514d044b2591f4981aa8586f63f8be,aquatic_plant_images\Potamogeton_richardsonii\Potamogeton_richardsonii_GBIF_673096548.jpg
GBIF,Potamogeton richardsonii,https://inaturalist-open-data.s3.amazonaws.com/photos/673096550/original.jpg,http://creativecommons.org/publicdomain/zero/1.0/,True,Kallum McDonald,Kallum McDonald,Canada,Alberta,53.528072,-114.29013,2026-06-04T16:42:59,6399211898,,673096550,downloaded,OK,2908660,dc09fee2bf96b84ec8784a1a9291ca950ba29d808c96f0c0798e68d46e7d180d,aquatic_plant_images\Potamogeton_richardsonii\Potamogeton_richardsonii_GBIF_673096550.jpg
GBIF,Potamogeton richardsonii,https://inaturalist-open-data.s3.amazonaws.com/photos/673096501/original.jpg,http://creativecommons.org/publicdomain/zero/1.0/,True,Kallum McDonald,Kallum McDonald,Canada,Alberta,53.528058,-114.290222,2026-06-04T16:44:51,6399247249,,673096501,downloaded,OK,4089193,50b73fe9d4922f880d37d69233956cfacb0939daeda905c34b4118e1352b7ad8,aquatic_plant_images\Potamogeton_richardsonii\Potamogeton_richardsonii_GBIF_673096501.jpg
GBIF,Potamogeton richardsonii,https://inaturalist-open-data.s3.amazonaws.com/photos/673096505/original.jpg,http://creativecommons.org/publicdomain/zero/1.0/,True,Kallum McDonald,Kallum McDonald,Canada,Alberta,53.528058,-114.290222,2026-06-04T16:44:51,6399247249,,673096505,downloaded,OK,4255786,386ff8fcccf322729c93b9960a3ca40008423580b7a14478548b15eb78349b21,aquatic_plant_images\Potamogeton_richardsonii\Potamogeton_richardsonii_GBIF_673096505.jpg
GBIF,Potamogeton richardsonii,https://inaturalist-open-data.s3.amazonaws.com/photos/673096513/original.jpg,http://creativecommons.org/publicdomain/zero/1.0/,True,Kallum McDonald,Kallum McDonald,Canada,Alberta,53.528058,-114.290222,2026-06-04T16:44:51,6399247249,,673096513,downloaded,OK,3963678,28400d24fb855caed541283f65e951f0de627234afcbac2379d9606ec75a4f13,aquatic_plant_images\Potamogeton_richardsonii\Potamogeton_richardsonii_GBIF_673096513.jpg
GBIF,Potamogeton richardsonii,https://inaturalist-open-data.s3.amazonaws.com/photos/673096504/original.jpg,http://creativecommons.org/publicdomain/zero/1.0/,True,Kallum McDonald,Kallum McDonald,Canada,Alberta,53.528058,-114.290222,2026-06-04T16:44:51,6399247249,,673096504,downloaded,OK,4328023,9763bf6452af1c1829fd954a5d1e14773a41f63e95df7659aa1a217df4647c2e,aquatic_plant_images\Potamogeton_richardsonii\Potamogeton_richardsonii_GBIF_673096504.jpg
GBIF,Potamogeton richardsonii,https://inaturalist-open-data.s3.amazonaws.com/photos/673150074/original.jpg,http://creativecommons.org/publicdomain/zero/1.0/,True,Kallum McDonald,Kallum McDonald,Canada,Alberta,53.556488,-116.766822,2026-06-03T18:26:23,6399279396,,673150074,downloaded,OK,2722124,1a01ac8bae35a7233ece4fa55d7da8b7889513018ea6fadea4e9324fddad14a4,aquatic_plant_images\Potamogeton_richardsonii\Potamogeton_richardsonii_GBIF_673150074.jpg
GBIF,Potamogeton richardsonii,https://inaturalist-open-data.s3.amazonaws.com/photos/673150077/original.jpg,http://creativecommons.org/publicdomain/zero/1.0/,True,Kallum McDonald,Kallum McDonald,Canada,Alberta,53.556488,-116.766822,2026-06-03T18:26:23,6399279396,,673150077,downloaded,OK,2509382,58add453b886c0708601e32da03eb5fc60ab8f25c5d29ee281b52ba89ba49551,aquatic_plant_images\Potamogeton_richardsonii\Potamogeton_richardsonii_GBIF_673150077.jpg
GBIF,Potamogeton richardsonii,https://inaturalist-open-data.s3.amazonaws.com/photos/673150076/original.jpg,http://creativecommons.org/publicdomain/zero/1.0/,True,Kallum McDonald,Kallum McDonald,Canada,Alberta,53.556488,-116.766822,2026-06-03T18:26:23,6399279396,,673150076,downloaded,OK,2592535,353070cf04b801ba3e7c58c2da2c788d03da9c31d1e142915559a14e3f8f8059,aquatic_plant_images\Potamogeton_richardsonii\Potamogeton_richardsonii_GBIF_673150076.jpg
GBIF,Potamogeton richardsonii,https://inaturalist-open-data.s3.amazonaws.com/photos/676366478/original.jpg,http://creativecommons.org/licenses/by-nc/4.0/,False,Rob Routledge,Rob Routledge,Canada,Ontario,44.873153,-79.85693,2026-06-06T17:32:44,6399701249,,676366478,downloaded,OK,1808282,38abc6e7226d91359b78b830ed2e2bb2f96ee439eafbe0381d88ef79b418c5fa,aquatic_plant_images\Potamogeton_richardsonii\Potamogeton_richardsonii_GBIF_676366478.jpg
GBIF,Potamogeton richardsonii,https://inaturalist-open-data.s3.amazonaws.com/photos/676366501/original.jpg,http://creativecommons.org/licenses/by-nc/4.0/,False,Rob Routledge,Rob Routledge,Canada,Ontario,44.873153,-79.85693,2026-06-06T17:32:44,6399701249,,676366501,downloaded,OK,1626491,1259154f529cf8ede713390b268e3b74c58783781d1d23335db4de6e3de977e0,aquatic_plant_images\Potamogeton_richardsonii\Potamogeton_richardsonii_GBIF_676366501.jpg
GBIF,Potamogeton richardsonii,https://inaturalist-open-data.s3.amazonaws.com/photos/676366524/original.jpg,http://creativecommons.org/licenses/by-nc/4.0/,False,Rob Routledge,Rob Routledge,Canada,Ontario,44.873153,-79.85693,2026-06-06T17:32:44,6399701249,,676366524,downloaded,OK,1584147,69e51f4529c65e51409ba4d97d89d21de1d58a2d0987c59b006e92f9e9a39d9b,aquatic_plant_images\Potamogeton_richardsonii\Potamogeton_richardsonii_GBIF_676366524.jpg
GBIF,Potamogeton richardsonii,https://inaturalist-open-data.s3.amazonaws.com/photos/676366539/original.jpg,http://creativecommons.org/licenses/by-nc/4.0/,False,Rob Routledge,Rob Routledge,Canada,Ontario,44.873153,-79.85693,2026-06-06T17:32:44,6399701249,,676366539,downloaded,OK,1599254,6babbd74ad8026c0ab6703fd376bc17c45ad8c0482589f881f57d18aa61d1919,aquatic_plant_images\Potamogeton_richardsonii\Potamogeton_richardsonii_GBIF_676366539.jpg
GBIF,Potamogeton richardsonii,https://inaturalist-open-data.s3.amazonaws.com/photos/676366562/original.jpg,http://creativecommons.org/licenses/by-nc/4.0/,False,Rob Routledge,Rob Routledge,Canada,Ontario,44.873153,-79.85693,2026-06-06T17:32:44,6399701249,,676366562,downloaded,OK,1578103,8c6cd055dcecb9f8ea4e9819f3457f1f0ab9e6ce8969af703368379811099a8e,aquatic_plant_images\Potamogeton_richardsonii\Potamogeton_richardsonii_GBIF_676366562.jpg
GBIF,Potamogeton richardsonii,https://inaturalist-open-data.s3.amazonaws.com/photos/673044017/original.jpg,http://creativecommons.org/licenses/by-nc/4.0/,False,ed,ed,United States of America,Michigan,44.931462,-84.693428,2026-06-04T19:33:17,6399943322,,673044017,downloaded,OK,4807306,545ae4301e124a9840ca227f237a6b1a9ee0e5fded6bb990e60c701e6277652d,aquatic_plant_images\Potamogeton_richardsonii\Potamogeton_richardsonii_GBIF_673044017.jpg
GBIF,Potamogeton richardsonii,https://inaturalist-open-data.s3.amazonaws.com/photos/679821161/original.jpg,http://creativecommons.org/licenses/by-nc/4.0/,False,mcassels,mcassels,United States of America,Michigan,45.572693,-84.74523,2026-06-11T15:03:27,6400115766,,679821161,downloaded,OK,1135898,e1d9c94d7c1423c77f62dad7a6d8520dbb64c4c5f3c9c79d5938cfffaae31c3b,aquatic_plant_images\Potamogeton_richardsonii\Potamogeton_richardsonii_GBIF_679821161.jpg
GBIF,Potamogeton richardsonii,https://inaturalist-open-data.s3.amazonaws.com/photos/679821227/original.jpg,http://creativecommons.org/licenses/by-nc/4.0/,False,mcassels,mcassels,United States of America,Michigan,45.572693,-84.74523,2026-06-11T15:03:27,6400115766,,679821227,downloaded,OK,1090717,777edea2a185affc64fe64f43323729c78409acef234fb21790122056de26dee,aquatic_plant_images\Potamogeton_richardsonii\Potamogeton_richardsonii_GBIF_679821227.jpg
GBIF,Potamogeton richardsonii,https://inaturalist-open-data.s3.amazonaws.com/photos/679821277/original.jpg,http://creativecommons.org/licenses/by-nc/4.0/,False,mcassels,mcassels,United States of America,Michigan,45.572693,-84.74523,2026-06-11T15:03:27,6400115766,,679821277,downloaded,OK,1021642,9b64960cc557a11bfb41e10f82994f570adbd97a7648aa3f47191eedd5452203,aquatic_plant_images\Potamogeton_richardsonii\Potamogeton_richardsonii_GBIF_679821277.jpg
GBIF,Potamogeton richardsonii,https://inaturalist-open-data.s3.amazonaws.com/photos/673094418/original.jpg,http://creativecommons.org/publicdomain/zero/1.0/,True,Kallum McDonald,Kallum McDonald,Canada,Alberta,53.52768,-114.290733,2026-06-04T16:58:43,6400459585,,673094418,downloaded,OK,2837972,73252b06a86e4586fea7ee37f8213bc17c989403ea27f00bb556a81f16572ba9,aquatic_plant_images\Potamogeton_richardsonii\Potamogeton_richardsonii_GBIF_673094418.jpg
GBIF,Potamogeton richardsonii,https://inaturalist-open-data.s3.amazonaws.com/photos/673094417/original.jpg,http://creativecommons.org/publicdomain/zero/1.0/,True,Kallum McDonald,Kallum McDonald,Canada,Alberta,53.52768,-114.290733,2026-06-04T16:58:43,6400459585,,673094417,downloaded,OK,2965494,4b9676a7dac5b8af4837ff6fc5155d8f3a08c0e6ebc8dafe598c88fc402cf625,aquatic_plant_images\Potamogeton_richardsonii\Potamogeton_richardsonii_GBIF_673094417.jpg
GBIF,Potamogeton richardsonii,https://inaturalist-open-data.s3.amazonaws.com/photos/673094419/original.jpg,http://creativecommons.org/publicdomain/zero/1.0/,True,Kallum McDonald,Kallum McDonald,Canada,Alberta,53.52768,-114.290733,2026-06-04T16:58:43,6400459585,,673094419,downloaded,OK,2778337,98b43a2d09c347649b0d98a101cbe7a3024e3b4e5c319011d7f3cc6f82fb3dc5,aquatic_plant_images\Potamogeton_richardsonii\Potamogeton_richardsonii_GBIF_673094419.jpg
GBIF,Potamogeton richardsonii,https://inaturalist-open-data.s3.amazonaws.com/photos/673094422/original.jpg,http://creativecommons.org/publicdomain/zero/1.0/,True,Kallum McDonald,Kallum McDonald,Canada,Alberta,53.52768,-114.290733,2026-06-04T16:58:43,6400459585,,673094422,downloaded,OK,2561610,f231265bd3786e1517b5c0a065f1aae3c7cd5efbf7d29a11516657d131bd0d6d,aquatic_plant_images\Potamogeton_richardsonii\Potamogeton_richardsonii_GBIF_673094422.jpg
GBIF,Potamogeton richardsonii,https://inaturalist-open-data.s3.amazonaws.com/photos/677600165/original.jpg,http://creativecommons.org/licenses/by-nc/4.0/,False,renaudkasey,renaudkasey,Canada,Ontario,46.968012,-84.684022,2026-06-11T21:18:21,6400533475,,677600165,downloaded,OK,4146330,6bb666d6cd7037f06c880b6275d49dc35a19982a78f745ecb5f13f48f2d3d70b,aquatic_plant_images\Potamogeton_richardsonii\Potamogeton_richardsonii_GBIF_677600165.jpg
GBIF,Potamogeton richardsonii,https://inaturalist-open-data.s3.amazonaws.com/photos/673415262/original.jpg,http://creativecommons.org/licenses/by-nc/4.0/,False,Kylie Wirebach,Kylie Wirebach,United States of America,Pennsylvania,41.563962,-75.707742,2026-06-05T11:33:48,6400535837,,673415262,downloaded,OK,2871554,8957ece553be1ffc8d135b31bf123e4c274c1959295d2fd36ccfbd926c9f8977,aquatic_plant_images\Potamogeton_richardsonii\Potamogeton_richardsonii_GBIF_673415262.jpg
GBIF,Potamogeton richardsonii,https://inaturalist-open-data.s3.amazonaws.com/photos/673415250/original.jpg,http://creativecommons.org/licenses/by-nc/4.0/,False,Kylie Wirebach,Kylie Wirebach,United States of America,Pennsylvania,41.563962,-75.707742,2026-06-05T11:33:48,6400535837,,673415250,downloaded,OK,2622833,ac8f8a15ac19a688c042d06677e0edff1c2580ae69c31608e88657516b3c61de,aquatic_plant_images\Potamogeton_richardsonii\Potamogeton_richardsonii_GBIF_673415250.jpg
GBIF,Potamogeton richardsonii,https://inaturalist-open-data.s3.amazonaws.com/photos/673415251/original.jpg,http://creativecommons.org/licenses/by-nc/4.0/,False,Kylie Wirebach,Kylie Wirebach,United States of America,Pennsylvania,41.563962,-75.707742,2026-06-05T11:33:48,6400535837,,673415251,downloaded,OK,2583536,3887436a6521ef9fb560592de03f0e34d64459cad301f27e334aa25a635f56f9,aquatic_plant_images\Potamogeton_richardsonii\Potamogeton_richardsonii_GBIF_673415251.jpg
GBIF,Potamogeton richardsonii,https://inaturalist-open-data.s3.amazonaws.com/photos/673415255/original.jpg,http://creativecommons.org/licenses/by-nc/4.0/,False,Kylie Wirebach,Kylie Wirebach,United States of America,Pennsylvania,41.563962,-75.707742,2026-06-05T11:33:48,6400535837,,673415255,downloaded,OK,2771789,2974caf8a04b9a1cfea9100cb088359d66115db7bffbb3d62c09b70f095094ba,aquatic_plant_images\Potamogeton_richardsonii\Potamogeton_richardsonii_GBIF_673415255.jpg
GBIF,Potamogeton richardsonii,https://inaturalist-open-data.s3.amazonaws.com/photos/673415254/original.jpg,http://creativecommons.org/licenses/by-nc/4.0/,False,Kylie Wirebach,Kylie Wirebach,United States of America,Pennsylvania,41.563962,-75.707742,2026-06-05T11:33:48,6400535837,,673415254,downloaded,OK,2835598,760434b67eaae4883add5a834eb92b0a5e86cc0bab9b30995ec757f46e091f2c,aquatic_plant_images\Potamogeton_richardsonii\Potamogeton_richardsonii_GBIF_673415254.jpg
GBIF,Potamogeton richardsonii,https://inaturalist-open-data.s3.amazonaws.com/photos/673415239/original.jpg,http://creativecommons.org/licenses/by-nc/4.0/,False,Kylie Wirebach,Kylie Wirebach,United States of America,Pennsylvania,41.563962,-75.707742,2026-06-05T11:33:48,6400535837,,673415239,downloaded,OK,2845662,c2df783938ccd86017e0609f8d9d20f001513a6ee57968a571abe01ed8a44cba,aquatic_plant_images\Potamogeton_richardsonii\Potamogeton_richardsonii_GBIF_673415239.jpg
GBIF,Potamogeton richardsonii,https://inaturalist-open-data.s3.amazonaws.com/photos/673415306/original.jpg,http://creativecommons.org/licenses/by-nc/4.0/,False,Kylie Wirebach,Kylie Wirebach,United States of America,Pennsylvania,41.563962,-75.707742,2026-06-05T11:33:48,6400535837,,673415306,downloaded,OK,3063293,af0a7bc9980ef37f48129349c9e0e381ed02345035e7059a60481992bff66a4c,aquatic_plant_images\Potamogeton_richardsonii\Potamogeton_richardsonii_GBIF_673415306.jpg
GBIF,Potamogeton richardsonii,https://inaturalist-open-data.s3.amazonaws.com/photos/673415281/original.jpg,http://creativecommons.org/licenses/by-nc/4.0/,False,Kylie Wirebach,Kylie Wirebach,United States of America,Pennsylvania,41.563962,-75.707742,2026-06-05T11:33:48,6400535837,,673415281,downloaded,OK,3123850,ed859ef8953233d2adaa965093419973cd20db65b3b00bac838a9f6292fbacbf,aquatic_plant_images\Potamogeton_richardsonii\Potamogeton_richardsonii_GBIF_673415281.jpg
GBIF,Potamogeton richardsonii,https://inaturalist-open-data.s3.amazonaws.com/photos/673415301/original.jpg,http://creativecommons.org/licenses/by-nc/4.0/,False,Kylie Wirebach,Kylie Wirebach,United States of America,Pennsylvania,41.563962,-75.707742,2026-06-05T11:33:48,6400535837,,673415301,downloaded,OK,3284032,c62d09f834e86e9f0da19064e7619e711b0955b3a505395e22238017d65e11c0,aquatic_plant_images\Potamogeton_richardsonii\Potamogeton_richardsonii_GBIF_673415301.jpg
GBIF,Potamogeton richardsonii,https://inaturalist-open-data.s3.amazonaws.com/photos/679371472/original.jpg,http://creativecommons.org/licenses/by-nc/4.0/,False,kdeboer19,kdeboer19,United States of America,Minnesota,46.886376,-94.357083,2026-06-14T20:00,6400884551,,679371472,downloaded,OK,2305052,9e0f3884edc9636dceeb1eedce1452f37bd5dad854c5e8e604aaa290dfb03fb7,aquatic_plant_images\Potamogeton_richardsonii\Potamogeton_richardsonii_GBIF_679371472.jpg
GBIF,Potamogeton richardsonii,https://inaturalist-open-data.s3.amazonaws.com/photos/682834775/original.jpg,http://creativecommons.org/licenses/by-nc/4.0/,False,photolith,photolith,United States of America,Pennsylvania,42.167601,-80.074753,2026-06-20T13:17:56,6412931600,,682834775,downloaded,OK,2876042,a51c08d2ebaebee90523731b61138c9894cc2e46580cc6de01c57a5796007d47,aquatic_plant_images\Potamogeton_richardsonii\Potamogeton_richardsonii_GBIF_682834775.jpg
GBIF,Potamogeton richardsonii,https://inaturalist-open-data.s3.amazonaws.com/photos/683499047/original.jpg,http://creativecommons.org/licenses/by-nc/4.0/,False,Bryn Scriver,Bryn Scriver,United States of America,Wisconsin,43.087975,-89.415767,2026-06-10T10:33:09,6412975432,,683499047,downloaded,OK,3072437,31085751a8f3835303a90ebdf854a9fa7c665f47f94c39979d4230f6bde23175,aquatic_plant_images\Potamogeton_richardsonii\Potamogeton_richardsonii_GBIF_683499047.jpg
GBIF,Potamogeton richardsonii,https://inaturalist-open-data.s3.amazonaws.com/photos/684229558/original.jpg,http://creativecommons.org/licenses/by-nc/4.0/,False,photolith,photolith,United States of America,Pennsylvania,42.004253,-79.895325,2026-06-21T19:22:09,6413415403,,684229558,downloaded,OK,3525376,184458d41157af0faeffb50f40d9ab3df5b55d9043997e5177ead4a7c39f531c,aquatic_plant_images\Potamogeton_richardsonii\Potamogeton_richardsonii_GBIF_684229558.jpg
GBIF,Potamogeton richardsonii,https://inaturalist-open-data.s3.amazonaws.com/photos/680096272/original.jpg,http://creativecommons.org/publicdomain/zero/1.0/,True,Kallum McDonald,Kallum McDonald,Canada,Alberta,53.577195,-114.758238,2026-06-15T18:11:48,6413438415,,680096272,downloaded,OK,2547530,4bc5836891f17c8cbfe7dfdd39e19296f50597b365a61679c7dd2f17018590c4,aquatic_plant_images\Potamogeton_richardsonii\Potamogeton_richardsonii_GBIF_680096272.jpg
GBIF,Potamogeton richardsonii,https://inaturalist-open-data.s3.amazonaws.com/photos/680096270/original.jpg,http://creativecommons.org/publicdomain/zero/1.0/,True,Kallum McDonald,Kallum McDonald,Canada,Alberta,53.577195,-114.758238,2026-06-15T18:11:48,6413438415,,680096270,downloaded,OK,2582837,63fdb141ce855a31c288fab8ad984a47963ed30f3d0e9f38b0d4b0af8810ddec,aquatic_plant_images\Potamogeton_richardsonii\Potamogeton_richardsonii_GBIF_680096270.jpg
GBIF,Potamogeton richardsonii,https://inaturalist-open-data.s3.amazonaws.com/photos/680096273/original.jpg,http://creativecommons.org/publicdomain/zero/1.0/,True,Kallum McDonald,Kallum McDonald,Canada,Alberta,53.577195,-114.758238,2026-06-15T18:11:48,6413438415,,680096273,downloaded,OK,2351339,b134956c38343f44aeef1f565859a1167c3a9799a4baa1efedd85f3076a1b787,aquatic_plant_images\Potamogeton_richardsonii\Potamogeton_richardsonii_GBIF_680096273.jpg
GBIF,Potamogeton richardsonii,https://inaturalist-open-data.s3.amazonaws.com/photos/681088054/original.jpg,http://creativecommons.org/licenses/by-nc/4.0/,False,Kylie Wirebach,Kylie Wirebach,United States of America,Pennsylvania,40.661888,-78.555145,2026-06-17T14:32:46,6413439387,,681088054,downloaded,OK,2754584,1c318bb8e155ee5c3a4d0095b823c950547ce66158a5c937259c7d8f6ebbb5f2,aquatic_plant_images\Potamogeton_richardsonii\Potamogeton_richardsonii_GBIF_681088054.jpg
GBIF,Potamogeton richardsonii,https://inaturalist-open-data.s3.amazonaws.com/photos/681088045/original.jpg,http://creativecommons.org/licenses/by-nc/4.0/,False,Kylie Wirebach,Kylie Wirebach,United States of America,Pennsylvania,40.661888,-78.555145,2026-06-17T14:32:46,6413439387,,681088045,downloaded,OK,3148638,9ce2dffcadbee5b95456e6505c582b6cdacbc62559dd794d1a86296e156eaf76,aquatic_plant_images\Potamogeton_richardsonii\Potamogeton_richardsonii_GBIF_681088045.jpg
GBIF,Potamogeton richardsonii,https://inaturalist-open-data.s3.amazonaws.com/photos/681088015/original.jpg,http://creativecommons.org/licenses/by-nc/4.0/,False,Kylie Wirebach,Kylie Wirebach,United States of America,Pennsylvania,40.661888,-78.555145,2026-06-17T14:32:46,6413439387,,681088015,downloaded,OK,2914250,a5a8e0c241a538e9b4ba4a0ec6e3a7c55cd5b793e1b2450573ef0bdba858c236,aquatic_plant_images\Potamogeton_richardsonii\Potamogeton_richardsonii_GBIF_681088015.jpg
GBIF,Potamogeton richardsonii,https://inaturalist-open-data.s3.amazonaws.com/photos/605140988/original.jpg,http://creativecommons.org/licenses/by-nc/4.0/,False,Jennifer Rycenga,Jennifer Rycenga,United States of America,New York,43.320101,-77.728082,2026-01-03T14:49:58,5938353092,,605140988,skipped_duplicate,Duplicate URL/photo ID,,,
GBIF,Potamogeton richardsonii,https://inaturalist-open-data.s3.amazonaws.com/photos/605140989/original.jpg,http://creativecommons.org/licenses/by-nc/4.0/,False,Jennifer Rycenga,Jennifer Rycenga,United States of America,New York,43.320101,-77.728082,2026-01-03T14:49:58,5938353092,,605140989,skipped_duplicate,Duplicate URL/photo ID,,,
GBIF,Potamogeton robbinsii,https://inaturalist-open-data.s3.amazonaws.com/photos/626658633/original.jpg,http://creativecommons.org/licenses/by-nc/4.0/,False,Erik Danielsen,Erik Danielsen,United States of America,Massachusetts,42.423364,-72.212277,2026-03-16T16:17,6185641753,,626658633,downloaded,OK,1184459,d9a8d2681d8d9af38c486ef7783b2e1685127e7d4138ca0afb0c18388927e10e,aquatic_plant_images\Potamogeton_robbinsii\Potamogeton_robbinsii_GBIF_626658633.jpg
GBIF,Potamogeton robbinsii,https://inaturalist-open-data.s3.amazonaws.com/photos/626658631/original.jpg,http://creativecommons.org/licenses/by-nc/4.0/,False,Erik Danielsen,Erik Danielsen,United States of America,Massachusetts,42.423364,-72.212277,2026-03-16T16:17,6185641753,,626658631,downloaded,OK,1117905,25a956f09bb963d3c445224dc06482248d42571c6f8c8a9987f46190a602592e,aquatic_plant_images\Potamogeton_robbinsii\Potamogeton_robbinsii_GBIF_626658631.jpg
GBIF,Potamogeton robbinsii,https://inaturalist-open-data.s3.amazonaws.com/photos/662417326/original.jpg,http://creativecommons.org/licenses/by-nc/4.0/,False,Lily Martin,Lily Martin,Canada,Ontario,45.576432,-78.51649,2026-05-16T20:00:56,6334983580,,662417326,downloaded,OK,3517544,1bb74d436a30ecd4482d296c586c879ddf2ac2dda93fe23adad79951125acf4a,aquatic_plant_images\Potamogeton_robbinsii\Potamogeton_robbinsii_GBIF_662417326.jpg
GBIF,Potamogeton robbinsii,https://inaturalist-open-data.s3.amazonaws.com/photos/668596627/original.jpg,http://creativecommons.org/licenses/by-nc/4.0/,False,hairypuccoon,hairypuccoon,United States of America,Indiana,41.610258,-87.264895,2026-05-27T09:37:03,6352768421,,668596627,downloaded,OK,1614135,cc3ebf3a2277a467f0bd88261f023ec71e0cacea706a9ecf9e586a6e8357a66c,aquatic_plant_images\Potamogeton_robbinsii\Potamogeton_robbinsii_GBIF_668596627.jpg
GBIF,Potamogeton robbinsii,https://inaturalist-open-data.s3.amazonaws.com/photos/668596665/original.jpg,http://creativecommons.org/licenses/by-nc/4.0/,False,hairypuccoon,hairypuccoon,United States of America,Indiana,41.610258,-87.264895,2026-05-27T09:37:03,6352768421,,668596665,downloaded,OK,783214,e376ffbea9338855aa4023d51904fd32cd9538b932f311b7e85439c09f0752c6,aquatic_plant_images\Potamogeton_robbinsii\Potamogeton_robbinsii_GBIF_668596665.jpg
GBIF,Potamogeton robbinsii,https://inaturalist-open-data.s3.amazonaws.com/photos/668562940/original.jpg,http://creativecommons.org/licenses/by-nc/4.0/,False,Gracie,Gracie,United States of America,Wisconsin,45.593088,-89.541062,2026-05-28T11:05:12,6353028815,,668562940,downloaded,OK,4259101,c6f284a2406c154757e1663694ae04d5ea61e8c9d62f244574087853ac92879e,aquatic_plant_images\Potamogeton_robbinsii\Potamogeton_robbinsii_GBIF_668562940.jpg
GBIF,Potamogeton robbinsii,https://inaturalist-open-data.s3.amazonaws.com/photos/671005201/original.jpg,http://creativecommons.org/licenses/by-nc/4.0/,False,Ava Moskaluk,Ava Moskaluk,Canada,Ontario,44.896069,-77.190789,2026-05-26T14:43,6399903313,,671005201,downloaded,OK,728066,18884180567720175e5fad6d051ebeea646b94212ff313079c45959507028418,aquatic_plant_images\Potamogeton_robbinsii\Potamogeton_robbinsii_GBIF_671005201.jpg
GBIF,Potamogeton robbinsii,https://inaturalist-open-data.s3.amazonaws.com/photos/674217756/original.jpg,http://creativecommons.org/publicdomain/zero/1.0/,True,peakaytea,peakaytea,United States of America,New York,42.090812,-73.717417,2026-06-06T15:30:49,6398687207,,674217756,downloaded,OK,2576448,fd933ba7c5bfa0f3c0cf08c3837f6f70a90289723266e4d20a2bad38cc561145,aquatic_plant_images\Potamogeton_robbinsii\Potamogeton_robbinsii_GBIF_674217756.jpg
GBIF,Potamogeton robbinsii,https://inaturalist-open-data.s3.amazonaws.com/photos/671916326/original.jpg,http://creativecommons.org/licenses/by/4.0/,True,Norma Malinowski,Norma Malinowski,United States of America,Minnesota,47.792169,-93.407694,2026-06-02T12:33:53,6399497298,,671916326,downloaded,OK,2503466,391f365095c4f4056920dfbb1ba0c718c0400c10479b801779a0df7ba178e99c,aquatic_plant_images\Potamogeton_robbinsii\Potamogeton_robbinsii_GBIF_671916326.jpg
GBIF,Potamogeton robbinsii,https://inaturalist-open-data.s3.amazonaws.com/photos/677087243/original.jpg,http://creativecommons.org/licenses/by-nc/4.0/,False,Alexander Skevington,Alexander Skevington,Canada,Ontario,45.988788,-77.698792,2026-06-07T13:07:25,6400431932,,677087243,downloaded,OK,3515792,7d223d0bed14b05c7a3cf4c35b1ea7684e641d6a229e6a9ddd8b3f657fe0230d,aquatic_plant_images\Potamogeton_robbinsii\Potamogeton_robbinsii_GBIF_677087243.jpg
GBIF,Potamogeton robbinsii,https://inaturalist-open-data.s3.amazonaws.com/photos/685349403/original.jpg,http://creativecommons.org/licenses/by-nc/4.0/,False,QC Invasive Species,QC Invasive Species,Canada,Ontario,44.672486,-76.95608,2026-06-24T10:22:15,6422146432,,685349403,downloaded,OK,2238738,6d43a75564525c950aad32f334c686dfd9d3cfd547e27a8d525659907024bf36,aquatic_plant_images\Potamogeton_robbinsii\Potamogeton_robbinsii_GBIF_685349403.jpg
GBIF,Potamogeton robbinsii,https://inaturalist-open-data.s3.amazonaws.com/photos/685118241/original.jpg,http://creativecommons.org/licenses/by-nc/4.0/,False,Rob Routledge,Rob Routledge,Canada,Ontario,46.24853,-83.508976,2026-06-22T11:00:12,6422194803,,685118241,downloaded,OK,2419146,7fe4cecc5a855753977e870e095e145beb16433fea6229270b12dac03e2cf2c5,aquatic_plant_images\Potamogeton_robbinsii\Potamogeton_robbinsii_GBIF_685118241.jpg
GBIF,Potamogeton robbinsii,https://inaturalist-open-data.s3.amazonaws.com/photos/685118272/original.jpg,http://creativecommons.org/licenses/by-nc/4.0/,False,Rob Routledge,Rob Routledge,Canada,Ontario,46.24853,-83.508976,2026-06-22T11:00:12,6422194803,,685118272,downloaded,OK,2628351,a0a2883560a6ede62fd2429eaa8810ccdaa50c0c7669fbf15628a3794131c404,aquatic_plant_images\Potamogeton_robbinsii\Potamogeton_robbinsii_GBIF_685118272.jpg
GBIF,Potamogeton robbinsii,https://inaturalist-open-data.s3.amazonaws.com/photos/685118306/original.jpg,http://creativecommons.org/licenses/by-nc/4.0/,False,Rob Routledge,Rob Routledge,Canada,Ontario,46.24853,-83.508976,2026-06-22T11:00:12,6422194803,,685118306,downloaded,OK,2642344,56cb97bd383ff77430667dfc78803c7cb3dd96a793675323d40dc5d80cde715d,aquatic_plant_images\Potamogeton_robbinsii\Potamogeton_robbinsii_GBIF_685118306.jpg
GBIF,Potamogeton robbinsii,https://inaturalist-open-data.s3.amazonaws.com/photos/685118348/original.jpg,http://creativecommons.org/licenses/by-nc/4.0/,False,Rob Routledge,Rob Routledge,Canada,Ontario,46.24853,-83.508976,2026-06-22T11:00:12,6422194803,,685118348,downloaded,OK,3334796,f73a8899c1f6dae0d8723492865976aafb9f44e3026fb708f5c2882b16fec912,aquatic_plant_images\Potamogeton_robbinsii\Potamogeton_robbinsii_GBIF_685118348.jpg
GBIF,Potamogeton robbinsii,https://inaturalist-open-data.s3.amazonaws.com/photos/685118372/original.jpg,http://creativecommons.org/licenses/by-nc/4.0/,False,Rob Routledge,Rob Routledge,Canada,Ontario,46.24853,-83.508976,2026-06-22T11:00:12,6422194803,,685118372,downloaded,OK,1939565,188aabd72f67af7d019a217d4ae28b91d9eaf4644355b52eeae498b9b8c69b4d,aquatic_plant_images\Potamogeton_robbinsii\Potamogeton_robbinsii_GBIF_685118372.jpg
GBIF,Potamogeton robbinsii,https://inaturalist-open-data.s3.amazonaws.com/photos/693149232/original.jpg,http://creativecommons.org/licenses/by-nc/4.0/,False,coomilonimbus,coomilonimbus,United States of America,Wisconsin,45.866109,-89.655352,2026-06-27T17:31,6441666302,,693149232,downloaded,OK,1780107,5abdf2ebaf38df3c0bb8db4910f901df2c8af2794f5ae3aca1b7eeaf31759e0d,aquatic_plant_images\Potamogeton_robbinsii\Potamogeton_robbinsii_GBIF_693149232.jpg
GBIF,Potamogeton robbinsii,https://inaturalist-open-data.s3.amazonaws.com/photos/693149247/original.jpg,http://creativecommons.org/licenses/by-nc/4.0/,False,coomilonimbus,coomilonimbus,United States of America,Wisconsin,45.866109,-89.655352,2026-06-27T17:31,6441666302,,693149247,downloaded,OK,1672971,9e4118aa610239cef81a55b6021114c7710fb47e51981bac0971d754a35cf876,aquatic_plant_images\Potamogeton_robbinsii\Potamogeton_robbinsii_GBIF_693149247.jpg
GBIF,Potamogeton robbinsii,https://inaturalist-open-data.s3.amazonaws.com/photos/693149264/original.jpg,http://creativecommons.org/licenses/by-nc/4.0/,False,coomilonimbus,coomilonimbus,United States of America,Wisconsin,45.866109,-89.655352,2026-06-27T17:31,6441666302,,693149264,downloaded,OK,1339186,44706e485ec1d3d9a11eb8cb5b3c8edc833bf91fb48157a55dda6a23eb9554a4,aquatic_plant_images\Potamogeton_robbinsii\Potamogeton_robbinsii_GBIF_693149264.jpg
GBIF,Potamogeton robbinsii,https://inaturalist-open-data.s3.amazonaws.com/photos/688733547/original.jpg,http://creativecommons.org/licenses/by-nc/4.0/,False,Meredith White,Meredith White,Canada,British Columbia,49.121761,-125.648637,2026-06-28T21:28:36,6500074547,,688733547,downloaded,OK,3257085,dc0935fe95460fd63e456722c38dafc66eec3761c8b5a9cf2d3d4e1edcccb386,aquatic_plant_images\Potamogeton_robbinsii\Potamogeton_robbinsii_GBIF_688733547.jpg
GBIF,Potamogeton robbinsii,https://inaturalist-open-data.s3.amazonaws.com/photos/690742428/original.jpg,http://creativecommons.org/publicdomain/zero/1.0/,True,Allan Harris,Allan Harris,Canada,Ontario,48.775994,-88.695634,2026-07-02T16:07,6431314862,,690742428,downloaded,OK,675781,605ec16ae56d6d5d7e585e012a9ca0d64b6205d34cf6d52c641ad317f661c5e8,aquatic_plant_images\Potamogeton_robbinsii\Potamogeton_robbinsii_GBIF_690742428.jpg
GBIF,Potamogeton robbinsii,https://inaturalist-open-data.s3.amazonaws.com/photos/690882708/original.jpg,http://creativecommons.org/licenses/by-nc/4.0/,False,lynneypaws,lynneypaws,Canada,Ontario,44.65643,-76.603537,2026-07-02T16:53,6431692550,,690882708,downloaded,OK,1084808,e41a1cf8fc7326b3511646bd6b437e1320784c4952872db73db81c7c6c9664ad,aquatic_plant_images\Potamogeton_robbinsii\Potamogeton_robbinsii_GBIF_690882708.jpg
GBIF,Potamogeton robbinsii,https://inaturalist-open-data.s3.amazonaws.com/photos/690877081/original.jpg,http://creativecommons.org/licenses/by-nc/4.0/,False,lynneypaws,lynneypaws,Canada,Ontario,44.656427,-76.603419,2026-07-02T16:20,6431699865,,690877081,downloaded,OK,776306,e8b144a7f56929ec0b887b5d424ef56fdf44aa61ad454141c695fd683662e857,aquatic_plant_images\Potamogeton_robbinsii\Potamogeton_robbinsii_GBIF_690877081.jpg
GBIF,Potamogeton robbinsii,https://inaturalist-open-data.s3.amazonaws.com/photos/694326916/original.jpg,http://creativecommons.org/licenses/by-nc/4.0/,False,Fred Watson,Fred Watson,United States of America,Minnesota,48.044856,-90.362783,2026-07-08T14:41:09,6441036834,,694326916,downloaded,OK,1148541,88f92232a34c558fd649c36f24b67a199e59db8671f96e1ae66fe4cee3f756de,aquatic_plant_images\Potamogeton_robbinsii\Potamogeton_robbinsii_GBIF_694326916.jpg
GBIF,Potamogeton robbinsii,https://inaturalist-open-data.s3.amazonaws.com/photos/695487332/original.jpg,http://creativecommons.org/licenses/by-nc/4.0/,False,halle boldt,halle boldt,United States of America,Wisconsin,46.197872,-89.801147,2026-07-09T09:43:09,6441257024,,695487332,downloaded,OK,3057640,af57ff6155a768c12cbf90b82a9bcad88953926634e9d52edc362da207ea5f4d,aquatic_plant_images\Potamogeton_robbinsii\Potamogeton_robbinsii_GBIF_695487332.jpg
GBIF,Potamogeton robbinsii,https://inaturalist-open-data.s3.amazonaws.com/photos/694564003/original.jpg,http://creativecommons.org/licenses/by-nc/4.0/,False,mza267,mza267,Canada,Québec,45.602754,-76.003377,2026-07-06T19:04:45,6441296159,,694564003,downloaded,OK,4741074,6f1a90069ead7390b18e4cca92d8334ba8ff26aa668ff55a1d5f2acacf1bd3f2,aquatic_plant_images\Potamogeton_robbinsii\Potamogeton_robbinsii_GBIF_694564003.jpg
GBIF,Potamogeton robbinsii,https://inaturalist-open-data.s3.amazonaws.com/photos/694563995/original.jpg,http://creativecommons.org/licenses/by-nc/4.0/,False,mza267,mza267,Canada,Québec,45.602754,-76.003377,2026-07-06T19:04:45,6441296159,,694563995,downloaded,OK,4137625,c022c234fc0c9a83aa59abac2c6bfd76cfad91079245880436deb121916b9eef,aquatic_plant_images\Potamogeton_robbinsii\Potamogeton_robbinsii_GBIF_694563995.jpg
GBIF,Potamogeton robbinsii,https://inaturalist-open-data.s3.amazonaws.com/photos/692398013/original.jpg,http://creativecommons.org/licenses/by-nc/4.0/,False,Mackenzie Soules,Mackenzie Soules,Canada,Québec,45.942881,-74.563062,2026-07-05T18:39:53,6441907924,,692398013,downloaded,OK,2745568,ad311144496f6412291b3db94d8a28c49523112833329aa81fa736c2eaf119f6,aquatic_plant_images\Potamogeton_robbinsii\Potamogeton_robbinsii_GBIF_692398013.jpg
GBIF,Potamogeton robbinsii,https://inaturalist-open-data.s3.amazonaws.com/photos/701528141/original.jpg,http://creativecommons.org/licenses/by-nc/4.0/,False,Baxter Naday,Baxter Naday,Canada,Ontario,44.599455,-76.974208,2026-07-19T11:34:56,6451989072,,701528141,downloaded,OK,1002113,14044b2bb2063c07808b73776be68f93a4f3ed7858be995ce82b079acac02509,aquatic_plant_images\Potamogeton_robbinsii\Potamogeton_robbinsii_GBIF_701528141.jpg
GBIF,Potamogeton robbinsii,https://inaturalist-open-data.s3.amazonaws.com/photos/701528748/original.jpg,http://creativecommons.org/licenses/by-nc/4.0/,False,Baxter Naday,Baxter Naday,Canada,Ontario,44.599455,-76.974208,2026-07-19T11:34:56,6451989072,,701528748,downloaded,OK,1871280,7763c23648671ae7bcc981061e01397cf21a2650b6d717f2a3926757fa5643fd,aquatic_plant_images\Potamogeton_robbinsii\Potamogeton_robbinsii_GBIF_701528748.jpg
GBIF,Potamogeton robbinsii,https://inaturalist-open-data.s3.amazonaws.com/photos/700118654/original.jpg,http://creativecommons.org/licenses/by-nc/4.0/,False,ellimac444,ellimac444,Canada,Québec,45.401383,-72.239408,2026-07-17T15:56:42,6452120328,,700118654,downloaded,OK,2135305,70aad1a3cf911e6848e06d9033cde4d4f6c0ea9edb6f97227307270524b4e002,aquatic_plant_images\Potamogeton_robbinsii\Potamogeton_robbinsii_GBIF_700118654.jpg
GBIF,Potamogeton robbinsii,https://inaturalist-open-data.s3.amazonaws.com/photos/700118694/original.jpg,http://creativecommons.org/licenses/by-nc/4.0/,False,ellimac444,ellimac444,Canada,Québec,45.401383,-72.239408,2026-07-17T15:56:42,6452120328,,700118694,downloaded,OK,1643532,bfb0c96fe3711ba99417ef6a832247e580d50e3f77f98e82de10eff143c16479,aquatic_plant_images\Potamogeton_robbinsii\Potamogeton_robbinsii_GBIF_700118694.jpg
GBIF,Potamogeton robbinsii,https://inaturalist-open-data.s3.amazonaws.com/photos/700118721/original.jpg,http://creativecommons.org/licenses/by-nc/4.0/,False,ellimac444,ellimac444,Canada,Québec,45.401383,-72.239408,2026-07-17T15:56:42,6452120328,,700118721,downloaded,OK,1731001,186a210a5af742423da638f3e9bf7b0d2d5c091396584689000222fa90bd96f2,aquatic_plant_images\Potamogeton_robbinsii\Potamogeton_robbinsii_GBIF_700118721.jpg
GBIF,Potamogeton robbinsii,https://inaturalist-open-data.s3.amazonaws.com/photos/700118767/original.jpg,http://creativecommons.org/licenses/by-nc/4.0/,False,ellimac444,ellimac444,Canada,Québec,45.401383,-72.239408,2026-07-17T15:56:42,6452120328,,700118767,downloaded,OK,2652949,e47d92d1bf07f87be0e3cf866c8d7b6aae3df8dcec88d8094fe174e6651c8c6b,aquatic_plant_images\Potamogeton_robbinsii\Potamogeton_robbinsii_GBIF_700118767.jpg
GBIF,Potamogeton robbinsii,https://inaturalist-open-data.s3.amazonaws.com/photos/699020689/original.jpg,http://creativecommons.org/licenses/by-nc/4.0/,False,Matthew S. Berg,Matthew S. Berg,United States of America,Wisconsin,46.319007,-91.49075,2026-07-16T10:02:46,6452157725,,699020689,downloaded,OK,677138,299ba0561a00752fed229a5f3effdf0e2e8118fc86fa5a73d1972feec54326ea,aquatic_plant_images\Potamogeton_robbinsii\Potamogeton_robbinsii_GBIF_699020689.jpg
GBIF,Potamogeton robbinsii,https://inaturalist-open-data.s3.amazonaws.com/photos/699394529/original.jpg,http://creativecommons.org/licenses/by/4.0/,True,Dustin Snider,Dustin Snider,Canada,Saskatchewan,54.31213,-101.820525,2026-07-13T12:42:11,6452286485,,699394529,downloaded,OK,821426,52b5681138431318f520d2b9af52eaa091d69d72aafef8805a7bb6114866886a,aquatic_plant_images\Potamogeton_robbinsii\Potamogeton_robbinsii_GBIF_699394529.jpg
GBIF,Potamogeton robbinsii,https://inaturalist-open-data.s3.amazonaws.com/photos/699394822/original.jpg,http://creativecommons.org/licenses/by/4.0/,True,Dustin Snider,Dustin Snider,Canada,Saskatchewan,54.31213,-101.820525,2026-07-13T12:42:11,6452286485,,699394822,downloaded,OK,752437,06ffa3d5c9f4057fbdfa40fc142f3a09513a448c49d3632b216cd3ae14fc6f78,aquatic_plant_images\Potamogeton_robbinsii\Potamogeton_robbinsii_GBIF_699394822.jpg
GBIF,Potamogeton robbinsii,https://inaturalist-open-data.s3.amazonaws.com/photos/699394842/original.jpg,http://creativecommons.org/licenses/by/4.0/,True,Dustin Snider,Dustin Snider,Canada,Saskatchewan,54.31213,-101.820525,2026-07-13T12:42:11,6452286485,,699394842,downloaded,OK,672177,b34aeae6caf39b1e041fe7de86a69a0c5fc1355f2546099988e529b9bc4f5354,aquatic_plant_images\Potamogeton_robbinsii\Potamogeton_robbinsii_GBIF_699394842.jpg
GBIF,Potamogeton robbinsii,https://inaturalist-open-data.s3.amazonaws.com/photos/704634963/original.jpg,http://creativecommons.org/licenses/by-nc/4.0/,False,Donovan Drummey,Donovan Drummey,United States of America,Massachusetts,42.301829,-73.070809,2026-07-25T11:29:08,6469906619,,704634963,downloaded,OK,2943401,445a623d3695227bd89459b3d2dc7685496c7c708cde05eeb267a96fc2b69e78,aquatic_plant_images\Potamogeton_robbinsii\Potamogeton_robbinsii_GBIF_704634963.jpg
GBIF,Potamogeton robbinsii,https://inaturalist-open-data.s3.amazonaws.com/photos/704634945/original.jpg,http://creativecommons.org/licenses/by-nc/4.0/,False,Donovan Drummey,Donovan Drummey,United States of America,Massachusetts,42.301829,-73.070809,2026-07-25T11:29:08,6469906619,,704634945,downloaded,OK,2539835,2438210ca4c8a31e2f14571c6927b3e8843906d1ec00c4d518bd65a9d8a7922c,aquatic_plant_images\Potamogeton_robbinsii\Potamogeton_robbinsii_GBIF_704634945.jpg
GBIF,Potamogeton robbinsii,https://inaturalist-open-data.s3.amazonaws.com/photos/704634959/original.jpg,http://creativecommons.org/licenses/by-nc/4.0/,False,Donovan Drummey,Donovan Drummey,United States of America,Massachusetts,42.301829,-73.070809,2026-07-25T11:29:08,6469906619,,704634959,downloaded,OK,2514745,ce2cfc855a967ba75f5c50cd2912d01e5f5b964b1d6c2b4bc24adcbd883afc23,aquatic_plant_images\Potamogeton_robbinsii\Potamogeton_robbinsii_GBIF_704634959.jpg
GBIF,Potamogeton robbinsii,https://inaturalist-open-data.s3.amazonaws.com/photos/701814029/original.jpg,http://creativecommons.org/licenses/by-nc/4.0/,False,Deborah Mosher,Deborah Mosher,Canada,New Brunswick,47.420147,-66.868447,2026-07-20T13:07:35,6469914971,,701814029,downloaded,OK,1536749,7691a5af86c964dc4e1bec3ad0c8bc41760c20ecc0f35363991835c9b24cf96c,aquatic_plant_images\Potamogeton_robbinsii\Potamogeton_robbinsii_GBIF_701814029.jpg
GBIF,Potamogeton robbinsii,https://inaturalist-open-data.s3.amazonaws.com/photos/701814192/original.jpg,http://creativecommons.org/licenses/by-nc/4.0/,False,Deborah Mosher,Deborah Mosher,Canada,New Brunswick,47.420147,-66.868447,2026-07-20T13:07:35,6469914971,,701814192,downloaded,OK,1640146,39025e8eb577136a2f8960ce8c2835553a5e0c578be9746c82a4ca5dbbd77f96,aquatic_plant_images\Potamogeton_robbinsii\Potamogeton_robbinsii_GBIF_701814192.jpg
GBIF,Potamogeton robbinsii,https://inaturalist-open-data.s3.amazonaws.com/photos/662417326/original.jpg,http://creativecommons.org/licenses/by-nc/4.0/,False,Lily Martin,Lily Martin,Canada,Ontario,45.576432,-78.51649,2026-05-16T20:00:56,6334983580,,662417326,skipped_duplicate,Duplicate URL/photo ID,,,
GBIF,Ranunculus aquatilis,https://observation.org/photos/145724254.jpg,http://creativecommons.org/licenses/by-nc-nd/4.0/,False,Rik Bak,Rik Bak,Netherlands,Zeeland,51.35,4.0,2026-03-22,6183792932,,,downloaded,OK,167647,07bc8d974bf03f77b39a24587b96d9ecd698e225f5a070179876a6acee7d15d6,aquatic_plant_images\Ranunculus_aquatilis\Ranunculus_aquatilis_GBIF_059abff3d714.jpg
GBIF,Ranunculus aquatilis,https://observation.org/photos/145724255.jpg,http://creativecommons.org/licenses/by-nc-nd/4.0/,False,Rik Bak,Rik Bak,Netherlands,Zeeland,51.35,4.0,2026-03-22,6183792932,,,downloaded,OK,188218,12c8b3651a648578af7b9cfe03091e1981099f9bead016ac0861d22aaf7b195f,aquatic_plant_images\Ranunculus_aquatilis\Ranunculus_aquatilis_GBIF_8438af1e7dff.jpg
GBIF,Ranunculus aquatilis,https://observation.org/photos/145724256.jpg,http://creativecommons.org/licenses/by-nc-nd/4.0/,False,Rik Bak,Rik Bak,Netherlands,Zeeland,51.35,4.0,2026-03-22,6183792932,,,downloaded,OK,199415,edb35a446057d4b2e0c7b9f3dad6ff5d520b9e278156ac9f742a7cd7e6c03440,aquatic_plant_images\Ranunculus_aquatilis\Ranunculus_aquatilis_GBIF_6265be9128f3.jpg
GBIF,Ranunculus aquatilis,https://observation.org/photos/145724257.jpg,http://creativecommons.org/licenses/by-nc-nd/4.0/,False,Rik Bak,Rik Bak,Netherlands,Zeeland,51.35,4.0,2026-03-22,6183792932,,,downloaded,OK,167731,730bcb930e7c06f32e0733a0986ce2d238160e21c10a8fb9334980981c4c8079,aquatic_plant_images\Ranunculus_aquatilis\Ranunculus_aquatilis_GBIF_80fd5f287e5d.jpg
GBIF,Ranunculus aquatilis,https://observation.org/photos/145724258.jpg,http://creativecommons.org/licenses/by-nc-nd/4.0/,False,Rik Bak,Rik Bak,Netherlands,Zeeland,51.35,4.0,2026-03-22,6183792932,,,downloaded,OK,130973,1876f71f7a9db56fe85de27be302757d02102dc9fc204416b772bca65e606791,aquatic_plant_images\Ranunculus_aquatilis\Ranunculus_aquatilis_GBIF_964a008b7c3d.jpg
GBIF,Ranunculus aquatilis,https://observation.org/photos/146202858.jpg,http://creativecommons.org/licenses/by-nc-nd/4.0/,False,Daniel Kendler,Daniel Kendler,Austria,Salzburg,47.246543,13.199415,2026-03-29,6186810605,,,downloaded,OK,243811,7fa6a49e6a66994803a7de90b148f0714eeb812d3997f19e9b5284dd3e476127,aquatic_plant_images\Ranunculus_aquatilis\Ranunculus_aquatilis_GBIF_2b03cd8b7cda.jpg
GBIF,Ranunculus aquatilis,https://observation.org/photos/146202859.jpg,http://creativecommons.org/licenses/by-nc-nd/4.0/,False,Daniel Kendler,Daniel Kendler,Austria,Salzburg,47.246543,13.199415,2026-03-29,6186810605,,,downloaded,OK,71513,3980d4cfc499821f3064d5df8adbffa85abb9fe8c2b5a090c0d9c932cfb8a68d,aquatic_plant_images\Ranunculus_aquatilis\Ranunculus_aquatilis_GBIF_7428faa1343f.jpg
GBIF,Ranunculus aquatilis,https://inaturalist-open-data.s3.amazonaws.com/photos/634873229/original.jpg,http://creativecommons.org/licenses/by-nc/4.0/,False,andreaszehm,andreaszehm,Germany,Bayern,49.535053,11.446642,2026-03-22T10:58,6195702670,,634873229,downloaded,OK,608174,61c3746d7067611a43917273fd1580781b7959cdf1549d38adcb0597ff24e513,aquatic_plant_images\Ranunculus_aquatilis\Ranunculus_aquatilis_GBIF_634873229.jpg
GBIF,Ranunculus aquatilis,https://inaturalist-open-data.s3.amazonaws.com/photos/634873277/original.jpg,http://creativecommons.org/licenses/by-nc/4.0/,False,andreaszehm,andreaszehm,Germany,Bayern,49.535053,11.446642,2026-03-22T10:58,6195702670,,634873277,downloaded,OK,580139,64b410e97ba0adac1f57fabb21266daf8dc09f61d3941824e3fa8c0d5bb58784,aquatic_plant_images\Ranunculus_aquatilis\Ranunculus_aquatilis_GBIF_634873277.jpg
GBIF,Ranunculus aquatilis,https://inaturalist-open-data.s3.amazonaws.com/photos/625726743/original.jpg,http://creativecommons.org/licenses/by-nc/4.0/,False,Mario Ruiz,Mario Ruiz,Spain,Andalucía,37.519393,-6.221549,2026-03-17T13:56,6274303317,,625726743,downloaded,OK,1316980,cc34b59c198216c42f1c7090f02afd9b95ffde5353758f7049123fc5c92ad138,aquatic_plant_images\Ranunculus_aquatilis\Ranunculus_aquatilis_GBIF_625726743.jpg
GBIF,Ranunculus aquatilis,https://observation.org/photos/147007744.jpg,http://creativecommons.org/licenses/by-nc-nd/4.0/,False,Han Brendeke,Han Brendeke,Netherlands,Overijssel,52.3,6.15,2026-04-08,6193248103,,,downloaded,OK,80087,47593e70ba440862be3c6adb55916c6e429eed23e30c8e6e5f46e6b1d7aa615e,aquatic_plant_images\Ranunculus_aquatilis\Ranunculus_aquatilis_GBIF_d60b87cadf52.jpg
GBIF,Ranunculus aquatilis,https://observation.org/photos/147007745.jpg,http://creativecommons.org/licenses/by-nc-nd/4.0/,False,Han Brendeke,Han Brendeke,Netherlands,Overijssel,52.3,6.15,2026-04-08,6193248103,,,downloaded,OK,162528,64f2a8d8bc9df5d9c9838afab6e1ef8dfefa73069b7852b47126bd3435cb5835,aquatic_plant_images\Ranunculus_aquatilis\Ranunculus_aquatilis_GBIF_7637368e2d73.jpg
GBIF,Ranunculus aquatilis,https://observation.org/photos/147007746.jpg,http://creativecommons.org/licenses/by-nc-nd/4.0/,False,Han Brendeke,Han Brendeke,Netherlands,Overijssel,52.3,6.15,2026-04-08,6193248103,,,downloaded,OK,100920,5f7c79a3d22a5086535453c12f44e01d4c73959b61b21ba9857925c53cbb036d,aquatic_plant_images\Ranunculus_aquatilis\Ranunculus_aquatilis_GBIF_39cda137066d.jpg
GBIF,Ranunculus aquatilis,https://observation.org/photos/147007747.jpg,http://creativecommons.org/licenses/by-nc-nd/4.0/,False,Han Brendeke,Han Brendeke,Netherlands,Overijssel,52.3,6.15,2026-04-08,6193248103,,,downloaded,OK,103019,23a9d1318e3e6aafc9282e33c1eda680d65429e1059c2d7f835bc2a7baf911f6,aquatic_plant_images\Ranunculus_aquatilis\Ranunculus_aquatilis_GBIF_63a475cd767d.jpg
GBIF,Ranunculus aquatilis,https://observation.org/photos/147234332.jpg,http://creativecommons.org/licenses/by-nc-nd/4.0/,False,Koen Bakkers,Koen Bakkers,Netherlands,Gelderland,52.1,6.1,2026-04-10,6193436695,,,downloaded,OK,358578,89e734ec65efe1664cc773ecf69e7c93cae0504386a2480de7a2527fff854d78,aquatic_plant_images\Ranunculus_aquatilis\Ranunculus_aquatilis_GBIF_1a178dded57f.jpg
GBIF,Ranunculus aquatilis,https://observation.org/photos/147234333.jpg,http://creativecommons.org/licenses/by-nc-nd/4.0/,False,Koen Bakkers,Koen Bakkers,Netherlands,Gelderland,52.1,6.1,2026-04-10,6193436695,,,downloaded,OK,266178,0a533da43f1d371d94690b6654ec885ce12703b00814f3787b824b997d9e2a61,aquatic_plant_images\Ranunculus_aquatilis\Ranunculus_aquatilis_GBIF_95a81b548cb8.jpg
GBIF,Ranunculus aquatilis,https://observation.org/photos/147234334.jpg,http://creativecommons.org/licenses/by-nc-nd/4.0/,False,Koen Bakkers,Koen Bakkers,Netherlands,Gelderland,52.1,6.1,2026-04-10,6193436695,,,downloaded,OK,199978,38cae2b34ee3f19c282d28efbd85d26b12d221e39e28cea93c4cf365f63b3cad,aquatic_plant_images\Ranunculus_aquatilis\Ranunculus_aquatilis_GBIF_a3a4cd561ab5.jpg
GBIF,Ranunculus aquatilis,https://observation.org/photos/147234335.jpg,http://creativecommons.org/licenses/by-nc-nd/4.0/,False,Koen Bakkers,Koen Bakkers,Netherlands,Gelderland,52.1,6.1,2026-04-10,6193436695,,,downloaded,OK,211043,a4d86cf84b6919c01a5e907849dd555752d795f50bfcbf8bcdadfec29ca594fd,aquatic_plant_images\Ranunculus_aquatilis\Ranunculus_aquatilis_GBIF_ebc987046c52.jpg
GBIF,Ranunculus aquatilis,https://observation.org/photos/147854348.jpg,http://creativecommons.org/licenses/by-nc-nd/4.0/,False,Richard D,Richard D,Netherlands,Gelderland,51.95,5.95,2026-04-16,6213109489,,,downloaded,OK,65020,7b8a9a80f382e104af0f428a93b616286ce90992b9b891b780f87bc98607cb56,aquatic_plant_images\Ranunculus_aquatilis\Ranunculus_aquatilis_GBIF_ab83ac25c445.jpg
GBIF,Ranunculus aquatilis,https://observation.org/photos/147520849.jpg,http://creativecommons.org/licenses/by-nc-nd/4.0/,False,Hanneke Kanters,Hanneke Kanters,Netherlands,Noord-Brabant,51.5,5.35,2026-04-13,6213119494,,,downloaded,OK,255470,e3d44113c335f6af447a7d155e636b2dbec4ef3b1e3f0fa67a90147203bb2e2b,aquatic_plant_images\Ranunculus_aquatilis\Ranunculus_aquatilis_GBIF_60dddf9cb85d.jpg
GBIF,Ranunculus aquatilis,https://observation.org/photos/147441136.jpg,http://creativecommons.org/licenses/by-nc-nd/4.0/,False,Jeltje Berendsen,Jeltje Berendsen,Netherlands,Gelderland,51.95,6.4,2026-04-12,6213148105,,,downloaded,OK,145093,2cbcb4b4e055a9d5155d155c792704fad0715b3a3bbaf62dbc27a10f345b69f5,aquatic_plant_images\Ranunculus_aquatilis\Ranunculus_aquatilis_GBIF_9ab4d0fe74b4.jpg
GBIF,Ranunculus aquatilis,https://observation.org/photos/147441137.jpg,http://creativecommons.org/licenses/by-nc-nd/4.0/,False,Jeltje Berendsen,Jeltje Berendsen,Netherlands,Gelderland,51.95,6.4,2026-04-12,6213148105,,,downloaded,OK,192423,ab430a760d00e5b996236a826c4eac57b0cd776b0514999ddcff8519969c8817,aquatic_plant_images\Ranunculus_aquatilis\Ranunculus_aquatilis_GBIF_cb818b5082cc.jpg
GBIF,Ranunculus aquatilis,https://observation.org/photos/147441138.jpg,http://creativecommons.org/licenses/by-nc-nd/4.0/,False,Jeltje Berendsen,Jeltje Berendsen,Netherlands,Gelderland,51.95,6.4,2026-04-12,6213148105,,,downloaded,OK,157735,4b57393749f4df773372ef965d21a1b11b1b785e685515b19f146460faeb79ba,aquatic_plant_images\Ranunculus_aquatilis\Ranunculus_aquatilis_GBIF_a0b62a40f302.jpg
GBIF,Ranunculus aquatilis,https://observation.org/photos/147441139.jpg,http://creativecommons.org/licenses/by-nc-nd/4.0/,False,Jeltje Berendsen,Jeltje Berendsen,Netherlands,Gelderland,51.95,6.4,2026-04-12,6213148105,,,downloaded,OK,250836,e32890e471cd8f76ed9d977e88b84608f390b6644ed3b9f068cb685a14a91b4d,aquatic_plant_images\Ranunculus_aquatilis\Ranunculus_aquatilis_GBIF_206172752e16.jpg
GBIF,Ranunculus aquatilis,https://observation.org/photos/147697361.jpg,http://creativecommons.org/licenses/by-nc-nd/4.0/,False,Nathalie De Somer,Nathalie De Somer,Netherlands,Zeeland,51.3,3.85,2026-04-11,6213177923,,,downloaded,OK,256135,fe9fb8b21f851332e303b760dbf31793874a755da57c8cc8eb9331123cdc3e79,aquatic_plant_images\Ranunculus_aquatilis\Ranunculus_aquatilis_GBIF_50d106e629cf.jpg
GBIF,Ranunculus aquatilis,https://observation.org/photos/147697362.jpg,http://creativecommons.org/licenses/by-nc-nd/4.0/,False,Nathalie De Somer,Nathalie De Somer,Netherlands,Zeeland,51.3,3.85,2026-04-11,6213177923,,,downloaded,OK,573465,bc74df5fc5b48df11a7b95e2d395b0288ad713ae976ed175a739ba39a0cfc839,aquatic_plant_images\Ranunculus_aquatilis\Ranunculus_aquatilis_GBIF_b4891068d426.jpg
GBIF,Ranunculus aquatilis,https://observation.org/photos/147697363.jpg,http://creativecommons.org/licenses/by-nc-nd/4.0/,False,Nathalie De Somer,Nathalie De Somer,Netherlands,Zeeland,51.3,3.85,2026-04-11,6213177923,,,downloaded,OK,460928,96f275375bd38f498e4c8bab1f45ac772932256ca6533ef7af0f82e290a521a0,aquatic_plant_images\Ranunculus_aquatilis\Ranunculus_aquatilis_GBIF_786ff7d017fc.jpg
GBIF,Ranunculus aquatilis,https://observation.org/photos/147697364.jpg,http://creativecommons.org/licenses/by-nc-nd/4.0/,False,Nathalie De Somer,Nathalie De Somer,Netherlands,Zeeland,51.3,3.85,2026-04-11,6213177923,,,downloaded,OK,377136,a480ca27e5a68d0c2faa57a03cee728e8b0d5da83597c4f073a8833ca4757158,aquatic_plant_images\Ranunculus_aquatilis\Ranunculus_aquatilis_GBIF_dfdb1ef8ad01.jpg
GBIF,Ranunculus aquatilis,https://observation.org/photos/147697365.jpg,http://creativecommons.org/licenses/by-nc-nd/4.0/,False,Nathalie De Somer,Nathalie De Somer,Netherlands,Zeeland,51.3,3.85,2026-04-11,6213177923,,,downloaded,OK,281958,2e0b0bc859c0378250d1d1ad304b2ae95cc2ccf2f7fae099f4ee4eaad4c2d82f,aquatic_plant_images\Ranunculus_aquatilis\Ranunculus_aquatilis_GBIF_382e026389b3.jpg
GBIF,Ranunculus aquatilis,https://observation.org/photos/147697366.jpg,http://creativecommons.org/licenses/by-nc-nd/4.0/,False,Nathalie De Somer,Nathalie De Somer,Netherlands,Zeeland,51.3,3.85,2026-04-11,6213177923,,,downloaded,OK,258666,24ee8466de9b3054bc92203c3ca43e8f69af1c0205b3c3b5915daede6df52959,aquatic_plant_images\Ranunculus_aquatilis\Ranunculus_aquatilis_GBIF_e1ef69200446.jpg
GBIF,Ranunculus aquatilis,https://observation.org/photos/147697367.jpg,http://creativecommons.org/licenses/by-nc-nd/4.0/,False,Nathalie De Somer,Nathalie De Somer,Netherlands,Zeeland,51.3,3.85,2026-04-11,6213177923,,,downloaded,OK,206400,a135abdc9a543a7f22cf593aec66e283a73aaabf7a6576414a7088080ecf8aa2,aquatic_plant_images\Ranunculus_aquatilis\Ranunculus_aquatilis_GBIF_4f8aeb898429.jpg
GBIF,Ranunculus aquatilis,https://observation.org/photos/147697369.jpg,http://creativecommons.org/licenses/by-nc-nd/4.0/,False,Nathalie De Somer,Nathalie De Somer,Netherlands,Zeeland,51.3,3.85,2026-04-11,6213177923,,,downloaded,OK,215944,fa2ba0a7d68f91c1d5be0bc1e9b56d506587b34367012f7af487200deb284a89,aquatic_plant_images\Ranunculus_aquatilis\Ranunculus_aquatilis_GBIF_a564fb668ae3.jpg
GBIF,Ranunculus aquatilis,https://observation.org/photos/147521222.jpg,http://creativecommons.org/licenses/by-nc-nd/4.0/,False,Hanneke Kanters,Hanneke Kanters,Netherlands,Noord-Brabant,51.5,5.35,2026-04-13,6213319266,,,downloaded,OK,231780,76646f7a127c275547ab474bde044e01e7eb7518d52a18a0a497d196077f5b78,aquatic_plant_images\Ranunculus_aquatilis\Ranunculus_aquatilis_GBIF_29d2cd0c4295.jpg
GBIF,Ranunculus aquatilis,https://observation.org/photos/147538212.jpg,http://creativecommons.org/licenses/by-nc-nd/4.0/,False,Jeanne Soetens,Jeanne Soetens,Netherlands,Noord-Brabant,51.5,5.35,2026-04-13,6213363999,,,downloaded,OK,230998,d0d972e2f1ace7d9c62bf1b591773dd9259d8c104634a8ccb217c3878854ee6d,aquatic_plant_images\Ranunculus_aquatilis\Ranunculus_aquatilis_GBIF_e4cd28033856.jpg
GBIF,Ranunculus aquatilis,https://observation.org/photos/148148329.jpg,http://creativecommons.org/licenses/by-nc-nd/4.0/,False,H.G. Kreeftenberg,H.G. Kreeftenberg,Netherlands,Gelderland,52.1,6.35,2026-04-18,6213516537,,,downloaded,OK,146056,d98100911fad160f95e5f24c0da5e5d2b217c20496cd0f61d49d8b0819896d4c,aquatic_plant_images\Ranunculus_aquatilis\Ranunculus_aquatilis_GBIF_40f241dbddc4.jpg
GBIF,Ranunculus aquatilis,https://observation.org/photos/148148330.jpg,http://creativecommons.org/licenses/by-nc-nd/4.0/,False,H.G. Kreeftenberg,H.G. Kreeftenberg,Netherlands,Gelderland,52.1,6.35,2026-04-18,6213516537,,,downloaded,OK,156017,af4d8ad8fc781aa9940c3f3b461fa8c6e6e4b3e4191e6c7584494ea0b6225c21,aquatic_plant_images\Ranunculus_aquatilis\Ranunculus_aquatilis_GBIF_d4c822d03d00.jpg
GBIF,Ranunculus aquatilis,https://observation.org/photos/148148331.jpg,http://creativecommons.org/licenses/by-nc-nd/4.0/,False,H.G. Kreeftenberg,H.G. Kreeftenberg,Netherlands,Gelderland,52.1,6.35,2026-04-18,6213516537,,,downloaded,OK,152485,6c154328f9f2d6ef49538ec461432c504c820e5ab10341181b9f81959e811eec,aquatic_plant_images\Ranunculus_aquatilis\Ranunculus_aquatilis_GBIF_86c88776a061.jpg
GBIF,Ranunculus aquatilis,https://observation.org/photos/148148332.jpg,http://creativecommons.org/licenses/by-nc-nd/4.0/,False,H.G. Kreeftenberg,H.G. Kreeftenberg,Netherlands,Gelderland,52.1,6.35,2026-04-18,6213516537,,,downloaded,OK,278577,c0d2fc4e04f11a85a571bce7ba6d0ce3fb236b5718174305a8c2d3d3faa74c28,aquatic_plant_images\Ranunculus_aquatilis\Ranunculus_aquatilis_GBIF_98116942c15a.jpg
GBIF,Ranunculus aquatilis,https://observation.org/photos/148148334.jpg,http://creativecommons.org/licenses/by-nc-nd/4.0/,False,H.G. Kreeftenberg,H.G. Kreeftenberg,Netherlands,Gelderland,52.1,6.35,2026-04-18,6213516537,,,downloaded,OK,174694,b23f306b9073843041afe05d5efdef367035627b52a2f6018a05dc4e48659a50,aquatic_plant_images\Ranunculus_aquatilis\Ranunculus_aquatilis_GBIF_79f76762aaf6.jpg
GBIF,Ranunculus aquatilis,https://observation.org/photos/148236870.jpg,http://creativecommons.org/licenses/by-nc-nd/4.0/,False,Jeltje Berendsen,Jeltje Berendsen,Netherlands,Gelderland,51.85,6.3,2026-04-19,6213563347,,,downloaded,OK,316122,435b19300f03353db0a2cbd1e23742d5597f11f9f5a868f41c023913a60da371,aquatic_plant_images\Ranunculus_aquatilis\Ranunculus_aquatilis_GBIF_3a8be078365c.jpg
GBIF,Ranunculus aquatilis,https://observation.org/photos/148236871.jpg,http://creativecommons.org/licenses/by-nc-nd/4.0/,False,Jeltje Berendsen,Jeltje Berendsen,Netherlands,Gelderland,51.85,6.3,2026-04-19,6213563347,,,downloaded,OK,212336,ac83c0c49d941cdec303c5c4205c904f1ee62abadd430cf96ca2b94f5ff87535,aquatic_plant_images\Ranunculus_aquatilis\Ranunculus_aquatilis_GBIF_880f7dbab647.jpg
GBIF,Ranunculus aquatilis,https://observation.org/photos/148236872.jpg,http://creativecommons.org/licenses/by-nc-nd/4.0/,False,Jeltje Berendsen,Jeltje Berendsen,Netherlands,Gelderland,51.85,6.3,2026-04-19,6213563347,,,downloaded,OK,219535,2520ba9dc235c32f5c783705a29aa0d5796d4a6e7d2857abb173c5e6f6637d6c,aquatic_plant_images\Ranunculus_aquatilis\Ranunculus_aquatilis_GBIF_f2e77496c0ff.jpg
GBIF,Ranunculus aquatilis,https://observation.org/photos/147989487.jpg,http://creativecommons.org/licenses/by-nc-nd/4.0/,False,Hans Naves,Hans Naves,Netherlands,Gelderland,51.85,6.3,2026-04-16,6213597835,,,downloaded,OK,137285,9e6b073c4a758647c7b788258ba93d82c00e23dc6ed3c0938d9339ef86523cdb,aquatic_plant_images\Ranunculus_aquatilis\Ranunculus_aquatilis_GBIF_390e7f05c276.jpg
GBIF,Ranunculus aquatilis,https://observation.org/photos/148813453.jpg,http://creativecommons.org/licenses/by-nc-nd/4.0/,False,Rien Ondersteijn,Rien Ondersteijn,Netherlands,Noord-Brabant,51.6,5.4,2026-04-24,6227388593,,,downloaded,OK,355391,36cb157466e4bcd900b641da93e33caf5358c301fbea111818e04b8c615d3b36,aquatic_plant_images\Ranunculus_aquatilis\Ranunculus_aquatilis_GBIF_61c09f9146bc.jpg
GBIF,Ranunculus aquatilis,https://observation.org/photos/148813454.jpg,http://creativecommons.org/licenses/by-nc-nd/4.0/,False,Rien Ondersteijn,Rien Ondersteijn,Netherlands,Noord-Brabant,51.6,5.4,2026-04-24,6227388593,,,downloaded,OK,354543,7eea76529dc471a963db52104a184454a22f39ac48286e199bfcd8e5761dbac7,aquatic_plant_images\Ranunculus_aquatilis\Ranunculus_aquatilis_GBIF_0f63209e727b.jpg
GBIF,Ranunculus aquatilis,https://observation.org/photos/148813455.jpg,http://creativecommons.org/licenses/by-nc-nd/4.0/,False,Rien Ondersteijn,Rien Ondersteijn,Netherlands,Noord-Brabant,51.6,5.4,2026-04-24,6227388593,,,downloaded,OK,271122,3bd0b61543810418fe241960afe308eb36fe47f56c727d14ffd94542ec9e93e1,aquatic_plant_images\Ranunculus_aquatilis\Ranunculus_aquatilis_GBIF_f1511626bf64.jpg
GBIF,Ranunculus aquatilis,https://observation.org/photos/148427979.jpg,http://creativecommons.org/licenses/by-nc-nd/4.0/,False,H. Dutij,H. Dutij,Netherlands,Gelderland,52.05,6.35,2026-04-18,6227537522,,,downloaded,OK,163752,024e7eeb46253bbc2cac962393d6fc8b029baff7fadbb4837368e92e13ce9cc5,aquatic_plant_images\Ranunculus_aquatilis\Ranunculus_aquatilis_GBIF_9a4378184df4.jpg
GBIF,Ranunculus aquatilis,https://observation.org/photos/148854682.jpg,http://creativecommons.org/licenses/by-nc-nd/4.0/,False,Lampetra-x,Lampetra-x,Netherlands,Gelderland,52.15,6.5,2026-04-25,6227579625,,,downloaded,OK,189952,a8c8dad6524f889d2cc8c65267fba656d6f742dc1e1b79e4fb1a304ffabdf760,aquatic_plant_images\Ranunculus_aquatilis\Ranunculus_aquatilis_GBIF_2f843914cf09.jpg
GBIF,Ranunculus aquatilis,https://observation.org/photos/148292040.jpg,http://creativecommons.org/licenses/by-nc-nd/4.0/,False,Wilbert Huls,Wilbert Huls,Netherlands,Overijssel,52.4,6.1,2026-04-20,6227606407,,,downloaded,OK,292738,a46f0a069f3274768d0b755e4e040b48c4e00d4dddedfda91f19bba4a95177f2,aquatic_plant_images\Ranunculus_aquatilis\Ranunculus_aquatilis_GBIF_840809476ddf.jpg
GBIF,Ranunculus aquatilis,https://observation.org/photos/148292041.jpg,http://creativecommons.org/licenses/by-nc-nd/4.0/,False,Wilbert Huls,Wilbert Huls,Netherlands,Overijssel,52.4,6.1,2026-04-20,6227606407,,,downloaded,OK,180689,a597556fd90b3ef1346450779c7df188133da459f7674088abdee065297a2f64,aquatic_plant_images\Ranunculus_aquatilis\Ranunculus_aquatilis_GBIF_048d3cd6b175.jpg
GBIF,Ranunculus aquatilis,https://observation.org/photos/148937457.jpg,http://creativecommons.org/licenses/by-nc-nd/4.0/,False,F T van Binsbergen,F T van Binsbergen,Netherlands,Gelderland,51.8,5.25,2026-04-25,6227772599,,,downloaded,OK,404222,6b17d20ccd1c0e93992ac6b074628432990a5365649306cfb55eee605a7a2d77,aquatic_plant_images\Ranunculus_aquatilis\Ranunculus_aquatilis_GBIF_701b129cc109.jpg
GBIF,Ranunculus aquatilis,https://observation.org/photos/148937458.jpg,http://creativecommons.org/licenses/by-nc-nd/4.0/,False,F T van Binsbergen,F T van Binsbergen,Netherlands,Gelderland,51.8,5.25,2026-04-25,6227772599,,,downloaded,OK,408882,c5cb18015bad10cea2a10ac92b48f23403b2364610eabad7348752d799829b98,aquatic_plant_images\Ranunculus_aquatilis\Ranunculus_aquatilis_GBIF_9e0529e8367c.jpg
GBIF,Ranunculus aquatilis,https://observation.org/photos/148643443.jpg,http://creativecommons.org/licenses/by-nc-nd/4.0/,False,Nico Omlo,Nico Omlo,Netherlands,Gelderland,51.9,6.05,2026-04-23,6227995542,,,downloaded,OK,135500,65531df73a96180f5881199c9a258a3fa0c9b7b1aef2965f607a07fbfcaa7bb0,aquatic_plant_images\Ranunculus_aquatilis\Ranunculus_aquatilis_GBIF_d96fc90c1816.jpg
GBIF,Ranunculus aquatilis,https://observation.org/photos/148456977.jpg,http://creativecommons.org/licenses/by-nc-nd/4.0/,False,Gwenny en Elco,Gwenny en Elco,Netherlands,Noord-Holland,52.8,4.7,2026-04-19,6228097597,,,downloaded,OK,110979,06f30ab56a3112de3cca4043889b91a870e9df27ea01b117efd06f74571c43b5,aquatic_plant_images\Ranunculus_aquatilis\Ranunculus_aquatilis_GBIF_d653191450a6.jpg
GBIF,Ranunculus aquatilis,https://observation.org/photos/148456978.jpg,http://creativecommons.org/licenses/by-nc-nd/4.0/,False,Gwenny en Elco,Gwenny en Elco,Netherlands,Noord-Holland,52.8,4.7,2026-04-19,6228097597,,,downloaded,OK,102984,65eedf6d9dc20b8702d127ac31ebb46dc8f1d8926522cc5f808540eed34ec915,aquatic_plant_images\Ranunculus_aquatilis\Ranunculus_aquatilis_GBIF_f598b9a29333.jpg
GBIF,Ranunculus aquatilis,https://observation.org/photos/148456979.jpg,http://creativecommons.org/licenses/by-nc-nd/4.0/,False,Gwenny en Elco,Gwenny en Elco,Netherlands,Noord-Holland,52.8,4.7,2026-04-19,6228097597,,,downloaded,OK,80475,82340c46689c6995ef370e3e7b3c985f5b2fecc2f021928e4fd3f83deca362b4,aquatic_plant_images\Ranunculus_aquatilis\Ranunculus_aquatilis_GBIF_7fa7e7e5de20.jpg
GBIF,Ranunculus aquatilis,https://observation.org/photos/148936351.jpg,http://creativecommons.org/licenses/by-nc-nd/4.0/,False,J. Kastelijn,J. Kastelijn,Netherlands,Noord-Brabant,51.6,5.45,2026-04-24,6228380547,,,downloaded,OK,218421,44b2dbcbd5c6db0969cf1a58afe22baa6645e2d29a511f7c176e87143382ddb4,aquatic_plant_images\Ranunculus_aquatilis\Ranunculus_aquatilis_GBIF_278e95de9776.jpg
GBIF,Ranunculus aquatilis,https://observation.org/photos/148936352.jpg,http://creativecommons.org/licenses/by-nc-nd/4.0/,False,J. Kastelijn,J. Kastelijn,Netherlands,Noord-Brabant,51.6,5.45,2026-04-24,6228380547,,,downloaded,OK,425373,2ee08d1d0875e964e970b50144e28e7978a89e0dbc138763483c978edd7815d7,aquatic_plant_images\Ranunculus_aquatilis\Ranunculus_aquatilis_GBIF_0592fbea3b22.jpg
GBIF,Ranunculus aquatilis,https://observation.org/photos/148936353.jpg,http://creativecommons.org/licenses/by-nc-nd/4.0/,False,J. Kastelijn,J. Kastelijn,Netherlands,Noord-Brabant,51.6,5.45,2026-04-24,6228380547,,,downloaded,OK,306332,7ece3e93dec5b0f60dd5fa5cc7e8fbbdccf21ce1ea04feebc579d49a711b4ebe,aquatic_plant_images\Ranunculus_aquatilis\Ranunculus_aquatilis_GBIF_28d4c1590ba5.jpg
GBIF,Ranunculus aquatilis,https://observation.org/photos/148936354.jpg,http://creativecommons.org/licenses/by-nc-nd/4.0/,False,J. Kastelijn,J. Kastelijn,Netherlands,Noord-Brabant,51.6,5.45,2026-04-24,6228380547,,,downloaded,OK,244797,defd1726a8b1cc68d6b142ad8d673197442cd2cea232549fcdaa526f4465f75d,aquatic_plant_images\Ranunculus_aquatilis\Ranunculus_aquatilis_GBIF_49d9255b9b35.jpg
GBIF,Ranunculus aquatilis,https://observation.org/photos/148936355.jpg,http://creativecommons.org/licenses/by-nc-nd/4.0/,False,J. Kastelijn,J. Kastelijn,Netherlands,Noord-Brabant,51.6,5.45,2026-04-24,6228380547,,,downloaded,OK,201922,67e5008dc6df75ad888e5e4d3775f1c57b7b5cfb6e102de33f918ec293540aa9,aquatic_plant_images\Ranunculus_aquatilis\Ranunculus_aquatilis_GBIF_81e08a5bd9ce.jpg
GBIF,Ranunculus aquatilis,https://observation.org/photos/148469910.jpg,http://creativecommons.org/licenses/by-nc-nd/4.0/,False,Peter Muileman,Peter Muileman,Netherlands,Gelderland,52.1,6.25,2026-04-22,6228383406,,,downloaded,OK,366656,5897386abbc5cb0ffc84603a8714cbb953e578eb6995456bae5d196c21261db1,aquatic_plant_images\Ranunculus_aquatilis\Ranunculus_aquatilis_GBIF_8f4e291ff873.jpg
GBIF,Ranunculus aquatilis,https://inaturalist-open-data.s3.amazonaws.com/photos/648061366/original.jpg,http://creativecommons.org/licenses/by-nc/4.0/,False,Birger,Birger,Germany,Schleswig-Holstein,54.375375,10.285047,2026-04-27T14:50:09,6234531434,,648061366,downloaded,OK,1245218,a24ff417cb8c91a9de8c42fe2b7ea5a53803db30859b68966507216eb3d91aaa,aquatic_plant_images\Ranunculus_aquatilis\Ranunculus_aquatilis_GBIF_648061366.jpg
GBIF,Ranunculus aquatilis,https://inaturalist-open-data.s3.amazonaws.com/photos/648061458/original.jpg,http://creativecommons.org/licenses/by-nc/4.0/,False,Birger,Birger,Germany,Schleswig-Holstein,54.375375,10.285047,2026-04-27T14:50:09,6234531434,,648061458,downloaded,OK,1277114,2ed94f01189b3bfa1cd951c2d4a763690c956a38b7f79aa9ed65b6d8148fd9f3,aquatic_plant_images\Ranunculus_aquatilis\Ranunculus_aquatilis_GBIF_648061458.jpg
GBIF,Ranunculus aquatilis,https://inaturalist-open-data.s3.amazonaws.com/photos/648061557/original.jpg,http://creativecommons.org/licenses/by-nc/4.0/,False,Birger,Birger,Germany,Schleswig-Holstein,54.375375,10.285047,2026-04-27T14:50:09,6234531434,,648061557,downloaded,OK,1311023,de066a6d0d2e619bedc24f2f46eea27b60d90ce0b4b65bea9f4496c61358f703,aquatic_plant_images\Ranunculus_aquatilis\Ranunculus_aquatilis_GBIF_648061557.jpg
GBIF,Ranunculus aquatilis,https://inaturalist-open-data.s3.amazonaws.com/photos/732140523/original.jpg,http://creativecommons.org/licenses/by-nc/4.0/,False,alyssa092,alyssa092,United States of America,New York,42.885812,-75.641478,2026-09-10T15:38:51,6552238075,,732140523,downloaded,OK,2419325,b0070f14f53ae7746fd4efce1c3596c6d68323e2fbac60a0dfc04a2646d2c457,aquatic_plant_images\Ranunculus_aquatilis\Ranunculus_aquatilis_GBIF_732140523.jpg
GBIF,Vallisneria americana,https://inaturalist-open-data.s3.amazonaws.com/photos/605147586/original.jpg,http://creativecommons.org/licenses/by-nc/4.0/,False,Jen,Jen,United States of America,Florida,26.071921,-80.32204,2026-01-03T15:16:53,5938103010,,605147586,downloaded,OK,1103727,f769f811fb564cc41e33a4a6be943c75f08dc343636fd3a6d1776a6ed97e1747,aquatic_plant_images\Vallisneria_americana\Vallisneria_americana_GBIF_605147586.jpg
GBIF,Vallisneria americana,https://inaturalist-open-data.s3.amazonaws.com/photos/607258256/original.jpg,http://creativecommons.org/licenses/by-nc/4.0/,False,Magnolia,Magnolia,United States of America,North Carolina,35.919075,-78.39042,2026-01-11T12:45:57,6130541867,,607258256,downloaded,OK,1129084,7c2f14cd422be2a93c48a5ac4d4f7a32a3bc73a0342493799e9f3f542893eba7,aquatic_plant_images\Vallisneria_americana\Vallisneria_americana_GBIF_607258256.jpg
GBIF,Vallisneria americana,https://inaturalist-open-data.s3.amazonaws.com/photos/607258234/original.jpg,http://creativecommons.org/licenses/by-nc/4.0/,False,Magnolia,Magnolia,United States of America,North Carolina,35.919075,-78.39042,2026-01-11T12:45:57,6130541867,,607258234,downloaded,OK,626224,14ef957e808cd3404b4565d9fc3058795125a1862d1cf7eb5a8d3358503f1d82,aquatic_plant_images\Vallisneria_americana\Vallisneria_americana_GBIF_607258234.jpg
GBIF,Vallisneria americana,https://inaturalist-open-data.s3.amazonaws.com/photos/607258274/original.jpg,http://creativecommons.org/licenses/by-nc/4.0/,False,Magnolia,Magnolia,United States of America,North Carolina,35.919075,-78.39042,2026-01-11T12:45:57,6130541867,,607258274,downloaded,OK,828695,0a06ebe8237f73eefd46c8239a6dbf8710c5219b342861c30595bbda0efe7b17,aquatic_plant_images\Vallisneria_americana\Vallisneria_americana_GBIF_607258274.jpg
GBIF,Vallisneria americana,https://inaturalist-open-data.s3.amazonaws.com/photos/614744271/original.jpg,http://creativecommons.org/licenses/by-nc/4.0/,False,Jen,Jen,United States of America,Florida,27.068229,-80.877945,2026-02-10T10:34:12,6159412724,,614744271,downloaded,OK,1210196,45fbec9bb389ac2e50cec54d714925932b3beb9276776145f3c52e6930b09678,aquatic_plant_images\Vallisneria_americana\Vallisneria_americana_GBIF_614744271.jpg
GBIF,Vallisneria americana,https://inaturalist-open-data.s3.amazonaws.com/photos/614744286/original.jpg,http://creativecommons.org/licenses/by-nc/4.0/,False,Jen,Jen,United States of America,Florida,27.068229,-80.877945,2026-02-10T10:34:12,6159412724,,614744286,downloaded,OK,991012,29294c087e685a9a2d35faaacec589805fb0dc45152a77a9e2830728526c1df6,aquatic_plant_images\Vallisneria_americana\Vallisneria_americana_GBIF_614744286.jpg
GBIF,Vallisneria americana,https://inaturalist-open-data.s3.amazonaws.com/photos/614806706/original.jpg,http://creativecommons.org/licenses/by-nc/4.0/,False,Jen,Jen,United States of America,Florida,27.068229,-80.877945,2026-02-10T10:34:12,6159412724,,614806706,downloaded,OK,911837,2057604c8c50deb419284f3435ee55ee269f099e72f1baba2d60de4a0c295d4e,aquatic_plant_images\Vallisneria_americana\Vallisneria_americana_GBIF_614806706.jpg
GBIF,Vallisneria americana,https://inaturalist-open-data.s3.amazonaws.com/photos/614806728/original.jpg,http://creativecommons.org/licenses/by-nc/4.0/,False,Jen,Jen,United States of America,Florida,27.068229,-80.877945,2026-02-10T10:34:12,6159412724,,614806728,downloaded,OK,954020,5bfbc4846e0d3cc92c97a3a7c54c739e1d3dea00d0579324927b91858ae93f55,aquatic_plant_images\Vallisneria_americana\Vallisneria_americana_GBIF_614806728.jpg
GBIF,Vallisneria americana,https://inaturalist-open-data.s3.amazonaws.com/photos/614806745/original.jpg,http://creativecommons.org/licenses/by-nc/4.0/,False,Jen,Jen,United States of America,Florida,27.068229,-80.877945,2026-02-10T10:34:12,6159412724,,614806745,downloaded,OK,1515178,f6dcc29df508213cd9b1878fc853e16fbb2bbef6a7743dfaa8143fec0995b59a,aquatic_plant_images\Vallisneria_americana\Vallisneria_americana_GBIF_614806745.jpg
GBIF,Vallisneria americana,https://inaturalist-open-data.s3.amazonaws.com/photos/620247794/original.jpg,http://creativecommons.org/licenses/by-nc/4.0/,False,chelsea,chelsea,United States of America,Florida,28.756033,-81.499031,2026-02-27T12:17:20,6184804953,,620247794,downloaded,OK,2645925,589da0e1cce500238861fd9278af3de7443771735fbf8563816e2c4ca815ac22,aquatic_plant_images\Vallisneria_americana\Vallisneria_americana_GBIF_620247794.jpg
GBIF,Vallisneria americana,https://inaturalist-open-data.s3.amazonaws.com/photos/627812641/original.jpg,http://creativecommons.org/licenses/by-nc/4.0/,False,sebento,sebento,United States of America,Florida,28.370295,-81.519172,2026-03-22T12:07:48,6184911348,,627812641,downloaded,OK,3879080,57ee47351ddf9344488b0459db89e522339ad3267c4cffc77717680626f5e110,aquatic_plant_images\Vallisneria_americana\Vallisneria_americana_GBIF_627812641.jpg
GBIF,Vallisneria americana,https://inaturalist-open-data.s3.amazonaws.com/photos/629475951/original.jpg,http://creativecommons.org/licenses/by-nc/4.0/,False,Ethan,Ethan,United States of America,Missouri,37.393763,-91.573813,2026-03-25T13:17,6252377212,,629475951,downloaded,OK,2398367,d6cd044cdc006101754c29352d60a4d636c9b30aa97b40a293409b81e36ee930,aquatic_plant_images\Vallisneria_americana\Vallisneria_americana_GBIF_629475951.jpg
GBIF,Vallisneria americana,https://inaturalist-open-data.s3.amazonaws.com/photos/634531775/original.jpg,http://creativecommons.org/licenses/by-nc/4.0/,False,larvalfishguy,larvalfishguy,United States of America,Florida,27.14468,-80.865866,2026-04-06T09:35:48,6195894844,,634531775,downloaded,OK,1002012,2952bed00824d0c93f078d00a5db2e20ce08b440a474a7e6cb211c05cf02b9bc,aquatic_plant_images\Vallisneria_americana\Vallisneria_americana_GBIF_634531775.jpg
GBIF,Vallisneria americana,https://inaturalist-open-data.s3.amazonaws.com/photos/634531802/original.jpg,http://creativecommons.org/licenses/by-nc/4.0/,False,larvalfishguy,larvalfishguy,United States of America,Florida,27.14468,-80.865866,2026-04-06T09:35:48,6195894844,,634531802,downloaded,OK,1012547,873e2955528102cda6bb178c55e81e752917ca8cd0ef1c758085d2b7392361f1,aquatic_plant_images\Vallisneria_americana\Vallisneria_americana_GBIF_634531802.jpg
GBIF,Vallisneria americana,https://inaturalist-open-data.s3.amazonaws.com/photos/634531820/original.jpg,http://creativecommons.org/licenses/by-nc/4.0/,False,larvalfishguy,larvalfishguy,United States of America,Florida,27.14468,-80.865866,2026-04-06T09:35:48,6195894844,,634531820,downloaded,OK,898918,614d239f7af4d6636ba3aa64272014be23421e7991d4b272d50d2a82dafddb98,aquatic_plant_images\Vallisneria_americana\Vallisneria_americana_GBIF_634531820.jpg
GBIF,Vallisneria americana,https://inaturalist-open-data.s3.amazonaws.com/photos/634531856/original.jpg,http://creativecommons.org/licenses/by-nc/4.0/,False,larvalfishguy,larvalfishguy,United States of America,Florida,27.14468,-80.865866,2026-04-06T09:35:48,6195894844,,634531856,downloaded,OK,1141131,fe3f692ffaf9f72155f78486dd094e74d3c1fa7872e6d1abca48be413da91472,aquatic_plant_images\Vallisneria_americana\Vallisneria_americana_GBIF_634531856.jpg
GBIF,Vallisneria americana,https://inaturalist-open-data.s3.amazonaws.com/photos/634502066/original.jpg,http://creativecommons.org/licenses/by-nc/4.0/,False,larvalfishguy,larvalfishguy,United States of America,Florida,27.14478,-80.866258,2026-04-06T09:49:56,6196002395,,634502066,downloaded,OK,1382079,d8452d49466e84f576b54c860f5162d8fda2214960e39461341453243e2a5386,aquatic_plant_images\Vallisneria_americana\Vallisneria_americana_GBIF_634502066.jpg
GBIF,Vallisneria americana,https://inaturalist-open-data.s3.amazonaws.com/photos/634502100/original.jpg,http://creativecommons.org/licenses/by-nc/4.0/,False,larvalfishguy,larvalfishguy,United States of America,Florida,27.14478,-80.866258,2026-04-06T09:49:56,6196002395,,634502100,downloaded,OK,955078,1f20d8c8efa6a7eaca5fd800370d2a150b3710d032f54d425acc80b933c854e0,aquatic_plant_images\Vallisneria_americana\Vallisneria_americana_GBIF_634502100.jpg
GBIF,Vallisneria americana,https://inaturalist-open-data.s3.amazonaws.com/photos/634502117/original.jpg,http://creativecommons.org/licenses/by-nc/4.0/,False,larvalfishguy,larvalfishguy,United States of America,Florida,27.14478,-80.866258,2026-04-06T09:49:56,6196002395,,634502117,downloaded,OK,927276,b111100179baccdb404fd455b4cf5eb353e0fd984cd7bc6799100d7b84a86252,aquatic_plant_images\Vallisneria_americana\Vallisneria_americana_GBIF_634502117.jpg
GBIF,Vallisneria americana,https://inaturalist-open-data.s3.amazonaws.com/photos/634502159/original.jpg,http://creativecommons.org/licenses/by-nc/4.0/,False,larvalfishguy,larvalfishguy,United States of America,Florida,27.14478,-80.866258,2026-04-06T09:49:56,6196002395,,634502159,downloaded,OK,1524826,181c0baf2e8e2d787d58ec16d984c360a734fca1c8fbac199deefc828185b004,aquatic_plant_images\Vallisneria_americana\Vallisneria_americana_GBIF_634502159.jpg
GBIF,Vallisneria americana,https://inaturalist-open-data.s3.amazonaws.com/photos/642743321/original.jpg,http://creativecommons.org/licenses/by-nc/4.0/,False,Ken Potter,Ken Potter,United States of America,Michigan,42.468937,-83.996645,2026-04-21T16:53,6234165842,,642743321,downloaded,OK,1004151,e6a7a7a04fec6b4c2fdff44db38947eaaea72fc8863a78067071205258863bf7,aquatic_plant_images\Vallisneria_americana\Vallisneria_americana_GBIF_642743321.jpg
GBIF,Vallisneria americana,https://inaturalist-open-data.s3.amazonaws.com/photos/642743335/original.jpg,http://creativecommons.org/licenses/by-nc/4.0/,False,Ken Potter,Ken Potter,United States of America,Michigan,42.468937,-83.996645,2026-04-21T16:53,6234165842,,642743335,downloaded,OK,1002336,717554910abcd0a308f31b5416ae9fe8f1577a23b39d440d084ec307088a3142,aquatic_plant_images\Vallisneria_americana\Vallisneria_americana_GBIF_642743335.jpg
GBIF,Vallisneria americana,https://inaturalist-open-data.s3.amazonaws.com/photos/642743354/original.jpg,http://creativecommons.org/licenses/by-nc/4.0/,False,Ken Potter,Ken Potter,United States of America,Michigan,42.468937,-83.996645,2026-04-21T16:53,6234165842,,642743354,downloaded,OK,975060,be214c0025da020746f88a096df3e8fa78ea65f6d939ff81caf9ed74359e22e5,aquatic_plant_images\Vallisneria_americana\Vallisneria_americana_GBIF_642743354.jpg
GBIF,Vallisneria americana,https://inaturalist-open-data.s3.amazonaws.com/photos/643086309/original.jpg,http://creativecommons.org/licenses/by-nc/4.0/,False,larvalfishguy,larvalfishguy,United States of America,Florida,27.14282,-80.866028,2026-04-23T10:13:01,6234682449,,643086309,downloaded,OK,817923,a4678e4b76a4130491cedf08dfaa4bf68b890443108e50f5ad4a868c09abecb6,aquatic_plant_images\Vallisneria_americana\Vallisneria_americana_GBIF_643086309.jpg
GBIF,Vallisneria americana,https://inaturalist-open-data.s3.amazonaws.com/photos/643086350/original.jpg,http://creativecommons.org/licenses/by-nc/4.0/,False,larvalfishguy,larvalfishguy,United States of America,Florida,27.14282,-80.866028,2026-04-23T10:13:01,6234682449,,643086350,downloaded,OK,1076465,926b0ddae83af470dcab23f3fcb3793ea86da085a0f363a0980198e2bfef7ca7,aquatic_plant_images\Vallisneria_americana\Vallisneria_americana_GBIF_643086350.jpg
GBIF,Vallisneria americana,https://inaturalist-open-data.s3.amazonaws.com/photos/643086421/original.jpg,http://creativecommons.org/licenses/by-nc/4.0/,False,larvalfishguy,larvalfishguy,United States of America,Florida,27.14282,-80.866028,2026-04-23T10:13:01,6234682449,,643086421,downloaded,OK,1187880,cf41bb2bd6e24c9c13586604cdf82bdafc96395511621f771a00d717230757a1,aquatic_plant_images\Vallisneria_americana\Vallisneria_americana_GBIF_643086421.jpg
GBIF,Vallisneria americana,https://inaturalist-open-data.s3.amazonaws.com/photos/647411077/original.jpg,http://creativecommons.org/licenses/by/4.0/,True,Frog The Kermit,Frog The Kermit,United States of America,New York,41.017775,-72.020533,2026-04-26T15:43:52,6235160339,,647411077,downloaded,OK,2886649,89fe7dbe4ea97c87543164d5a25b54e811bcddf8a723b230bab9fc220a58fddf,aquatic_plant_images\Vallisneria_americana\Vallisneria_americana_GBIF_647411077.jpg
GBIF,Vallisneria americana,https://inaturalist-open-data.s3.amazonaws.com/photos/639160766/original.jpg,http://creativecommons.org/licenses/by-nc/4.0/,False,reed,reed,United States of America,Florida,30.235035,-84.301424,2026-04-11T16:40:14,6235555001,,639160766,downloaded,OK,3665238,195473e7b182f6bef2dd8d41cd73f1a435e02b4dc20d5ea4864b714038f3de9c,aquatic_plant_images\Vallisneria_americana\Vallisneria_americana_GBIF_639160766.jpg
GBIF,Vallisneria americana,https://inaturalist-open-data.s3.amazonaws.com/photos/643085939/original.jpg,http://creativecommons.org/licenses/by-nc/4.0/,False,larvalfishguy,larvalfishguy,United States of America,Florida,27.144547,-80.865503,2026-04-23T09:54:45,6235978829,,643085939,downloaded,OK,836811,96ad87e6487b4860ed8f7dd5e9838510a2939609a435168068f1234aa1834fcd,aquatic_plant_images\Vallisneria_americana\Vallisneria_americana_GBIF_643085939.jpg
GBIF,Vallisneria americana,https://inaturalist-open-data.s3.amazonaws.com/photos/643085980/original.jpg,http://creativecommons.org/licenses/by-nc/4.0/,False,larvalfishguy,larvalfishguy,United States of America,Florida,27.144547,-80.865503,2026-04-23T09:54:45,6235978829,,643085980,downloaded,OK,776726,8f19637b5f0877bae79b522fdc751c33b9a17f3e6b76857fafc6284545c7c905,aquatic_plant_images\Vallisneria_americana\Vallisneria_americana_GBIF_643085980.jpg
GBIF,Vallisneria americana,https://inaturalist-open-data.s3.amazonaws.com/photos/634258423/original.jpg,http://creativecommons.org/licenses/by-nc/4.0/,False,Jen,Jen,United States of America,Florida,27.080887,-80.867763,2026-04-06T11:18:20,6251508215,,634258423,downloaded,OK,2049379,73574ba33673db5cadedd30818b9ed34349ceeed426510b092cadefe4bca73cd,aquatic_plant_images\Vallisneria_americana\Vallisneria_americana_GBIF_634258423.jpg
GBIF,Vallisneria americana,https://inaturalist-open-data.s3.amazonaws.com/photos/634291164/original.jpg,http://creativecommons.org/licenses/by-nc/4.0/,False,Jen,Jen,United States of America,Florida,27.06543,-80.881805,2026-04-06T12:21:03,6253223499,,634291164,downloaded,OK,1726958,212f32e01f6dfa6f7c9a543ec48d17104d82a6abbad60dc6320213364135bb53,aquatic_plant_images\Vallisneria_americana\Vallisneria_americana_GBIF_634291164.jpg
GBIF,Vallisneria americana,https://inaturalist-open-data.s3.amazonaws.com/photos/650935751/original.jpg,http://creativecommons.org/licenses/by-nc/4.0/,False,larvalfishguy,larvalfishguy,United States of America,Florida,27.17332,-80.89028,2026-04-30T09:56:29,6273735685,,650935751,downloaded,OK,1031351,a401fbfa6d91eafc2aac57b62b613efc69a4629abe9e439977054445504c9850,aquatic_plant_images\Vallisneria_americana\Vallisneria_americana_GBIF_650935751.jpg
GBIF,Vallisneria americana,https://inaturalist-open-data.s3.amazonaws.com/photos/650935889/original.jpg,http://creativecommons.org/licenses/by-nc/4.0/,False,larvalfishguy,larvalfishguy,United States of America,Florida,27.17332,-80.89028,2026-04-30T09:56:29,6273735685,,650935889,downloaded,OK,1145549,2cf250493c7658336f3e84b859746823865b80499b5bd2a8cecca2b4216b0eb6,aquatic_plant_images\Vallisneria_americana\Vallisneria_americana_GBIF_650935889.jpg
GBIF,Vallisneria americana,https://inaturalist-open-data.s3.amazonaws.com/photos/650950613/original.jpg,http://creativecommons.org/licenses/by-nc/4.0/,False,larvalfishguy,larvalfishguy,United States of America,Florida,27.151839,-80.873512,2026-04-30T09:10:49,6273991654,,650950613,downloaded,OK,853227,087b5a2f23d168a3f7bade321ba1ab811a77cbf9f6f39ca416c00792824f7bf6,aquatic_plant_images\Vallisneria_americana\Vallisneria_americana_GBIF_650950613.jpg
GBIF,Vallisneria americana,https://inaturalist-open-data.s3.amazonaws.com/photos/650941035/original.jpg,http://creativecommons.org/licenses/by-nc/4.0/,False,larvalfishguy,larvalfishguy,United States of America,Florida,27.173463,-80.888292,2026-04-30T09:42:52,6274021306,,650941035,downloaded,OK,1155703,3589b7daf3ec6b5f87e5280db34b130bfc513820736826e892c0b4e7bf6e275b,aquatic_plant_images\Vallisneria_americana\Vallisneria_americana_GBIF_650941035.jpg
GBIF,Vallisneria americana,https://inaturalist-open-data.s3.amazonaws.com/photos/650941103/original.jpg,http://creativecommons.org/licenses/by-nc/4.0/,False,larvalfishguy,larvalfishguy,United States of America,Florida,27.173463,-80.888292,2026-04-30T09:42:52,6274021306,,650941103,downloaded,OK,880149,a33c3c40046f2fd9e5ae66b378f23f2e7062b6bf67b10ce026fd3fc244dcc741,aquatic_plant_images\Vallisneria_americana\Vallisneria_americana_GBIF_650941103.jpg
GBIF,Vallisneria americana,https://inaturalist-open-data.s3.amazonaws.com/photos/651810546/original.jpg,http://creativecommons.org/licenses/by-nc/4.0/,False,Tom Groves,Tom Groves,United States of America,Rhode Island,41.458158,-71.598389,2026-05-01T14:37:33,6252888024,,651810546,downloaded,OK,1449018,4cb8baf1f43fca0bcceeb63f0fe0b40dca3abec70f073340deab88177b56bf30,aquatic_plant_images\Vallisneria_americana\Vallisneria_americana_GBIF_651810546.jpg
GBIF,Vallisneria americana,https://inaturalist-open-data.s3.amazonaws.com/photos/651810604/original.jpg,http://creativecommons.org/licenses/by-nc/4.0/,False,Tom Groves,Tom Groves,United States of America,Rhode Island,41.458158,-71.598389,2026-05-01T14:37:33,6252888024,,651810604,downloaded,OK,962336,4b85e9e138ac504c258c1b615be9cfcdfa173e9d148a8c31563ddf4cddc9044d,aquatic_plant_images\Vallisneria_americana\Vallisneria_americana_GBIF_651810604.jpg
GBIF,Vallisneria americana,https://inaturalist-open-data.s3.amazonaws.com/photos/651810637/original.jpg,http://creativecommons.org/licenses/by-nc/4.0/,False,Tom Groves,Tom Groves,United States of America,Rhode Island,41.458158,-71.598389,2026-05-01T14:37:33,6252888024,,651810637,downloaded,OK,741227,27f36d81de52cc14cea7e6f998c97bcc8d877f2fe6c6f8247fd57dce61b8161a,aquatic_plant_images\Vallisneria_americana\Vallisneria_americana_GBIF_651810637.jpg
GBIF,Vallisneria americana,https://inaturalist-open-data.s3.amazonaws.com/photos/651810676/original.jpg,http://creativecommons.org/licenses/by-nc/4.0/,False,Tom Groves,Tom Groves,United States of America,Rhode Island,41.458158,-71.598389,2026-05-01T14:37:33,6252888024,,651810676,downloaded,OK,1348747,37e0e1a3bfb30018a9a3ac87eb036df0087680f165798b2a114a7a57daf4dd72,aquatic_plant_images\Vallisneria_americana\Vallisneria_americana_GBIF_651810676.jpg
GBIF,Vallisneria americana,https://inaturalist-open-data.s3.amazonaws.com/photos/710674302/original.jpg,http://creativecommons.org/licenses/by-nc/4.0/,False,elhamm,elhamm,United States of America,Michigan,44.67547,-84.644711,2026-05-16T19:49:44,6320184441,,710674302,downloaded,OK,1052950,3819c6283c20c691fa0d52dad6753f61cdea2ba10a2fd332e73312f789ae89c6,aquatic_plant_images\Vallisneria_americana\Vallisneria_americana_GBIF_710674302.jpg
GBIF,Vallisneria americana,https://inaturalist-open-data.s3.amazonaws.com/photos/659831550/original.jpg,http://creativecommons.org/licenses/by-nc/4.0/,False,Savannah Fink,Savannah Fink,United States of America,Pennsylvania,40.915281,-78.060833,2026-05-14T14:02:03,6320752971,,659831550,downloaded,OK,1904908,ef1fb00ca2f1a892c5879ee118ddea5b552520276f8099e4e783b34f76434000,aquatic_plant_images\Vallisneria_americana\Vallisneria_americana_GBIF_659831550.jpg
GBIF,Vallisneria americana,https://inaturalist-open-data.s3.amazonaws.com/photos/661069708/original.jpg,http://creativecommons.org/licenses/by-nc/4.0/,False,paul_dennehy,paul_dennehy,United States of America,Pennsylvania,40.827808,-76.468117,2026-05-16T17:24:45,6321002686,,661069708,downloaded,OK,1396317,e14d79f8722bdcd2cd4709f900f56e936ff5b12362c00fc20a01908aa2d4bfd2,aquatic_plant_images\Vallisneria_americana\Vallisneria_americana_GBIF_661069708.jpg
GBIF,Vallisneria americana,https://inaturalist-open-data.s3.amazonaws.com/photos/661069752/original.jpg,http://creativecommons.org/licenses/by-nc/4.0/,False,paul_dennehy,paul_dennehy,United States of America,Pennsylvania,40.827808,-76.468117,2026-05-16T17:24:45,6321002686,,661069752,downloaded,OK,1659997,8b4db40dd2275ba95cfd28fa9f54e4f5416dd99002283f0914b83e11fee73c79,aquatic_plant_images\Vallisneria_americana\Vallisneria_americana_GBIF_661069752.jpg
GBIF,Vallisneria americana,https://inaturalist-open-data.s3.amazonaws.com/photos/661069799/original.jpg,http://creativecommons.org/licenses/by-nc/4.0/,False,paul_dennehy,paul_dennehy,United States of America,Pennsylvania,40.827808,-76.468117,2026-05-16T17:24:45,6321002686,,661069799,downloaded,OK,1996649,9c4862bc4ae6baf7b60af2d0964fb75e4d920246b0a8a077a5575ffb2e635a1c,aquatic_plant_images\Vallisneria_americana\Vallisneria_americana_GBIF_661069799.jpg
GBIF,Vallisneria americana,https://inaturalist-open-data.s3.amazonaws.com/photos/661069859/original.jpg,http://creativecommons.org/licenses/by-nc/4.0/,False,paul_dennehy,paul_dennehy,United States of America,Pennsylvania,40.827808,-76.468117,2026-05-16T17:24:45,6321002686,,661069859,downloaded,OK,2052668,0f67d5df863d4d25161466ae5b84b7d28c4938e18b9d8db16a8bc14df78e55b5,aquatic_plant_images\Vallisneria_americana\Vallisneria_americana_GBIF_661069859.jpg
GBIF,Vallisneria americana,https://inaturalist-open-data.s3.amazonaws.com/photos/665904564/original.jpg,http://creativecommons.org/licenses/by-nc/4.0/,False,itsandrizzle,itsandrizzle,United States of America,Pennsylvania,40.880263,-78.082917,2026-05-24T10:03,6334180490,,665904564,downloaded,OK,3620100,e518485c439dfe36c03157c8c7aec429ce64db2ca5124be7f47572f16d9afaa5,aquatic_plant_images\Vallisneria_americana\Vallisneria_americana_GBIF_665904564.jpg
GBIF,Vallisneria americana,https://inaturalist-open-data.s3.amazonaws.com/photos/662837470/original.jpg,http://creativecommons.org/licenses/by/4.0/,True,Scott Allen Davis,Scott Allen Davis,United States of America,Florida,28.03918,-81.718724,2026-05-17T14:16:01,6334686950,,662837470,downloaded,OK,1999392,9f53e625ebc04bd874f33e60c2ce6bfe30c40aacb11add78b3ee8c78c9df40c1,aquatic_plant_images\Vallisneria_americana\Vallisneria_americana_GBIF_662837470.jpg
GBIF,Vallisneria americana,https://inaturalist-open-data.s3.amazonaws.com/photos/662837520/original.jpg,http://creativecommons.org/licenses/by/4.0/,True,Scott Allen Davis,Scott Allen Davis,United States of America,Florida,28.03918,-81.718724,2026-05-17T14:16:01,6334686950,,662837520,downloaded,OK,2146478,c3cc76a3873406b3bd6431ef3244acf5d0d846862c8b5938e84d35a236c07f3f,aquatic_plant_images\Vallisneria_americana\Vallisneria_americana_GBIF_662837520.jpg
GBIF,Vallisneria americana,https://inaturalist-open-data.s3.amazonaws.com/photos/662837931/original.jpg,http://creativecommons.org/licenses/by/4.0/,True,Scott Allen Davis,Scott Allen Davis,United States of America,Florida,28.03918,-81.718724,2026-05-17T14:16:01,6334686950,,662837931,downloaded,OK,2791437,e8f0a95bac6884b98b92ba336367bd0961971c9470acd2b14585a07f4d74f8d3,aquatic_plant_images\Vallisneria_americana\Vallisneria_americana_GBIF_662837931.jpg
GBIF,Vallisneria americana,https://inaturalist-open-data.s3.amazonaws.com/photos/663405758/original.jpg,http://creativecommons.org/licenses/by-nc-sa/4.0/,False,Lee Elliott,Lee Elliott,United States of America,Missouri,37.46057,-91.68345,2026-05-14T10:33,6334904353,,663405758,downloaded,OK,1866058,9372faace4ccd12d7e3eb9682e85040027aa0ee825a5534b739f4f039d05bba5,aquatic_plant_images\Vallisneria_americana\Vallisneria_americana_GBIF_663405758.jpg
GBIF,Vallisneria americana,https://inaturalist-open-data.s3.amazonaws.com/photos/642743321/original.jpg,http://creativecommons.org/licenses/by-nc/4.0/,False,Ken Potter,Ken Potter,United States of America,Michigan,42.468937,-83.996645,2026-04-21T16:53,6234165842,,642743321,skipped_duplicate,Duplicate URL/photo ID,,,
GBIF,Vallisneria americana,https://inaturalist-open-data.s3.amazonaws.com/photos/642743335/original.jpg,http://creativecommons.org/licenses/by-nc/4.0/,False,Ken Potter,Ken Potter,United States of America,Michigan,42.468937,-83.996645,2026-04-21T16:53,6234165842,,642743335,skipped_duplicate,Duplicate URL/photo ID,,,
GBIF,Vallisneria americana,https://inaturalist-open-data.s3.amazonaws.com/photos/642743354/original.jpg,http://creativecommons.org/licenses/by-nc/4.0/,False,Ken Potter,Ken Potter,United States of America,Michigan,42.468937,-83.996645,2026-04-21T16:53,6234165842,,642743354,skipped_duplicate,Duplicate URL/photo ID,,,
iNaturalist,Brasenia schreberi,https://inaturalist-open-data.s3.amazonaws.com/photos/743562794/square.jpg,cc-by-nc,True,,,,,35.1098638333,-78.9434366667,2026-09-30,,404863250,743562794,downloaded,OK,13594,18bdcfd0a1321cabe48506f83393bce376a8c8b0325f88968c26f46b8865473a,aquatic_plant_images\Brasenia_schreberi\Brasenia_schreberi_iNaturalist_743562794.jpg
iNaturalist,Brasenia schreberi,https://inaturalist-open-data.s3.amazonaws.com/photos/743529679/square.jpg,cc-by-nc,True,,,,,44.3793397997,-64.8822808,2026-09-27,,404853315,743529679,downloaded,OK,3759,57a22b8dca88d35cad2e8ead3f05200544bfea3b2e30a81fc740b3a97e1b2043,aquatic_plant_images\Brasenia_schreberi\Brasenia_schreberi_iNaturalist_743529679.jpg
iNaturalist,Brasenia schreberi,https://inaturalist-open-data.s3.amazonaws.com/photos/743533522/square.jpg,cc-by-nc,True,,,,,35.1540487453,-79.3683059401,2026-09-30,,404849666,743533522,downloaded,OK,14387,92c6cebb63ea168d2a86e925dbbf1beb1cfb7f07454d5893b5c22931b93276e2,aquatic_plant_images\Brasenia_schreberi\Brasenia_schreberi_iNaturalist_743533522.jpg
iNaturalist,Brasenia schreberi,https://inaturalist-open-data.s3.amazonaws.com/photos/743505344/square.jpg,cc-by-nc,True,,,,,45.58446249,-72.1360127,2026-09-30,,404835563,743505344,downloaded,OK,6235,78f78303e1b8e5eed2c6e5c261198c5acdf9926a468571cfd3046eb531e87067,aquatic_plant_images\Brasenia_schreberi\Brasenia_schreberi_iNaturalist_743505344.jpg
iNaturalist,Brasenia schreberi,https://inaturalist-open-data.s3.amazonaws.com/photos/743454784/square.jpg,cc-by-nc,True,,,,,41.6868141387,-80.8789107855,2026-09-26,,404810850,743454784,downloaded,OK,8916,875c95cad0c85a2d9bc02b8c384c713bbac3c327b3a2212439af7d6dcda9c165,aquatic_plant_images\Brasenia_schreberi\Brasenia_schreberi_iNaturalist_743454784.jpg
iNaturalist,Brasenia schreberi,https://inaturalist-open-data.s3.amazonaws.com/photos/743454864/square.jpg,cc-by-nc,True,,,,,41.6868141387,-80.8789107855,2026-09-26,,404810850,743454864,downloaded,OK,7671,bbca2b2c9c0cd91d9341692c48616fcfec6204c38f0bd3a0f3efca9b49456113,aquatic_plant_images\Brasenia_schreberi\Brasenia_schreberi_iNaturalist_743454864.jpg
iNaturalist,Brasenia schreberi,https://inaturalist-open-data.s3.amazonaws.com/photos/743449230/square.jpg,cc-by,True,,,,,41.4000333333,-72.4967033333,2026-09-30,,404807967,743449230,downloaded,OK,12062,0c1b2c31847b2f6d0ca61899a026ae6e88e2a5f19a4f95d40ddf54256f8de359,aquatic_plant_images\Brasenia_schreberi\Brasenia_schreberi_iNaturalist_743449230.jpg
iNaturalist,Brasenia schreberi,https://inaturalist-open-data.s3.amazonaws.com/photos/743449234/square.jpg,cc-by,True,,,,,41.4000333333,-72.4967033333,2026-09-30,,404807967,743449234,downloaded,OK,11758,ea8a91bdcd1402c72822da7cabddb01de0e7b343fd60a8884fd53d32319069a7,aquatic_plant_images\Brasenia_schreberi\Brasenia_schreberi_iNaturalist_743449234.jpg
iNaturalist,Brasenia schreberi,https://inaturalist-open-data.s3.amazonaws.com/photos/743449233/square.jpg,cc-by,True,,,,,41.4000333333,-72.4967033333,2026-09-30,,404807967,743449233,downloaded,OK,11909,4b87d729497e7015f372a11f5c3d49318756c8ee8225c57777c6c1a58ee48282,aquatic_plant_images\Brasenia_schreberi\Brasenia_schreberi_iNaturalist_743449233.jpg
iNaturalist,Brasenia schreberi,https://inaturalist-open-data.s3.amazonaws.com/photos/743448305/square.jpg,cc-by-nc,True,,,,,44.789341609,-84.5487349761,2026-08-29,,404807434,743448305,downloaded,OK,9954,4e18893ae844dbb80931d4e34f3584796944a6a9f4393542887e6bf8bf6b167a,aquatic_plant_images\Brasenia_schreberi\Brasenia_schreberi_iNaturalist_743448305.jpg
iNaturalist,Brasenia schreberi,https://inaturalist-open-data.s3.amazonaws.com/photos/743445162/square.jpg,cc-by,True,,,,,41.3998216667,-72.4975133333,2026-09-30,,404805890,743445162,downloaded,OK,10481,db44308c7accbe3c849378ecbfa748a3b9edb0f441265d497e48f80951fbe608,aquatic_plant_images\Brasenia_schreberi\Brasenia_schreberi_iNaturalist_743445162.jpg
iNaturalist,Brasenia schreberi,https://inaturalist-open-data.s3.amazonaws.com/photos/743445171/square.jpg,cc-by,True,,,,,41.3998216667,-72.4975133333,2026-09-30,,404805890,743445171,downloaded,OK,8353,bc89b0630917c8fcdf665cd50f6e4ffe32a1fc3f74de7b02d9b25cb6a1bbc615,aquatic_plant_images\Brasenia_schreberi\Brasenia_schreberi_iNaturalist_743445171.jpg
iNaturalist,Brasenia schreberi,https://inaturalist-open-data.s3.amazonaws.com/photos/743445170/square.jpg,cc-by,True,,,,,41.3998216667,-72.4975133333,2026-09-30,,404805890,743445170,downloaded,OK,9458,d67fda9304045b0f1945dd1cc3cdd4737f7c08d8b29d1555f56e8c975ee534a8,aquatic_plant_images\Brasenia_schreberi\Brasenia_schreberi_iNaturalist_743445170.jpg
iNaturalist,Brasenia schreberi,https://inaturalist-open-data.s3.amazonaws.com/photos/743445173/square.jpg,cc-by,True,,,,,41.3998216667,-72.4975133333,2026-09-30,,404805890,743445173,downloaded,OK,9789,a7ce8cc066a858d0ab177253ebb776a12540e243fd746a96f44bee7f15368427,aquatic_plant_images\Brasenia_schreberi\Brasenia_schreberi_iNaturalist_743445173.jpg
iNaturalist,Brasenia schreberi,https://inaturalist-open-data.s3.amazonaws.com/photos/743445177/square.jpg,cc-by,True,,,,,41.3998216667,-72.4975133333,2026-09-30,,404805890,743445177,downloaded,OK,12047,3a5d325c048d54d0db86ff1ed137f0723bd28de13969cd39b0ad266ec5f2427a,aquatic_plant_images\Brasenia_schreberi\Brasenia_schreberi_iNaturalist_743445177.jpg
iNaturalist,Brasenia schreberi,https://inaturalist-open-data.s3.amazonaws.com/photos/743429866/square.jpg,cc-by-nc,True,,,,,32.6569033333,-87.97612,2023-05-19,,404798158,743429866,downloaded,OK,14188,f5ef1ed6c244c8c6fccc7f56f21b70e2f286e0b5356baf59c82dad7c84e44d35,aquatic_plant_images\Brasenia_schreberi\Brasenia_schreberi_iNaturalist_743429866.jpg
iNaturalist,Brasenia schreberi,https://inaturalist-open-data.s3.amazonaws.com/photos/743126466/square.jpg,cc-by-nc,True,,,,,47.792973,-92.086782,2026-08-20,,404640945,743126466,downloaded,OK,9750,09a74495c48a230dd4a4304b79c09185ebb563091203a03467004a34c770b68d,aquatic_plant_images\Brasenia_schreberi\Brasenia_schreberi_iNaturalist_743126466.jpg
iNaturalist,Brasenia schreberi,https://static.inaturalist.org/photos/743108222/square.jpg,,False,,,,,44.58967,-76.9806216667,2026-09-29,,404631326,743108222,downloaded,OK,4858,984a17bab05c6661409df1aa49b486f14e12b60c7786fe0b10c2da18a4b6aca0,aquatic_plant_images\Brasenia_schreberi\Brasenia_schreberi_iNaturalist_743108222.jpg
iNaturalist,Brasenia schreberi,https://static.inaturalist.org/photos/743048053/square.jpg,,False,,,,,44.8241975457,-79.5101425022,2026-09-20,,404606861,743048053,downloaded,OK,5947,5b8013b12aaa55977ce23c04855dc7b3cf54ccd714dff9e6ef0cea9f119bf99e,aquatic_plant_images\Brasenia_schreberi\Brasenia_schreberi_iNaturalist_743048053.jpg
iNaturalist,Brasenia schreberi,https://inaturalist-open-data.s3.amazonaws.com/photos/742984923/square.jpg,cc-by-nc,True,,,,,35.43515,-88.6724616667,2026-09-29,,404573569,742984923,downloaded,OK,4230,82fe311791f4a12002856b9a0ec55fdd7c7381dbb8b382c0a5356ee055d88cb6,aquatic_plant_images\Brasenia_schreberi\Brasenia_schreberi_iNaturalist_742984923.jpg
iNaturalist,Brasenia schreberi,https://static.inaturalist.org/photos/742960210/square.jpg,,False,,,,,30.5353583333,-86.4679716667,2026-09-23,,404561599,742960210,downloaded,OK,13041,f33b255df88fd9b74007176e05ea0bbca954c37f80b721ebabe33f873dbc944a,aquatic_plant_images\Brasenia_schreberi\Brasenia_schreberi_iNaturalist_742960210.jpg
iNaturalist,Brasenia schreberi,https://static.inaturalist.org/photos/742960207/square.jpg,,False,,,,,30.5353583333,-86.4679716667,2026-09-23,,404561599,742960207,downloaded,OK,11715,30632b3dd651fb397b3a67a469a1016d630eb44ce911d9000839edb6b4846194,aquatic_plant_images\Brasenia_schreberi\Brasenia_schreberi_iNaturalist_742960207.jpg
iNaturalist,Brasenia schreberi,https://inaturalist-open-data.s3.amazonaws.com/photos/742758506/square.jpg,cc-by-nc,True,,,,,45.2992336461,-91.6013205353,2026-08-31,,404456758,742758506,downloaded,OK,12405,087e73abac8d462efe321ac6a72275784dd871914047f1c8e0ac45e270736bc9,aquatic_plant_images\Brasenia_schreberi\Brasenia_schreberi_iNaturalist_742758506.jpg
iNaturalist,Brasenia schreberi,https://inaturalist-open-data.s3.amazonaws.com/photos/742726716/square.jpg,cc-by-nc,True,,,,,44.936498939,-77.822812946,2026-09-27,,404440848,742726716,downloaded,OK,35060,ba5e9bf91cf6b57712ec662f680dfc46180a29df0ef4b7c385bbc7a83a579dd0,aquatic_plant_images\Brasenia_schreberi\Brasenia_schreberi_iNaturalist_742726716.jpg
iNaturalist,Brasenia schreberi,https://static.inaturalist.org/photos/742705889/square.jpg,,False,,,,,41.8564716667,-72.0004277783,2026-09-24,,404429838,742705889,downloaded,OK,5790,286f4f15c90f19d2db1f89ddaec26102a0dfffd6c2191ac73802cba036e57a39,aquatic_plant_images\Brasenia_schreberi\Brasenia_schreberi_iNaturalist_742705889.jpg
iNaturalist,Brasenia schreberi,https://static.inaturalist.org/photos/742624522/square.jpg,,False,,,,,49.3441616667,-124.6284716667,2026-09-28,,404388069,742624522,downloaded,OK,12261,7b204d37093843687e9c75bb74f56bb5dd36e6b462f70617e3a98e02d702aaa2,aquatic_plant_images\Brasenia_schreberi\Brasenia_schreberi_iNaturalist_742624522.jpg
iNaturalist,Brasenia schreberi,https://static.inaturalist.org/photos/742620418/square.jpg,,False,,,,,49.3430133333,-124.6289583333,2026-09-28,,404386171,742620418,downloaded,OK,13549,7fd8ab255673ed6ba213ad38805b0837fab5ed38b3055e7062b5806f4b694e45,aquatic_plant_images\Brasenia_schreberi\Brasenia_schreberi_iNaturalist_742620418.jpg
iNaturalist,Brasenia schreberi,https://inaturalist-open-data.s3.amazonaws.com/photos/742582499/square.jpg,cc-by-nc,True,,,,,46.630255,-87.4868466667,2026-09-24,,404367403,742582499,downloaded,OK,11077,f5bbc466e0edc422f19ebfbf731c223929a7cb7387906155ec6b408b15d9b805,aquatic_plant_images\Brasenia_schreberi\Brasenia_schreberi_iNaturalist_742582499.jpg
iNaturalist,Brasenia schreberi,https://inaturalist-open-data.s3.amazonaws.com/photos/742575329/square.jpg,cc-by-nc,True,,,,,45.988275,-73.99893,2026-08-30,,404363900,742575329,downloaded,OK,8728,82d0af5c2ddc81d4e9945cbbd144d79b29384b82c83726459a24ec233f50c7d6,aquatic_plant_images\Brasenia_schreberi\Brasenia_schreberi_iNaturalist_742575329.jpg
iNaturalist,Brasenia schreberi,https://inaturalist-open-data.s3.amazonaws.com/photos/742575340/square.jpg,cc-by-nc,True,,,,,45.988275,-73.99893,2026-08-30,,404363900,742575340,downloaded,OK,9943,e86aa9ca06a5f1aab3ce6e58c5f17fc29ea5f972c460eb1ec56fb7b0cabdf1dc,aquatic_plant_images\Brasenia_schreberi\Brasenia_schreberi_iNaturalist_742575340.jpg
iNaturalist,Brasenia schreberi,https://inaturalist-open-data.s3.amazonaws.com/photos/742575350/square.jpg,cc-by-nc,True,,,,,45.988275,-73.99893,2026-08-30,,404363900,742575350,downloaded,OK,11048,de496e543be7b62915f81c73f4bddb83bed9a6660d28360044231d2654ae2ba3,aquatic_plant_images\Brasenia_schreberi\Brasenia_schreberi_iNaturalist_742575350.jpg
iNaturalist,Brasenia schreberi,https://inaturalist-open-data.s3.amazonaws.com/photos/742575346/square.jpg,cc-by-nc,True,,,,,45.988275,-73.99893,2026-08-30,,404363900,742575346,downloaded,OK,11680,6eebc14d1b41eb33f6b516cd46e9fc1d10f29d11b083f3f30f8ac3f5fc4198e7,aquatic_plant_images\Brasenia_schreberi\Brasenia_schreberi_iNaturalist_742575346.jpg
iNaturalist,Brasenia schreberi,https://inaturalist-open-data.s3.amazonaws.com/photos/742575347/square.jpg,cc-by-nc,True,,,,,45.988275,-73.99893,2026-08-30,,404363900,742575347,downloaded,OK,10392,b64614d623d76233b47aaf419364da6115eb6ed494d2d56351ccc37c2c9ab77c,aquatic_plant_images\Brasenia_schreberi\Brasenia_schreberi_iNaturalist_742575347.jpg
iNaturalist,Brasenia schreberi,https://inaturalist-open-data.s3.amazonaws.com/photos/742575328/square.jpg,cc-by-nc,True,,,,,45.988275,-73.99893,2026-08-30,,404363900,742575328,downloaded,OK,13384,33abbb78a121fa7a19bda9561da93f58f8f598ff8b6e9bb939e66b383e773767,aquatic_plant_images\Brasenia_schreberi\Brasenia_schreberi_iNaturalist_742575328.jpg
iNaturalist,Brasenia schreberi,https://inaturalist-open-data.s3.amazonaws.com/photos/742575358/square.jpg,cc-by-nc,True,,,,,45.988275,-73.99893,2026-08-30,,404363900,742575358,downloaded,OK,8384,026e96786875aeda93f24f22ae73babf20215b9f098b2c4eb4cc959a199f3a01,aquatic_plant_images\Brasenia_schreberi\Brasenia_schreberi_iNaturalist_742575358.jpg
iNaturalist,Brasenia schreberi,https://inaturalist-open-data.s3.amazonaws.com/photos/742549780/square.jpg,cc-by-nc,True,,,,,42.9739962449,-81.3240941618,2026-09-23,,404355691,742549780,downloaded,OK,6588,f8480b227615fdf07bd7dd49fbb9ccf40eb1f1246823b5b0d50f4f3b562de234,aquatic_plant_images\Brasenia_schreberi\Brasenia_schreberi_iNaturalist_742549780.jpg
iNaturalist,Brasenia schreberi,https://inaturalist-open-data.s3.amazonaws.com/photos/742517129/square.jpg,cc-by,True,,,,,44.7889741997,-78.1952234,2026-09-27,,404335500,742517129,downloaded,OK,7879,87ccc59f9a00b5a12ff1a8e1446fef5d8f384385cf02c27a30bec76ef88c426a,aquatic_plant_images\Brasenia_schreberi\Brasenia_schreberi_iNaturalist_742517129.jpg
iNaturalist,Brasenia schreberi,https://inaturalist-open-data.s3.amazonaws.com/photos/742516513/square.jpg,cc-by,True,,,,,44.7889612,-78.1951981997,2026-09-27,,404335265,742516513,downloaded,OK,8384,8302a71cfe975649494998a3b66b7cb3a1737e3da063050426c8f3155d223b89,aquatic_plant_images\Brasenia_schreberi\Brasenia_schreberi_iNaturalist_742516513.jpg
iNaturalist,Brasenia schreberi,https://inaturalist-open-data.s3.amazonaws.com/photos/742462155/square.jpg,cc-by-nc,True,,,,,38.415807,-83.61293,2026-09-26,,404308755,742462155,downloaded,OK,8729,2e95365787f9f8f25403fdb647cd3c63131edaa5115520a54f99e9327c486f86,aquatic_plant_images\Brasenia_schreberi\Brasenia_schreberi_iNaturalist_742462155.jpg
iNaturalist,Brasenia schreberi,https://inaturalist-open-data.s3.amazonaws.com/photos/742462215/square.jpg,cc-by-nc,True,,,,,38.415807,-83.61293,2026-09-26,,404308755,742462215,downloaded,OK,8437,f5c65ec4d7f25bb3f271648b4124b0d74cac5a9991bf41fc0442f80166f5b2e2,aquatic_plant_images\Brasenia_schreberi\Brasenia_schreberi_iNaturalist_742462215.jpg
iNaturalist,Brasenia schreberi,https://inaturalist-open-data.s3.amazonaws.com/photos/742462264/square.jpg,cc-by-nc,True,,,,,38.415807,-83.61293,2026-09-26,,404308755,742462264,downloaded,OK,8129,5c60516b3b6a338c3cf679da0f6ba9eee97c39b9fe6dc82daa1421ecaea7868c,aquatic_plant_images\Brasenia_schreberi\Brasenia_schreberi_iNaturalist_742462264.jpg
iNaturalist,Brasenia schreberi,https://inaturalist-open-data.s3.amazonaws.com/photos/742462323/square.jpg,cc-by-nc,True,,,,,38.415807,-83.61293,2026-09-26,,404308755,742462323,downloaded,OK,7462,30b28a7c07e3c0c90542434b6cc29eae1826d31858cd6b2be32c15f5d0639143,aquatic_plant_images\Brasenia_schreberi\Brasenia_schreberi_iNaturalist_742462323.jpg
iNaturalist,Cabomba,https://inaturalist-open-data.s3.amazonaws.com/photos/743023017/square.jpg,cc-by,True,,,,,40.0843229016,-87.7490502764,2026-09-26,,404599389,743023017,downloaded,OK,4369,7486b04fc6c04df97be450ce4e0ac7b7a95fc7885c8f76005fd39fbb1363c6c1,aquatic_plant_images\Cabomba\Cabomba_iNaturalist_743023017.jpg
iNaturalist,Cabomba,https://inaturalist-open-data.s3.amazonaws.com/photos/743023023/square.jpg,cc-by,True,,,,,40.0843229016,-87.7490502764,2026-09-26,,404599389,743023023,downloaded,OK,4366,6241f55e07b66d497b5291fe8c9a9b0d14c156925fcf140621c3cbfd45b0a916,aquatic_plant_images\Cabomba\Cabomba_iNaturalist_743023023.jpg
iNaturalist,Cabomba,https://inaturalist-open-data.s3.amazonaws.com/photos/743023030/square.jpg,cc-by,True,,,,,40.0843229016,-87.7490502764,2026-09-26,,404599389,743023030,downloaded,OK,4824,7d0c433506fffa7c63feddec45c9115729b558146839585e21ca2c0438341294,aquatic_plant_images\Cabomba\Cabomba_iNaturalist_743023030.jpg
iNaturalist,Cabomba,https://inaturalist-open-data.s3.amazonaws.com/photos/743023094/square.jpg,cc-by,True,,,,,40.0843229016,-87.7490502764,2026-09-26,,404599389,743023094,downloaded,OK,4209,8fe7804b79e76d6e4e7f42a6f29670997922a048d5469e8e0399fff5928f5c48,aquatic_plant_images\Cabomba\Cabomba_iNaturalist_743023094.jpg
iNaturalist,Cabomba,https://inaturalist-open-data.s3.amazonaws.com/photos/743023093/square.jpg,cc-by,True,,,,,40.0843229016,-87.7490502764,2026-09-26,,404599389,743023093,downloaded,OK,4106,96a93df7c1e2d38fbd024d1abb3a4f4d6263339f79411f733c86f4744443ca3a,aquatic_plant_images\Cabomba\Cabomba_iNaturalist_743023093.jpg
iNaturalist,Cabomba,https://inaturalist-open-data.s3.amazonaws.com/photos/743023170/square.jpg,cc-by,True,,,,,40.0843229016,-87.7490502764,2026-09-26,,404599389,743023170,downloaded,OK,5054,50ba0ff657592082d5563d2c20e31dd045be899f5c4e8fe9bdacaee13d0bfcca,aquatic_plant_images\Cabomba\Cabomba_iNaturalist_743023170.jpg
iNaturalist,Cabomba,https://static.inaturalist.org/photos/742327637/square.jpg,,False,,,,,32.5638466997,-86.3331675997,2026-09-23,,404082408,742327637,downloaded,OK,7115,1fec3b9b57aa6b84ba523a9d44834f9ca4600526d535aacc16544e2cf3b3dd98,aquatic_plant_images\Cabomba\Cabomba_iNaturalist_742327637.jpg
iNaturalist,Cabomba,https://inaturalist-open-data.s3.amazonaws.com/photos/741510622/square.jpg,cc-by-nc,True,,,,,41.7810111111,-71.8650666667,2026-09-23,,403836794,741510622,downloaded,OK,4749,3a90eee9c0a8c114f9dbd82347338c8e43b1ab62c43c58902249972730f6b29d,aquatic_plant_images\Cabomba\Cabomba_iNaturalist_741510622.jpg
iNaturalist,Cabomba,https://inaturalist-open-data.s3.amazonaws.com/photos/741510684/square.jpg,cc-by-nc,True,,,,,41.7810111111,-71.8650666667,2026-09-23,,403836794,741510684,downloaded,OK,4674,7978bde636eaaa5d0f63f33f4878a26cdb585331e05f29e60f88768cd5dc052a,aquatic_plant_images\Cabomba\Cabomba_iNaturalist_741510684.jpg
iNaturalist,Cabomba,https://inaturalist-open-data.s3.amazonaws.com/photos/741510682/square.jpg,cc-by-nc,True,,,,,41.7810111111,-71.8650666667,2026-09-23,,403836794,741510682,downloaded,OK,4932,56235d993a38389569c434d2e73e938b06dea104b491c2512b42ec234f8d54a4,aquatic_plant_images\Cabomba\Cabomba_iNaturalist_741510682.jpg
iNaturalist,Cabomba,https://inaturalist-open-data.s3.amazonaws.com/photos/741510761/square.jpg,cc-by-nc,True,,,,,41.7810111111,-71.8650666667,2026-09-23,,403836794,741510761,downloaded,OK,4935,633dc7e26496717fd0c1bab46b17f24f1775fa19c4c8b03283dcbafde212f669,aquatic_plant_images\Cabomba\Cabomba_iNaturalist_741510761.jpg
iNaturalist,Cabomba,https://inaturalist-open-data.s3.amazonaws.com/photos/741206359/square.jpg,cc-by-nc,True,,,,,34.7682684171,-87.4376106262,2026-09-25,,403676454,741206359,downloaded,OK,7538,a8b58d73eb5728f22c6c4c56171e363d9cd728ba0361fa13d41960be59f1ce1d,aquatic_plant_images\Cabomba\Cabomba_iNaturalist_741206359.jpg
iNaturalist,Cabomba,https://inaturalist-open-data.s3.amazonaws.com/photos/741206445/square.jpg,cc-by-nc,True,,,,,34.7682684171,-87.4376106262,2026-09-25,,403676454,741206445,downloaded,OK,6526,e91e8c2ef0c75bdcf22aa9a8844333cc076e08d17530d6a4288cffb0d4ac7d13,aquatic_plant_images\Cabomba\Cabomba_iNaturalist_741206445.jpg
iNaturalist,Cabomba,https://inaturalist-open-data.s3.amazonaws.com/photos/741206504/square.jpg,cc-by-nc,True,,,,,34.7682684171,-87.4376106262,2026-09-25,,403676454,741206504,downloaded,OK,5855,5d7e48698a6f0cee60405c40fcc18dfb887b2ce9144ac68d2a90014aee11a622,aquatic_plant_images\Cabomba\Cabomba_iNaturalist_741206504.jpg
iNaturalist,Cabomba,https://inaturalist-open-data.s3.amazonaws.com/photos/741206605/square.jpg,cc-by-nc,True,,,,,34.7682684171,-87.4376106262,2026-09-25,,403676454,741206605,downloaded,OK,5201,c619daa58bdae5002c60c688c924b6c89aa38fce9dc5663d85f5e6a0aa8d5f61,aquatic_plant_images\Cabomba\Cabomba_iNaturalist_741206605.jpg
iNaturalist,Cabomba,https://inaturalist-open-data.s3.amazonaws.com/photos/741206672/square.jpg,cc-by-nc,True,,,,,34.7682684171,-87.4376106262,2026-09-25,,403676454,741206672,downloaded,OK,6254,13b88cd0c1c4c82d13cefb5ccf529ef7343caac34311c754a61cd7339418f66e,aquatic_plant_images\Cabomba\Cabomba_iNaturalist_741206672.jpg
iNaturalist,Cabomba,https://inaturalist-open-data.s3.amazonaws.com/photos/741235961/square.jpg,cc-by-nc,True,,,,,40.0953307603,-87.6882717213,2026-09-26,,403675409,741235961,downloaded,OK,4699,99ea14de29916e56e3e577892e420c8c24c331cf928325490acdf6e0bb271924,aquatic_plant_images\Cabomba\Cabomba_iNaturalist_741235961.jpg
iNaturalist,Cabomba,https://inaturalist-open-data.s3.amazonaws.com/photos/741236028/square.jpg,cc-by-nc,True,,,,,40.0953307603,-87.6882717213,2026-09-26,,403675409,741236028,downloaded,OK,4948,05811e9e95d208f0ba4c607e434d71ebe3bff4f1cad1a05b7f048da1c973a807,aquatic_plant_images\Cabomba\Cabomba_iNaturalist_741236028.jpg
iNaturalist,Cabomba,https://inaturalist-open-data.s3.amazonaws.com/photos/741236122/square.jpg,cc-by-nc,True,,,,,40.0953307603,-87.6882717213,2026-09-26,,403675409,741236122,downloaded,OK,5310,03340312bf3856fbbf7f17ae7c71f17edec2c1dee6da34c49ab740e5620406d3,aquatic_plant_images\Cabomba\Cabomba_iNaturalist_741236122.jpg
iNaturalist,Cabomba,https://inaturalist-open-data.s3.amazonaws.com/photos/741236177/square.jpg,cc-by-nc,True,,,,,40.0953307603,-87.6882717213,2026-09-26,,403675409,741236177,downloaded,OK,4790,af3f882be66f093b6d3e303084fb07d0e0803aa35ee571f311d1e340f085c783,aquatic_plant_images\Cabomba\Cabomba_iNaturalist_741236177.jpg
iNaturalist,Cabomba,https://inaturalist-open-data.s3.amazonaws.com/photos/741236270/square.jpg,cc-by-nc,True,,,,,40.0953307603,-87.6882717213,2026-09-26,,403675409,741236270,downloaded,OK,5432,61191c7a08cd68623ef806d24086fa64aab24dff49ddada3cffa33b49062df32,aquatic_plant_images\Cabomba\Cabomba_iNaturalist_741236270.jpg
iNaturalist,Cabomba,https://inaturalist-open-data.s3.amazonaws.com/photos/741236311/square.jpg,cc-by-nc,True,,,,,40.0953307603,-87.6882717213,2026-09-26,,403675409,741236311,downloaded,OK,4460,50172db281cc5aaaeeffd4b8bc4151e2991dae59ef1b73c42490f33042cb5dba,aquatic_plant_images\Cabomba\Cabomba_iNaturalist_741236311.jpg
iNaturalist,Cabomba,https://inaturalist-open-data.s3.amazonaws.com/photos/741029862/square.jpg,cc-by-nc,True,,,,,34.7703166728,-87.4407994375,2026-09-25,,403587251,741029862,downloaded,OK,7508,ce80cd80f368d12150c95783d5c61100fced899fb005e9700243e44c70478ee6,aquatic_plant_images\Cabomba\Cabomba_iNaturalist_741029862.jpg
iNaturalist,Cabomba,https://inaturalist-open-data.s3.amazonaws.com/photos/740978492/square.jpg,cc-by-nc,True,,,,,34.7703166728,-87.4407994375,2026-09-25,,403560223,740978492,downloaded,OK,7324,f802e0a1bf3919c3fb2c9eba486dc5ddc16871cc8719a954150e65893d978e1b,aquatic_plant_images\Cabomba\Cabomba_iNaturalist_740978492.jpg
iNaturalist,Cabomba,https://inaturalist-open-data.s3.amazonaws.com/photos/740978547/square.jpg,cc-by-nc,True,,,,,34.7703166728,-87.4407994375,2026-09-25,,403560223,740978547,downloaded,OK,7336,2cc20ac607da8c7b3d6ba9c8a6b10fc891a4b0ae39d9f443de2db2e11a714884,aquatic_plant_images\Cabomba\Cabomba_iNaturalist_740978547.jpg
iNaturalist,Cabomba,https://static.inaturalist.org/photos/740412289/square.jpg,,False,,,,,33.9490021423,-84.3171782792,2026-09-25,,403272048,740412289,downloaded,OK,7277,28016059045ea5ee7c563df5fdc494042145f4252eba512cd976d7eecfce66f2,aquatic_plant_images\Cabomba\Cabomba_iNaturalist_740412289.jpg
iNaturalist,Cabomba,https://static.inaturalist.org/photos/740425832/square.jpg,,False,,,,,33.9490021423,-84.3171782792,2026-09-25,,403272048,740425832,downloaded,OK,4864,8c9e7b98f5bede26b706734b8693a6bd07e03697be824ff38fd5edbda5283331,aquatic_plant_images\Cabomba\Cabomba_iNaturalist_740425832.jpg
iNaturalist,Cabomba,https://static.inaturalist.org/photos/740425896/square.jpg,,False,,,,,33.9490021423,-84.3171782792,2026-09-25,,403272048,740425896,downloaded,OK,5248,4765d4cf28e374db2bd84eb467d4b9e1f169808c833a77fe8646bd584a93e3db,aquatic_plant_images\Cabomba\Cabomba_iNaturalist_740425896.jpg
iNaturalist,Cabomba,https://inaturalist-open-data.s3.amazonaws.com/photos/739692360/square.jpg,cc-by-nc,True,,,,,33.935325,-93.4444805556,2026-09-23,,402903664,739692360,downloaded,OK,5531,a5a71763715b42f81666a1cd80b5e2133a89929f99c3dc82a6e07b953c9bbdf4,aquatic_plant_images\Cabomba\Cabomba_iNaturalist_739692360.jpg
iNaturalist,Cabomba,https://inaturalist-open-data.s3.amazonaws.com/photos/739692356/square.jpg,cc-by-nc,True,,,,,33.935325,-93.4444805556,2026-09-23,,402903664,739692356,downloaded,OK,5457,30e70f37076fb54aec6ebb9d619be9687ac20661fbc2f4c23331c92215e16277,aquatic_plant_images\Cabomba\Cabomba_iNaturalist_739692356.jpg
iNaturalist,Cabomba,https://inaturalist-open-data.s3.amazonaws.com/photos/739692359/square.jpg,cc-by-nc,True,,,,,33.935325,-93.4444805556,2026-09-23,,402903664,739692359,downloaded,OK,5060,cdf42374eb38b50c4a31e309475de05a2d3f208bda1909df95590c269fddd054,aquatic_plant_images\Cabomba\Cabomba_iNaturalist_739692359.jpg
iNaturalist,Cabomba,https://inaturalist-open-data.s3.amazonaws.com/photos/739692385/square.jpg,cc-by-nc,True,,,,,33.935325,-93.4444805556,2026-09-23,,402903664,739692385,downloaded,OK,5329,3bf4ac23126b8061c91662755af9cf82a11f4da54ca47158daaaa574265d457b,aquatic_plant_images\Cabomba\Cabomba_iNaturalist_739692385.jpg
iNaturalist,Cabomba,https://inaturalist-open-data.s3.amazonaws.com/photos/739691938/square.jpg,cc-by-nc,True,,,,,33.9328888889,-93.4441055556,2026-09-23,,402903463,739691938,downloaded,OK,5444,e3621af749679ed62e92ee5eeae82a10a0bec58eff1a9ee2cc0455d45e683409,aquatic_plant_images\Cabomba\Cabomba_iNaturalist_739691938.jpg
iNaturalist,Cabomba,https://inaturalist-open-data.s3.amazonaws.com/photos/739691939/square.jpg,cc-by-nc,True,,,,,33.9328888889,-93.4441055556,2026-09-23,,402903463,739691939,downloaded,OK,5410,530035682e15fa0e65c0ce856043f54e4d3345369bf73628f0aadd39f941c3e4,aquatic_plant_images\Cabomba\Cabomba_iNaturalist_739691939.jpg
iNaturalist,Cabomba,https://inaturalist-open-data.s3.amazonaws.com/photos/739691937/square.jpg,cc-by-nc,True,,,,,33.9328888889,-93.4441055556,2026-09-23,,402903463,739691937,downloaded,OK,5331,60f5b9c695151d43fb2c375e8b50081eb0801405b2fb1a97aca1916605a10ab1,aquatic_plant_images\Cabomba\Cabomba_iNaturalist_739691937.jpg
iNaturalist,Cabomba,https://inaturalist-open-data.s3.amazonaws.com/photos/739608069/square.jpg,cc-by-nc,True,,,,,33.9352916667,-93.4444283333,2026-09-23,,402862855,739608069,downloaded,OK,5200,566a5b260d0aa114f023be971818e3a13c080e24687e578b1d16279a03300910,aquatic_plant_images\Cabomba\Cabomba_iNaturalist_739608069.jpg
iNaturalist,Cabomba,https://inaturalist-open-data.s3.amazonaws.com/photos/739608123/square.jpg,cc-by-nc,True,,,,,33.9352916667,-93.4444283333,2026-09-23,,402862855,739608123,downloaded,OK,4993,b695a658827394b6b88b9f1588efef2a9f9456ae6ff8ae9d798a641c87fb41ef,aquatic_plant_images\Cabomba\Cabomba_iNaturalist_739608123.jpg
iNaturalist,Cabomba,https://inaturalist-open-data.s3.amazonaws.com/photos/739608159/square.jpg,cc-by-nc,True,,,,,33.9352916667,-93.4444283333,2026-09-23,,402862855,739608159,downloaded,OK,5304,5d5576316bdaafbbb363349d37754135b4a55c059fc7d3e0ec6207c79ed332d0,aquatic_plant_images\Cabomba\Cabomba_iNaturalist_739608159.jpg
iNaturalist,Cabomba,https://inaturalist-open-data.s3.amazonaws.com/photos/739608209/square.jpg,cc-by-nc,True,,,,,33.9352916667,-93.4444283333,2026-09-23,,402862855,739608209,downloaded,OK,5983,0024459d8cc4d091621ab94b80ef31b1a8fc9c66ff534004c44bf41653505a70,aquatic_plant_images\Cabomba\Cabomba_iNaturalist_739608209.jpg
iNaturalist,Cabomba,https://inaturalist-open-data.s3.amazonaws.com/photos/739608256/square.jpg,cc-by-nc,True,,,,,33.9352916667,-93.4444283333,2026-09-23,,402862855,739608256,downloaded,OK,5010,d1420c7e490d3c378b8e1a305089d82822bcf274b396208682a838263bf058b5,aquatic_plant_images\Cabomba\Cabomba_iNaturalist_739608256.jpg
iNaturalist,Cabomba,https://inaturalist-open-data.s3.amazonaws.com/photos/739606110/square.jpg,cc-by-nc,True,,,,,33.8797416667,-93.29898,2026-09-23,,402861926,739606110,downloaded,OK,5951,b248517f274f82e6424eb1b1b157d5f45053d017f544c3a4212183e7d8aa441a,aquatic_plant_images\Cabomba\Cabomba_iNaturalist_739606110.jpg
iNaturalist,Cabomba,https://inaturalist-open-data.s3.amazonaws.com/photos/739606141/square.jpg,cc-by-nc,True,,,,,33.8797416667,-93.29898,2026-09-23,,402861926,739606141,downloaded,OK,5758,085c0a0bdfa1f3c187b383c1a15ccf419685c5fdd126a7700f38af0cec60268b,aquatic_plant_images\Cabomba\Cabomba_iNaturalist_739606141.jpg
iNaturalist,Cabomba,https://inaturalist-open-data.s3.amazonaws.com/photos/739606166/square.jpg,cc-by-nc,True,,,,,33.8797416667,-93.29898,2026-09-23,,402861926,739606166,downloaded,OK,5445,27c48681955e0341dd8338efa0f2d467283a09bf33def23b784fb6975f6f0b28,aquatic_plant_images\Cabomba\Cabomba_iNaturalist_739606166.jpg
iNaturalist,Cabomba,https://inaturalist-open-data.s3.amazonaws.com/photos/738532637/square.jpg,cc-by,True,,,,,42.5932888889,-72.5754694444,2026-09-21,,402314194,738532637,downloaded,OK,4961,752096c333aa04678db9719306ff33cdac920d318a1df8b31476c720f7d2bebf,aquatic_plant_images\Cabomba\Cabomba_iNaturalist_738532637.jpg
iNaturalist,Cabomba,https://inaturalist-open-data.s3.amazonaws.com/photos/738532643/square.jpg,cc-by,True,,,,,42.5932888889,-72.5754694444,2026-09-21,,402314194,738532643,downloaded,OK,4733,4209140a93fe88b977c89edfbdb0741fb5ba1d83ef8551f9c3ba75002cadc18a,aquatic_plant_images\Cabomba\Cabomba_iNaturalist_738532643.jpg
iNaturalist,Cabomba,https://inaturalist-open-data.s3.amazonaws.com/photos/738531588/square.jpg,cc-by,True,,,,,42.5914944444,-72.5763166667,2026-09-21,,402313807,738531588,downloaded,OK,4613,9850ba017a2ff32f62819c0ee66a05bace8b1b8b69936f494f0d488fe823cb17,aquatic_plant_images\Cabomba\Cabomba_iNaturalist_738531588.jpg
iNaturalist,Cabomba,https://inaturalist-open-data.s3.amazonaws.com/photos/738531587/square.jpg,cc-by,True,,,,,42.5914944444,-72.5763166667,2026-09-21,,402313807,738531587,downloaded,OK,5088,1aefed757479bf58d45255f84fc45b1ce3780828445931b6216452ba88af73a0,aquatic_plant_images\Cabomba\Cabomba_iNaturalist_738531587.jpg
iNaturalist,Cabomba,https://inaturalist-open-data.s3.amazonaws.com/photos/738498686/square.jpg,cc-by-nc,True,,,,,40.6638189722,-73.5190099722,2026-09-21,,402292559,738498686,downloaded,OK,8156,8e0a9cd110247a48074792ff7c7512f6f246b2ce578fe40c831333be97a8e8b1,aquatic_plant_images\Cabomba\Cabomba_iNaturalist_738498686.jpg
iNaturalist,Cabomba,https://inaturalist-open-data.s3.amazonaws.com/photos/738498758/square.jpg,cc-by-nc,True,,,,,40.6638189722,-73.5190099722,2026-09-21,,402292559,738498758,downloaded,OK,8070,2da29e70ae4dbde760098a49ce43b09e78ccc0be1b42fb11a84493ecf19a51d7,aquatic_plant_images\Cabomba\Cabomba_iNaturalist_738498758.jpg
iNaturalist,Cabomba,https://inaturalist-open-data.s3.amazonaws.com/photos/738498812/square.jpg,cc-by-nc,True,,,,,40.6638189722,-73.5190099722,2026-09-21,,402292559,738498812,downloaded,OK,8391,6782d7c17bda83e04e1356807cf1873d02ab4ba155a4f55d07d83f06d4972c13,aquatic_plant_images\Cabomba\Cabomba_iNaturalist_738498812.jpg
iNaturalist,Cabomba,https://inaturalist-open-data.s3.amazonaws.com/photos/738459184/square.jpg,cc-by-nc,True,,,,,41.7591171265,-72.1772613525,2026-09-21,,402271814,738459184,downloaded,OK,7697,3f2ab671a6c57ab2cbe64cdf912fb8edcda9d13bc772e7f5798055104c7da628,aquatic_plant_images\Cabomba\Cabomba_iNaturalist_738459184.jpg
iNaturalist,Cabomba,https://inaturalist-open-data.s3.amazonaws.com/photos/738114158/square.jpg,cc-by-nc,True,,,,,29.7030801229,-98.1163760508,2026-07-29,,402096157,738114158,downloaded,OK,13966,6359b2a630a8dfad284431fe8058de40cfafb580ce9c7108cd2bd82a9df750da,aquatic_plant_images\Cabomba\Cabomba_iNaturalist_738114158.jpg
iNaturalist,Cabomba,https://inaturalist-open-data.s3.amazonaws.com/photos/736722507/square.jpg,cc-by,True,,,,,40.4396365467,-74.3345355604,2026-09-18,,401415734,736722507,downloaded,OK,3191,5ab8727beaebe864b51b2753e12f8a33b933a0baf4b4ec4d3607accd40b98c2d,aquatic_plant_images\Cabomba\Cabomba_iNaturalist_736722507.jpg
iNaturalist,Cabomba,https://inaturalist-open-data.s3.amazonaws.com/photos/736406918/square.jpg,cc-by-nc,True,,,,,42.6672231945,-72.2083416581,2026-09-18,,401230091,736406918,downloaded,OK,6935,457b857ac16c26e10e6b911093f7664963f4e28ea5feb8b35507e869d654ad3b,aquatic_plant_images\Cabomba\Cabomba_iNaturalist_736406918.jpg
iNaturalist,Cabomba,https://inaturalist-open-data.s3.amazonaws.com/photos/735593348/square.jpg,cc-by-nc,True,,,,,42.2896575808,-71.302573982,2026-09-16,,400818350,735593348,downloaded,OK,10561,a7b1ecfe557b45ace0888ac9ebff53f1c0b833a4ee8696c0e0e9f8f37c051eea,aquatic_plant_images\Cabomba\Cabomba_iNaturalist_735593348.jpg
iNaturalist,Cabomba,https://inaturalist-open-data.s3.amazonaws.com/photos/735592620/square.jpg,cc-by-nc,True,,,,,42.289610932,-71.3029897921,2026-09-16,,400817910,735592620,downloaded,OK,12080,9f6b27fd803d8561156a6098aafd66698881a6d84032dc8d2c5f9b72d0353693,aquatic_plant_images\Cabomba\Cabomba_iNaturalist_735592620.jpg
iNaturalist,Cabomba,https://inaturalist-open-data.s3.amazonaws.com/photos/734860946/square.jpg,cc-by-nc,True,,,,,41.2933025,-76.1323316,2026-09-14,,400349350,734860946,downloaded,OK,7678,06b180a21a90b62d74ccbab638730bf48ab9247b62245d8890e4ab05422c3d43,aquatic_plant_images\Cabomba\Cabomba_iNaturalist_734860946.jpg
iNaturalist,Cabomba,https://inaturalist-open-data.s3.amazonaws.com/photos/734864776/square.jpg,cc-by-nc,True,,,,,41.2933025,-76.1323316,2026-09-14,,400349350,734864776,downloaded,OK,8163,583c68c3d675494520641f9ac3a6061af5b579fa8fbc2ebe223ea26540c91b36,aquatic_plant_images\Cabomba\Cabomba_iNaturalist_734864776.jpg
iNaturalist,Cabomba,https://inaturalist-open-data.s3.amazonaws.com/photos/734864828/square.jpg,cc-by-nc,True,,,,,41.2933025,-76.1323316,2026-09-14,,400349350,734864828,downloaded,OK,7646,827911205817f7aaf2f339ab2d9c19a4cf74ca84632a4896af6bc1b0a141861e,aquatic_plant_images\Cabomba\Cabomba_iNaturalist_734864828.jpg
iNaturalist,Cabomba,https://inaturalist-open-data.s3.amazonaws.com/photos/733857739/square.jpg,cc-by-nc,True,,,,,42.295655,-71.2949133333,2026-09-13,,399957163,733857739,downloaded,OK,8643,68e26b37856b4656d5f4916da2ee0ea4b6733a7c12ff644afc66c3c8e06ad7c3,aquatic_plant_images\Cabomba\Cabomba_iNaturalist_733857739.jpg
iNaturalist,Cabomba,https://inaturalist-open-data.s3.amazonaws.com/photos/733857270/square.jpg,cc-by-nc,True,,,,,42.295655,-71.2949133333,2026-09-13,,399956877,733857270,downloaded,OK,11169,7c0db4af23a729857c0ac3cd5a931edeb11f7b3c474b3bc193880df4e3304aed,aquatic_plant_images\Cabomba\Cabomba_iNaturalist_733857270.jpg
iNaturalist,Cabomba,https://inaturalist-open-data.s3.amazonaws.com/photos/733857093/square.jpg,cc-by-nc,True,,,,,42.295655,-71.2949133333,2026-09-13,,399956808,733857093,downloaded,OK,12272,92bc4b2ef7474a21d1f6729698ee92d22363d5934b64951866ae24a14810f2d3,aquatic_plant_images\Cabomba\Cabomba_iNaturalist_733857093.jpg
iNaturalist,Ceratophyllum demersum,https://inaturalist-open-data.s3.amazonaws.com/photos/743726153/square.jpg,cc-by-nc,True,,,,,53.9195937,38.4241397997,2026-09-30,,404945473,743726153,downloaded,OK,3531,52f388570ccfd5596510cc845e67759608a397457c3b196e0b72b3ed6c6dc5e4,aquatic_plant_images\Ceratophyllum_demersum\Ceratophyllum_demersum_iNaturalist_743726153.jpg
iNaturalist,Ceratophyllum demersum,https://inaturalist-open-data.s3.amazonaws.com/photos/743694868/square.jpg,cc-by-nc,True,,,,,52.309185,10.6057716667,2019-09-10,,404928664,743694868,downloaded,OK,6337,d846097473f984b16ff91fe54391944258bfa6bcf194c793a7e5cbb36ff0169e,aquatic_plant_images\Ceratophyllum_demersum\Ceratophyllum_demersum_iNaturalist_743694868.jpg
iNaturalist,Ceratophyllum demersum,https://inaturalist-open-data.s3.amazonaws.com/photos/743810553/square.jpg,cc-by-nc,True,,,,,42.3419383333,-71.5664666667,2026-09-30,,404820915,743810553,downloaded,OK,11280,96daf855375f9599c9e817a8e92fbe1d36f22868a3e9ebd61cd52a88954fd30d,aquatic_plant_images\Ceratophyllum_demersum\Ceratophyllum_demersum_iNaturalist_743810553.jpg
iNaturalist,Ceratophyllum demersum,https://inaturalist-open-data.s3.amazonaws.com/photos/743496163/square.jpg,cc-by,True,,,,,42.3409616667,-71.5648716667,2026-09-30,,404819004,743496163,downloaded,OK,6466,54089cc60737f3f26163a79d55df7c785fabafabfb2cd457339175a148bf22b0,aquatic_plant_images\Ceratophyllum_demersum\Ceratophyllum_demersum_iNaturalist_743496163.jpg
iNaturalist,Ceratophyllum demersum,https://inaturalist-open-data.s3.amazonaws.com/photos/743101867/square.jpg,cc-by-nc,True,,,,,44.1235861667,-77.3254783333,2026-09-29,,404628346,743101867,downloaded,OK,4227,3ed12784c433f7477d0057cef985d25d4d8679a30a1e083c48c2dfcf0a83dd45,aquatic_plant_images\Ceratophyllum_demersum\Ceratophyllum_demersum_iNaturalist_743101867.jpg
iNaturalist,Ceratophyllum demersum,https://inaturalist-open-data.s3.amazonaws.com/photos/743101914/square.jpg,cc-by-nc,True,,,,,44.1235861667,-77.3254783333,2026-09-29,,404628346,743101914,downloaded,OK,4175,d0a86295a428ca1f41fe7b16bc7654e0ddb8ce065c9358bb1017a450bba2d77e,aquatic_plant_images\Ceratophyllum_demersum\Ceratophyllum_demersum_iNaturalist_743101914.jpg
iNaturalist,Ceratophyllum demersum,https://inaturalist-open-data.s3.amazonaws.com/photos/742969293/square.jpg,cc-by-nc,True,,,,,50.3180627807,15.0252715498,2026-09-17,,404565758,742969293,downloaded,OK,7972,792dcd0116a00cff348dda1dfadf1ea5dcf03a8d68d2d8f78bb8145b0d65cd82,aquatic_plant_images\Ceratophyllum_demersum\Ceratophyllum_demersum_iNaturalist_742969293.jpg
iNaturalist,Ceratophyllum demersum,https://inaturalist-open-data.s3.amazonaws.com/photos/742969348/square.jpg,cc-by-nc,True,,,,,50.3180627807,15.0252715498,2026-09-17,,404565758,742969348,downloaded,OK,8172,c07f667a6320a3011f5d04ae20ccd32f033e44c8d5a72bfaef84e83bd4774eef,aquatic_plant_images\Ceratophyllum_demersum\Ceratophyllum_demersum_iNaturalist_742969348.jpg
iNaturalist,Ceratophyllum demersum,https://inaturalist-open-data.s3.amazonaws.com/photos/742968739/square.jpg,cc-by-nc,True,,,,,49.7469938743,20.7309202105,2026-08-02,,404565510,742968739,downloaded,OK,5918,49bde488e2da380f14c544d203e693ce9ac4e3e40c2c68632c46eb00c885f31d,aquatic_plant_images\Ceratophyllum_demersum\Ceratophyllum_demersum_iNaturalist_742968739.jpg
iNaturalist,Ceratophyllum demersum,https://inaturalist-open-data.s3.amazonaws.com/photos/742965597/square.jpg,cc-by-nc,True,,,,,41.1588098414,-96.0801238562,2026-09-29,,404564110,742965597,downloaded,OK,11994,13ed77a3ad4657a918cb9855e07374be2ae5c09c9fcf5b3c06d5298943fd5109,aquatic_plant_images\Ceratophyllum_demersum\Ceratophyllum_demersum_iNaturalist_742965597.jpg
iNaturalist,Ceratophyllum demersum,https://inaturalist-open-data.s3.amazonaws.com/photos/742965617/square.jpg,cc-by-nc,True,,,,,41.1588098414,-96.0801238562,2026-09-29,,404564110,742965617,downloaded,OK,12170,6b1a6c2e2d1045e0a2a60679b9ec517acc65a273deb0f89f2b90e3f193635b0b,aquatic_plant_images\Ceratophyllum_demersum\Ceratophyllum_demersum_iNaturalist_742965617.jpg
iNaturalist,Ceratophyllum demersum,https://inaturalist-open-data.s3.amazonaws.com/photos/742965629/square.jpg,cc-by-nc,True,,,,,41.1588098414,-96.0801238562,2026-09-29,,404564110,742965629,downloaded,OK,11341,194dfd5cb63a82820bfe9fb280020bcadcc0c41196ade010f151a7f89b3f4543,aquatic_plant_images\Ceratophyllum_demersum\Ceratophyllum_demersum_iNaturalist_742965629.jpg
iNaturalist,Ceratophyllum demersum,https://inaturalist-open-data.s3.amazonaws.com/photos/742965481/square.jpg,cc-by-nc,True,,,,,41.1587908898,-96.0801453935,2026-09-29,,404564068,742965481,downloaded,OK,11066,89321245598c35eb3263f233fe7ca0f4c2b5ad964ca08372afddba1a3771bd9a,aquatic_plant_images\Ceratophyllum_demersum\Ceratophyllum_demersum_iNaturalist_742965481.jpg
iNaturalist,Ceratophyllum demersum,https://inaturalist-open-data.s3.amazonaws.com/photos/742965490/square.jpg,cc-by-nc,True,,,,,41.1587908898,-96.0801453935,2026-09-29,,404564068,742965490,downloaded,OK,10981,efad5081d560721ab77bf3d5cd8969d459941a45e39934159e8b928e7f513af6,aquatic_plant_images\Ceratophyllum_demersum\Ceratophyllum_demersum_iNaturalist_742965490.jpg
iNaturalist,Ceratophyllum demersum,https://inaturalist-open-data.s3.amazonaws.com/photos/742965716/square.jpg,cc-by-nc,True,,,,,41.158801414,-96.0801290781,2026-09-29,,404563886,742965716,downloaded,OK,10874,46c9b600ad5c966b79db3c76a8335c45813bc102b8dfbbd01b9d596eae31ddbf,aquatic_plant_images\Ceratophyllum_demersum\Ceratophyllum_demersum_iNaturalist_742965716.jpg
iNaturalist,Ceratophyllum demersum,https://inaturalist-open-data.s3.amazonaws.com/photos/742965724/square.jpg,cc-by-nc,True,,,,,41.158801414,-96.0801290781,2026-09-29,,404563886,742965724,downloaded,OK,10599,8470db2667a5368fd68a483b4416b739fd6ad3cc54587a0e23786e5f42f65950,aquatic_plant_images\Ceratophyllum_demersum\Ceratophyllum_demersum_iNaturalist_742965724.jpg
iNaturalist,Ceratophyllum demersum,https://static.inaturalist.org/photos/742945355/square.jpg,,False,,,,,40.5727645997,-79.0257066,2026-09-29,,404554069,742945355,downloaded,OK,7195,fb0a50dc1e791e6e93edd423b0b681d53a007358e28ca5130da4af6995b6a94c,aquatic_plant_images\Ceratophyllum_demersum\Ceratophyllum_demersum_iNaturalist_742945355.jpg
iNaturalist,Ceratophyllum demersum,https://inaturalist-open-data.s3.amazonaws.com/photos/742851079/square.jpg,cc-by-nc,True,,,,,49.4081716667,0.846975,2026-09-29,,404506850,742851079,downloaded,OK,4965,e0c0ba95790375ca19495cb8d4db44a57c60647d638c11e37eab6dfc0cfa6b0f,aquatic_plant_images\Ceratophyllum_demersum\Ceratophyllum_demersum_iNaturalist_742851079.jpg
iNaturalist,Ceratophyllum demersum,https://inaturalist-open-data.s3.amazonaws.com/photos/742803345/square.jpg,cc-by-nc,True,,,,,55.5000866997,48.4747535997,2026-09-06,,404483434,742803345,downloaded,OK,2408,c1276f81780be2a6f5574aaa4fcbb3b1e77dc22de30c13b8bdbca9f3c7962afd,aquatic_plant_images\Ceratophyllum_demersum\Ceratophyllum_demersum_iNaturalist_742803345.jpg
iNaturalist,Ceratophyllum demersum,https://inaturalist-open-data.s3.amazonaws.com/photos/742803381/square.jpg,cc-by-nc,True,,,,,55.5000866997,48.4747535997,2026-09-06,,404483434,742803381,downloaded,OK,3229,23226a8ef6d6715f45e0d9815442c8dfb325063b8b3e3d955719f11567be5342,aquatic_plant_images\Ceratophyllum_demersum\Ceratophyllum_demersum_iNaturalist_742803381.jpg
iNaturalist,Ceratophyllum demersum,https://inaturalist-open-data.s3.amazonaws.com/photos/742803094/square.jpg,cc-by-nc,True,,,,,55.5000866997,48.4747535997,2026-09-06,,404483434,742803094,downloaded,OK,3135,439715b56a75121a497d9fb512df553c76e93aeb64d8ae86e4d83c6d4ff210ce,aquatic_plant_images\Ceratophyllum_demersum\Ceratophyllum_demersum_iNaturalist_742803094.jpg
iNaturalist,Ceratophyllum demersum,https://static.inaturalist.org/photos/742540166/square.jpg,,False,,,,,40.5721099806,-79.0168781206,2026-09-28,,404346721,742540166,downloaded,OK,7092,fb5956984ced92eb12c5042e20822c4b4516f5fa567f540194b6c8e3bf839891,aquatic_plant_images\Ceratophyllum_demersum\Ceratophyllum_demersum_iNaturalist_742540166.jpg
iNaturalist,Ceratophyllum demersum,https://inaturalist-open-data.s3.amazonaws.com/photos/742520279/square.jpg,cc-by-nc,True,,,,,52.1001173,27.5915883,2026-09-28,,404336872,742520279,downloaded,OK,7053,3afd0e941864e109437c6c68f96b55e1862fa4d85636de55e9132cc49b935dcd,aquatic_plant_images\Ceratophyllum_demersum\Ceratophyllum_demersum_iNaturalist_742520279.jpg
iNaturalist,Ceratophyllum demersum,https://static.inaturalist.org/photos/742296726/square.jpg,,False,,,,,45.1790603047,8.844649347,2026-09-15,,404228229,742296726,downloaded,OK,5525,f2c5e31be10e732b0e2eedbef0f4140f355d6c95a1358faac619bb727a885f11,aquatic_plant_images\Ceratophyllum_demersum\Ceratophyllum_demersum_iNaturalist_742296726.jpg
iNaturalist,Ceratophyllum demersum,https://inaturalist-open-data.s3.amazonaws.com/photos/742245388/square.jpg,cc-by-nc,True,,,,,45.3403358459,-75.6971969604,2026-09-28,,404199019,742245388,downloaded,OK,11036,3f1092d9e86df3d453d0458d9ff38da519de7dc83092ae68688480e6b60e0de0,aquatic_plant_images\Ceratophyllum_demersum\Ceratophyllum_demersum_iNaturalist_742245388.jpg
iNaturalist,Ceratophyllum demersum,https://static.inaturalist.org/photos/742158545/square.jpg,,False,,,,,52.0592980206,20.193982259,2026-07-30,,404171639,742158545,downloaded,OK,6110,32e99f47d368a58b9e90b0af67a6faaa0dbfd1300c7a850169580e1d25c82b2a,aquatic_plant_images\Ceratophyllum_demersum\Ceratophyllum_demersum_iNaturalist_742158545.jpg
iNaturalist,Ceratophyllum demersum,https://static.inaturalist.org/photos/742158530/square.jpg,,False,,,,,52.0592980206,20.193982259,2026-07-30,,404171639,742158530,downloaded,OK,5611,1a5a2f0c45e89ef40d494af93021ca1a14578814cbdc136dcb5fd2308cc57360,aquatic_plant_images\Ceratophyllum_demersum\Ceratophyllum_demersum_iNaturalist_742158530.jpg
iNaturalist,Ceratophyllum demersum,https://static.inaturalist.org/photos/741704054/square.jpg,,False,,,,,42.5519166667,-96.4724883333,2026-09-27,,403928409,741704054,downloaded,OK,5141,9d63c254ebd466862ed8f683696d363d7f81077a0aac18b784487aa47102c69e,aquatic_plant_images\Ceratophyllum_demersum\Ceratophyllum_demersum_iNaturalist_741704054.jpg
iNaturalist,Ceratophyllum demersum,https://inaturalist-open-data.s3.amazonaws.com/photos/741662925/square.jpg,cc-by,True,,,,,54.79445797,37.22920296,2026-09-26,,403912122,741662925,downloaded,OK,6482,daf2298ec12e8bd16701b096a6e46937057a1947dd8f2d067f87779872c44b57,aquatic_plant_images\Ceratophyllum_demersum\Ceratophyllum_demersum_iNaturalist_741662925.jpg
iNaturalist,Ceratophyllum demersum,https://inaturalist-open-data.s3.amazonaws.com/photos/741448075/square.jpg,cc-by,True,,,,,42.7291731941,-90.5012652185,2026-05-17,,403897567,741448075,downloaded,OK,8341,35fca9382c8c2e29b4be978e13d705b732db2fbec2901bbc313dd3fd5ced75f9,aquatic_plant_images\Ceratophyllum_demersum\Ceratophyllum_demersum_iNaturalist_741448075.jpg
iNaturalist,Ceratophyllum demersum,https://inaturalist-open-data.s3.amazonaws.com/photos/741600396/square.jpg,cc0,True,,,,,42.4410134933,-71.1462761323,2026-08-18,,403878403,741600396,downloaded,OK,5837,f43129030542a1a32107bfc14a68794e4e8aef1da203b9a9886c58a33807358b,aquatic_plant_images\Ceratophyllum_demersum\Ceratophyllum_demersum_iNaturalist_741600396.jpg
iNaturalist,Ceratophyllum demersum,https://inaturalist-open-data.s3.amazonaws.com/photos/741600389/square.jpg,cc0,True,,,,,42.4410134933,-71.1462761323,2026-08-18,,403878403,741600389,downloaded,OK,6750,4f890491a298422379762659c4f4064f20c857ce44b70726aa6f674f784c47ea,aquatic_plant_images\Ceratophyllum_demersum\Ceratophyllum_demersum_iNaturalist_741600389.jpg
iNaturalist,Ceratophyllum demersum,https://inaturalist-open-data.s3.amazonaws.com/photos/741600383/square.jpg,cc0,True,,,,,42.4410134933,-71.1462761323,2026-08-18,,403878403,741600383,downloaded,OK,5424,e65e0eaf8aba1f95eed995ebafd019c2eb8ff9e3d6f722bf10d3f033f9bce907,aquatic_plant_images\Ceratophyllum_demersum\Ceratophyllum_demersum_iNaturalist_741600383.jpg
iNaturalist,Ceratophyllum demersum,https://static.inaturalist.org/photos/741602913/square.jpg,,False,,,,,43.6554348,4.2799745,2026-09-27,,403875635,741602913,downloaded,OK,5737,2d5290b5b6d053f60f14abab1d25f0265b3c1a40fe1e70e3f9043b1b28db3a9f,aquatic_plant_images\Ceratophyllum_demersum\Ceratophyllum_demersum_iNaturalist_741602913.jpg
iNaturalist,Ceratophyllum demersum,https://static.inaturalist.org/photos/741581556/square.jpg,,False,,,,,45.1072716313,8.8499734249,2026-09-15,,403866646,741581556,downloaded,OK,6631,5fe7c543e5a12ddd9536ae1a8435c46c42ae3c6e5496a5245cf65223e4050a11,aquatic_plant_images\Ceratophyllum_demersum\Ceratophyllum_demersum_iNaturalist_741581556.jpg
iNaturalist,Ceratophyllum demersum,https://static.inaturalist.org/photos/741581562/square.jpg,,False,,,,,45.1072716313,8.8499734249,2026-09-15,,403866646,741581562,downloaded,OK,5751,a2adaab8caa7725121ec7eddbcd76cfb027e5b75a6ff3e4034b2f2a115c29b52,aquatic_plant_images\Ceratophyllum_demersum\Ceratophyllum_demersum_iNaturalist_741581562.jpg
iNaturalist,Ceratophyllum demersum,https://static.inaturalist.org/photos/741568110/square.jpg,,False,,,,,47.2262138889,-95.197075,2026-09-27,,403857502,741568110,downloaded,OK,5247,b05c52bdaf810da29722231d6b60feaf73f08836adf30819aba724c52165b5bb,aquatic_plant_images\Ceratophyllum_demersum\Ceratophyllum_demersum_iNaturalist_741568110.jpg
iNaturalist,Ceratophyllum demersum,https://static.inaturalist.org/photos/741568153/square.jpg,,False,,,,,47.2262138889,-95.197075,2026-09-27,,403857502,741568153,downloaded,OK,5314,11ed581d0096e813f7ad44041131911efb55679efc27dadf7e3718d98c3f6e02,aquatic_plant_images\Ceratophyllum_demersum\Ceratophyllum_demersum_iNaturalist_741568153.jpg
iNaturalist,Ceratophyllum demersum,https://static.inaturalist.org/photos/741568208/square.jpg,,False,,,,,47.2262138889,-95.197075,2026-09-27,,403857502,741568208,downloaded,OK,6280,bcf9c848b319fd9c02ad1e34926db370938a465520968591cd4b9cb421ad9981,aquatic_plant_images\Ceratophyllum_demersum\Ceratophyllum_demersum_iNaturalist_741568208.jpg
iNaturalist,Ceratophyllum demersum,https://static.inaturalist.org/photos/741568261/square.jpg,,False,,,,,47.2262138889,-95.197075,2026-09-27,,403857502,741568261,downloaded,OK,5996,2605fdc3eb05cb33e70f3370d1b3dc978fc7d86d6fab65ca05c4322914f197a2,aquatic_plant_images\Ceratophyllum_demersum\Ceratophyllum_demersum_iNaturalist_741568261.jpg
iNaturalist,Elodea canadensis,https://inaturalist-open-data.s3.amazonaws.com/photos/743726175/square.jpg,cc-by-nc,True,,,,,53.9195589997,38.4240993,2026-09-30,,404945476,743726175,downloaded,OK,3626,50ef47d2b5b54fd4e59568725a913349b49b945bfb82ab27d0d4b8f2d63aee89,aquatic_plant_images\Elodea_canadensis\Elodea_canadensis_iNaturalist_743726175.jpg
iNaturalist,Elodea canadensis,https://inaturalist-open-data.s3.amazonaws.com/photos/743726187/square.jpg,cc-by-nc,True,,,,,53.9195589997,38.4240993,2026-09-30,,404945476,743726187,downloaded,OK,3623,cbf4305bbd5d15dfb9612f11c16b8d0847179da6e873258a49926ee5e39522cc,aquatic_plant_images\Elodea_canadensis\Elodea_canadensis_iNaturalist_743726187.jpg
iNaturalist,Elodea canadensis,https://inaturalist-open-data.s3.amazonaws.com/photos/743726188/square.jpg,cc-by-nc,True,,,,,53.9195589997,38.4240993,2026-09-30,,404945476,743726188,downloaded,OK,2640,069ee3b2df3bc0ba1d1e93ea6b1e554c9593380ca54fcf7844ee268bf63d87a5,aquatic_plant_images\Elodea_canadensis\Elodea_canadensis_iNaturalist_743726188.jpg
iNaturalist,Elodea canadensis,https://inaturalist-open-data.s3.amazonaws.com/photos/743367385/square.jpg,cc-by-nc,True,,,,,53.355795928,34.0890396306,2026-09-30,,404794580,743367385,downloaded,OK,6166,5884fc38885a2a4fa16cd45b7cf3ea1bae8f13cacd2fe5f6e0ff8e265d8ae590,aquatic_plant_images\Elodea_canadensis\Elodea_canadensis_iNaturalist_743367385.jpg
iNaturalist,Elodea canadensis,https://inaturalist-open-data.s3.amazonaws.com/photos/743367380/square.jpg,cc-by-nc,True,,,,,53.355795928,34.0890396306,2026-09-30,,404794580,743367380,downloaded,OK,5695,4f75d4504b980961b10b0c63ad124cb90f17f0fca8f5f8e17a39b2e95492e983,aquatic_plant_images\Elodea_canadensis\Elodea_canadensis_iNaturalist_743367380.jpg
iNaturalist,Elodea canadensis,https://inaturalist-open-data.s3.amazonaws.com/photos/743367394/square.jpg,cc-by-nc,True,,,,,53.355795928,34.0890396306,2026-09-30,,404794580,743367394,downloaded,OK,5890,3d7d25d9b5528d5d2b3497d49d8f93bfb19a1eda5fe98c7fdc20264922d0a259,aquatic_plant_images\Elodea_canadensis\Elodea_canadensis_iNaturalist_743367394.jpg
iNaturalist,Elodea canadensis,https://inaturalist-open-data.s3.amazonaws.com/photos/743365704/square.jpg,cc-by-nc,True,,,,,53.3675150095,34.1006343874,2026-09-30,,404794414,743365704,downloaded,OK,3664,d4eb08c0ebe2f2c1ee8901fd545d38e16c309725712d234e797810ea6ccec79c,aquatic_plant_images\Elodea_canadensis\Elodea_canadensis_iNaturalist_743365704.jpg
iNaturalist,Elodea canadensis,https://inaturalist-open-data.s3.amazonaws.com/photos/743365722/square.jpg,cc-by-nc,True,,,,,53.3675150095,34.1006343874,2026-09-30,,404794414,743365722,downloaded,OK,4368,3bfeafb9805143b88436e636461ccb8dc8553c3561f084dbf97f8b61a527a150,aquatic_plant_images\Elodea_canadensis\Elodea_canadensis_iNaturalist_743365722.jpg
iNaturalist,Elodea canadensis,https://inaturalist-open-data.s3.amazonaws.com/photos/743365730/square.jpg,cc-by-nc,True,,,,,53.3675150095,34.1006343874,2026-09-30,,404794414,743365730,downloaded,OK,3782,2c5517aed0ef29265cb9ce7097863e1ed81f5dfc9b1e5666f9e946ab1f6f6643,aquatic_plant_images\Elodea_canadensis\Elodea_canadensis_iNaturalist_743365730.jpg
iNaturalist,Elodea canadensis,https://inaturalist-open-data.s3.amazonaws.com/photos/743365747/square.jpg,cc-by-nc,True,,,,,53.3675150095,34.1006343874,2026-09-30,,404794414,743365747,downloaded,OK,3937,5c870034d2046ec9b882a6e23e1a688014f18d4c661776c450e91dd9463a4695,aquatic_plant_images\Elodea_canadensis\Elodea_canadensis_iNaturalist_743365747.jpg
iNaturalist,Elodea canadensis,https://inaturalist-open-data.s3.amazonaws.com/photos/743321685/square.jpg,cc-by-nc,True,,,,,47.8823283333,16.3827583333,2026-09-30,,404742838,743321685,downloaded,OK,13176,4ddb7ee4ae80c8f12c8ab917b07f50fcfc070c762ec1971239787620530a43f4,aquatic_plant_images\Elodea_canadensis\Elodea_canadensis_iNaturalist_743321685.jpg
iNaturalist,Elodea canadensis,https://inaturalist-open-data.s3.amazonaws.com/photos/743321690/square.jpg,cc-by-nc,True,,,,,47.8823283333,16.3827583333,2026-09-30,,404742838,743321690,downloaded,OK,11710,cd1bfdc8fc974eaf0a532cdfdcb78d0911f8b163b7cff4af94330f1d478d1783,aquatic_plant_images\Elodea_canadensis\Elodea_canadensis_iNaturalist_743321690.jpg
iNaturalist,Elodea canadensis,https://inaturalist-open-data.s3.amazonaws.com/photos/743321686/square.jpg,cc-by-nc,True,,,,,47.8823283333,16.3827583333,2026-09-30,,404742838,743321686,downloaded,OK,11474,61fe5cd3035d01df7195f9308e527485128f7a89bdc66626a35f9141100054bc,aquatic_plant_images\Elodea_canadensis\Elodea_canadensis_iNaturalist_743321686.jpg
iNaturalist,Elodea canadensis,https://inaturalist-open-data.s3.amazonaws.com/photos/743321683/square.jpg,cc-by-nc,True,,,,,47.8823283333,16.3827583333,2026-09-30,,404742838,743321683,downloaded,OK,10551,6c50dd45ecb60140e5c5d5d744f4f68928041d15d82808b2ced9d523caf80701,aquatic_plant_images\Elodea_canadensis\Elodea_canadensis_iNaturalist_743321683.jpg
iNaturalist,Elodea canadensis,https://inaturalist-open-data.s3.amazonaws.com/photos/743321682/square.jpg,cc-by-nc,True,,,,,47.8823283333,16.3827583333,2026-09-30,,404742838,743321682,downloaded,OK,11880,26ab3d8e622a23434f95611b9afa9c28231b25684c800c3277b8b2ff3efc4e02,aquatic_plant_images\Elodea_canadensis\Elodea_canadensis_iNaturalist_743321682.jpg
iNaturalist,Elodea canadensis,https://inaturalist-open-data.s3.amazonaws.com/photos/742967651/square.jpg,cc-by,True,,,,,52.7192795059,0.7280568749,2026-09-29,,404566763,742967651,downloaded,OK,7405,aa4fca26ab046607abbdc8c06961bbda29dc111420b2cf485aed15ff9b1d768e,aquatic_plant_images\Elodea_canadensis\Elodea_canadensis_iNaturalist_742967651.jpg
iNaturalist,Elodea canadensis,https://inaturalist-open-data.s3.amazonaws.com/photos/742809281/square.jpg,cc-by-nc,True,,,,,52.8140756411,45.0717670623,2026-09-24,,404496200,742809281,downloaded,OK,4230,64202a68f3280551923aef8cc329cf81c9e8f64f106dcfdfbaaf6f340d0c540a,aquatic_plant_images\Elodea_canadensis\Elodea_canadensis_iNaturalist_742809281.jpg
iNaturalist,Elodea canadensis,https://inaturalist-open-data.s3.amazonaws.com/photos/742809245/square.jpg,cc-by-nc,True,,,,,52.8140756411,45.0717670623,2026-09-24,,404496200,742809245,downloaded,OK,2854,fc3d28296fb665c2cc4f07794484ea78557a6c5aaf73ffb346b87931cbcf382e,aquatic_plant_images\Elodea_canadensis\Elodea_canadensis_iNaturalist_742809245.jpg
iNaturalist,Elodea canadensis,https://inaturalist-open-data.s3.amazonaws.com/photos/742809231/square.jpg,cc-by-nc,True,,,,,52.8140756411,45.0717670623,2026-09-24,,404496200,742809231,downloaded,OK,4242,3fc8226f48e094e9ac3ca88985a24ead9a53902b62e1b03e7d086fc141f1176f,aquatic_plant_images\Elodea_canadensis\Elodea_canadensis_iNaturalist_742809231.jpg
iNaturalist,Elodea canadensis,https://inaturalist-open-data.s3.amazonaws.com/photos/742809233/square.jpg,cc-by-nc,True,,,,,52.8140756411,45.0717670623,2026-09-24,,404496200,742809233,downloaded,OK,3888,a623cb673b47ac22ec6f896970fd4b6f493059eac3fd74eb8724aa8d5af706ac,aquatic_plant_images\Elodea_canadensis\Elodea_canadensis_iNaturalist_742809233.jpg
iNaturalist,Elodea canadensis,https://inaturalist-open-data.s3.amazonaws.com/photos/742260973/square.jpg,cc-by-nc,True,,,,,45.9041849,-64.3674148,2026-09-23,,404212258,742260973,downloaded,OK,4871,92071577e6e49dc1b29a27755f82d092fef278938361ca01cdaa1f4f06691be1,aquatic_plant_images\Elodea_canadensis\Elodea_canadensis_iNaturalist_742260973.jpg
iNaturalist,Elodea canadensis,https://inaturalist-open-data.s3.amazonaws.com/photos/742124403/square.jpg,cc-by-nc,True,,,,,58.1408195,15.5256,2026-09-28,,404139717,742124403,downloaded,OK,11806,b940820763032a47303f269a4dd2e248c0da81dd7cbcf5f931374b20533883bb,aquatic_plant_images\Elodea_canadensis\Elodea_canadensis_iNaturalist_742124403.jpg
iNaturalist,Elodea canadensis,https://inaturalist-open-data.s3.amazonaws.com/photos/742106706/square.jpg,cc-by-nc,True,,,,,50.3417168369,15.4941535369,2026-09-25,,404130625,742106706,downloaded,OK,7007,24b9b4c630391212c874350cfca87ee170ebe8f769afea7162188a9dbc97e9cb,aquatic_plant_images\Elodea_canadensis\Elodea_canadensis_iNaturalist_742106706.jpg
iNaturalist,Elodea canadensis,https://inaturalist-open-data.s3.amazonaws.com/photos/742106737/square.jpg,cc-by-nc,True,,,,,50.3417168369,15.4941535369,2026-09-25,,404130625,742106737,downloaded,OK,6564,af2d6d4722fc027806a0bd4714527230f08cda639f6e1c3456774e14f0e7cea0,aquatic_plant_images\Elodea_canadensis\Elodea_canadensis_iNaturalist_742106737.jpg
iNaturalist,Elodea canadensis,https://inaturalist-open-data.s3.amazonaws.com/photos/742106763/square.jpg,cc-by-nc,True,,,,,50.3417168369,15.4941535369,2026-09-25,,404130625,742106763,downloaded,OK,7118,fb6ed19cc37ee22fa3c3471e6bc8b8481773b4f52ce46f00a8d40109b309ee6c,aquatic_plant_images\Elodea_canadensis\Elodea_canadensis_iNaturalist_742106763.jpg
iNaturalist,Elodea canadensis,https://inaturalist-open-data.s3.amazonaws.com/photos/742106800/square.jpg,cc-by-nc,True,,,,,50.3417168369,15.4941535369,2026-09-25,,404130625,742106800,downloaded,OK,8686,3237ffbe92e9def3d68e343cc42c4462038c654c012f671d2a4849edef8fb96a,aquatic_plant_images\Elodea_canadensis\Elodea_canadensis_iNaturalist_742106800.jpg
iNaturalist,Elodea canadensis,https://inaturalist-open-data.s3.amazonaws.com/photos/742106843/square.jpg,cc-by-nc,True,,,,,50.3417168369,15.4941535369,2026-09-25,,404130625,742106843,downloaded,OK,8196,a6809373e9b0cc198573225e5e6d6d2dd8aeb1080b76b88dedcade15a3f671f5,aquatic_plant_images\Elodea_canadensis\Elodea_canadensis_iNaturalist_742106843.jpg
iNaturalist,Elodea canadensis,https://inaturalist-open-data.s3.amazonaws.com/photos/741809240/square.jpg,cc-by-nc,True,,,,,56.3570940914,43.5593199738,2026-09-27,,403998460,741809240,downloaded,OK,6640,476728347c1833c3c02058e5cf8208df981076b23c2ea6e91f54700d967fa219,aquatic_plant_images\Elodea_canadensis\Elodea_canadensis_iNaturalist_741809240.jpg
iNaturalist,Elodea canadensis,https://inaturalist-open-data.s3.amazonaws.com/photos/741809237/square.jpg,cc-by-nc,True,,,,,56.3570940914,43.5593199738,2026-09-27,,403998460,741809237,downloaded,OK,6804,de254cdf4755fcf4d215df3ad58e9a7223b5e42b83b2f230d0aa21cf7cb27613,aquatic_plant_images\Elodea_canadensis\Elodea_canadensis_iNaturalist_741809237.jpg
iNaturalist,Elodea canadensis,https://inaturalist-open-data.s3.amazonaws.com/photos/741809249/square.jpg,cc-by-nc,True,,,,,56.3570940914,43.5593199738,2026-09-27,,403998460,741809249,downloaded,OK,6200,6c51b9eefe12a35d5855ffc84b98d6c85200877742d0e3e65acf3b6212ff13ab,aquatic_plant_images\Elodea_canadensis\Elodea_canadensis_iNaturalist_741809249.jpg
iNaturalist,Elodea canadensis,https://inaturalist-open-data.s3.amazonaws.com/photos/741809200/square.jpg,cc-by-nc,True,,,,,56.3570940914,43.5593199738,2026-09-27,,403998460,741809200,downloaded,OK,6827,e172252b255d7371d6c9a2060467a7cc3f70e1e46b13da0739c46398485ba960,aquatic_plant_images\Elodea_canadensis\Elodea_canadensis_iNaturalist_741809200.jpg
iNaturalist,Elodea canadensis,https://inaturalist-open-data.s3.amazonaws.com/photos/741820366/square.jpg,cc-by-nc,True,,,,,51.046976,25.1028729722,2026-07-29,,403992026,741820366,downloaded,OK,4968,8bd4e8308d438ec91e8d8ffac0b0d8f9ea2b64d642b328da14f0836fa311ec8e,aquatic_plant_images\Elodea_canadensis\Elodea_canadensis_iNaturalist_741820366.jpg
iNaturalist,Elodea canadensis,https://inaturalist-open-data.s3.amazonaws.com/photos/741820349/square.jpg,cc-by-nc,True,,,,,51.046976,25.1028729722,2026-07-29,,403992026,741820349,downloaded,OK,4896,a84012372d610acf55e5e2837a1577428d8a204354a05a64a3dfb5e54365ce8b,aquatic_plant_images\Elodea_canadensis\Elodea_canadensis_iNaturalist_741820349.jpg
iNaturalist,Elodea canadensis,https://inaturalist-open-data.s3.amazonaws.com/photos/741820348/square.jpg,cc-by-nc,True,,,,,51.046976,25.1028729722,2026-07-29,,403992026,741820348,downloaded,OK,3738,0dc426cc9738ce62f7ad99309853afb5eded02c73ff003586f8c1ab200306050,aquatic_plant_images\Elodea_canadensis\Elodea_canadensis_iNaturalist_741820348.jpg
iNaturalist,Elodea canadensis,https://inaturalist-open-data.s3.amazonaws.com/photos/741740112/square.jpg,cc-by-nc,True,,,,,47.1356133997,16.0771945997,2026-09-26,,403946442,741740112,downloaded,OK,8410,ff6aad8ad181803301de4053e4ae0345338d0a6c51ded8df925939b46fec7f7b,aquatic_plant_images\Elodea_canadensis\Elodea_canadensis_iNaturalist_741740112.jpg
iNaturalist,Elodea canadensis,https://inaturalist-open-data.s3.amazonaws.com/photos/741740235/square.jpg,cc-by-nc,True,,,,,47.1356133997,16.0771945997,2026-09-26,,403946442,741740235,downloaded,OK,8692,ffa624a4b597b78f0503f66ad00ce2504ee62cdf40fb8ae88fa2c8841919be26,aquatic_plant_images\Elodea_canadensis\Elodea_canadensis_iNaturalist_741740235.jpg
iNaturalist,Elodea canadensis,https://inaturalist-open-data.s3.amazonaws.com/photos/741429667/square.jpg,cc-by,True,,,,,54.8924664371,37.3685540352,2026-09-26,,403785490,741429667,downloaded,OK,5611,f454eac42d40291f02645ef60fa17cc40744e63f071bbf2f0a9f5369350030f3,aquatic_plant_images\Elodea_canadensis\Elodea_canadensis_iNaturalist_741429667.jpg
iNaturalist,Elodea canadensis,https://inaturalist-open-data.s3.amazonaws.com/photos/741341816/square.jpg,cc-by-nc,True,,,,,42.9111473968,-78.4986409694,2026-09-26,,403742025,741341816,downloaded,OK,11928,f5680c604cbbca742eb139e59732858382dda6ca6da18ecf15e260e958e12a13,aquatic_plant_images\Elodea_canadensis\Elodea_canadensis_iNaturalist_741341816.jpg
iNaturalist,Elodea canadensis,https://inaturalist-open-data.s3.amazonaws.com/photos/741324120/square.jpg,cc-by-nc-nd,True,,,,,43.2679828393,-81.8117143575,2026-09-07,,403734430,741324120,downloaded,OK,11725,656534dadb5a470ab759b04682a6e0589240415b81cbd7553de9a6f903e2ffb8,aquatic_plant_images\Elodea_canadensis\Elodea_canadensis_iNaturalist_741324120.jpg
iNaturalist,Elodea canadensis,https://inaturalist-open-data.s3.amazonaws.com/photos/741324171/square.jpg,cc-by-nc-nd,True,,,,,43.2679828393,-81.8117143575,2026-09-07,,403734430,741324171,downloaded,OK,11368,37e614912d91fcafae0827f41b4469c294c54f3ac1287cef3139bcdc868b50e7,aquatic_plant_images\Elodea_canadensis\Elodea_canadensis_iNaturalist_741324171.jpg
iNaturalist,Elodea canadensis,https://inaturalist-open-data.s3.amazonaws.com/photos/741111951/square.jpg,cc-by-nc,True,,,,,53.2119825064,34.7358076884,2026-09-26,,403652680,741111951,downloaded,OK,4473,787e6d2f62cc465865fce5705a2095b3b9099e8922feee5c6ccccc5585b74a8a,aquatic_plant_images\Elodea_canadensis\Elodea_canadensis_iNaturalist_741111951.jpg
iNaturalist,Elodea canadensis,https://inaturalist-open-data.s3.amazonaws.com/photos/741111943/square.jpg,cc-by-nc,True,,,,,53.2119825064,34.7358076884,2026-09-26,,403652680,741111943,downloaded,OK,4192,c1820367bdd5bd07796751dae4ad972c7da8568fa01294ae6fd45fb4812ce4d8,aquatic_plant_images\Elodea_canadensis\Elodea_canadensis_iNaturalist_741111943.jpg
iNaturalist,Elodea canadensis,https://inaturalist-open-data.s3.amazonaws.com/photos/740743294/square.jpg,cc-by-nc,True,,,,,42.8810651129,-75.7125543185,2026-09-25,,403438721,740743294,downloaded,OK,10088,564c3315357ff8f13200314ae4deedf53a23fd094d92c33facfe0d54cacd497e,aquatic_plant_images\Elodea_canadensis\Elodea_canadensis_iNaturalist_740743294.jpg
iNaturalist,Elodea canadensis,https://inaturalist-open-data.s3.amazonaws.com/photos/740730403/square.jpg,cc-by-nc,True,,,,,42.8814,-75.712625,2026-09-25,,403432201,740730403,downloaded,OK,7355,921e4a1b381d637cbd76f50c7b92d19e1110b22cab405fda100a75e162b3327b,aquatic_plant_images\Elodea_canadensis\Elodea_canadensis_iNaturalist_740730403.jpg
iNaturalist,Elodea canadensis,https://inaturalist-open-data.s3.amazonaws.com/photos/740690448/square.jpg,cc-by-nc,True,,,,,44.3313616667,-78.728395,2026-09-23,,403413295,740690448,downloaded,OK,11547,110083b1b4bc70fdbb8e917c10a94d7c9f6b59a7de5a3d89d584da16394bb7db,aquatic_plant_images\Elodea_canadensis\Elodea_canadensis_iNaturalist_740690448.jpg
iNaturalist,Elodea canadensis,https://inaturalist-open-data.s3.amazonaws.com/photos/740473254/square.jpg,cc-by-nc,True,,,,,42.8814253457,-75.7126089813,2026-09-25,,403304492,740473254,downloaded,OK,12355,afe86c1fc1eafba44ff79b50125c56259a0f6f3960893052e3e1f334008e24c8,aquatic_plant_images\Elodea_canadensis\Elodea_canadensis_iNaturalist_740473254.jpg
iNaturalist,Elodea canadensis,https://inaturalist-open-data.s3.amazonaws.com/photos/740156703/square.jpg,cc-by-nc,True,,,,,43.260175,-81.82567,2026-09-24,,403143183,740156703,downloaded,OK,5031,258e5d28fad232184edf36ddde42ed94f085df5b26e45266a7314ce913f7db77,aquatic_plant_images\Elodea_canadensis\Elodea_canadensis_iNaturalist_740156703.jpg
iNaturalist,Elodea canadensis,https://inaturalist-open-data.s3.amazonaws.com/photos/740156743/square.jpg,cc-by-nc,True,,,,,43.260175,-81.82567,2026-09-24,,403143183,740156743,downloaded,OK,4600,ad8aea287b0e69b8a180a743169ae28becac2ec1250108861e20a11c3fed7b5f,aquatic_plant_images\Elodea_canadensis\Elodea_canadensis_iNaturalist_740156743.jpg
iNaturalist,Elodea canadensis,https://inaturalist-open-data.s3.amazonaws.com/photos/740156792/square.jpg,cc-by-nc,True,,,,,43.260175,-81.82567,2026-09-24,,403143183,740156792,downloaded,OK,5623,00ecdf0a5940e63fc73ea935415055d1202d3f4e16542331637bd35c49641c7d,aquatic_plant_images\Elodea_canadensis\Elodea_canadensis_iNaturalist_740156792.jpg
iNaturalist,Elodea canadensis,https://inaturalist-open-data.s3.amazonaws.com/photos/740055281/square.jpg,cc-by-nc,True,,,,,42.88203743,-75.71345497,2026-09-24,,403091459,740055281,downloaded,OK,6536,e9239cd1b4f4ada9bd3200fecd653a5c56d0a32648a9c459492633e07a033c33,aquatic_plant_images\Elodea_canadensis\Elodea_canadensis_iNaturalist_740055281.jpg
iNaturalist,Elodea canadensis,https://inaturalist-open-data.s3.amazonaws.com/photos/740038420/square.jpg,cc-by-nc,True,,,,,45.9038856746,-64.3683976361,2026-09-24,,403083270,740038420,downloaded,OK,13344,3ed0e58e1e6f5e7c7e62ce86931a05a9ea7364c9e0db053bdb4cb6e204184be8,aquatic_plant_images\Elodea_canadensis\Elodea_canadensis_iNaturalist_740038420.jpg
iNaturalist,Elodea canadensis,https://inaturalist-open-data.s3.amazonaws.com/photos/739849329/square.jpg,cc-by-nc,True,,,,,42.8840533333,-75.6383583333,2026-09-14,,402983984,739849329,downloaded,OK,11503,af0bb94273a566b60dd1bb1ad78ff25887ff4af3ec90e9303948dcca4d914369,aquatic_plant_images\Elodea_canadensis\Elodea_canadensis_iNaturalist_739849329.jpg
iNaturalist,Elodea canadensis,https://inaturalist-open-data.s3.amazonaws.com/photos/739779472/square.jpg,cc-by-nc,True,,,,,55.70841421,13.47276273,2026-09-24,,402947817,739779472,downloaded,OK,7475,98fa54095e2af55db8808c9089ca193f8c22a43cebc83bcd8e1910c53af054cf,aquatic_plant_images\Elodea_canadensis\Elodea_canadensis_iNaturalist_739779472.jpg
iNaturalist,Heteranthera dubia,https://static.inaturalist.org/photos/743131293/square.jpg,,False,,,,,44.5896416667,-76.9878466667,2026-09-29,,404643050,743131293,downloaded,OK,5803,51ea465251040ca278c9d7a4524f3c90ddabb740c061c3df77565910d61f9aff,aquatic_plant_images\Heteranthera_dubia\Heteranthera_dubia_iNaturalist_743131293.jpg
iNaturalist,Heteranthera dubia,https://inaturalist-open-data.s3.amazonaws.com/photos/743080960/square.jpg,cc-by-nc,True,,,,,39.1443221667,-77.8672416667,2026-09-20,,404618432,743080960,downloaded,OK,3681,7ecc9393aea3fca00e7a1f28bfc4ac71a645078df7a4c4389049986cb219d0dc,aquatic_plant_images\Heteranthera_dubia\Heteranthera_dubia_iNaturalist_743080960.jpg
iNaturalist,Heteranthera dubia,https://inaturalist-open-data.s3.amazonaws.com/photos/742031032/square.jpg,cc-by,True,,,,,26.0798932833,-98.1410139167,2026-09-19,,404092766,742031032,downloaded,OK,8893,ac1da7547c15d0ef2a89b18748e597e8d6154c83191bcedab2bc7a488c91a2bc,aquatic_plant_images\Heteranthera_dubia\Heteranthera_dubia_iNaturalist_742031032.jpg
iNaturalist,Heteranthera dubia,https://inaturalist-open-data.s3.amazonaws.com/photos/742031029/square.jpg,cc-by,True,,,,,26.0798932833,-98.1410139167,2026-09-19,,404092766,742031029,downloaded,OK,7663,a0b3fac3696258a5ecdb9f515a49a434b63c5e45a093700e752d724eda592bf7,aquatic_plant_images\Heteranthera_dubia\Heteranthera_dubia_iNaturalist_742031029.jpg
iNaturalist,Heteranthera dubia,https://inaturalist-open-data.s3.amazonaws.com/photos/742031027/square.jpg,cc-by,True,,,,,26.0798932833,-98.1410139167,2026-09-19,,404092766,742031027,downloaded,OK,7575,c0410caf87e600438adcbabc0f1424e1bfdf993e3faf9bbb76e21d271b126da6,aquatic_plant_images\Heteranthera_dubia\Heteranthera_dubia_iNaturalist_742031027.jpg
iNaturalist,Heteranthera dubia,https://inaturalist-open-data.s3.amazonaws.com/photos/741153080/square.jpg,cc-by-nc,True,,,,,30.2505550385,-97.7089080811,2026-09-26,,403588023,741153080,downloaded,OK,13448,e8185aed497e75e7b691f295cf988fab335b17513c7dbc6753bb093990c955ce,aquatic_plant_images\Heteranthera_dubia\Heteranthera_dubia_iNaturalist_741153080.jpg
iNaturalist,Heteranthera dubia,https://inaturalist-open-data.s3.amazonaws.com/photos/741153076/square.jpg,cc-by-nc,True,,,,,30.2505550385,-97.7089080811,2026-09-26,,403588023,741153076,downloaded,OK,13686,a4291b4a8290b202efb3a5c9ada1246e5f0c5ba29fbaf7535811d326363b7208,aquatic_plant_images\Heteranthera_dubia\Heteranthera_dubia_iNaturalist_741153076.jpg
iNaturalist,Heteranthera dubia,https://inaturalist-open-data.s3.amazonaws.com/photos/743019765/square.jpg,cc-by-nc,True,,,,,30.2505550385,-97.7089080811,2026-09-26,,403588023,743019765,downloaded,OK,13686,a4291b4a8290b202efb3a5c9ada1246e5f0c5ba29fbaf7535811d326363b7208,aquatic_plant_images\Heteranthera_dubia\Heteranthera_dubia_iNaturalist_743019765.jpg
iNaturalist,Heteranthera dubia,https://inaturalist-open-data.s3.amazonaws.com/photos/740621064/square.jpg,cc-by-nc,True,,,,,42.8813473661,-75.7126576483,2026-09-25,,403379254,740621064,downloaded,OK,9910,ba5c766de6495664a1000ae39642fbf16fd9b28b9affb5fc359438bde2f793c5,aquatic_plant_images\Heteranthera_dubia\Heteranthera_dubia_iNaturalist_740621064.jpg
iNaturalist,Heteranthera dubia,https://inaturalist-open-data.s3.amazonaws.com/photos/740610545/square.jpg,cc-by-nc,True,,,,,42.8814,-75.712625,2026-09-25,,403371259,740610545,downloaded,OK,6488,fdf4a5b9f5a17d1c25401f462a884e98223b6e4b01b2b9f3313b6470da3fb0c0,aquatic_plant_images\Heteranthera_dubia\Heteranthera_dubia_iNaturalist_740610545.jpg
iNaturalist,Heteranthera dubia,https://inaturalist-open-data.s3.amazonaws.com/photos/740213686/square.jpg,cc-by-nc,True,,,,,45.076980881,-93.2506468575,2026-09-20,,403170591,740213686,downloaded,OK,8483,7c9b27d5b240eb5bb4f08afbac9fe04aa1cf7c61746518ec227aac2ad8a0f8b7,aquatic_plant_images\Heteranthera_dubia\Heteranthera_dubia_iNaturalist_740213686.jpg
iNaturalist,Heteranthera dubia,https://inaturalist-open-data.s3.amazonaws.com/photos/739681765/square.jpg,cc-by-nc,True,,,,,34.22548,-93.09006,2026-09-23,,402901310,739681765,downloaded,OK,5176,8655fc43cf03120d1ce517623f6b34bca83a816f0f223682eb0cc5dbd4617b1e,aquatic_plant_images\Heteranthera_dubia\Heteranthera_dubia_iNaturalist_739681765.jpg
iNaturalist,Heteranthera dubia,https://inaturalist-open-data.s3.amazonaws.com/photos/739681761/square.jpg,cc-by-nc,True,,,,,34.22548,-93.09006,2026-09-23,,402901310,739681761,downloaded,OK,4738,c69af58689caf4ea04646577d33f7ccd6a8faca2921b02d3b1ff9e586735a82e,aquatic_plant_images\Heteranthera_dubia\Heteranthera_dubia_iNaturalist_739681761.jpg
iNaturalist,Heteranthera dubia,https://inaturalist-open-data.s3.amazonaws.com/photos/739681755/square.jpg,cc-by-nc,True,,,,,34.22548,-93.09006,2026-09-23,,402901310,739681755,downloaded,OK,5153,c8e48bd66b12f84a6d3de117f0ce4f2e3b078f982c2d83a3ece12e65d21a1d5c,aquatic_plant_images\Heteranthera_dubia\Heteranthera_dubia_iNaturalist_739681755.jpg
iNaturalist,Heteranthera dubia,https://inaturalist-open-data.s3.amazonaws.com/photos/739681787/square.jpg,cc-by-nc,True,,,,,34.22548,-93.09006,2026-09-23,,402901310,739681787,downloaded,OK,4803,8682e3e848a0b0ee236fd8f6f321222887f1677cb947e5e47d687edc26726711,aquatic_plant_images\Heteranthera_dubia\Heteranthera_dubia_iNaturalist_739681787.jpg
iNaturalist,Heteranthera dubia,https://inaturalist-open-data.s3.amazonaws.com/photos/739681836/square.jpg,cc-by-nc,True,,,,,34.22548,-93.09006,2026-09-23,,402901310,739681836,downloaded,OK,5211,82d674860c036472190a4ac8b3c9328eaf8ee433057aa815d5f598c865a23218,aquatic_plant_images\Heteranthera_dubia\Heteranthera_dubia_iNaturalist_739681836.jpg
iNaturalist,Heteranthera dubia,https://inaturalist-open-data.s3.amazonaws.com/photos/739681837/square.jpg,cc-by-nc,True,,,,,34.22548,-93.09006,2026-09-23,,402901310,739681837,downloaded,OK,5264,53f76f5509025a5885c33f253dd247262952d6230d1988f44d0ffa94e6b45f7b,aquatic_plant_images\Heteranthera_dubia\Heteranthera_dubia_iNaturalist_739681837.jpg
iNaturalist,Heteranthera dubia,https://inaturalist-open-data.s3.amazonaws.com/photos/739610409/square.jpg,cc-by-nc,True,,,,,34.2254716667,-93.09005,2026-09-23,,402864104,739610409,downloaded,OK,5401,9ec3956be2ab2a13b609c166711a36afe0ffe449dc5103ccdbbe643763dc1907,aquatic_plant_images\Heteranthera_dubia\Heteranthera_dubia_iNaturalist_739610409.jpg
iNaturalist,Heteranthera dubia,https://inaturalist-open-data.s3.amazonaws.com/photos/739610447/square.jpg,cc-by-nc,True,,,,,34.2254716667,-93.09005,2026-09-23,,402864104,739610447,downloaded,OK,5551,be40196d4fa30f796d364ea767ce5ecae116a44800ef8a2106986bd774004fdc,aquatic_plant_images\Heteranthera_dubia\Heteranthera_dubia_iNaturalist_739610447.jpg
iNaturalist,Heteranthera dubia,https://inaturalist-open-data.s3.amazonaws.com/photos/739589960/square.jpg,cc-by-nc,True,,,,,42.8839453803,-75.6381733058,2026-09-23,,402853786,739589960,downloaded,OK,11602,5fc894dab7a77f98c9ff34e6139142a3e5f59065653b209666d094b21308329a,aquatic_plant_images\Heteranthera_dubia\Heteranthera_dubia_iNaturalist_739589960.jpg
iNaturalist,Heteranthera dubia,https://inaturalist-open-data.s3.amazonaws.com/photos/739418978/square.jpg,cc-by-nc,True,,,,,28.69967737,-100.51052253,2026-09-23,,402763988,739418978,downloaded,OK,7954,fc8b1e7e774710f737faa6ebdd59ab4da9fd4ef3e586ac7270442ad7dcbcfcb8,aquatic_plant_images\Heteranthera_dubia\Heteranthera_dubia_iNaturalist_739418978.jpg
iNaturalist,Heteranthera dubia,https://inaturalist-open-data.s3.amazonaws.com/photos/739399009/square.jpg,cc-by-nc,True,,,,,28.704188,-100.511442,2026-09-23,,402753008,739399009,downloaded,OK,7316,0b1ab9a7646768acee2080192762fb330f196366c93be771ec5f941c8b36c437,aquatic_plant_images\Heteranthera_dubia\Heteranthera_dubia_iNaturalist_739399009.jpg
iNaturalist,Heteranthera dubia,https://inaturalist-open-data.s3.amazonaws.com/photos/739383411/square.jpg,cc-by-nc,True,,,,,28.70421125,-100.51123158,2026-09-23,,402745000,739383411,downloaded,OK,8144,742bb8ef2b54c7820a5624fac2c0d382c0e3dd60b164e66f1a2ed3dfc2138936,aquatic_plant_images\Heteranthera_dubia\Heteranthera_dubia_iNaturalist_739383411.jpg
iNaturalist,Heteranthera dubia,https://static.inaturalist.org/photos/739355352/square.jpg,,False,,,,,45.1859527778,-76.6859111111,2026-09-23,,402728391,739355352,downloaded,OK,7046,cdaf8a11c6159689e3ed7658c3ab2190941b26471c21f83541cfeacee4538925,aquatic_plant_images\Heteranthera_dubia\Heteranthera_dubia_iNaturalist_739355352.jpg
iNaturalist,Heteranthera dubia,https://inaturalist-open-data.s3.amazonaws.com/photos/739007811/square.jpg,cc-by-nc,True,,,,,43.7235987997,-96.287237,2026-09-22,,402553935,739007811,downloaded,OK,8457,9910cc891a32ac1ff94739919fbeb438cb5af008c88f03a30d29230dacc1772f,aquatic_plant_images\Heteranthera_dubia\Heteranthera_dubia_iNaturalist_739007811.jpg
iNaturalist,Heteranthera dubia,https://inaturalist-open-data.s3.amazonaws.com/photos/738661395/square.jpg,cc-by-nc,True,,,,,39.1443221667,-77.8672166667,2026-09-20,,402373021,738661395,downloaded,OK,9627,1c45d837a17884fbebda512b1128a29b7539604d86ad71cb0ce8e67db320b9de,aquatic_plant_images\Heteranthera_dubia\Heteranthera_dubia_iNaturalist_738661395.jpg
iNaturalist,Heteranthera dubia,https://inaturalist-open-data.s3.amazonaws.com/photos/738661378/square.jpg,cc-by-nc,True,,,,,39.1443221667,-77.8672166667,2026-09-20,,402373021,738661378,downloaded,OK,12221,0a3412f84a827bd9420641d2f13fe70a4be583a98cebf3387aff5433b29de55d,aquatic_plant_images\Heteranthera_dubia\Heteranthera_dubia_iNaturalist_738661378.jpg
iNaturalist,Heteranthera dubia,https://inaturalist-open-data.s3.amazonaws.com/photos/738661375/square.jpg,cc-by-nc,True,,,,,39.1443221667,-77.8672166667,2026-09-20,,402373021,738661375,downloaded,OK,12226,69f99e3af2dd0a168163c2c47c8864c2ef020fdc9acbb9b70a5f852b208aa421,aquatic_plant_images\Heteranthera_dubia\Heteranthera_dubia_iNaturalist_738661375.jpg
iNaturalist,Heteranthera dubia,https://inaturalist-open-data.s3.amazonaws.com/photos/738661386/square.jpg,cc-by-nc,True,,,,,39.1443221667,-77.8672166667,2026-09-20,,402373021,738661386,downloaded,OK,10036,2a400ba731d12421049d7a6bb16d48d6db06076987a9644900f25727a4aabc78,aquatic_plant_images\Heteranthera_dubia\Heteranthera_dubia_iNaturalist_738661386.jpg
iNaturalist,Heteranthera dubia,https://inaturalist-open-data.s3.amazonaws.com/photos/738590724/square.jpg,cc-by,True,,,,,39.1442833333,-77.8672333333,2026-09-20,,402338602,738590724,downloaded,OK,11040,2084c04c03806e9af9cb3c592494e6d086911e468d8fa2bf2933299b8ee7c785,aquatic_plant_images\Heteranthera_dubia\Heteranthera_dubia_iNaturalist_738590724.jpg
iNaturalist,Heteranthera dubia,https://inaturalist-open-data.s3.amazonaws.com/photos/738590722/square.jpg,cc-by,True,,,,,39.1442833333,-77.8672333333,2026-09-20,,402338602,738590722,downloaded,OK,10415,01740fe8e9ba6d3ca2f6dd230b9e82d7e9d6dc4615a9405b3368fb383ccc63f6,aquatic_plant_images\Heteranthera_dubia\Heteranthera_dubia_iNaturalist_738590722.jpg
iNaturalist,Heteranthera dubia,https://inaturalist-open-data.s3.amazonaws.com/photos/738512990/square.jpg,cc-by-nc,True,,,,,39.1336028333,-77.87918,2026-09-20,,402300133,738512990,downloaded,OK,5485,35adb2dbba30fad48ea48e2c52ffc28626d28a149e0959efad7d4810b8b5565d,aquatic_plant_images\Heteranthera_dubia\Heteranthera_dubia_iNaturalist_738512990.jpg
iNaturalist,Heteranthera dubia,https://static.inaturalist.org/photos/738274907/square.jpg,,False,,,,,30.635589151,-97.5655886381,2026-09-21,,402178331,738274907,downloaded,OK,13621,b689159551306ac46234c768ac25a659c064666475a07c2b1fa87a11413881cc,aquatic_plant_images\Heteranthera_dubia\Heteranthera_dubia_iNaturalist_738274907.jpg
iNaturalist,Heteranthera dubia,https://inaturalist-open-data.s3.amazonaws.com/photos/738308409/square.jpg,cc-by-nc,True,,,,,39.1442796997,-77.8672703,2026-09-20,,402165910,738308409,downloaded,OK,6607,5c8274a4e95dfc37df471d08d6d3a89975a4c629ae4aa378aaa2cc63ffabe4a3,aquatic_plant_images\Heteranthera_dubia\Heteranthera_dubia_iNaturalist_738308409.jpg
iNaturalist,Heteranthera dubia,https://inaturalist-open-data.s3.amazonaws.com/photos/737946226/square.jpg,cc-by-nc,True,,,,,42.8828283333,-75.63845,2026-09-20,,402014594,737946226,downloaded,OK,9693,bd0c3fab1f4161e047d5c4a9ce0830c64361aaae559215c381aac59bc10918d3,aquatic_plant_images\Heteranthera_dubia\Heteranthera_dubia_iNaturalist_737946226.jpg
iNaturalist,Heteranthera dubia,https://inaturalist-open-data.s3.amazonaws.com/photos/737945168/square.jpg,cc-by-nc,True,,,,,45.0768166667,-93.2507783333,2026-09-20,,402013981,737945168,downloaded,OK,13518,78fa3c08b22128c8c8b8d60d2c02a934dd600f02d47716209395ec142b214a62,aquatic_plant_images\Heteranthera_dubia\Heteranthera_dubia_iNaturalist_737945168.jpg
iNaturalist,Heteranthera dubia,https://inaturalist-open-data.s3.amazonaws.com/photos/735746201/square.jpg,cc-by-nc,True,,,,,39.1388700518,-77.8713773426,2026-09-08,,401509319,735746201,downloaded,OK,11329,49a2a384cc1ea30eed888f05e4fbabb825076f44bc1f7a5af3afc38fe300e791,aquatic_plant_images\Heteranthera_dubia\Heteranthera_dubia_iNaturalist_735746201.jpg
iNaturalist,Heteranthera dubia,https://inaturalist-open-data.s3.amazonaws.com/photos/735747193/square.jpg,cc-by-nc,True,,,,,39.1429695818,-77.8663213405,2026-09-08,,401509285,735747193,downloaded,OK,13122,fa3f4a09c0ba25f23a690a2e40a81fc293f33367e45d973bc68d8be6c6918a67,aquatic_plant_images\Heteranthera_dubia\Heteranthera_dubia_iNaturalist_735747193.jpg
iNaturalist,Heteranthera dubia,https://inaturalist-open-data.s3.amazonaws.com/photos/736176670/square.jpg,cc-by-nc,True,,,,,45.5989399997,-73.4718931,2026-09-12,,401114079,736176670,downloaded,OK,2793,416797ca25c99256314be2aedc7664091c9feffd319c792f25ac1cd899b55815,aquatic_plant_images\Heteranthera_dubia\Heteranthera_dubia_iNaturalist_736176670.jpg
iNaturalist,Heteranthera dubia,https://inaturalist-open-data.s3.amazonaws.com/photos/736176668/square.jpg,cc-by-nc,True,,,,,45.5989399997,-73.4718931,2026-09-12,,401114079,736176668,downloaded,OK,3407,a72352ca7dc7cb269875234c81153e9a1876273cd272238f780ef82eb2e7d00c,aquatic_plant_images\Heteranthera_dubia\Heteranthera_dubia_iNaturalist_736176668.jpg
iNaturalist,Heteranthera dubia,https://inaturalist-open-data.s3.amazonaws.com/photos/736176680/square.jpg,cc-by-nc,True,,,,,45.5989399997,-73.4718931,2026-09-12,,401114079,736176680,downloaded,OK,3552,2ce99c484b8a47f8034fc7525fcd1421dd9b3d6ee86bd446d28b6b525dd0a988,aquatic_plant_images\Heteranthera_dubia\Heteranthera_dubia_iNaturalist_736176680.jpg
iNaturalist,Hydrocharis morsus-ranae,https://inaturalist-open-data.s3.amazonaws.com/photos/743164496/square.jpg,cc-by-nc,True,,,,,52.0023858547,20.5541711554,2025-08-12,,404660344,743164496,downloaded,OK,13481,901549b9abf8d33fa344d1a1e6fec94cb50982bc3ad53dadee8e3bafcbf60304,aquatic_plant_images\Hydrocharis_morsus-ranae\Hydrocharis_morsus-ranae_iNaturalist_743164496.jpg
iNaturalist,Hydrocharis morsus-ranae,https://static.inaturalist.org/photos/742980376/square.jpg,,False,,,,,51.81653975,39.4148445,2026-09-29,,404571500,742980376,downloaded,OK,8374,3f0df48d7c0bf32e06c901f85bc1822c27cdca13cc0fdb519426ce01bb71a0fe,aquatic_plant_images\Hydrocharis_morsus-ranae\Hydrocharis_morsus-ranae_iNaturalist_742980376.jpg
iNaturalist,Hydrocharis morsus-ranae,https://static.inaturalist.org/photos/742913280/square.jpg,,False,,,,,55.9004539,-3.1463762,2026-07-20,,404538507,742913280,downloaded,OK,4566,664fbd2d668d4bd730232adc0581f028d776ff5e46a127e53c927cffbdfe0b00,aquatic_plant_images\Hydrocharis_morsus-ranae\Hydrocharis_morsus-ranae_iNaturalist_742913280.jpg
iNaturalist,Hydrocharis morsus-ranae,https://inaturalist-open-data.s3.amazonaws.com/photos/742875764/square.jpg,cc-by-nc,True,,,,,56.3164747664,43.8783936477,2026-09-29,,404519445,742875764,downloaded,OK,7972,f7e0da8d22f740c700e32bdeb29a26fbb00d5f47c3f849b5b61e7b4f758bf226,aquatic_plant_images\Hydrocharis_morsus-ranae\Hydrocharis_morsus-ranae_iNaturalist_742875764.jpg
iNaturalist,Hydrocharis morsus-ranae,https://inaturalist-open-data.s3.amazonaws.com/photos/742855616/square.jpg,cc-by,True,,,,,55.3823559035,37.093170178,2026-09-20,,404510822,742855616,downloaded,OK,18462,59608be80f600368f06393dee430ffa769680f61e074d82eb55b5d2e69436517,aquatic_plant_images\Hydrocharis_morsus-ranae\Hydrocharis_morsus-ranae_iNaturalist_742855616.jpg
iNaturalist,Hydrocharis morsus-ranae,https://inaturalist-open-data.s3.amazonaws.com/photos/742768460/square.jpg,cc-by-nc,True,,,,,57.2462798087,33.0745958592,2026-09-25,,404463485,742768460,downloaded,OK,8477,7056594fd23cf88c41ec713e4ef0635cce55cd7e3969a41a54b3314f3a789c2d,aquatic_plant_images\Hydrocharis_morsus-ranae\Hydrocharis_morsus-ranae_iNaturalist_742768460.jpg
iNaturalist,Hydrocharis morsus-ranae,https://inaturalist-open-data.s3.amazonaws.com/photos/742768457/square.jpg,cc-by-nc,True,,,,,57.2462798087,33.0745958592,2026-09-25,,404463485,742768457,downloaded,OK,7530,07138b89ae239f1fa111452b5bd0a0f4549031d43ff0dfaa4fcb17c2c2f9c09e,aquatic_plant_images\Hydrocharis_morsus-ranae\Hydrocharis_morsus-ranae_iNaturalist_742768457.jpg
iNaturalist,Hydrocharis morsus-ranae,https://inaturalist-open-data.s3.amazonaws.com/photos/742768433/square.jpg,cc-by-nc,True,,,,,57.2462798087,33.0745958592,2026-09-25,,404463485,742768433,downloaded,OK,8099,e4b81fd59b2bdea5013c1749f5917919ef0d9fa00fee2fd4307f8cb170bc51d6,aquatic_plant_images\Hydrocharis_morsus-ranae\Hydrocharis_morsus-ranae_iNaturalist_742768433.jpg
iNaturalist,Hydrocharis morsus-ranae,https://inaturalist-open-data.s3.amazonaws.com/photos/742581748/square.jpg,cc-by-nc,True,,,,,44.31385,-73.1280833333,2026-09-28,,404366911,742581748,downloaded,OK,14033,1b01841550010f7c2ffc226e18abc04572628ad393c8718238f0ad447513cb10,aquatic_plant_images\Hydrocharis_morsus-ranae\Hydrocharis_morsus-ranae_iNaturalist_742581748.jpg
iNaturalist,Hydrocharis morsus-ranae,https://inaturalist-open-data.s3.amazonaws.com/photos/742194473/square.jpg,cc-by-nc,True,,,,,47.0082211162,6.994261788,2026-09-25,,404174096,742194473,downloaded,OK,7557,341689822569667d516393f747c4478e5becf6e1a6d04c14f7413951ddd7cd6b,aquatic_plant_images\Hydrocharis_morsus-ranae\Hydrocharis_morsus-ranae_iNaturalist_742194473.jpg
iNaturalist,Hydrocharis morsus-ranae,https://static.inaturalist.org/photos/742158879/square.jpg,,False,,,,,52.0590109722,20.1940939722,2026-07-30,,404171693,742158879,downloaded,OK,4715,195c8b2c53fd57ca5453eb0d6938435c827f04aaa6cb045471ff9497358b1502,aquatic_plant_images\Hydrocharis_morsus-ranae\Hydrocharis_morsus-ranae_iNaturalist_742158879.jpg
iNaturalist,Hydrocharis morsus-ranae,https://static.inaturalist.org/photos/742158881/square.jpg,,False,,,,,52.0590109722,20.1940939722,2026-07-30,,404171693,742158881,downloaded,OK,3538,11d169de5c78d43bd9e05076c05e8c7b60dd42ca57c8f8f6a95ee93f5d1bf219,aquatic_plant_images\Hydrocharis_morsus-ranae\Hydrocharis_morsus-ranae_iNaturalist_742158881.jpg
iNaturalist,Hydrocharis morsus-ranae,https://static.inaturalist.org/photos/742158880/square.jpg,,False,,,,,52.0590109722,20.1940939722,2026-07-30,,404171693,742158880,downloaded,OK,3062,f7438f92a20babe418b8bfb11e4ad898e7b339cf370484a008a0f2bd6726d00a,aquatic_plant_images\Hydrocharis_morsus-ranae\Hydrocharis_morsus-ranae_iNaturalist_742158880.jpg
iNaturalist,Hydrocharis morsus-ranae,https://inaturalist-open-data.s3.amazonaws.com/photos/741905386/square.jpg,cc-by-nc,True,,,,,45.3715216667,-76.90625,2026-09-27,,404031654,741905386,downloaded,OK,5839,e6efbb7a64a1b2b7160098bdfd6ac16644b88b70da1533911214a4b604410f05,aquatic_plant_images\Hydrocharis_morsus-ranae\Hydrocharis_morsus-ranae_iNaturalist_741905386.jpg
iNaturalist,Hydrocharis morsus-ranae,https://inaturalist-open-data.s3.amazonaws.com/photos/741662002/square.jpg,cc-by-nc,True,,,,,46.9484457781,15.3994848044,2026-09-27,,403908020,741662002,downloaded,OK,6995,817d930350972c8f789cedd23b0571d1deb2997889bd04cfeb34cb6fa077dc52,aquatic_plant_images\Hydrocharis_morsus-ranae\Hydrocharis_morsus-ranae_iNaturalist_741662002.jpg
iNaturalist,Hydrocharis morsus-ranae,https://inaturalist-open-data.s3.amazonaws.com/photos/741662013/square.jpg,cc-by-nc,True,,,,,46.9484457781,15.3994848044,2026-09-27,,403908020,741662013,downloaded,OK,7155,ec857578e2016f63a1dbbdd44e6c9e7183665e013d6e080a58853bdf28820546,aquatic_plant_images\Hydrocharis_morsus-ranae\Hydrocharis_morsus-ranae_iNaturalist_741662013.jpg
iNaturalist,Hydrocharis morsus-ranae,https://inaturalist-open-data.s3.amazonaws.com/photos/741661952/square.jpg,cc-by-nc,True,,,,,46.9484457781,15.3994848044,2026-09-27,,403908020,741661952,downloaded,OK,6402,fa75b347d5e5b887e5ccb09797da087668b3193b71753d1292d420f47b1b5a21,aquatic_plant_images\Hydrocharis_morsus-ranae\Hydrocharis_morsus-ranae_iNaturalist_741661952.jpg
iNaturalist,Hydrocharis morsus-ranae,https://inaturalist-open-data.s3.amazonaws.com/photos/741662060/square.jpg,cc-by-nc,True,,,,,46.9484457781,15.3994848044,2026-09-27,,403908020,741662060,downloaded,OK,7066,3d087fc3116015129770307f6d0cddef1ae3017b058eab4755b5b1fa89db3ac5,aquatic_plant_images\Hydrocharis_morsus-ranae\Hydrocharis_morsus-ranae_iNaturalist_741662060.jpg
iNaturalist,Hydrocharis morsus-ranae,https://inaturalist-open-data.s3.amazonaws.com/photos/741662196/square.jpg,cc-by-nc,True,,,,,46.9484457781,15.3994848044,2026-09-27,,403908020,741662196,downloaded,OK,7009,216617a99c115e92aca950c9724809d32353ddd2facf080c836984f6ec856de4,aquatic_plant_images\Hydrocharis_morsus-ranae\Hydrocharis_morsus-ranae_iNaturalist_741662196.jpg
iNaturalist,Hydrocharis morsus-ranae,https://inaturalist-open-data.s3.amazonaws.com/photos/741662212/square.jpg,cc-by-nc,True,,,,,46.9484457781,15.3994848044,2026-09-27,,403908020,741662212,downloaded,OK,8088,e08015763219e2841c920cd599e2fcd4b1252d70e654c4d34835d2559870f60d,aquatic_plant_images\Hydrocharis_morsus-ranae\Hydrocharis_morsus-ranae_iNaturalist_741662212.jpg
iNaturalist,Hydrocharis morsus-ranae,https://inaturalist-open-data.s3.amazonaws.com/photos/741662236/square.jpg,cc-by-nc,True,,,,,46.9484457781,15.3994848044,2026-09-27,,403908020,741662236,downloaded,OK,9424,993fbf28b025c7a0302cefc34b00f67f8c74ed11cdb661a438cfb597cd6331ec,aquatic_plant_images\Hydrocharis_morsus-ranae\Hydrocharis_morsus-ranae_iNaturalist_741662236.jpg
iNaturalist,Hydrocharis morsus-ranae,https://inaturalist-open-data.s3.amazonaws.com/photos/741577350/square.jpg,cc-by-nc,True,,,,,52.2390889722,10.514713,2026-09-27,,403862339,741577350,downloaded,OK,8199,ba6026c193201e7228816d835526c56ceeeb9a5f2a2ef9e4dcf4e836925177be,aquatic_plant_images\Hydrocharis_morsus-ranae\Hydrocharis_morsus-ranae_iNaturalist_741577350.jpg
iNaturalist,Hydrocharis morsus-ranae,https://inaturalist-open-data.s3.amazonaws.com/photos/741565538/square.jpg,cc-by,True,,,,,44.6262388889,-73.2272638889,2026-09-15,,403858404,741565538,downloaded,OK,4753,90d94c40a6edaeb9db8dc5fbcbc7e78e04f20e96a4657764821fa8710fd09e7c,aquatic_plant_images\Hydrocharis_morsus-ranae\Hydrocharis_morsus-ranae_iNaturalist_741565538.jpg
iNaturalist,Hydrocharis morsus-ranae,https://inaturalist-open-data.s3.amazonaws.com/photos/741565564/square.jpg,cc-by,True,,,,,44.6262388889,-73.2272638889,2026-09-15,,403858404,741565564,downloaded,OK,4381,478aa4863bd765e6f9ad6f31726d5c7a77343e66ae21268baf4afe4de90c3eaf,aquatic_plant_images\Hydrocharis_morsus-ranae\Hydrocharis_morsus-ranae_iNaturalist_741565564.jpg
iNaturalist,Hydrocharis morsus-ranae,https://inaturalist-open-data.s3.amazonaws.com/photos/741565544/square.jpg,cc-by,True,,,,,44.6262388889,-73.2272638889,2026-09-15,,403858404,741565544,downloaded,OK,34724,2be2aa5af0e860cea54ddd8f5f6866f2c31bbb7598b0b0e8a49f132a11e628f3,aquatic_plant_images\Hydrocharis_morsus-ranae\Hydrocharis_morsus-ranae_iNaturalist_741565544.jpg
iNaturalist,Hydrocharis morsus-ranae,https://inaturalist-open-data.s3.amazonaws.com/photos/741510788/square.jpg,cc-by-nc,True,,,,,55.8431361172,37.3239955157,2026-09-13,,403828040,741510788,downloaded,OK,5623,897770b9c248fa1193307e611f4e7e6aeda6ad4b0ff73aad52d92875e4f1b519,aquatic_plant_images\Hydrocharis_morsus-ranae\Hydrocharis_morsus-ranae_iNaturalist_741510788.jpg
iNaturalist,Hydrocharis morsus-ranae,https://inaturalist-open-data.s3.amazonaws.com/photos/741510801/square.jpg,cc-by-nc,True,,,,,55.8431361172,37.3239955157,2026-09-13,,403828040,741510801,downloaded,OK,5435,ea06ef9b2365727f444284e1c23def901a68f2d1b189682d7e0372197de5d462,aquatic_plant_images\Hydrocharis_morsus-ranae\Hydrocharis_morsus-ranae_iNaturalist_741510801.jpg
iNaturalist,Hydrocharis morsus-ranae,https://inaturalist-open-data.s3.amazonaws.com/photos/741472387/square.jpg,cc-by,True,,,,,55.4263013287,43.8419918059,2026-07-15,,403812879,741472387,downloaded,OK,5121,a876de5f680409f34c8b9aa8e7aec342ee2c522f731c8d7bb0a1d7a78aea6f6b,aquatic_plant_images\Hydrocharis_morsus-ranae\Hydrocharis_morsus-ranae_iNaturalist_741472387.jpg
iNaturalist,Hydrocharis morsus-ranae,https://inaturalist-open-data.s3.amazonaws.com/photos/741472398/square.jpg,cc-by,True,,,,,55.4263013287,43.8419918059,2026-07-15,,403812879,741472398,downloaded,OK,5330,5f1770a1c280749d7ddf3b85db46e3b87c624db7e3faec338af4a8a768309686,aquatic_plant_images\Hydrocharis_morsus-ranae\Hydrocharis_morsus-ranae_iNaturalist_741472398.jpg
iNaturalist,Hydrocharis morsus-ranae,https://inaturalist-open-data.s3.amazonaws.com/photos/741472405/square.jpg,cc-by,True,,,,,55.4263013287,43.8419918059,2026-07-15,,403812879,741472405,downloaded,OK,5542,b5d9b9afcac1a2a8d26cc79f20510b8384900976cc3b3be8d71f6d933f23518f,aquatic_plant_images\Hydrocharis_morsus-ranae\Hydrocharis_morsus-ranae_iNaturalist_741472405.jpg
iNaturalist,Hydrocharis morsus-ranae,https://inaturalist-open-data.s3.amazonaws.com/photos/741462199/square.jpg,cc-by,True,,,,,55.3559327858,43.8207640686,2026-07-14,,403804997,741462199,downloaded,OK,5171,8a340fa24011f90bd3d8c78d679a3023895c85d70fc4f6f95ca72b0e1ecfd797,aquatic_plant_images\Hydrocharis_morsus-ranae\Hydrocharis_morsus-ranae_iNaturalist_741462199.jpg
iNaturalist,Hydrocharis morsus-ranae,https://inaturalist-open-data.s3.amazonaws.com/photos/741462189/square.jpg,cc-by,True,,,,,55.3559327858,43.8207640686,2026-07-14,,403804997,741462189,downloaded,OK,4966,6387fcd0176f6462d7e893dad725a429c8ecf146afac255b9250d8063541305f,aquatic_plant_images\Hydrocharis_morsus-ranae\Hydrocharis_morsus-ranae_iNaturalist_741462189.jpg
iNaturalist,Hydrocharis morsus-ranae,https://inaturalist-open-data.s3.amazonaws.com/photos/741462207/square.jpg,cc-by,True,,,,,55.3559327858,43.8207640686,2026-07-14,,403804997,741462207,downloaded,OK,4834,7d142d93502d3a8905ac88b39cdb53bf5cc93ee7849ff26c3e14432445c78c71,aquatic_plant_images\Hydrocharis_morsus-ranae\Hydrocharis_morsus-ranae_iNaturalist_741462207.jpg
iNaturalist,Hydrocharis morsus-ranae,https://inaturalist-open-data.s3.amazonaws.com/photos/741147527/square.jpg,cc-by-nc,True,,,,,47.1291749997,16.0843907,2026-09-26,,403646314,741147527,downloaded,OK,8578,b5326da884dab151f025da09f692be20f52fd05a67d34901a343be129374bad6,aquatic_plant_images\Hydrocharis_morsus-ranae\Hydrocharis_morsus-ranae_iNaturalist_741147527.jpg
iNaturalist,Hydrocharis morsus-ranae,https://inaturalist-open-data.s3.amazonaws.com/photos/741158210/square.jpg,cc-by-nc,True,,,,,47.1291749997,16.0843907,2026-09-26,,403646314,741158210,downloaded,OK,8065,a355e325c67b04381069ed7cde39c38d463dbd5fc80e434b3ef4603ae6ba001f,aquatic_plant_images\Hydrocharis_morsus-ranae\Hydrocharis_morsus-ranae_iNaturalist_741158210.jpg
iNaturalist,Hydrocharis morsus-ranae,https://inaturalist-open-data.s3.amazonaws.com/photos/740846024/square.jpg,cc-by,True,,,,,54.1185991762,45.2316724652,2026-07-12,,403499168,740846024,downloaded,OK,5142,e1082c7c4b62a89a92abf2fa45685cac8a649ee521d4d08b17344dd7643b2dbb,aquatic_plant_images\Hydrocharis_morsus-ranae\Hydrocharis_morsus-ranae_iNaturalist_740846024.jpg
iNaturalist,Hydrocharis morsus-ranae,https://inaturalist-open-data.s3.amazonaws.com/photos/740846031/square.jpg,cc-by,True,,,,,54.1185991762,45.2316724652,2026-07-12,,403499168,740846031,downloaded,OK,4714,3dc04fee8417fefaf13d187d5a7d0ead63bb16754762e71e7550e048051dadf1,aquatic_plant_images\Hydrocharis_morsus-ranae\Hydrocharis_morsus-ranae_iNaturalist_740846031.jpg
iNaturalist,Hydrocharis morsus-ranae,https://inaturalist-open-data.s3.amazonaws.com/photos/740690205/square.jpg,cc-by-nc,True,,,,,44.3308133333,-78.7297883333,2026-09-23,,403413199,740690205,downloaded,OK,12330,936990f7a894af5777d72fa76da8df1fd6e55b233a37c0f0cf8abcc2d0ee820a,aquatic_plant_images\Hydrocharis_morsus-ranae\Hydrocharis_morsus-ranae_iNaturalist_740690205.jpg
iNaturalist,Hydrocharis morsus-ranae,https://inaturalist-open-data.s3.amazonaws.com/photos/740584352/square.jpg,cc-by-nc,True,,,,,51.6255037024,39.399336259,2026-09-25,,403375748,740584352,downloaded,OK,2131,38340a7a37e1b20466c4e6d74e779d6655492872c37bb8dae7d2c2e9741635f9,aquatic_plant_images\Hydrocharis_morsus-ranae\Hydrocharis_morsus-ranae_iNaturalist_740584352.jpg
iNaturalist,Hydrocharis morsus-ranae,https://inaturalist-open-data.s3.amazonaws.com/photos/740557124/square.jpg,cc-by,True,,,,,46.9794833333,7.044475,2026-09-25,,403349115,740557124,downloaded,OK,5935,05f7bdf3debf4da147b4168c7da0c2757834f75066f195d4757c7b80edecc0a3,aquatic_plant_images\Hydrocharis_morsus-ranae\Hydrocharis_morsus-ranae_iNaturalist_740557124.jpg
iNaturalist,Hydrocharis morsus-ranae,https://inaturalist-open-data.s3.amazonaws.com/photos/740556817/square.jpg,cc-by,True,,,,,47.0082083333,6.9942222222,2026-09-25,,403349076,740556817,downloaded,OK,5643,1f273ff5ab5e2fb9c1e0826d2300b2eb753533824d5a192ff66343092d1ce760,aquatic_plant_images\Hydrocharis_morsus-ranae\Hydrocharis_morsus-ranae_iNaturalist_740556817.jpg
iNaturalist,Hydrocharis morsus-ranae,https://inaturalist-open-data.s3.amazonaws.com/photos/740554681/square.jpg,cc-by-nc,True,,,,,51.1987333333,-2.7845583333,2026-09-25,,403346473,740554681,downloaded,OK,14477,f54ac1a8385ac5f64dcad77f3c34329252e75725ec3278a17d4ce310ed6be883,aquatic_plant_images\Hydrocharis_morsus-ranae\Hydrocharis_morsus-ranae_iNaturalist_740554681.jpg
iNaturalist,Hydrocharis morsus-ranae,https://inaturalist-open-data.s3.amazonaws.com/photos/740374125/square.jpg,cc-by-nc,True,,,,,44.8453111942,-77.2509998616,2026-09-21,,403253002,740374125,downloaded,OK,14394,6a25154a134548669ba99288fd383f579b36bc4463deb0692707ecd90e3de006,aquatic_plant_images\Hydrocharis_morsus-ranae\Hydrocharis_morsus-ranae_iNaturalist_740374125.jpg
iNaturalist,Hydrocharis morsus-ranae,https://inaturalist-open-data.s3.amazonaws.com/photos/740374154/square.jpg,cc-by-nc,True,,,,,44.8453111942,-77.2509998616,2026-09-21,,403253002,740374154,downloaded,OK,14142,b040db75f4d4891c129c9175b313a5f4aeed9d39ab316705ff1ad0d5e2269986,aquatic_plant_images\Hydrocharis_morsus-ranae\Hydrocharis_morsus-ranae_iNaturalist_740374154.jpg
iNaturalist,Hydrocharis morsus-ranae,https://inaturalist-open-data.s3.amazonaws.com/photos/740374161/square.jpg,cc-by-nc,True,,,,,44.8453111942,-77.2509998616,2026-09-21,,403253002,740374161,downloaded,OK,14265,d28376913052a5b4b0ae1acea6b3a4600755d69cd2691a483f317287c04727c1,aquatic_plant_images\Hydrocharis_morsus-ranae\Hydrocharis_morsus-ranae_iNaturalist_740374161.jpg
iNaturalist,Hydrocharis morsus-ranae,https://inaturalist-open-data.s3.amazonaws.com/photos/740374152/square.jpg,cc-by-nc,True,,,,,44.8453111942,-77.2509998616,2026-09-21,,403253002,740374152,downloaded,OK,13417,5ef3bc9ee49b18a1bdbc29892d1a75a11204e6cc0c558f80c4524135b0b43118,aquatic_plant_images\Hydrocharis_morsus-ranae\Hydrocharis_morsus-ranae_iNaturalist_740374152.jpg
iNaturalist,Hydrocharis morsus-ranae,https://inaturalist-open-data.s3.amazonaws.com/photos/740374131/square.jpg,cc-by-nc,True,,,,,44.8453111942,-77.2509998616,2026-09-21,,403253002,740374131,downloaded,OK,13447,8897990f62172ffb9a48ae5fd10390ff25f4c90319422b731ba1820c32761767,aquatic_plant_images\Hydrocharis_morsus-ranae\Hydrocharis_morsus-ranae_iNaturalist_740374131.jpg
iNaturalist,Hydrocharis morsus-ranae,https://inaturalist-open-data.s3.amazonaws.com/photos/740374113/square.jpg,cc-by-nc,True,,,,,44.8453111942,-77.2509998616,2026-09-21,,403253002,740374113,downloaded,OK,13025,dc65d8bc160fd84c8b815dee766e74b3aba9d8a8f7063effe8f68cd1dbf1249d,aquatic_plant_images\Hydrocharis_morsus-ranae\Hydrocharis_morsus-ranae_iNaturalist_740374113.jpg
iNaturalist,Hydrocharis morsus-ranae,https://inaturalist-open-data.s3.amazonaws.com/photos/740374202/square.jpg,cc-by-nc,True,,,,,44.8453111942,-77.2509998616,2026-09-21,,403253002,740374202,downloaded,OK,13785,9b89ad5792457622228d7009e0f4a15b66918831b2078f4224c92cece1318ccd,aquatic_plant_images\Hydrocharis_morsus-ranae\Hydrocharis_morsus-ranae_iNaturalist_740374202.jpg
iNaturalist,Hydrocharis morsus-ranae,https://inaturalist-open-data.s3.amazonaws.com/photos/740374200/square.jpg,cc-by-nc,True,,,,,44.8453111942,-77.2509998616,2026-09-21,,403253002,740374200,downloaded,OK,13267,f22be0fb5d628b87073462c4b799e5e15c753ec3d657d562e32bbdd474a55ff6,aquatic_plant_images\Hydrocharis_morsus-ranae\Hydrocharis_morsus-ranae_iNaturalist_740374200.jpg
iNaturalist,Hydrocharis morsus-ranae,https://inaturalist-open-data.s3.amazonaws.com/photos/740374190/square.jpg,cc-by-nc,True,,,,,44.8453111942,-77.2509998616,2026-09-21,,403253002,740374190,downloaded,OK,11960,74f0ebbc6db6fb7ed833ccfc6ee0ee9d8099422035f9fc863155a66f6070ec95,aquatic_plant_images\Hydrocharis_morsus-ranae\Hydrocharis_morsus-ranae_iNaturalist_740374190.jpg
iNaturalist,Hydrocharis morsus-ranae,https://inaturalist-open-data.s3.amazonaws.com/photos/740299887/square.jpg,cc-by-nc,True,,,,,50.9718450002,4.7879971965,2026-08-29,,403215248,740299887,downloaded,OK,3210,a2e216541b6fe558c787c8e536af85b68f0a128af16d94e38a5e4afe8a3f6a9d,aquatic_plant_images\Hydrocharis_morsus-ranae\Hydrocharis_morsus-ranae_iNaturalist_740299887.jpg
iNaturalist,Myriophyllum sibiricum,https://inaturalist-open-data.s3.amazonaws.com/photos/736984967/square.jpg,cc-by-nc,True,,,,,49.932380198,36.2155515701,2026-09-19,,401526339,736984967,downloaded,OK,7257,8e94e299252065f9742929eba013395846f980318a068afdf3fc1a98ead61794,aquatic_plant_images\Myriophyllum_sibiricum\Myriophyllum_sibiricum_iNaturalist_736984967.jpg
iNaturalist,Myriophyllum sibiricum,https://inaturalist-open-data.s3.amazonaws.com/photos/736985029/square.jpg,cc-by-nc,True,,,,,49.932380198,36.2155515701,2026-09-19,,401526339,736985029,downloaded,OK,7345,3a1588de0fa26a6427baeaffad885227ac75e62afb93227c21febc03d9f14b15,aquatic_plant_images\Myriophyllum_sibiricum\Myriophyllum_sibiricum_iNaturalist_736985029.jpg
iNaturalist,Myriophyllum sibiricum,https://inaturalist-open-data.s3.amazonaws.com/photos/736985086/square.jpg,cc-by-nc,True,,,,,49.932380198,36.2155515701,2026-09-19,,401526339,736985086,downloaded,OK,7439,2a59ead8e4f2e6ec28f2feefa834a01c4f9dee00a72462afd67b6345e314c6b8,aquatic_plant_images\Myriophyllum_sibiricum\Myriophyllum_sibiricum_iNaturalist_736985086.jpg
iNaturalist,Myriophyllum sibiricum,https://inaturalist-open-data.s3.amazonaws.com/photos/736935873/square.jpg,cc-by-nc-nd,True,,,,,43.62448,-96.2120666667,2026-09-14,,401501207,736935873,downloaded,OK,8502,44eeebd45fd90ea21e8418bb0d882188d9f2e5895751e5099208bd3d6946e630,aquatic_plant_images\Myriophyllum_sibiricum\Myriophyllum_sibiricum_iNaturalist_736935873.jpg
iNaturalist,Myriophyllum sibiricum,https://inaturalist-open-data.s3.amazonaws.com/photos/732496058/square.jpg,cc0,True,,,,,53.55565,-114.7355194444,2026-09-10,,399258045,732496058,downloaded,OK,7677,ac4ef0c71f043f5e2fd4215b4e50ac4c2f61544bbc4e671e09b1943957d81da0,aquatic_plant_images\Myriophyllum_sibiricum\Myriophyllum_sibiricum_iNaturalist_732496058.jpg
iNaturalist,Myriophyllum sibiricum,https://inaturalist-open-data.s3.amazonaws.com/photos/732496076/square.jpg,cc0,True,,,,,53.55565,-114.7355194444,2026-09-10,,399258045,732496076,downloaded,OK,7459,51fae1b2bd77ba330a74e4883b3b6a1686fb89cb992922630be4bdb10c36e33a,aquatic_plant_images\Myriophyllum_sibiricum\Myriophyllum_sibiricum_iNaturalist_732496076.jpg
iNaturalist,Myriophyllum sibiricum,https://inaturalist-open-data.s3.amazonaws.com/photos/732496121/square.jpg,cc0,True,,,,,53.55565,-114.7355194444,2026-09-10,,399258045,732496121,downloaded,OK,7664,e638ecbafaa3b279b0e947ae9b434e8cf3cde47202d5b55867d0461fe43142f3,aquatic_plant_images\Myriophyllum_sibiricum\Myriophyllum_sibiricum_iNaturalist_732496121.jpg
iNaturalist,Myriophyllum sibiricum,https://inaturalist-open-data.s3.amazonaws.com/photos/729250390/square.jpg,cc-by,True,,,,,40.6041735,-111.5889376,2026-09-05,,397595010,729250390,downloaded,OK,5615,6e12e6fa2a3a6f4b6cdf7e02b097862526d9b6c1677a11e2b2b993639888e249,aquatic_plant_images\Myriophyllum_sibiricum\Myriophyllum_sibiricum_iNaturalist_729250390.jpg
iNaturalist,Myriophyllum sibiricum,https://inaturalist-open-data.s3.amazonaws.com/photos/729250371/square.jpg,cc-by,True,,,,,40.6041735,-111.5889376,2026-09-05,,397595005,729250371,downloaded,OK,6036,785dffd909defb6d153e9e95a5a474e3e29473d46a43e3a2a8a82f78dd94a36c,aquatic_plant_images\Myriophyllum_sibiricum\Myriophyllum_sibiricum_iNaturalist_729250371.jpg
iNaturalist,Myriophyllum sibiricum,https://inaturalist-open-data.s3.amazonaws.com/photos/729249934/square.jpg,cc-by,True,,,,,40.6041735,-111.5889376,2026-09-05,,397594950,729249934,downloaded,OK,6911,337c9701508b7531aa796f51a50e77071b69de63db9881195e2cf1e59dada254,aquatic_plant_images\Myriophyllum_sibiricum\Myriophyllum_sibiricum_iNaturalist_729249934.jpg
iNaturalist,Myriophyllum sibiricum,https://static.inaturalist.org/photos/728825467/square.jpg,,False,,,,,47.6491060039,108.3385935969,2026-09-05,,397374516,728825467,downloaded,OK,11558,bb9ca18bc1f51be545f1e5830495444ef2a595383d12868d849cc238c1acfbaa,aquatic_plant_images\Myriophyllum_sibiricum\Myriophyllum_sibiricum_iNaturalist_728825467.jpg
iNaturalist,Myriophyllum sibiricum,https://inaturalist-open-data.s3.amazonaws.com/photos/728375764/square.jpg,cc-by-nc,True,,,,,53.1994779997,26.0173756,2026-08-14,,397143919,728375764,skipped_duplicate,Duplicate URL/photo ID,,,
iNaturalist,Myriophyllum sibiricum,https://inaturalist-open-data.s3.amazonaws.com/photos/728375766/square.jpg,cc-by-nc,True,,,,,53.1994779997,26.0173756,2026-08-14,,397143919,728375766,skipped_duplicate,Duplicate URL/photo ID,,,
iNaturalist,Myriophyllum sibiricum,https://inaturalist-open-data.s3.amazonaws.com/photos/726625756/square.jpg,cc-by-nc,True,,,,,51.8244133333,-100.89318,2026-08-31,,396229890,726625756,skipped_duplicate,Duplicate URL/photo ID,,,
iNaturalist,Myriophyllum sibiricum,https://inaturalist-open-data.s3.amazonaws.com/photos/725562327/square.jpg,cc-by,True,,,,,53.5556333333,-114.7346194444,2026-08-26,,395694533,725562327,skipped_duplicate,Duplicate URL/photo ID,,,
iNaturalist,Myriophyllum sibiricum,https://inaturalist-open-data.s3.amazonaws.com/photos/725562330/square.jpg,cc-by,True,,,,,53.5556333333,-114.7346194444,2026-08-26,,395694533,725562330,skipped_duplicate,Duplicate URL/photo ID,,,
iNaturalist,Myriophyllum sibiricum,https://inaturalist-open-data.s3.amazonaws.com/photos/722560161/square.jpg,cc-by-nc,True,,,,,48.0449254997,-92.9129207,2026-08-23,,394157428,722560161,skipped_duplicate,Duplicate URL/photo ID,,,
iNaturalist,Myriophyllum sibiricum,https://inaturalist-open-data.s3.amazonaws.com/photos/722560224/square.jpg,cc-by-nc,True,,,,,48.0449254997,-92.9129207,2026-08-23,,394157428,722560224,skipped_duplicate,Duplicate URL/photo ID,,,
iNaturalist,Myriophyllum sibiricum,https://inaturalist-open-data.s3.amazonaws.com/photos/722560277/square.jpg,cc-by-nc,True,,,,,48.0449254997,-92.9129207,2026-08-23,,394157428,722560277,skipped_duplicate,Duplicate URL/photo ID,,,
iNaturalist,Myriophyllum sibiricum,https://inaturalist-open-data.s3.amazonaws.com/photos/722560335/square.jpg,cc-by-nc,True,,,,,48.0449254997,-92.9129207,2026-08-23,,394157428,722560335,skipped_duplicate,Duplicate URL/photo ID,,,
iNaturalist,Myriophyllum sibiricum,https://inaturalist-open-data.s3.amazonaws.com/photos/720491682/square.jpg,cc-by-nc,True,,,,,45.30358,-94.9325466667,2026-08-20,,393101749,720491682,skipped_duplicate,Duplicate URL/photo ID,,,
iNaturalist,Myriophyllum sibiricum,https://inaturalist-open-data.s3.amazonaws.com/photos/720451222/square.jpg,cc-by-nc,True,,,,,45.2871351931,-93.9078844555,2026-08-20,,393081533,720451222,skipped_duplicate,Duplicate URL/photo ID,,,
iNaturalist,Myriophyllum sibiricum,https://inaturalist-open-data.s3.amazonaws.com/photos/720173202/square.jpg,cc-by-nc,True,,,,,45.287084,-93.9078609722,2026-08-20,,392940419,720173202,skipped_duplicate,Duplicate URL/photo ID,,,
iNaturalist,Myriophyllum sibiricum,https://inaturalist-open-data.s3.amazonaws.com/photos/719971258/square.jpg,cc-by-nc,True,,,,,52.3771016997,-114.1651243,2026-08-19,,392836382,719971258,skipped_duplicate,Duplicate URL/photo ID,,,
iNaturalist,Myriophyllum sibiricum,https://inaturalist-open-data.s3.amazonaws.com/photos/719971303/square.jpg,cc-by-nc,True,,,,,52.3771016997,-114.1651243,2026-08-19,,392836382,719971303,skipped_duplicate,Duplicate URL/photo ID,,,
iNaturalist,Myriophyllum sibiricum,https://inaturalist-open-data.s3.amazonaws.com/photos/719971345/square.jpg,cc-by-nc,True,,,,,52.3771016997,-114.1651243,2026-08-19,,392836382,719971345,skipped_duplicate,Duplicate URL/photo ID,,,
iNaturalist,Myriophyllum sibiricum,https://inaturalist-open-data.s3.amazonaws.com/photos/719971371/square.jpg,cc-by-nc,True,,,,,52.3771016997,-114.1651243,2026-08-19,,392836382,719971371,skipped_duplicate,Duplicate URL/photo ID,,,
iNaturalist,Myriophyllum sibiricum,https://inaturalist-open-data.s3.amazonaws.com/photos/719971404/square.jpg,cc-by-nc,True,,,,,52.3771016997,-114.1651243,2026-08-19,,392836382,719971404,skipped_duplicate,Duplicate URL/photo ID,,,
iNaturalist,Myriophyllum sibiricum,https://inaturalist-open-data.s3.amazonaws.com/photos/719971499/square.jpg,cc-by-nc,True,,,,,52.3771016997,-114.1651243,2026-08-19,,392836382,719971499,skipped_duplicate,Duplicate URL/photo ID,,,
iNaturalist,Myriophyllum sibiricum,https://inaturalist-open-data.s3.amazonaws.com/photos/719971590/square.jpg,cc-by-nc,True,,,,,52.3771016997,-114.1651243,2026-08-19,,392836382,719971590,skipped_duplicate,Duplicate URL/photo ID,,,
iNaturalist,Myriophyllum sibiricum,https://inaturalist-open-data.s3.amazonaws.com/photos/709593095/square.jpg,cc-by-nc,True,,,,,47.6214633,102.0052455,2026-07-28,,387508595,709593095,skipped_duplicate,Duplicate URL/photo ID,,,
iNaturalist,Myriophyllum sibiricum,https://inaturalist-open-data.s3.amazonaws.com/photos/709593090/square.jpg,cc-by-nc,True,,,,,47.6214633,102.0052455,2026-07-28,,387508595,709593090,skipped_duplicate,Duplicate URL/photo ID,,,
iNaturalist,Myriophyllum sibiricum,https://inaturalist-open-data.s3.amazonaws.com/photos/709593083/square.jpg,cc-by-nc,True,,,,,47.6214633,102.0052455,2026-07-28,,387508595,709593083,skipped_duplicate,Duplicate URL/photo ID,,,
iNaturalist,Myriophyllum sibiricum,https://inaturalist-open-data.s3.amazonaws.com/photos/709593107/square.jpg,cc-by-nc,True,,,,,47.6214633,102.0052455,2026-07-28,,387508595,709593107,skipped_duplicate,Duplicate URL/photo ID,,,
iNaturalist,Myriophyllum sibiricum,https://static.inaturalist.org/photos/707665410/square.jpg,,False,,,,,50.5394959634,101.4655011536,2026-07-30,,386498622,707665410,downloaded,OK,11821,e55ee985b039b7d171f2c6ea57fe44429b776172eceeb882cc19f80379f1d7a9,aquatic_plant_images\Myriophyllum_sibiricum\Myriophyllum_sibiricum_iNaturalist_707665410.jpg
iNaturalist,Myriophyllum sibiricum,https://inaturalist-open-data.s3.amazonaws.com/photos/705797896/square.jpg,cc-by-nc,True,,,,,37.6274251788,-119.0744519741,2026-07-26,,385519065,705797896,skipped_duplicate,Duplicate URL/photo ID,,,
iNaturalist,Myriophyllum sibiricum,https://inaturalist-open-data.s3.amazonaws.com/photos/705797891/square.jpg,cc-by-nc,True,,,,,37.6274251788,-119.0744519741,2026-07-26,,385519065,705797891,skipped_duplicate,Duplicate URL/photo ID,,,
iNaturalist,Myriophyllum sibiricum,https://inaturalist-open-data.s3.amazonaws.com/photos/705797876/square.jpg,cc-by-nc,True,,,,,37.6274251788,-119.0744519741,2026-07-26,,385519065,705797876,skipped_duplicate,Duplicate URL/photo ID,,,
iNaturalist,Myriophyllum sibiricum,https://inaturalist-open-data.s3.amazonaws.com/photos/705797870/square.jpg,cc-by-nc,True,,,,,37.6274251788,-119.0744519741,2026-07-26,,385519065,705797870,skipped_duplicate,Duplicate URL/photo ID,,,
iNaturalist,Myriophyllum sibiricum,https://inaturalist-open-data.s3.amazonaws.com/photos/705787155/square.jpg,cc-by-nc,True,,,,,37.6274251788,-119.0744519741,2026-07-26,,385519065,705787155,skipped_duplicate,Duplicate URL/photo ID,,,
iNaturalist,Myriophyllum sibiricum,https://inaturalist-open-data.s3.amazonaws.com/photos/705780464/square.jpg,cc-by-nc,True,,,,,37.6197447254,-119.0072535781,2026-07-25,,385516099,705780464,skipped_duplicate,Duplicate URL/photo ID,,,
iNaturalist,Myriophyllum sibiricum,https://inaturalist-open-data.s3.amazonaws.com/photos/703360841/square.jpg,cc-by-nc,True,,,,,37.5849711805,-118.8612111315,2026-07-22,,384251209,703360841,skipped_duplicate,Duplicate URL/photo ID,,,
iNaturalist,Myriophyllum sibiricum,https://inaturalist-open-data.s3.amazonaws.com/photos/703360834/square.jpg,cc-by-nc,True,,,,,37.5849711805,-118.8612111315,2026-07-22,,384251209,703360834,skipped_duplicate,Duplicate URL/photo ID,,,
iNaturalist,Myriophyllum sibiricum,https://inaturalist-open-data.s3.amazonaws.com/photos/702466012/square.jpg,cc-by-sa,True,,,,,49.8637155145,-119.4596359091,2026-07-18,,383788587,702466012,downloaded,OK,2657,c4b1af100cfd744fc2b216a07188a3dbc6b97753aac5b7416af5aac764fddc7c,aquatic_plant_images\Myriophyllum_sibiricum\Myriophyllum_sibiricum_iNaturalist_702466012.jpg
iNaturalist,Myriophyllum sibiricum,https://inaturalist-open-data.s3.amazonaws.com/photos/702466048/square.jpg,cc-by-sa,True,,,,,49.8637155145,-119.4596359091,2026-07-18,,383788587,702466048,downloaded,OK,2501,398e80280145ba317dfce33248315443753b0d520dd57eba8ccd14a41f66612e,aquatic_plant_images\Myriophyllum_sibiricum\Myriophyllum_sibiricum_iNaturalist_702466048.jpg
iNaturalist,Myriophyllum sibiricum,https://static.inaturalist.org/photos/699896090/square.jpg,,False,,,,,49.1058471667,96.6721333333,2026-07-02,,382450886,699896090,downloaded,OK,9853,beaded991d5a24d6da79490e8195fc0f7cefa07b8f48fb0b354d896c2625775d,aquatic_plant_images\Myriophyllum_sibiricum\Myriophyllum_sibiricum_iNaturalist_699896090.jpg
iNaturalist,Myriophyllum sibiricum,https://static.inaturalist.org/photos/699896091/square.jpg,,False,,,,,49.1058471667,96.6721333333,2026-07-02,,382450886,699896091,downloaded,OK,10231,650bdb1fd292702530ff2a31ea74cd62898347fa1e5adf2554f1f3a355f38ca8,aquatic_plant_images\Myriophyllum_sibiricum\Myriophyllum_sibiricum_iNaturalist_699896091.jpg
iNaturalist,Myriophyllum sibiricum,https://static.inaturalist.org/photos/699895244/square.jpg,,False,,,,,49.1062666667,96.672975,2026-07-02,,382450448,699895244,downloaded,OK,9605,5606d472fb8f2d37c248b7b6a5ef0dbf9ac642858716ed095ec1cd7cb27da2cf,aquatic_plant_images\Myriophyllum_sibiricum\Myriophyllum_sibiricum_iNaturalist_699895244.jpg
iNaturalist,Myriophyllum sibiricum,https://static.inaturalist.org/photos/699895247/square.jpg,,False,,,,,49.1062666667,96.672975,2026-07-02,,382450448,699895247,downloaded,OK,9056,6ac5de22392ee22e2d6743819ea2d4dad9ef24d2a5f3e0563d4fe2de3626bbce,aquatic_plant_images\Myriophyllum_sibiricum\Myriophyllum_sibiricum_iNaturalist_699895247.jpg
iNaturalist,Myriophyllum sibiricum,https://inaturalist-open-data.s3.amazonaws.com/photos/693173989/square.jpg,cc-by-nc,True,,,,,60.1004916667,-133.8177638889,2026-07-06,,378977484,693173989,skipped_duplicate,Duplicate URL/photo ID,,,
iNaturalist,Myriophyllum sibiricum,https://inaturalist-open-data.s3.amazonaws.com/photos/692681829/square.jpg,cc-by,True,,,,,57.1208646357,40.8522547118,2026-07-05,,378721425,692681829,skipped_duplicate,Duplicate URL/photo ID,,,
iNaturalist,Myriophyllum sibiricum,https://inaturalist-open-data.s3.amazonaws.com/photos/692682775/square.jpg,cc-by,True,,,,,57.1208646357,40.8522547118,2026-07-05,,378721425,692682775,skipped_duplicate,Duplicate URL/photo ID,,,
iNaturalist,Myriophyllum sibiricum,https://inaturalist-open-data.s3.amazonaws.com/photos/692682786/square.jpg,cc-by,True,,,,,57.1208646357,40.8522547118,2026-07-05,,378721425,692682786,skipped_duplicate,Duplicate URL/photo ID,,,
iNaturalist,Myriophyllum spicatum,https://inaturalist-open-data.s3.amazonaws.com/photos/743695668/square.jpg,cc-by-sa,True,,,,,45.1874461997,9.166187,2026-10-01,,404929123,743695668,downloaded,OK,6720,2d47d3aa5f062326b7b16173983fcca6322270ac22ddd14b0d603828c2bfd963,aquatic_plant_images\Myriophyllum_spicatum\Myriophyllum_spicatum_iNaturalist_743695668.jpg
iNaturalist,Myriophyllum spicatum,https://inaturalist-open-data.s3.amazonaws.com/photos/743468000/square.jpg,cc-by-nc,True,,,,,45.72062,-121.508555,2026-09-30,,404817326,743468000,downloaded,OK,4624,7c2f47847962a0315b4bd2073f5da400115c7815ae49c751bc7e3ca30c2e343e,aquatic_plant_images\Myriophyllum_spicatum\Myriophyllum_spicatum_iNaturalist_743468000.jpg
iNaturalist,Myriophyllum spicatum,https://inaturalist-open-data.s3.amazonaws.com/photos/743397922/square.jpg,cc-by-nc,True,,,,,53.3234886697,34.2312223782,2026-09-30,,404794923,743397922,downloaded,OK,3841,43f0607c59991954256ebcb07eab80734994b8bdff1342b0cdf52bdccdaaca05,aquatic_plant_images\Myriophyllum_spicatum\Myriophyllum_spicatum_iNaturalist_743397922.jpg
iNaturalist,Myriophyllum spicatum,https://inaturalist-open-data.s3.amazonaws.com/photos/743397909/square.jpg,cc-by-nc,True,,,,,53.3234886697,34.2312223782,2026-09-30,,404794923,743397909,downloaded,OK,4496,6ded9c79bdb2d223f4c74f841929122c2d39812d1d1a0e719089d2d9e9e673ab,aquatic_plant_images\Myriophyllum_spicatum\Myriophyllum_spicatum_iNaturalist_743397909.jpg
iNaturalist,Myriophyllum spicatum,https://inaturalist-open-data.s3.amazonaws.com/photos/743397238/square.jpg,cc-by-nc,True,,,,,53.3235435356,34.2306945311,2026-09-30,,404794887,743397238,downloaded,OK,4755,50036d756ea51aa22427ad2c0b3c8dcfe6474e34dbe7a740cb7cca4ea281f504,aquatic_plant_images\Myriophyllum_spicatum\Myriophyllum_spicatum_iNaturalist_743397238.jpg
iNaturalist,Myriophyllum spicatum,https://inaturalist-open-data.s3.amazonaws.com/photos/743397259/square.jpg,cc-by-nc,True,,,,,53.3235435356,34.2306945311,2026-09-30,,404794887,743397259,downloaded,OK,4880,af41e4a375713e8d28afdf577277728cbb8b3ac2649a5e47da7568da8401d692,aquatic_plant_images\Myriophyllum_spicatum\Myriophyllum_spicatum_iNaturalist_743397259.jpg
iNaturalist,Myriophyllum spicatum,https://inaturalist-open-data.s3.amazonaws.com/photos/743394556/square.jpg,cc-by-nc,True,,,,,53.3521718787,34.0980396207,2026-09-30,,404794753,743394556,downloaded,OK,4473,9768578dfbdbeb022269059b8edd84b7d2b6d4685392770751e5886f8a43e614,aquatic_plant_images\Myriophyllum_spicatum\Myriophyllum_spicatum_iNaturalist_743394556.jpg
iNaturalist,Myriophyllum spicatum,https://inaturalist-open-data.s3.amazonaws.com/photos/743394694/square.jpg,cc-by-nc,True,,,,,53.3521718787,34.0980396207,2026-09-30,,404794753,743394694,downloaded,OK,4625,5fdaa8e3b5cdf1919a47faa6c28842e60e8b8994684e71eeda7b16b29f895ba1,aquatic_plant_images\Myriophyllum_spicatum\Myriophyllum_spicatum_iNaturalist_743394694.jpg
iNaturalist,Myriophyllum spicatum,https://inaturalist-open-data.s3.amazonaws.com/photos/743394695/square.jpg,cc-by-nc,True,,,,,53.3521718787,34.0980396207,2026-09-30,,404794753,743394695,downloaded,OK,3753,dcb56441e3fdff8369e4ca21371cd40430614862efdd80ffc9287c422917fdd5,aquatic_plant_images\Myriophyllum_spicatum\Myriophyllum_spicatum_iNaturalist_743394695.jpg
iNaturalist,Myriophyllum spicatum,https://inaturalist-open-data.s3.amazonaws.com/photos/743401474/square.jpg,cc-by-nc,True,,,,,46.5186032821,-87.3829829292,2026-09-05,,404785192,743401474,downloaded,OK,2691,10aadd4f2ecd792ab34fa02526047c9c4edb9379258a58abb3e889339294bf2c,aquatic_plant_images\Myriophyllum_spicatum\Myriophyllum_spicatum_iNaturalist_743401474.jpg
iNaturalist,Myriophyllum spicatum,https://inaturalist-open-data.s3.amazonaws.com/photos/743319662/square.jpg,cc-by-nc,True,,,,,48.1597784,17.2211761997,2026-09-30,,404741706,743319662,downloaded,OK,8162,87dee7ee38e2c0379f04e693f09b7d95a105b44fddefbea290e8c0c5a2695d72,aquatic_plant_images\Myriophyllum_spicatum\Myriophyllum_spicatum_iNaturalist_743319662.jpg
iNaturalist,Myriophyllum spicatum,https://inaturalist-open-data.s3.amazonaws.com/photos/743237087/square.jpg,cc-by-nc,True,,,,,39.9982681746,116.2106966464,2026-09-30,,404703286,743237087,downloaded,OK,5117,007307cc267d74db1a41b69cc1a5b3c27edeee33eee9e8e6b090240fe6ddfe16,aquatic_plant_images\Myriophyllum_spicatum\Myriophyllum_spicatum_iNaturalist_743237087.jpg
iNaturalist,Myriophyllum spicatum,https://inaturalist-open-data.s3.amazonaws.com/photos/743204298/square.jpg,cc-by-nc,True,,,,,50.1010410464,21.4648463577,2026-08-03,,404680159,743204298,downloaded,OK,5804,71c94f757050529522fbc534e3c1e2291ab74892c59c90a3c6d213ef9a91cf2e,aquatic_plant_images\Myriophyllum_spicatum\Myriophyllum_spicatum_iNaturalist_743204298.jpg
iNaturalist,Myriophyllum spicatum,https://inaturalist-open-data.s3.amazonaws.com/photos/743201126/square.jpg,cc-by-nc,True,,,,,50.0999470335,21.4627559111,2026-08-03,,404678479,743201126,downloaded,OK,6050,f309d59aa4a53e7e04b48e8ddb668e2773e29ca6fce152333b25bb750d8a6a7b,aquatic_plant_images\Myriophyllum_spicatum\Myriophyllum_spicatum_iNaturalist_743201126.jpg
iNaturalist,Myriophyllum spicatum,https://inaturalist-open-data.s3.amazonaws.com/photos/743199404/square.jpg,cc-by-nc,True,,,,,50.1007550183,21.4647206292,2026-08-03,,404677688,743199404,downloaded,OK,6178,39e686daef87e0f55529e673c34376f35a00a0020766142fcab2da07cbab338c,aquatic_plant_images\Myriophyllum_spicatum\Myriophyllum_spicatum_iNaturalist_743199404.jpg
iNaturalist,Myriophyllum spicatum,https://inaturalist-open-data.s3.amazonaws.com/photos/743198678/square.jpg,cc-by-nc,True,,,,,50.10112879,21.4649140835,2026-08-03,,404677080,743198678,downloaded,OK,6083,75a861387cf8cfc09a6642072c955d7a9f70983b594e0eb2f377369fd02e38e2,aquatic_plant_images\Myriophyllum_spicatum\Myriophyllum_spicatum_iNaturalist_743198678.jpg
iNaturalist,Myriophyllum spicatum,https://inaturalist-open-data.s3.amazonaws.com/photos/743179873/square.jpg,cc-by-nc,True,,,,,49.7470612503,20.7308870181,2026-08-02,,404667516,743179873,downloaded,OK,5925,206f0e052582c5f3da0a0bac5a0c2a28ef30a55fa834d9b1650b21d2e496dc46,aquatic_plant_images\Myriophyllum_spicatum\Myriophyllum_spicatum_iNaturalist_743179873.jpg
iNaturalist,Myriophyllum spicatum,https://inaturalist-open-data.s3.amazonaws.com/photos/743179006/square.jpg,cc-by-nc,True,,,,,49.747039586,20.7308752835,2026-08-02,,404667000,743179006,downloaded,OK,5665,bd189b9e72fda93855b4df2b43c989e8d95a62238a8cedb727e05036a9ff2f58,aquatic_plant_images\Myriophyllum_spicatum\Myriophyllum_spicatum_iNaturalist_743179006.jpg
iNaturalist,Myriophyllum spicatum,https://static.inaturalist.org/photos/742945657/square.jpg,,False,,,,,40.5719828,-79.0313845997,2026-09-29,,404554282,742945657,downloaded,OK,7369,9243f40d73ad0d1c6793aaebcecaeb26241667145beee0210c4eb4dcf285ed3b,aquatic_plant_images\Myriophyllum_spicatum\Myriophyllum_spicatum_iNaturalist_742945657.jpg
iNaturalist,Myriophyllum spicatum,https://static.inaturalist.org/photos/742860382/square.jpg,,False,,,,,41.9267149029,13.8580700755,2026-09-26,,404511827,742860382,downloaded,OK,7945,bece054d2c13f776f07bb9df94b8f07af84896d620929b7fe45c9a1926f29dea,aquatic_plant_images\Myriophyllum_spicatum\Myriophyllum_spicatum_iNaturalist_742860382.jpg
iNaturalist,Myriophyllum spicatum,https://inaturalist-open-data.s3.amazonaws.com/photos/742820683/square.jpg,cc-by-nc,True,,,,,49.5010450567,14.0580365843,2026-07-06,,404491249,742820683,downloaded,OK,3636,07d4d7377cecb71fedd3055e9c19e2b9cf7270f1f5592a2f509a56457d6cd27e,aquatic_plant_images\Myriophyllum_spicatum\Myriophyllum_spicatum_iNaturalist_742820683.jpg
iNaturalist,Myriophyllum spicatum,https://inaturalist-open-data.s3.amazonaws.com/photos/742820675/square.jpg,cc-by-nc,True,,,,,49.5010450567,14.0580365843,2026-07-06,,404491249,742820675,downloaded,OK,2077,2ead77f94b6f0ce6e900468eac7c7360b66828d158ae32b2aa45ba6157eddb3a,aquatic_plant_images\Myriophyllum_spicatum\Myriophyllum_spicatum_iNaturalist_742820675.jpg
iNaturalist,Myriophyllum spicatum,https://inaturalist-open-data.s3.amazonaws.com/photos/742820696/square.jpg,cc-by-nc,True,,,,,49.5010450567,14.0580365843,2026-07-06,,404491249,742820696,downloaded,OK,3599,f90e766639325eda8840328e037d91d1f76b60d74f0dc136ba8f5cde266c2bbc,aquatic_plant_images\Myriophyllum_spicatum\Myriophyllum_spicatum_iNaturalist_742820696.jpg
iNaturalist,Myriophyllum spicatum,https://inaturalist-open-data.s3.amazonaws.com/photos/742377022/square.jpg,cc-by-nc,True,,,,,43.8722729658,-94.0116650245,2026-09-25,,404267176,742377022,downloaded,OK,2846,d02c79284643d4005ac4964aef6aba36a4b415bd0ad58db7021666d9ceb86cbf,aquatic_plant_images\Myriophyllum_spicatum\Myriophyllum_spicatum_iNaturalist_742377022.jpg
iNaturalist,Myriophyllum spicatum,https://inaturalist-open-data.s3.amazonaws.com/photos/741599584/square.jpg,cc-by-nc,True,,,,,43.6568695027,3.3961805329,2026-09-27,,403873929,741599584,downloaded,OK,7351,6e4772c377e534f3f321a3b08190fe0145d68d9078c2157e9f1a8221fde17b0a,aquatic_plant_images\Myriophyllum_spicatum\Myriophyllum_spicatum_iNaturalist_741599584.jpg
iNaturalist,Myriophyllum spicatum,https://inaturalist-open-data.s3.amazonaws.com/photos/741141096/square.jpg,cc-by-nc,True,,,,,43.0899624619,-77.3769609793,2026-09-26,,403644451,741141096,downloaded,OK,3414,c0186994d3701ee8ec2679128867f4e15fe8e5c882e68246b2fc4ef9821978d7,aquatic_plant_images\Myriophyllum_spicatum\Myriophyllum_spicatum_iNaturalist_741141096.jpg
iNaturalist,Myriophyllum spicatum,https://inaturalist-open-data.s3.amazonaws.com/photos/740917447/square.jpg,cc-by-nc,True,,,,,50.1005573784,21.4644507319,2026-07-30,,403527735,740917447,downloaded,OK,6427,0d9c093610c4b230b71d40dafd2bd06a0598435602cc119f4c1d99e54c409e23,aquatic_plant_images\Myriophyllum_spicatum\Myriophyllum_spicatum_iNaturalist_740917447.jpg
iNaturalist,Myriophyllum spicatum,https://inaturalist-open-data.s3.amazonaws.com/photos/740689586/square.jpg,cc-by-nc,True,,,,,44.332725,-78.7278366667,2026-09-23,,403412959,740689586,downloaded,OK,11444,c604933c516b28034a1b985a1421536841d797ae69432c9d078dff0cd8f183dc,aquatic_plant_images\Myriophyllum_spicatum\Myriophyllum_spicatum_iNaturalist_740689586.jpg
iNaturalist,Myriophyllum spicatum,https://inaturalist-open-data.s3.amazonaws.com/photos/740602403/square.jpg,cc-by-nc,True,,,,,42.8813486753,-75.7126469357,2026-09-25,,403370045,740602403,downloaded,OK,10647,856ac57a385b20830e65add914fa5e31dbc30c4d517a871f88da5edfb5b2462b,aquatic_plant_images\Myriophyllum_spicatum\Myriophyllum_spicatum_iNaturalist_740602403.jpg
iNaturalist,Myriophyllum spicatum,https://inaturalist-open-data.s3.amazonaws.com/photos/740510639/square.jpg,cc-by-nc,True,,,,,42.4206484845,-71.3559874293,2026-09-19,,403323684,740510639,downloaded,OK,8775,849c967e6ad309b3182ee99cbde8439147bf4ce924c7d6fa58d1d5609d295664,aquatic_plant_images\Myriophyllum_spicatum\Myriophyllum_spicatum_iNaturalist_740510639.jpg
iNaturalist,Myriophyllum spicatum,https://inaturalist-open-data.s3.amazonaws.com/photos/740510231/square.jpg,cc-by-nc,True,,,,,42.4280186312,-71.3560353414,2026-09-19,,403323490,740510231,downloaded,OK,7620,74a441cb31aea9432de4a934a54fbf18b5cb17e91522fc6d983854ffe379772f,aquatic_plant_images\Myriophyllum_spicatum\Myriophyllum_spicatum_iNaturalist_740510231.jpg
iNaturalist,Najas flexilis,https://inaturalist-open-data.s3.amazonaws.com/photos/738137529/square.jpg,cc-by,True,,,,,52.5132303358,-110.0923377429,2026-07-31,,402108031,738137529,skipped_duplicate,Duplicate URL/photo ID,,,
iNaturalist,Najas flexilis,https://inaturalist-open-data.s3.amazonaws.com/photos/737265226/square.jpg,cc-by,True,,,,,52.8797333333,-101.850945,2026-08-30,,401674179,737265226,skipped_duplicate,Duplicate URL/photo ID,,,
iNaturalist,Najas flexilis,https://inaturalist-open-data.s3.amazonaws.com/photos/725217689/square.jpg,cc-by-nc,True,,,,,43.9102666667,-65.8799138889,2026-08-27,,395511042,725217689,skipped_duplicate,Duplicate URL/photo ID,,,
iNaturalist,Najas flexilis,https://inaturalist-open-data.s3.amazonaws.com/photos/725217688/square.jpg,cc-by-nc,True,,,,,43.9102666667,-65.8799138889,2026-08-27,,395511042,725217688,skipped_duplicate,Duplicate URL/photo ID,,,
iNaturalist,Najas flexilis,https://inaturalist-open-data.s3.amazonaws.com/photos/725217692/square.jpg,cc-by-nc,True,,,,,43.9102666667,-65.8799138889,2026-08-27,,395511042,725217692,skipped_duplicate,Duplicate URL/photo ID,,,
iNaturalist,Najas flexilis,https://inaturalist-open-data.s3.amazonaws.com/photos/722859997/square.jpg,cc-by-nc-nd,True,,,,,45.961933,-90.8543099722,2026-08-22,,394263573,722859997,downloaded,OK,7306,dffceb0b6ad004768a718cd0c1180b3908d0557e00bed17ff751d816a8c3b2dd,aquatic_plant_images\Najas_flexilis\Najas_flexilis_iNaturalist_722859997.jpg
iNaturalist,Najas flexilis,https://inaturalist-open-data.s3.amazonaws.com/photos/722860021/square.jpg,cc-by-nc-nd,True,,,,,45.961933,-90.8543099722,2026-08-22,,394263573,722860021,downloaded,OK,7505,6a966ca872211f840623a0fc559e0b327cf6c3b4685d2296d23c76df539541e8,aquatic_plant_images\Najas_flexilis\Najas_flexilis_iNaturalist_722860021.jpg
iNaturalist,Najas flexilis,https://inaturalist-open-data.s3.amazonaws.com/photos/722860041/square.jpg,cc-by-nc-nd,True,,,,,45.961933,-90.8543099722,2026-08-22,,394263573,722860041,downloaded,OK,8027,3f8cde6d1c5fba62c91d9daee76ce6b72337621d0f1915273477f61d84471bc9,aquatic_plant_images\Najas_flexilis\Najas_flexilis_iNaturalist_722860041.jpg
iNaturalist,Najas flexilis,https://inaturalist-open-data.s3.amazonaws.com/photos/722860059/square.jpg,cc-by-nc-nd,True,,,,,45.961933,-90.8543099722,2026-08-22,,394263573,722860059,downloaded,OK,7414,ec9bc616181575f811647777a4cf41aea4d7ac87087d43f223c04390d429c691,aquatic_plant_images\Najas_flexilis\Najas_flexilis_iNaturalist_722860059.jpg
iNaturalist,Najas flexilis,https://inaturalist-open-data.s3.amazonaws.com/photos/720341656/square.jpg,cc-by-nc,True,,,,,45.5915916667,-78.5179133333,2026-08-16,,393026823,720341656,skipped_duplicate,Duplicate URL/photo ID,,,
iNaturalist,Najas flexilis,https://inaturalist-open-data.s3.amazonaws.com/photos/720341509/square.jpg,cc-by-nc,True,,,,,45.5915916667,-78.5179133333,2026-08-16,,393026823,720341509,skipped_duplicate,Duplicate URL/photo ID,,,
iNaturalist,Najas flexilis,https://inaturalist-open-data.s3.amazonaws.com/photos/720341581/square.jpg,cc-by-nc,True,,,,,45.5915916667,-78.5179133333,2026-08-16,,393026823,720341581,skipped_duplicate,Duplicate URL/photo ID,,,
iNaturalist,Najas flexilis,https://inaturalist-open-data.s3.amazonaws.com/photos/717139237/square.jpg,cc-by-nc,True,,,,,45.2735216667,-80.2504883333,2026-08-14,,391381814,717139237,skipped_duplicate,Duplicate URL/photo ID,,,
iNaturalist,Najas flexilis,https://inaturalist-open-data.s3.amazonaws.com/photos/717139179/square.jpg,cc-by-nc,True,,,,,45.2735216667,-80.2504883333,2026-08-14,,391381814,717139179,skipped_duplicate,Duplicate URL/photo ID,,,
iNaturalist,Najas flexilis,https://inaturalist-open-data.s3.amazonaws.com/photos/717139357/square.jpg,cc-by-nc,True,,,,,45.2735216667,-80.2504883333,2026-08-14,,391381814,717139357,skipped_duplicate,Duplicate URL/photo ID,,,
iNaturalist,Najas flexilis,https://inaturalist-open-data.s3.amazonaws.com/photos/717139400/square.jpg,cc-by-nc,True,,,,,45.2735216667,-80.2504883333,2026-08-14,,391381814,717139400,skipped_duplicate,Duplicate URL/photo ID,,,
iNaturalist,Najas flexilis,https://inaturalist-open-data.s3.amazonaws.com/photos/713367355/square.jpg,cc-by-nc,True,,,,,45.0680039394,-64.3529621807,2026-08-08,,389450540,713367355,skipped_duplicate,Duplicate URL/photo ID,,,
iNaturalist,Najas flexilis,https://inaturalist-open-data.s3.amazonaws.com/photos/713367283/square.jpg,cc-by-nc,True,,,,,45.0680039394,-64.3529621807,2026-08-08,,389450540,713367283,skipped_duplicate,Duplicate URL/photo ID,,,
iNaturalist,Najas flexilis,https://inaturalist-open-data.s3.amazonaws.com/photos/713367336/square.jpg,cc-by-nc,True,,,,,45.0680039394,-64.3529621807,2026-08-08,,389450540,713367336,skipped_duplicate,Duplicate URL/photo ID,,,
iNaturalist,Najas flexilis,https://inaturalist-open-data.s3.amazonaws.com/photos/711864280/square.jpg,cc-by-nc,True,,,,,46.2490442431,-83.5023050755,2026-08-03,,388665701,711864280,downloaded,OK,7307,b4e9326c2b5032c45839717b30fbaed9ad8ca2412ed3acae69e9b380dfbbf979,aquatic_plant_images\Najas_flexilis\Najas_flexilis_iNaturalist_711864280.jpg
iNaturalist,Najas flexilis,https://inaturalist-open-data.s3.amazonaws.com/photos/712378814/square.jpg,cc-by-nc,True,,,,,46.2490442431,-83.5023050755,2026-08-03,,388665701,712378814,downloaded,OK,5528,a9881b89303f852a9ea3ebb2455d4c83132855ccb40576c426a05da539bf0907,aquatic_plant_images\Najas_flexilis\Najas_flexilis_iNaturalist_712378814.jpg
iNaturalist,Najas flexilis,https://inaturalist-open-data.s3.amazonaws.com/photos/711864307/square.jpg,cc-by-nc,True,,,,,46.2490442431,-83.5023050755,2026-08-03,,388665701,711864307,downloaded,OK,6637,701bd8ae745134f05a687f8f3d532e34b91d838f85105ded18ff041b2b923695,aquatic_plant_images\Najas_flexilis\Najas_flexilis_iNaturalist_711864307.jpg
iNaturalist,Najas flexilis,https://inaturalist-open-data.s3.amazonaws.com/photos/711864330/square.jpg,cc-by-nc,True,,,,,46.2490442431,-83.5023050755,2026-08-03,,388665701,711864330,downloaded,OK,6692,f632b7969c94dc506500507c225d0fdde8e157c3235153ecf0601a3aec6c2e06,aquatic_plant_images\Najas_flexilis\Najas_flexilis_iNaturalist_711864330.jpg
iNaturalist,Najas flexilis,https://static.inaturalist.org/photos/710900473/square.jpg,,False,,,,,42.340625,-82.9304883333,2026-08-04,,388172612,710900473,downloaded,OK,3914,337a8f941c3b44d2591e71793acdd0a2724961b16a468667836c11717de92c1a,aquatic_plant_images\Najas_flexilis\Najas_flexilis_iNaturalist_710900473.jpg
iNaturalist,Najas flexilis,https://static.inaturalist.org/photos/710900509/square.jpg,,False,,,,,42.340625,-82.9304883333,2026-08-04,,388172612,710900509,downloaded,OK,4059,edfd0366b3be82618df9ba51f79cef72ce5ac2cc3ac14858a878ba857cdf29cc,aquatic_plant_images\Najas_flexilis\Najas_flexilis_iNaturalist_710900509.jpg
iNaturalist,Najas flexilis,https://static.inaturalist.org/photos/710900545/square.jpg,,False,,,,,42.340625,-82.9304883333,2026-08-04,,388172612,710900545,downloaded,OK,3349,69b8f43bba1769614d0706af68826622077f01e61f29296d0281df17a97efd48,aquatic_plant_images\Najas_flexilis\Najas_flexilis_iNaturalist_710900545.jpg
iNaturalist,Najas flexilis,https://static.inaturalist.org/photos/710900581/square.jpg,,False,,,,,42.340625,-82.9304883333,2026-08-04,,388172612,710900581,downloaded,OK,3801,460ef9f3e3d15aeac18de094d0820d0edcbe2ac385742a4276d804dd1ceeaf68,aquatic_plant_images\Najas_flexilis\Najas_flexilis_iNaturalist_710900581.jpg
iNaturalist,Najas flexilis,https://static.inaturalist.org/photos/710900624/square.jpg,,False,,,,,42.340625,-82.9304883333,2026-08-04,,388172612,710900624,downloaded,OK,4179,13e44f9d3112bafc18ab2a635321b277e25332f2ff27577fd70a3a1794888078,aquatic_plant_images\Najas_flexilis\Najas_flexilis_iNaturalist_710900624.jpg
iNaturalist,Najas flexilis,https://static.inaturalist.org/photos/710900671/square.jpg,,False,,,,,42.340625,-82.9304883333,2026-08-04,,388172612,710900671,downloaded,OK,3737,266d1788441096a29ce1fc3f0d67533725fd24b9a30522bdc7b9aa6115a5a466,aquatic_plant_images\Najas_flexilis\Najas_flexilis_iNaturalist_710900671.jpg
iNaturalist,Najas flexilis,https://inaturalist-open-data.s3.amazonaws.com/photos/702571221/square.jpg,cc0,True,,,,,53.5771033333,-114.758255,2026-07-21,,383841537,702571221,skipped_duplicate,Duplicate URL/photo ID,,,
iNaturalist,Najas flexilis,https://inaturalist-open-data.s3.amazonaws.com/photos/702475598/square.jpg,cc-by-nc,True,,,,,53.5772180328,-114.7581656473,2026-07-21,,383792274,702475598,skipped_duplicate,Duplicate URL/photo ID,,,
iNaturalist,Najas flexilis,https://inaturalist-open-data.s3.amazonaws.com/photos/702475715/square.jpg,cc-by-nc,True,,,,,53.5772180328,-114.7581656473,2026-07-21,,383792274,702475715,skipped_duplicate,Duplicate URL/photo ID,,,
iNaturalist,Najas flexilis,https://inaturalist-open-data.s3.amazonaws.com/photos/699394467/square.jpg,cc-by,True,,,,,54.1551166667,-101.983825,2026-07-12,,382187672,699394467,skipped_duplicate,Duplicate URL/photo ID,,,
iNaturalist,Najas flexilis,https://inaturalist-open-data.s3.amazonaws.com/photos/696590424/square.jpg,cc-by-nc,True,,,,,42.3478366667,-82.48755,2026-07-12,,380742467,696590424,downloaded,OK,10914,890e1a15e59a2ade51bfccdf19f6cc386e811db89077b543f6cb9b58781ef5ca,aquatic_plant_images\Najas_flexilis\Najas_flexilis_iNaturalist_696590424.jpg
iNaturalist,Najas flexilis,https://inaturalist-open-data.s3.amazonaws.com/photos/692795662/square.jpg,cc-by-nc,True,,,,,43.4139278016,-85.6727466262,2026-07-06,,378781545,692795662,skipped_duplicate,Duplicate URL/photo ID,,,
iNaturalist,Najas flexilis,https://inaturalist-open-data.s3.amazonaws.com/photos/692796139/square.jpg,cc-by-nc,True,,,,,43.4139278016,-85.6727466262,2026-07-06,,378781545,692796139,skipped_duplicate,Duplicate URL/photo ID,,,
iNaturalist,Najas flexilis,https://static.inaturalist.org/photos/665699790/square.jpg,,False,,,,,45.249734,-79.826095,2025-09-07,,364648348,665699790,downloaded,OK,13078,b98b567d93475f0d5e147fe7ae83a30b67cba3ce74cd331009bed4be6ff1cbc5,aquatic_plant_images\Najas_flexilis\Najas_flexilis_iNaturalist_665699790.jpg
iNaturalist,Najas flexilis,https://static.inaturalist.org/photos/665699776/square.jpg,,False,,,,,45.249734,-79.826095,2025-09-07,,364648338,665699776,downloaded,OK,14001,48bd87948f46925a76b81c63eaf1a0deda510bc3fe5afcb29219ab234234a76e,aquatic_plant_images\Najas_flexilis\Najas_flexilis_iNaturalist_665699776.jpg
iNaturalist,Najas flexilis,https://inaturalist-open-data.s3.amazonaws.com/photos/653684651/square.jpg,cc-by-nc,True,,,,,44.5439612682,-89.2763924391,2025-07-30,,358337601,653684651,downloaded,OK,10684,f6b91d9209676b3f1341e7590d26d79ec0e52015455b515ac6fda6c82463bb69,aquatic_plant_images\Najas_flexilis\Najas_flexilis_iNaturalist_653684651.jpg
iNaturalist,Najas flexilis,https://inaturalist-open-data.s3.amazonaws.com/photos/615250401/square.jpg,cc0,True,,,,,46.72995048,-71.43564392,2025-09-14,,338330959,615250401,downloaded,OK,7346,e6b511166869474e549c15a6645b32ebc4aaae2ef3b3777dc9c208700a8892c8,aquatic_plant_images\Najas_flexilis\Najas_flexilis_iNaturalist_615250401.jpg
iNaturalist,Najas flexilis,https://inaturalist-open-data.s3.amazonaws.com/photos/615250418/square.jpg,cc0,True,,,,,46.72995048,-71.43564392,2025-09-14,,338330959,615250418,downloaded,OK,6754,8d31031c222ca042d28d7c44bc40288d68932199688c0b3075e3812755e50335,aquatic_plant_images\Najas_flexilis\Najas_flexilis_iNaturalist_615250418.jpg
iNaturalist,Najas flexilis,https://inaturalist-open-data.s3.amazonaws.com/photos/615250436/square.jpg,cc0,True,,,,,46.72995048,-71.43564392,2025-09-14,,338330959,615250436,downloaded,OK,7023,a21bbf6fafee7c6943706acf015fca48a0852658d7f5ae7dec63c74543c843db,aquatic_plant_images\Najas_flexilis\Najas_flexilis_iNaturalist_615250436.jpg
iNaturalist,Najas flexilis,https://inaturalist-open-data.s3.amazonaws.com/photos/612849531/square.jpg,cc-by-nc,True,,,,,44.5328916667,-68.6264888889,2025-09-01,,337162416,612849531,downloaded,OK,4191,640be2fa9a9c72410200a44ab7c923de42316227ede3486af71db0462a74d69d,aquatic_plant_images\Najas_flexilis\Najas_flexilis_iNaturalist_612849531.jpg
iNaturalist,Najas flexilis,https://inaturalist-open-data.s3.amazonaws.com/photos/607471998/square.jpg,cc-by-nc,True,,,,,48.2310116667,-89.9288716667,2026-01-10,,334503469,607471998,skipped_duplicate,Duplicate URL/photo ID,,,
iNaturalist,Najas flexilis,https://inaturalist-open-data.s3.amazonaws.com/photos/607472026/square.jpg,cc-by-nc,True,,,,,48.2310116667,-89.9288716667,2026-01-10,,334503469,607472026,skipped_duplicate,Duplicate URL/photo ID,,,
iNaturalist,Najas flexilis,https://inaturalist-open-data.s3.amazonaws.com/photos/607472050/square.jpg,cc-by-nc,True,,,,,48.2310116667,-89.9288716667,2026-01-10,,334503469,607472050,skipped_duplicate,Duplicate URL/photo ID,,,
iNaturalist,Najas flexilis,https://inaturalist-open-data.s3.amazonaws.com/photos/602897429/square.jpg,cc-by-nc,True,,,,,45.9751866667,-91.1756533333,2025-07-20,,332235886,602897429,downloaded,OK,3796,7912f181a715e3314944e029359886c49e0f6c5fac7c86ff280cc1fe2956b172,aquatic_plant_images\Najas_flexilis\Najas_flexilis_iNaturalist_602897429.jpg
iNaturalist,Najas flexilis,https://inaturalist-open-data.s3.amazonaws.com/photos/590835595/square.jpg,cc0,True,,,,,45.9068358749,-76.9341751187,2025-08-24,,326251289,590835595,downloaded,OK,2371,36d3bda9ed72da6a1abadb61de2f774f7d430ee79e8d187a0f33541c25406e93,aquatic_plant_images\Najas_flexilis\Najas_flexilis_iNaturalist_590835595.jpg
iNaturalist,Najas flexilis,https://inaturalist-open-data.s3.amazonaws.com/photos/590835610/square.jpg,cc0,True,,,,,45.9068358749,-76.9341751187,2025-08-24,,326251289,590835610,downloaded,OK,1757,c2fd20bc3762b19b306c54d67fb25819b1c48c6d936df1e6984e83d9d9603eee,aquatic_plant_images\Najas_flexilis\Najas_flexilis_iNaturalist_590835610.jpg
iNaturalist,Najas flexilis,https://inaturalist-open-data.s3.amazonaws.com/photos/590835594/square.jpg,cc0,True,,,,,45.9068358749,-76.9341751187,2025-08-24,,326251289,590835594,downloaded,OK,2090,1e931a69c1747e45eb2556f07da9f47c62e5f55083e18ae5ecc23108a0127bd2,aquatic_plant_images\Najas_flexilis\Najas_flexilis_iNaturalist_590835594.jpg
iNaturalist,Najas flexilis,https://inaturalist-open-data.s3.amazonaws.com/photos/590835590/square.jpg,cc0,True,,,,,45.9068358749,-76.9341751187,2025-08-24,,326251289,590835590,downloaded,OK,1190,12bc8fcf3cbf99b93d686b795df0a0951afdd583c0069088219af4314bd7a483,aquatic_plant_images\Najas_flexilis\Najas_flexilis_iNaturalist_590835590.jpg
iNaturalist,Najas flexilis,https://inaturalist-open-data.s3.amazonaws.com/photos/632751125/square.jpg,cc0,True,,,,,45.9068358749,-76.9341751187,2025-08-24,,326251289,632751125,downloaded,OK,4576,dd3b1a9509f1da19cfa2a9555841655a13c04ce9f163ba0358be022c4ee459af,aquatic_plant_images\Najas_flexilis\Najas_flexilis_iNaturalist_632751125.jpg
iNaturalist,Najas flexilis,https://inaturalist-open-data.s3.amazonaws.com/photos/632751127/square.jpg,cc0,True,,,,,45.9068358749,-76.9341751187,2025-08-24,,326251289,632751127,downloaded,OK,3412,181f9cad28bbfa48e064a55a8945439c2ef899d31e2d41b23f78d13449478033,aquatic_plant_images\Najas_flexilis\Najas_flexilis_iNaturalist_632751127.jpg
iNaturalist,Najas flexilis,https://inaturalist-open-data.s3.amazonaws.com/photos/632751134/square.jpg,cc0,True,,,,,45.9068358749,-76.9341751187,2025-08-24,,326251289,632751134,downloaded,OK,3956,b3083cd429ae64a7310395cccac462023a866e02a3a39fe3194f03f23e4f7d1e,aquatic_plant_images\Najas_flexilis\Najas_flexilis_iNaturalist_632751134.jpg
iNaturalist,Najas flexilis,https://inaturalist-open-data.s3.amazonaws.com/photos/632751131/square.jpg,cc0,True,,,,,45.9068358749,-76.9341751187,2025-08-24,,326251289,632751131,downloaded,OK,4474,911a9982f44794568d1e009b6571ad3a629e3430215b1bd211a697abd8455e7e,aquatic_plant_images\Najas_flexilis\Najas_flexilis_iNaturalist_632751131.jpg
iNaturalist,Najas flexilis,https://inaturalist-open-data.s3.amazonaws.com/photos/632751136/square.jpg,cc0,True,,,,,45.9068358749,-76.9341751187,2025-08-24,,326251289,632751136,downloaded,OK,4158,b39ace241480b4966b4be556a7e4e04fe3657d6f528904d2c487f576ca5f5008,aquatic_plant_images\Najas_flexilis\Najas_flexilis_iNaturalist_632751136.jpg
iNaturalist,Najas flexilis,https://inaturalist-open-data.s3.amazonaws.com/photos/632751119/square.jpg,cc0,True,,,,,45.9068358749,-76.9341751187,2025-08-24,,326251289,632751119,downloaded,OK,4104,45d527a963d9934e6f0b2e44b82e6ef17155474229cfeea537ca24677a763ed6,aquatic_plant_images\Najas_flexilis\Najas_flexilis_iNaturalist_632751119.jpg
iNaturalist,Najas flexilis,https://inaturalist-open-data.s3.amazonaws.com/photos/632751137/square.jpg,cc0,True,,,,,45.9068358749,-76.9341751187,2025-08-24,,326251289,632751137,downloaded,OK,3703,a2b8c6d7cbe5f219a82f68701ceccb7bdfce816c4ba6f5ab8157717bcfa0418c,aquatic_plant_images\Najas_flexilis\Najas_flexilis_iNaturalist_632751137.jpg
iNaturalist,Najas flexilis,https://inaturalist-open-data.s3.amazonaws.com/photos/587081834/square.jpg,cc-by-nc,True,,,,,44.8447938997,-79.9730571,2025-08-07,,324370779,587081834,downloaded,OK,6634,2c646dadc09f47e53e1b9f8b9ff32db7647478efc60f0f9b82f3b37e1df73ebe,aquatic_plant_images\Najas_flexilis\Najas_flexilis_iNaturalist_587081834.jpg
iNaturalist,Najas flexilis,https://inaturalist-open-data.s3.amazonaws.com/photos/587081954/square.jpg,cc-by-nc,True,,,,,44.8447938997,-79.9730571,2025-08-07,,324370779,587081954,downloaded,OK,6740,13d6ebbe95701fdf8d5b2b567b8718eeb59a1e312beb16808236b51ebd3f4ba2,aquatic_plant_images\Najas_flexilis\Najas_flexilis_iNaturalist_587081954.jpg
iNaturalist,Najas flexilis,https://inaturalist-open-data.s3.amazonaws.com/photos/587081992/square.jpg,cc-by-nc,True,,,,,44.8447938997,-79.9730571,2025-08-07,,324370779,587081992,downloaded,OK,7200,543bfecaa4da8e793b0c1866c6b4780fab7de212ebd13176a5db180ce98ddb7a,aquatic_plant_images\Najas_flexilis\Najas_flexilis_iNaturalist_587081992.jpg
iNaturalist,Najas flexilis,https://inaturalist-open-data.s3.amazonaws.com/photos/587082051/square.jpg,cc-by-nc,True,,,,,44.8447938997,-79.9730571,2025-08-07,,324370779,587082051,downloaded,OK,6825,6984ae52f7c7fe7753fd63cff884c29b91ec99b1d7d6cb7f3f94bc39c4614c6f,aquatic_plant_images\Najas_flexilis\Najas_flexilis_iNaturalist_587082051.jpg
iNaturalist,Najas flexilis,https://inaturalist-open-data.s3.amazonaws.com/photos/584531387/square.jpg,cc-by-nc,True,,,,,42.3547583333,-71.0708305,2025-10-25,,323064952,584531387,downloaded,OK,10069,d2f021220d9b91e45236514c9cf562b4db23b669fc062d6abf8c0929820f16f5,aquatic_plant_images\Najas_flexilis\Najas_flexilis_iNaturalist_584531387.jpg
iNaturalist,Najas flexilis,https://inaturalist-open-data.s3.amazonaws.com/photos/584531386/square.jpg,cc-by-nc,True,,,,,42.3547583333,-71.0708305,2025-10-25,,323064952,584531386,downloaded,OK,10645,9f4b727e807e87068c7a61edf5c0897583b9a540d8d3ed399fa1ca5cdda2422e,aquatic_plant_images\Najas_flexilis\Najas_flexilis_iNaturalist_584531386.jpg
iNaturalist,Najas flexilis,https://inaturalist-open-data.s3.amazonaws.com/photos/577092075/square.jpg,cc-by-nc,True,,,,,44.9295380662,-76.7866527361,2025-10-04,,319266187,577092075,downloaded,OK,9178,5b36d3827f94b767fdb94b287c1c936e6b174c7fb5a052220894db8e30d2154a,aquatic_plant_images\Najas_flexilis\Najas_flexilis_iNaturalist_577092075.jpg
iNaturalist,Najas flexilis,https://inaturalist-open-data.s3.amazonaws.com/photos/577092101/square.jpg,cc-by-nc,True,,,,,44.9295380662,-76.7866527361,2025-10-04,,319266187,577092101,downloaded,OK,14479,2a99d83e2f19c7d3a04d44d324b54929c209de7ad6136a4401b63fe9e6311437,aquatic_plant_images\Najas_flexilis\Najas_flexilis_iNaturalist_577092101.jpg
iNaturalist,Nitellopsis obtusa,https://inaturalist-open-data.s3.amazonaws.com/photos/740689793/square.jpg,cc-by-nc,True,,,,,44.3299133333,-78.7300033333,2026-09-23,,403413048,740689793,downloaded,OK,12459,5ee2b46deb058b4fa2ea6988a00c497cde44227b973f6115ff6f42f0ffc8ebd0,aquatic_plant_images\Nitellopsis_obtusa\Nitellopsis_obtusa_iNaturalist_740689793.jpg
iNaturalist,Nitellopsis obtusa,https://inaturalist-open-data.s3.amazonaws.com/photos/739540891/square.jpg,cc-by-nc,True,,,,,44.3308908167,-78.7285055314,2026-09-23,,402828465,739540891,downloaded,OK,4443,cc86cd7293e880d7fc28b3bbc11febdcd9f08bcdb440a902608cd4e9c2aeca0a,aquatic_plant_images\Nitellopsis_obtusa\Nitellopsis_obtusa_iNaturalist_739540891.jpg
iNaturalist,Nitellopsis obtusa,https://inaturalist-open-data.s3.amazonaws.com/photos/739443915/square.jpg,cc-by-nc,True,,,,,44.3299499061,-78.7295915746,2026-09-23,,402777676,739443915,downloaded,OK,4295,c18a95b3d371ad4d00f1725757b6bfe59082cda9a0a8a8deb472cf208be6ab1a,aquatic_plant_images\Nitellopsis_obtusa\Nitellopsis_obtusa_iNaturalist_739443915.jpg
iNaturalist,Nitellopsis obtusa,https://inaturalist-open-data.s3.amazonaws.com/photos/739444018/square.jpg,cc-by-nc,True,,,,,44.3299499061,-78.7295915746,2026-09-23,,402777676,739444018,downloaded,OK,4342,e6adca0d15af21a663cd3bf2686c5c5f9d0d85d1c19731b061f0c25be2ba537c,aquatic_plant_images\Nitellopsis_obtusa\Nitellopsis_obtusa_iNaturalist_739444018.jpg
iNaturalist,Nitellopsis obtusa,https://inaturalist-open-data.s3.amazonaws.com/photos/739444376/square.jpg,cc-by-nc,True,,,,,44.3299499061,-78.7295915746,2026-09-23,,402777676,739444376,downloaded,OK,4707,a6f6949db15590c4e28d8320db981026e6428ada327d538081802e1e90f2652e,aquatic_plant_images\Nitellopsis_obtusa\Nitellopsis_obtusa_iNaturalist_739444376.jpg
iNaturalist,Nitellopsis obtusa,https://inaturalist-open-data.s3.amazonaws.com/photos/739444646/square.jpg,cc-by-nc,True,,,,,44.3299499061,-78.7295915746,2026-09-23,,402777676,739444646,downloaded,OK,4963,28cd6994d9876815904a34f93cb2f8657243dc26e5c110ed3a79c65bb2e6d7bb,aquatic_plant_images\Nitellopsis_obtusa\Nitellopsis_obtusa_iNaturalist_739444646.jpg
iNaturalist,Nitellopsis obtusa,https://inaturalist-open-data.s3.amazonaws.com/photos/739423039/square.jpg,cc-by-nc,True,,,,,44.3298979376,-78.7299498349,2026-09-23,,402766519,739423039,downloaded,OK,11926,685d3ac075729f114024b9f7d1ad93df2a4acdb3256d69a775d2e246f79af081,aquatic_plant_images\Nitellopsis_obtusa\Nitellopsis_obtusa_iNaturalist_739423039.jpg
iNaturalist,Nitellopsis obtusa,https://inaturalist-open-data.s3.amazonaws.com/photos/739308963/square.jpg,cc-by,True,,,,,45.3010705858,5.9320795722,2026-09-23,,402703745,739308963,downloaded,OK,7774,7b516c56dc06e2584bf71f4242e794e3b6753ac61239e10df452b8ba7a157340,aquatic_plant_images\Nitellopsis_obtusa\Nitellopsis_obtusa_iNaturalist_739308963.jpg
iNaturalist,Nitellopsis obtusa,https://inaturalist-open-data.s3.amazonaws.com/photos/739309009/square.jpg,cc-by,True,,,,,45.3010705858,5.9320795722,2026-09-23,,402703745,739309009,downloaded,OK,8083,810dd27d0b406db47c3af8a5599d501ea079cbdf46372d385cfeea9258f85ba7,aquatic_plant_images\Nitellopsis_obtusa\Nitellopsis_obtusa_iNaturalist_739309009.jpg
iNaturalist,Nitellopsis obtusa,https://inaturalist-open-data.s3.amazonaws.com/photos/735892624/square.jpg,cc-by-nc,True,,,,,45.3068473935,-75.6979610492,2026-09-16,,400721699,735892624,downloaded,OK,6521,9c77cb410cc73b34640a660563c31e220218c477f6a53f7d0d574b265d35ffe6,aquatic_plant_images\Nitellopsis_obtusa\Nitellopsis_obtusa_iNaturalist_735892624.jpg
iNaturalist,Nitellopsis obtusa,https://inaturalist-open-data.s3.amazonaws.com/photos/735046745/square.jpg,cc-by-nc,True,,,,,53.4829133333,15.8617616667,2026-09-15,,400543543,735046745,downloaded,OK,4603,493c72f051e5c9da5d4c58213f5a6d52c8b8ffe3ad77d87a45d3f89eecaed512,aquatic_plant_images\Nitellopsis_obtusa\Nitellopsis_obtusa_iNaturalist_735046745.jpg
iNaturalist,Nitellopsis obtusa,https://inaturalist-open-data.s3.amazonaws.com/photos/734670463/square.jpg,cc-by-nc,True,,,,,42.313,-83.7901466667,2026-09-14,,400358398,734670463,downloaded,OK,11022,791afba3d60bd168ec87b839509b571080a9a8e95270ee1a13026e52c9c0687c,aquatic_plant_images\Nitellopsis_obtusa\Nitellopsis_obtusa_iNaturalist_734670463.jpg
iNaturalist,Nitellopsis obtusa,https://inaturalist-open-data.s3.amazonaws.com/photos/734670460/square.jpg,cc-by-nc,True,,,,,42.313,-83.7901466667,2026-09-14,,400358398,734670460,downloaded,OK,11169,5e2012503655c8f2ecb87f3b9d8b48d3ded15e501d3913b6a7ef3d52885067a8,aquatic_plant_images\Nitellopsis_obtusa\Nitellopsis_obtusa_iNaturalist_734670460.jpg
iNaturalist,Nitellopsis obtusa,https://inaturalist-open-data.s3.amazonaws.com/photos/734670462/square.jpg,cc-by-nc,True,,,,,42.313,-83.7901466667,2026-09-14,,400358398,734670462,downloaded,OK,9961,d3e0259f0703de5b3ae4f13f3f1441d8a748a90ceee2d08018efd2148f88fda0,aquatic_plant_images\Nitellopsis_obtusa\Nitellopsis_obtusa_iNaturalist_734670462.jpg
iNaturalist,Nitellopsis obtusa,https://inaturalist-open-data.s3.amazonaws.com/photos/734670461/square.jpg,cc-by-nc,True,,,,,42.313,-83.7901466667,2026-09-14,,400358398,734670461,downloaded,OK,9825,e0af3b755700676062b6300e6d24132e8c6e468ade77e4357ef66e44c3129b07,aquatic_plant_images\Nitellopsis_obtusa\Nitellopsis_obtusa_iNaturalist_734670461.jpg
iNaturalist,Nitellopsis obtusa,https://inaturalist-open-data.s3.amazonaws.com/photos/734670464/square.jpg,cc-by-nc,True,,,,,42.313,-83.7901466667,2026-09-14,,400358398,734670464,downloaded,OK,11235,92ab3cea999b89c15da03477b7727181e08c5846d3e3343cf54cb42ce6d5f98a,aquatic_plant_images\Nitellopsis_obtusa\Nitellopsis_obtusa_iNaturalist_734670464.jpg
iNaturalist,Nitellopsis obtusa,https://inaturalist-open-data.s3.amazonaws.com/photos/734670483/square.jpg,cc-by-nc,True,,,,,42.313,-83.7901466667,2026-09-14,,400358398,734670483,downloaded,OK,10418,43e3e90208622b35d7253a7d3ad0d93e2d47d4a24864d1df2138a1dbd472c0d9,aquatic_plant_images\Nitellopsis_obtusa\Nitellopsis_obtusa_iNaturalist_734670483.jpg
iNaturalist,Nitellopsis obtusa,https://inaturalist-open-data.s3.amazonaws.com/photos/734670499/square.jpg,cc-by-nc,True,,,,,42.313,-83.7901466667,2026-09-14,,400358398,734670499,downloaded,OK,9621,95119d7e98f2892c0a3c2c747ca035e56eabec26d6cc1dfbedd7f8e3e09aadfc,aquatic_plant_images\Nitellopsis_obtusa\Nitellopsis_obtusa_iNaturalist_734670499.jpg
iNaturalist,Nitellopsis obtusa,https://inaturalist-open-data.s3.amazonaws.com/photos/734670508/square.jpg,cc-by-nc,True,,,,,42.313,-83.7901466667,2026-09-14,,400358398,734670508,downloaded,OK,9749,351b8f8e0ad09d9f4aafa80f7e803e76c01df9b3215ef23ec01a5177f3e580db,aquatic_plant_images\Nitellopsis_obtusa\Nitellopsis_obtusa_iNaturalist_734670508.jpg
iNaturalist,Nitellopsis obtusa,https://inaturalist-open-data.s3.amazonaws.com/photos/734340242/square.jpg,cc-by-nc,True,,,,,42.8976611111,-75.6394666667,2026-09-14,,400196940,734340242,downloaded,OK,5704,f6107d51e7c0c47e86afd4fe59ef38d51f3a92125a3df9e324f86f0129bb3007,aquatic_plant_images\Nitellopsis_obtusa\Nitellopsis_obtusa_iNaturalist_734340242.jpg
iNaturalist,Nitellopsis obtusa,https://inaturalist-open-data.s3.amazonaws.com/photos/729278763/square.jpg,cc-by-nc,True,,,,,42.6870116667,-83.6114883333,2026-09-05,,397607699,729278763,downloaded,OK,12140,95a65b4e54aac4ebb0b81a1e11e21f37bb07d0f1d62ea3450e774ac7dfe8b71a,aquatic_plant_images\Nitellopsis_obtusa\Nitellopsis_obtusa_iNaturalist_729278763.jpg
iNaturalist,Nitellopsis obtusa,https://inaturalist-open-data.s3.amazonaws.com/photos/729278760/square.jpg,cc-by-nc,True,,,,,42.6870116667,-83.6114883333,2026-09-05,,397607699,729278760,downloaded,OK,10380,74da1bf2abc5ac07e82133dc7d5a7fa1eb69da3b5bea8aa5f4145cc534d65e37,aquatic_plant_images\Nitellopsis_obtusa\Nitellopsis_obtusa_iNaturalist_729278760.jpg
iNaturalist,Nitellopsis obtusa,https://inaturalist-open-data.s3.amazonaws.com/photos/729278756/square.jpg,cc-by-nc,True,,,,,42.6870116667,-83.6114883333,2026-09-05,,397607699,729278756,downloaded,OK,10964,6ced6f53d96b097db403102a9d61ba852fc719d6b42ef4f96932520eda1bae88,aquatic_plant_images\Nitellopsis_obtusa\Nitellopsis_obtusa_iNaturalist_729278756.jpg
iNaturalist,Nitellopsis obtusa,https://inaturalist-open-data.s3.amazonaws.com/photos/729278761/square.jpg,cc-by-nc,True,,,,,42.6870116667,-83.6114883333,2026-09-05,,397607699,729278761,downloaded,OK,10522,f9ee3cbb79d0963c482728ab091d6893f4c258987b1b7c526f9488a3b3eadd7e,aquatic_plant_images\Nitellopsis_obtusa\Nitellopsis_obtusa_iNaturalist_729278761.jpg
iNaturalist,Nitellopsis obtusa,https://inaturalist-open-data.s3.amazonaws.com/photos/729278762/square.jpg,cc-by-nc,True,,,,,42.6870116667,-83.6114883333,2026-09-05,,397607699,729278762,downloaded,OK,12447,ffba5f917318ae17419914f25b5f9122df3f52afc63efcb65b640670e606eff0,aquatic_plant_images\Nitellopsis_obtusa\Nitellopsis_obtusa_iNaturalist_729278762.jpg
iNaturalist,Nitellopsis obtusa,https://inaturalist-open-data.s3.amazonaws.com/photos/729278752/square.jpg,cc-by-nc,True,,,,,42.6870116667,-83.6114883333,2026-09-05,,397607699,729278752,downloaded,OK,12869,b70ff22b39ccea27a176d440ab5219eadab48f5c5b084bd5d46c4342392eeac9,aquatic_plant_images\Nitellopsis_obtusa\Nitellopsis_obtusa_iNaturalist_729278752.jpg
iNaturalist,Nitellopsis obtusa,https://inaturalist-open-data.s3.amazonaws.com/photos/729278800/square.jpg,cc-by-nc,True,,,,,42.6870116667,-83.6114883333,2026-09-05,,397607699,729278800,downloaded,OK,12423,e12d74940840d1299855295eb3b7615fe0f70dacd1d5aca20368620261744dc6,aquatic_plant_images\Nitellopsis_obtusa\Nitellopsis_obtusa_iNaturalist_729278800.jpg
iNaturalist,Nitellopsis obtusa,https://inaturalist-open-data.s3.amazonaws.com/photos/729278797/square.jpg,cc-by-nc,True,,,,,42.6870116667,-83.6114883333,2026-09-05,,397607699,729278797,downloaded,OK,12183,59287b56d28a4af7da4598a267947d951acfc0aa75e75710fbbf5182cbf0e49d,aquatic_plant_images\Nitellopsis_obtusa\Nitellopsis_obtusa_iNaturalist_729278797.jpg
iNaturalist,Nitellopsis obtusa,https://inaturalist-open-data.s3.amazonaws.com/photos/728142508/square.jpg,cc-by-nc,True,,,,,45.7897797553,5.0207772733,2026-05-24,,397030055,728142508,skipped_duplicate,Duplicate URL/photo ID,,,
iNaturalist,Nitellopsis obtusa,https://inaturalist-open-data.s3.amazonaws.com/photos/726884360/square.jpg,cc-by-nc,True,,,,,44.5517243193,-76.2687213711,2026-08-28,,396359846,726884360,downloaded,OK,10785,ae107c03c9cdaf794711d2d254fe79c7602c517161826d0ec48d201677576c7b,aquatic_plant_images\Nitellopsis_obtusa\Nitellopsis_obtusa_iNaturalist_726884360.jpg
iNaturalist,Nitellopsis obtusa,https://inaturalist-open-data.s3.amazonaws.com/photos/726882885/square.jpg,cc-by-nc,True,,,,,44.551872192,-76.2689273246,2026-08-28,,396359113,726882885,downloaded,OK,11011,88d102fe026d50575e5dda08ce9ed5e7f393d4648360f453aa7d13d5e37b759c,aquatic_plant_images\Nitellopsis_obtusa\Nitellopsis_obtusa_iNaturalist_726882885.jpg
iNaturalist,Nitellopsis obtusa,https://inaturalist-open-data.s3.amazonaws.com/photos/725427599/square.jpg,cc-by,True,,,,,52.4603722571,18.0559657211,2026-08-26,,395625283,725427599,downloaded,OK,9731,c66620273663aea8204479599b0b17d9610b6d1022ffea7ce0dad268d8f235b9,aquatic_plant_images\Nitellopsis_obtusa\Nitellopsis_obtusa_iNaturalist_725427599.jpg
iNaturalist,Nitellopsis obtusa,https://inaturalist-open-data.s3.amazonaws.com/photos/725427609/square.jpg,cc-by,True,,,,,52.4603722571,18.0559657211,2026-08-26,,395625283,725427609,downloaded,OK,12373,81e1a3d889310c0874a3fd79f542c54d611a66a253b480a1bdb431f7ff9f1c54,aquatic_plant_images\Nitellopsis_obtusa\Nitellopsis_obtusa_iNaturalist_725427609.jpg
iNaturalist,Nitellopsis obtusa,https://inaturalist-open-data.s3.amazonaws.com/photos/725427620/square.jpg,cc-by,True,,,,,52.4603722571,18.0559657211,2026-08-26,,395625283,725427620,downloaded,OK,13098,30011893b2aa3c6c5dad1b98cf96650b86a28691ffe6196d9e68c2719bbfe4aa,aquatic_plant_images\Nitellopsis_obtusa\Nitellopsis_obtusa_iNaturalist_725427620.jpg
iNaturalist,Nitellopsis obtusa,https://inaturalist-open-data.s3.amazonaws.com/photos/725427618/square.jpg,cc-by,True,,,,,52.4603722571,18.0559657211,2026-08-26,,395625283,725427618,downloaded,OK,12484,c804f26a9d832c82d8d9d7cc9d4488d5880147c406c9ee3096420a7b8d2facc6,aquatic_plant_images\Nitellopsis_obtusa\Nitellopsis_obtusa_iNaturalist_725427618.jpg
iNaturalist,Nitellopsis obtusa,https://inaturalist-open-data.s3.amazonaws.com/photos/725427605/square.jpg,cc-by,True,,,,,52.4603722571,18.0559657211,2026-08-26,,395625283,725427605,downloaded,OK,12061,3a9c611b01c49ce96e5c6ee74e9f61a61d8227f1410fceadf18c85a2459af7a2,aquatic_plant_images\Nitellopsis_obtusa\Nitellopsis_obtusa_iNaturalist_725427605.jpg
iNaturalist,Nitellopsis obtusa,https://inaturalist-open-data.s3.amazonaws.com/photos/725427650/square.jpg,cc-by,True,,,,,52.4603722571,18.0559657211,2026-08-26,,395625283,725427650,downloaded,OK,10789,e22f95029de7cca4cd5b9b2967d332669c676f4169f9dac27e70201de3588cea,aquatic_plant_images\Nitellopsis_obtusa\Nitellopsis_obtusa_iNaturalist_725427650.jpg
iNaturalist,Nitellopsis obtusa,https://inaturalist-open-data.s3.amazonaws.com/photos/725427636/square.jpg,cc-by,True,,,,,52.4603722571,18.0559657211,2026-08-26,,395625283,725427636,downloaded,OK,11415,2880c85c1bca3620dcdead3d8c555b6f60a4d8d7a9111c75909efe08a6a5e499,aquatic_plant_images\Nitellopsis_obtusa\Nitellopsis_obtusa_iNaturalist_725427636.jpg
iNaturalist,Nitellopsis obtusa,https://inaturalist-open-data.s3.amazonaws.com/photos/725427619/square.jpg,cc-by,True,,,,,52.4603722571,18.0559657211,2026-08-26,,395625283,725427619,downloaded,OK,10458,b3c55b8b513a1e9b0068e9f9c9b1a5dfe9395b06de45e4583b031f517b90b220,aquatic_plant_images\Nitellopsis_obtusa\Nitellopsis_obtusa_iNaturalist_725427619.jpg
iNaturalist,Nitellopsis obtusa,https://inaturalist-open-data.s3.amazonaws.com/photos/725427651/square.jpg,cc-by,True,,,,,52.4603722571,18.0559657211,2026-08-26,,395625283,725427651,downloaded,OK,11842,b36af102dee4a551b871959eaf1d6c032bd112105218840d62214e452484854a,aquatic_plant_images\Nitellopsis_obtusa\Nitellopsis_obtusa_iNaturalist_725427651.jpg
iNaturalist,Nitellopsis obtusa,https://static.inaturalist.org/photos/723722604/square.jpg,,False,,,,,44.1964833333,-79.488145,2026-08-26,,394751869,723722604,downloaded,OK,8203,67b2b7b41bec3e4f6954561f34ee16bb5b40b51344dbe6e59d9684954f15f332,aquatic_plant_images\Nitellopsis_obtusa\Nitellopsis_obtusa_iNaturalist_723722604.jpg
iNaturalist,Nitellopsis obtusa,https://static.inaturalist.org/photos/723722611/square.jpg,,False,,,,,44.1964833333,-79.488145,2026-08-26,,394751869,723722611,downloaded,OK,8696,e5a9306a86fc510713a4e9789838528653e574eed74222bc4fd7275b62575633,aquatic_plant_images\Nitellopsis_obtusa\Nitellopsis_obtusa_iNaturalist_723722611.jpg
iNaturalist,Nitellopsis obtusa,https://static.inaturalist.org/photos/723722641/square.jpg,,False,,,,,44.1964833333,-79.488145,2026-08-26,,394751869,723722641,downloaded,OK,8042,c00175a6123da56ddb70b10a63637e8e5fe7f3e9824cd48d21a9e9856f54c874,aquatic_plant_images\Nitellopsis_obtusa\Nitellopsis_obtusa_iNaturalist_723722641.jpg
iNaturalist,Nitellopsis obtusa,https://inaturalist-open-data.s3.amazonaws.com/photos/723480054/square.jpg,cc-by,True,,,,,52.4607560406,18.0554578685,2026-08-25,,394625227,723480054,downloaded,OK,7388,cd70b0d8d955250cb01a546071daae2641adda028efcbf64197028f9972b8ed5,aquatic_plant_images\Nitellopsis_obtusa\Nitellopsis_obtusa_iNaturalist_723480054.jpg
iNaturalist,Nitellopsis obtusa,https://inaturalist-open-data.s3.amazonaws.com/photos/723479664/square.jpg,cc-by,True,,,,,52.4607560406,18.0554578685,2026-08-25,,394625227,723479664,downloaded,OK,7860,aff8acbc82a8475420f92ee76928ee686e252281494f60a2697ad31706c1c43a,aquatic_plant_images\Nitellopsis_obtusa\Nitellopsis_obtusa_iNaturalist_723479664.jpg
iNaturalist,Nitellopsis obtusa,https://static.inaturalist.org/photos/719415640/square.jpg,,False,,,,,44.8929833333,-75.1341083333,2026-08-18,,392553803,719415640,downloaded,OK,14439,f4356364f66e36624cfa7e6f260cca3de4584f5a1e73991da444438cf8877cc4,aquatic_plant_images\Nitellopsis_obtusa\Nitellopsis_obtusa_iNaturalist_719415640.jpg
iNaturalist,Nitellopsis obtusa,https://static.inaturalist.org/photos/719415649/square.jpg,,False,,,,,44.8929833333,-75.1341083333,2026-08-18,,392553803,719415649,downloaded,OK,13148,b25bf779e796c7c6d60946752a84e05a6eea2f7e30de71635ebf58b06c2ec04f,aquatic_plant_images\Nitellopsis_obtusa\Nitellopsis_obtusa_iNaturalist_719415649.jpg
iNaturalist,Nitellopsis obtusa,https://inaturalist-open-data.s3.amazonaws.com/photos/717326143/square.jpg,cc-by-nc,True,,,,,51.5027468727,6.6500939753,2026-08-15,,391476666,717326143,downloaded,OK,7684,91a5f85226e5657b521748532bb8648d00e53d0e8334973f3da3356ab50a4a29,aquatic_plant_images\Nitellopsis_obtusa\Nitellopsis_obtusa_iNaturalist_717326143.jpg
iNaturalist,Nitellopsis obtusa,https://inaturalist-open-data.s3.amazonaws.com/photos/713631659/square.jpg,cc-by-nc,True,,,,,53.308005,15.74102,2026-08-08,,389584840,713631659,downloaded,OK,4431,23aef84fb427939d390fb0484f0aa2f17a835124ed78e058ccaa719538ccdea3,aquatic_plant_images\Nitellopsis_obtusa\Nitellopsis_obtusa_iNaturalist_713631659.jpg
iNaturalist,Nitellopsis obtusa,https://inaturalist-open-data.s3.amazonaws.com/photos/713631732/square.jpg,cc-by-nc,True,,,,,53.308005,15.74102,2026-08-08,,389584840,713631732,downloaded,OK,4332,c45af247d05a1ec99eb8bbd9352518a2f5e1eab918833101bc39e126f4409adf,aquatic_plant_images\Nitellopsis_obtusa\Nitellopsis_obtusa_iNaturalist_713631732.jpg
iNaturalist,Nitellopsis obtusa,https://inaturalist-open-data.s3.amazonaws.com/photos/713186581/square.jpg,cc-by-nc,True,,,,,51.7260246111,24.1241645556,2026-08-07,,389356726,713186581,downloaded,OK,7355,637706e0f379e779489df25d6dfa32f6ddea4d2b73f84a1ecba26e9b58afaf03,aquatic_plant_images\Nitellopsis_obtusa\Nitellopsis_obtusa_iNaturalist_713186581.jpg
iNaturalist,Nitellopsis obtusa,https://inaturalist-open-data.s3.amazonaws.com/photos/713186670/square.jpg,cc-by-nc,True,,,,,51.7260246111,24.1241645556,2026-08-07,,389356726,713186670,downloaded,OK,7474,af16fc7e039f5af7d43eda101a00b7f9f3490664cce9a03e4cc915271c43743e,aquatic_plant_images\Nitellopsis_obtusa\Nitellopsis_obtusa_iNaturalist_713186670.jpg
iNaturalist,Nitellopsis obtusa,https://inaturalist-open-data.s3.amazonaws.com/photos/712952239/square.jpg,cc-by-nc,True,,,,,51.7263679444,24.1253890833,2026-08-07,,389233731,712952239,downloaded,OK,7327,8398f3fcd7913bec007d3c285b8df1554b38747a2fc2f91dc96b75b1f60df402,aquatic_plant_images\Nitellopsis_obtusa\Nitellopsis_obtusa_iNaturalist_712952239.jpg
iNaturalist,Nitellopsis obtusa,https://inaturalist-open-data.s3.amazonaws.com/photos/711115709/square.jpg,cc-by-nc,True,,,,,53.1486997,26.0077084997,2026-08-04,,388284337,711115709,downloaded,OK,7549,5f3fa1eb62aa1adbe4c35247937cc78562066d3d1edc3087f671af3249fbe708,aquatic_plant_images\Nitellopsis_obtusa\Nitellopsis_obtusa_iNaturalist_711115709.jpg
iNaturalist,Nitellopsis obtusa,https://inaturalist-open-data.s3.amazonaws.com/photos/711115791/square.jpg,cc-by-nc,True,,,,,53.1486997,26.0077084997,2026-08-04,,388284337,711115791,downloaded,OK,7252,c3276d959f5d7e44bdf72cc5688eea2ecafa496d859b633dd85a4c3e6aee93d4,aquatic_plant_images\Nitellopsis_obtusa\Nitellopsis_obtusa_iNaturalist_711115791.jpg
iNaturalist,Nitellopsis obtusa,https://inaturalist-open-data.s3.amazonaws.com/photos/711114368/square.jpg,cc-by-nc,True,,,,,53.1495802,26.0041380997,2026-08-04,,388282881,711114368,downloaded,OK,7722,2c0410142ae55a840cf1c0acd9b4092534464cb2c0295b9aff54aaa27e386455,aquatic_plant_images\Nitellopsis_obtusa\Nitellopsis_obtusa_iNaturalist_711114368.jpg
iNaturalist,Nitellopsis obtusa,https://inaturalist-open-data.s3.amazonaws.com/photos/707880421/square.jpg,cc-by-nc,True,,,,,44.7117916667,-79.8683616667,2026-07-30,,386611458,707880421,skipped_duplicate,Duplicate URL/photo ID,,,
iNaturalist,Nitellopsis obtusa,https://inaturalist-open-data.s3.amazonaws.com/photos/707143753/square.jpg,cc-by-nc,True,,,,,48.1200732511,17.1421067789,2026-07-29,,386224637,707143753,skipped_duplicate,Duplicate URL/photo ID,,,
iNaturalist,Nitellopsis obtusa,https://inaturalist-open-data.s3.amazonaws.com/photos/707143782/square.jpg,cc-by-nc,True,,,,,48.1200732511,17.1421067789,2026-07-29,,386224637,707143782,skipped_duplicate,Duplicate URL/photo ID,,,
iNaturalist,Nitellopsis obtusa,https://inaturalist-open-data.s3.amazonaws.com/photos/707143814/square.jpg,cc-by-nc,True,,,,,48.1200732511,17.1421067789,2026-07-29,,386224637,707143814,skipped_duplicate,Duplicate URL/photo ID,,,
iNaturalist,Nuphar variegata,https://inaturalist-open-data.s3.amazonaws.com/photos/742822318/square.jpg,cc-by-nc,True,,,,,41.8857026443,-73.8150705227,2026-09-25,,404492077,742822318,downloaded,OK,10312,aa5907b356c44a0cbe87a9017ba5d09a02fd24b060bbf2f347088690232ea242,aquatic_plant_images\Nuphar_variegata\Nuphar_variegata_iNaturalist_742822318.jpg
iNaturalist,Nuphar variegata,https://inaturalist-open-data.s3.amazonaws.com/photos/742008802/square.jpg,cc-by-nc,True,,,,,53.628995,-113.9619435,2026-09-27,,404082679,742008802,downloaded,OK,2881,02235971061bd9683df2e81de458bd48a13af64457388a1c1b59eb287013cf03,aquatic_plant_images\Nuphar_variegata\Nuphar_variegata_iNaturalist_742008802.jpg
iNaturalist,Nuphar variegata,https://inaturalist-open-data.s3.amazonaws.com/photos/742008811/square.jpg,cc-by-nc,True,,,,,53.628995,-113.9619435,2026-09-27,,404082679,742008811,downloaded,OK,3351,75d570b6266c04889aa1ee0a7284ac0527dc3d9a2997ea83385bd461fba488e9,aquatic_plant_images\Nuphar_variegata\Nuphar_variegata_iNaturalist_742008811.jpg
iNaturalist,Nuphar variegata,https://inaturalist-open-data.s3.amazonaws.com/photos/742007692/square.jpg,cc-by-nc,True,,,,,53.6266324997,-113.9612989,2026-09-27,,404080890,742007692,downloaded,OK,3142,2011db2c9e572c54dd6365f22b9bf36bf6601e8f38c9c27e332b1bea1cf9a622,aquatic_plant_images\Nuphar_variegata\Nuphar_variegata_iNaturalist_742007692.jpg
iNaturalist,Nuphar variegata,https://inaturalist-open-data.s3.amazonaws.com/photos/741900559/square.jpg,cc0,True,,,,,53.5117116667,-114.54248,2026-09-27,,404029425,741900559,downloaded,OK,12104,796df67624fd2c08c346afbbd9b8920728de07f8eeea2dce699ba5f44515cfd4,aquatic_plant_images\Nuphar_variegata\Nuphar_variegata_iNaturalist_741900559.jpg
iNaturalist,Nuphar variegata,https://inaturalist-open-data.s3.amazonaws.com/photos/741632228/square.jpg,cc-by-nc,True,,,,,44.9602275,-69.3542752,2026-07-07,,403891022,741632228,downloaded,OK,6922,102fc153598bc6e57f632263190dad1998f5592bcdd27fda44926330fff6e604,aquatic_plant_images\Nuphar_variegata\Nuphar_variegata_iNaturalist_741632228.jpg
iNaturalist,Nuphar variegata,https://inaturalist-open-data.s3.amazonaws.com/photos/741632272/square.jpg,cc-by-nc,True,,,,,44.9602275,-69.3542752,2026-07-07,,403891022,741632272,downloaded,OK,6652,faf0ccb95e07d7dcc8ff25615a2f34a8f486c9d2e146de9d49d677a568d1fa4f,aquatic_plant_images\Nuphar_variegata\Nuphar_variegata_iNaturalist_741632272.jpg
iNaturalist,Nuphar variegata,https://inaturalist-open-data.s3.amazonaws.com/photos/741632326/square.jpg,cc-by-nc,True,,,,,44.9602275,-69.3542752,2026-07-07,,403891022,741632326,downloaded,OK,7188,49acfb4465e23d293754da406e368948f926095cf92e46bab9c1552f83f7f331,aquatic_plant_images\Nuphar_variegata\Nuphar_variegata_iNaturalist_741632326.jpg
iNaturalist,Nuphar variegata,https://inaturalist-open-data.s3.amazonaws.com/photos/741378206/square.jpg,cc-by-nc,True,,,,,44.997076266,-79.3371680695,2026-09-25,,403759923,741378206,downloaded,OK,4825,94ba193ddf5f2dccaaa534a19bf99c9204ee16f2b32d899cbfa77bc18379da04,aquatic_plant_images\Nuphar_variegata\Nuphar_variegata_iNaturalist_741378206.jpg
iNaturalist,Nuphar variegata,https://inaturalist-open-data.s3.amazonaws.com/photos/741378251/square.jpg,cc-by-nc,True,,,,,44.997076266,-79.3371680695,2026-09-25,,403759923,741378251,downloaded,OK,4853,80d157036f0cf3e5baaf33b4197dddead46a3a1a91c7118fbb262b3fd72b779c,aquatic_plant_images\Nuphar_variegata\Nuphar_variegata_iNaturalist_741378251.jpg
iNaturalist,Nuphar variegata,https://inaturalist-open-data.s3.amazonaws.com/photos/740753796/square.jpg,cc-by-nc,True,,,,,52.9756045,-114.2145584997,2026-09-25,,403443595,740753796,downloaded,OK,7630,c8d7e63d61019d7e6f66e40ea8600b68cb437d3c0d32e870c75db43acbcafdee,aquatic_plant_images\Nuphar_variegata\Nuphar_variegata_iNaturalist_740753796.jpg
iNaturalist,Nuphar variegata,https://inaturalist-open-data.s3.amazonaws.com/photos/740753823/square.jpg,cc-by-nc,True,,,,,52.9756045,-114.2145584997,2026-09-25,,403443595,740753823,downloaded,OK,7451,ee8c9e607bd65c7be42173aa8811ab89f06f7e633dc6061ecb348cd5dfc04d13,aquatic_plant_images\Nuphar_variegata\Nuphar_variegata_iNaturalist_740753823.jpg
iNaturalist,Nuphar variegata,https://inaturalist-open-data.s3.amazonaws.com/photos/740753846/square.jpg,cc-by-nc,True,,,,,52.9756045,-114.2145584997,2026-09-25,,403443595,740753846,downloaded,OK,7429,894e6fcd6b13cd5a1f3960b8716f90eb00d0198cca231cdc5d4651d0c53898c0,aquatic_plant_images\Nuphar_variegata\Nuphar_variegata_iNaturalist_740753846.jpg
iNaturalist,Nuphar variegata,https://inaturalist-open-data.s3.amazonaws.com/photos/740753885/square.jpg,cc-by-nc,True,,,,,52.9756045,-114.2145584997,2026-09-25,,403443595,740753885,downloaded,OK,7670,4d79bd09e28906f991a7479228a02b829b1f0e48e6893c1c32ae31af710aee91,aquatic_plant_images\Nuphar_variegata\Nuphar_variegata_iNaturalist_740753885.jpg
iNaturalist,Nuphar variegata,https://inaturalist-open-data.s3.amazonaws.com/photos/740753905/square.jpg,cc-by-nc,True,,,,,52.9756045,-114.2145584997,2026-09-25,,403443595,740753905,downloaded,OK,7870,5304382f0223fd61d66c0a6150dd4e16842b284f78b24be93fb30cabebda1476,aquatic_plant_images\Nuphar_variegata\Nuphar_variegata_iNaturalist_740753905.jpg
iNaturalist,Nuphar variegata,https://inaturalist-open-data.s3.amazonaws.com/photos/740753927/square.jpg,cc-by-nc,True,,,,,52.9756045,-114.2145584997,2026-09-25,,403443595,740753927,downloaded,OK,7500,e75c1a88c6028a458a4b85802cb1a7c205752b723b29a84837dceecad4df3f49,aquatic_plant_images\Nuphar_variegata\Nuphar_variegata_iNaturalist_740753927.jpg
iNaturalist,Nuphar variegata,https://inaturalist-open-data.s3.amazonaws.com/photos/740754655/square.jpg,cc-by-nc,True,,,,,52.9756045,-114.2145584997,2026-09-25,,403443595,740754655,downloaded,OK,7443,0070b98f5d8d9e10f883d77c44dc3c6c1d8aad4c9adef72116db53858758a013,aquatic_plant_images\Nuphar_variegata\Nuphar_variegata_iNaturalist_740754655.jpg
iNaturalist,Nuphar variegata,https://inaturalist-open-data.s3.amazonaws.com/photos/740754682/square.jpg,cc-by-nc,True,,,,,52.9756045,-114.2145584997,2026-09-25,,403443595,740754682,downloaded,OK,7244,777d3014c2aedb809fbf6238002a1b309728ab5d9898687c0bcf5a2f94e9d40d,aquatic_plant_images\Nuphar_variegata\Nuphar_variegata_iNaturalist_740754682.jpg
iNaturalist,Nuphar variegata,https://inaturalist-open-data.s3.amazonaws.com/photos/740689476/square.jpg,cc-by-nc,True,,,,,44.3326033333,-78.727945,2026-09-23,,403412924,740689476,downloaded,OK,12192,7d8ea292c324b97191f978f74519459d899546ddc8fbe987cf7bce4ccef84f15,aquatic_plant_images\Nuphar_variegata\Nuphar_variegata_iNaturalist_740689476.jpg
iNaturalist,Nuphar variegata,https://inaturalist-open-data.s3.amazonaws.com/photos/740538705/square.jpg,cc-by-nc,True,,,,,44.3572847886,-68.2073660183,2026-09-25,,403338121,740538705,downloaded,OK,6659,4df1eb371ce9e5b47d987ea0535cea6d3fe1d6a92dd52b28c44a0a0636bc3501,aquatic_plant_images\Nuphar_variegata\Nuphar_variegata_iNaturalist_740538705.jpg
iNaturalist,Nuphar variegata,https://inaturalist-open-data.s3.amazonaws.com/photos/740538788/square.jpg,cc-by-nc,True,,,,,44.3572847886,-68.2073660183,2026-09-25,,403338121,740538788,downloaded,OK,5958,0603af90f4149147767da971491ee0ace726a376758cffb8541408ee500f3945,aquatic_plant_images\Nuphar_variegata\Nuphar_variegata_iNaturalist_740538788.jpg
iNaturalist,Nuphar variegata,https://inaturalist-open-data.s3.amazonaws.com/photos/740095951/square.jpg,cc-by-nc,True,,,,,49.848873943,-95.5517599521,2026-07-07,,403113178,740095951,downloaded,OK,8292,8016473de892062525502b7e10b0f2f5279c1cc85693dbbaa372a01ecb891b7f,aquatic_plant_images\Nuphar_variegata\Nuphar_variegata_iNaturalist_740095951.jpg
iNaturalist,Nuphar variegata,https://inaturalist-open-data.s3.amazonaws.com/photos/740095952/square.jpg,cc-by-nc,True,,,,,49.848873943,-95.5517599521,2026-07-07,,403113178,740095952,downloaded,OK,8752,eaa6d9c7ef53baed82588751386eab25cc2f25ff2e2eb8f58b757afe8d1de6fa,aquatic_plant_images\Nuphar_variegata\Nuphar_variegata_iNaturalist_740095952.jpg
iNaturalist,Nuphar variegata,https://inaturalist-open-data.s3.amazonaws.com/photos/740024359/square.jpg,cc-by-nc,True,,,,,45.3770366667,-76.8731133333,2026-09-24,,403073677,740024359,downloaded,OK,4822,451fb93efe7222bbdfdca4a7a9f3caea01f9af2ce50bbbfb17af2e9c81cf074c,aquatic_plant_images\Nuphar_variegata\Nuphar_variegata_iNaturalist_740024359.jpg
iNaturalist,Nuphar variegata,https://static.inaturalist.org/photos/740088063/square.jpg,,False,,,,,45.7370758057,-84.8969802856,2026-09-24,,403021375,740088063,downloaded,OK,8010,39475d48e611ce45be86b4803756a8afbaf2a4fcb45b7718786fa9e64f534e25,aquatic_plant_images\Nuphar_variegata\Nuphar_variegata_iNaturalist_740088063.jpg
iNaturalist,Nuphar variegata,https://inaturalist-open-data.s3.amazonaws.com/photos/739687173/square.jpg,cc-by-nc,True,,,,,43.7244805997,-96.2847493,2026-09-22,,402901202,739687173,downloaded,OK,7214,216e4e59286e5445e64766037c4ec18b075a9ef6d129aead9a0e0cca6da52cbd,aquatic_plant_images\Nuphar_variegata\Nuphar_variegata_iNaturalist_739687173.jpg
iNaturalist,Nuphar variegata,https://inaturalist-open-data.s3.amazonaws.com/photos/739687197/square.jpg,cc-by-nc,True,,,,,43.7244805997,-96.2847493,2026-09-22,,402901202,739687197,downloaded,OK,7419,eb3adb45b6a5fdb1edc90893bee4419661d3075a879b5c75c00d6e2a01ad1031,aquatic_plant_images\Nuphar_variegata\Nuphar_variegata_iNaturalist_739687197.jpg
iNaturalist,Nuphar variegata,https://inaturalist-open-data.s3.amazonaws.com/photos/739687225/square.jpg,cc-by-nc,True,,,,,43.7244805997,-96.2847493,2026-09-22,,402901202,739687225,downloaded,OK,6759,17000758cb4d90f511552fb47f9a6ade5c9a7342646a3f9f380da50d08ee7658,aquatic_plant_images\Nuphar_variegata\Nuphar_variegata_iNaturalist_739687225.jpg
iNaturalist,Nuphar variegata,https://inaturalist-open-data.s3.amazonaws.com/photos/739685858/square.jpg,cc-by-nc,True,,,,,43.7237058997,-96.2867688,2026-09-22,,402900168,739685858,downloaded,OK,6871,1a2ac1822fe188b1d277610b8fc8a40f098b816fac35d1acff745a0368ab7382,aquatic_plant_images\Nuphar_variegata\Nuphar_variegata_iNaturalist_739685858.jpg
iNaturalist,Nuphar variegata,https://inaturalist-open-data.s3.amazonaws.com/photos/739682735/square.jpg,cc-by-nc,True,,,,,43.7237313997,-96.287383,2026-09-22,,402898943,739682735,downloaded,OK,7176,452b62dc77e2ab824a4ddc95112b85a5698757886c766252e1986c7f667c75c9,aquatic_plant_images\Nuphar_variegata\Nuphar_variegata_iNaturalist_739682735.jpg
iNaturalist,Nuphar variegata,https://inaturalist-open-data.s3.amazonaws.com/photos/739680465/square.jpg,cc-by-nc,True,,,,,43.7224238,-96.2899471,2026-09-22,,402897879,739680465,downloaded,OK,7903,a175a71d719264a4d7ff527e25d6ae71e45fea0e61718e67a6e9543bead98563,aquatic_plant_images\Nuphar_variegata\Nuphar_variegata_iNaturalist_739680465.jpg
iNaturalist,Nuphar variegata,https://inaturalist-open-data.s3.amazonaws.com/photos/739679429/square.jpg,cc-by-nc,True,,,,,43.7230613997,-96.291375,2026-09-22,,402897366,739679429,downloaded,OK,7025,6bfaf41e51c2da438500f6df9e8bb21543e910469c7d6d82473bdb2f61f53fa8,aquatic_plant_images\Nuphar_variegata\Nuphar_variegata_iNaturalist_739679429.jpg
iNaturalist,Nuphar variegata,https://inaturalist-open-data.s3.amazonaws.com/photos/739615313/square.jpg,cc-by-nc,True,,,,,46.33340962,-83.98173961,2026-09-23,,402866604,739615313,downloaded,OK,7987,3d8e273e28cb6c6345bcab041782fd67d91549974a1540d5118bde5fb0b8d5bf,aquatic_plant_images\Nuphar_variegata\Nuphar_variegata_iNaturalist_739615313.jpg
iNaturalist,Nuphar variegata,https://inaturalist-open-data.s3.amazonaws.com/photos/739482417/square.jpg,cc-by-nc,True,,,,,46.6306249171,-87.4887206951,2026-09-22,,402796956,739482417,downloaded,OK,12021,47616b2560170a3d37fa5d00701c6df0e375f01ebfaa19a1675ca3a9b5c37a9f,aquatic_plant_images\Nuphar_variegata\Nuphar_variegata_iNaturalist_739482417.jpg
iNaturalist,Nuphar variegata,https://inaturalist-open-data.s3.amazonaws.com/photos/739503925/square.jpg,cc-by-nc,True,,,,,44.3310306218,-78.7285252778,2026-09-23,,402793236,739503925,downloaded,OK,5214,a98f41e32f809862680a3d3a9a1983fe6c8cd5a32f5a14e96a8f4f4f855206ab,aquatic_plant_images\Nuphar_variegata\Nuphar_variegata_iNaturalist_739503925.jpg
iNaturalist,Nuphar variegata,https://inaturalist-open-data.s3.amazonaws.com/photos/739443661/square.jpg,cc-by-nc,True,,,,,44.3300511057,-78.7296333777,2026-09-23,,402773364,739443661,downloaded,OK,5424,8b18b75326bb6b8572ed6196afb906dc72ec27040184565076404bde1937c88e,aquatic_plant_images\Nuphar_variegata\Nuphar_variegata_iNaturalist_739443661.jpg
iNaturalist,Nuphar variegata,https://inaturalist-open-data.s3.amazonaws.com/photos/739443803/square.jpg,cc-by-nc,True,,,,,44.3300511057,-78.7296333777,2026-09-23,,402773364,739443803,downloaded,OK,5281,30780f7ca515c731935a13854c6c7b3d84ca5ecf4b52afceaacbf83f17de1bbf,aquatic_plant_images\Nuphar_variegata\Nuphar_variegata_iNaturalist_739443803.jpg
iNaturalist,Nuphar variegata,https://inaturalist-open-data.s3.amazonaws.com/photos/739165479/square.jpg,cc-by-nc,True,,,,,46.33370533,-83.98173753,2026-09-21,,402631359,739165479,downloaded,OK,7996,2250f4ab69b6d08ea422fdf7701f79df2e55e4203c613649ad29d723fc3df405,aquatic_plant_images\Nuphar_variegata\Nuphar_variegata_iNaturalist_739165479.jpg
iNaturalist,Nuphar variegata,https://inaturalist-open-data.s3.amazonaws.com/photos/739165657/square.jpg,cc-by-nc,True,,,,,46.33370533,-83.98173753,2026-09-21,,402631359,739165657,downloaded,OK,8208,ce1317e68a4af40ac4e09aa749a63e3360b30ef8e355f429b85f9099dfd5335d,aquatic_plant_images\Nuphar_variegata\Nuphar_variegata_iNaturalist_739165657.jpg
iNaturalist,Nuphar variegata,https://inaturalist-open-data.s3.amazonaws.com/photos/739084716/square.jpg,cc-by-nc,True,,,,,42.3465173966,-71.1120226867,2026-09-22,,402592466,739084716,downloaded,OK,11624,1af6e1ba51921b81241940f5579f6e10ac69187aece1b348f4a098659cd22b42,aquatic_plant_images\Nuphar_variegata\Nuphar_variegata_iNaturalist_739084716.jpg
iNaturalist,Nuphar variegata,https://inaturalist-open-data.s3.amazonaws.com/photos/739007949/square.jpg,cc-by-nc,True,,,,,43.722158,-96.2911148997,2026-09-22,,402553972,739007949,downloaded,OK,7701,0efbb83a9b969b2ab5e0b3a1fbad167229afccd31b1a2118fcc92c092de35fc8,aquatic_plant_images\Nuphar_variegata\Nuphar_variegata_iNaturalist_739007949.jpg
iNaturalist,Nuphar variegata,https://inaturalist-open-data.s3.amazonaws.com/photos/738785076/square.jpg,cc-by-nc,True,,,,,42.0827416667,-71.2466083333,2026-09-21,,402436520,738785076,downloaded,OK,8264,1840eca20a8934942c5630e98bbad12bc18a550de4bf91baac8d918df0302024,aquatic_plant_images\Nuphar_variegata\Nuphar_variegata_iNaturalist_738785076.jpg
iNaturalist,Nuphar variegata,https://inaturalist-open-data.s3.amazonaws.com/photos/738785183/square.jpg,cc-by-nc,True,,,,,42.0827416667,-71.2466083333,2026-09-21,,402436520,738785183,downloaded,OK,8229,b6c8d8dd5ff5a281e1c1294246c8d6335afd780af9e60dd2be5e234f9dcedb5e,aquatic_plant_images\Nuphar_variegata\Nuphar_variegata_iNaturalist_738785183.jpg
iNaturalist,Nuphar variegata,https://inaturalist-open-data.s3.amazonaws.com/photos/738785338/square.jpg,cc-by-nc,True,,,,,42.0827416667,-71.2466083333,2026-09-21,,402436520,738785338,downloaded,OK,8211,2de4c1a628484e7aa11fc4e0bd23324e322f74ec4b1ff984cc05710ad55e0732,aquatic_plant_images\Nuphar_variegata\Nuphar_variegata_iNaturalist_738785338.jpg
iNaturalist,Nymphaea odorata,https://inaturalist-open-data.s3.amazonaws.com/photos/743629638/square.jpg,cc-by-nc,True,,,,,43.5994217269,-88.1852956594,2026-08-27,,404898185,743629638,downloaded,OK,3657,eff92ecce3d62178df17e2117722b6cae5cd6a633cc966fe09c6a4602ba2d14f,aquatic_plant_images\Nymphaea_odorata\Nymphaea_odorata_iNaturalist_743629638.jpg
iNaturalist,Nymphaea odorata,https://inaturalist-open-data.s3.amazonaws.com/photos/743629465/square.jpg,cc-by-nc,True,,,,,43.5994371437,-88.1851959228,2026-08-27,,404898175,743629465,downloaded,OK,4281,a69a551152c89cf2e80dff1001622c764ec52b070c1a8182727c13df67fe6689,aquatic_plant_images\Nymphaea_odorata\Nymphaea_odorata_iNaturalist_743629465.jpg
iNaturalist,Nymphaea odorata,https://inaturalist-open-data.s3.amazonaws.com/photos/743597413/square.jpg,cc-by-nc,True,,,,,46.3126133333,-79.360205,2026-08-25,,404880713,743597413,downloaded,OK,12434,2e9d38f67e1d0db2f5df2d11bf91f9bffc1892d6aa0af5b0d98456c23fa654e8,aquatic_plant_images\Nymphaea_odorata\Nymphaea_odorata_iNaturalist_743597413.jpg
iNaturalist,Nymphaea odorata,https://inaturalist-open-data.s3.amazonaws.com/photos/743591318/square.jpg,cc-by-nc,True,,,,,42.8840268827,-79.3783886106,2026-09-30,,404877735,743591318,downloaded,OK,9947,5e2ff5d5082dff385cdc0ddfd1ca6452b8913fd573e155819b363a832a45af9c,aquatic_plant_images\Nymphaea_odorata\Nymphaea_odorata_iNaturalist_743591318.jpg
iNaturalist,Nymphaea odorata,https://inaturalist-open-data.s3.amazonaws.com/photos/743591322/square.jpg,cc-by-nc,True,,,,,42.8840268827,-79.3783886106,2026-09-30,,404877735,743591322,downloaded,OK,10299,e882ab190f210b6e672643032f5b671482ee52905f4e0ba54ff3e9fb0302b920,aquatic_plant_images\Nymphaea_odorata\Nymphaea_odorata_iNaturalist_743591322.jpg
iNaturalist,Nymphaea odorata,https://inaturalist-open-data.s3.amazonaws.com/photos/743582764/square.jpg,cc-by-nc,True,,,,,45.8743236624,-76.4329338662,2026-09-20,,404872714,743582764,downloaded,OK,2908,076fd5caa94d249856bd12358b754d14810b6cbe1bb8341440369b04da1d1ccc,aquatic_plant_images\Nymphaea_odorata\Nymphaea_odorata_iNaturalist_743582764.jpg
iNaturalist,Nymphaea odorata,https://inaturalist-open-data.s3.amazonaws.com/photos/743563945/square.jpg,cc-by-nc,True,,,,,35.1063721667,-78.9418416667,2026-09-30,,404863851,743563945,downloaded,OK,12282,fcc742d87c72df47e842232969f7afdf7ff23b4b6f458aeb558a3408bea03ce7,aquatic_plant_images\Nymphaea_odorata\Nymphaea_odorata_iNaturalist_743563945.jpg
iNaturalist,Nymphaea odorata,https://inaturalist-open-data.s3.amazonaws.com/photos/743529710/square.jpg,cc-by-nc,True,,,,,44.3793629997,-64.8823299,2026-09-27,,404853316,743529710,downloaded,OK,2504,a632ac7487f11ef4f832695e4178da23467f289fb37ad45d87285a9a49bcf058,aquatic_plant_images\Nymphaea_odorata\Nymphaea_odorata_iNaturalist_743529710.jpg
iNaturalist,Nymphaea odorata,https://inaturalist-open-data.s3.amazonaws.com/photos/743524988/square.jpg,cc-by-nc,True,,,,,30.804005,-83.2707966667,2026-09-30,,404845207,743524988,downloaded,OK,11946,f5814a93b69ef9b4f6d88d8d53bdbbe60f81b050c07816c0179a785d06ea425d,aquatic_plant_images\Nymphaea_odorata\Nymphaea_odorata_iNaturalist_743524988.jpg
iNaturalist,Nymphaea odorata,https://inaturalist-open-data.s3.amazonaws.com/photos/743524991/square.jpg,cc-by-nc,True,,,,,30.804005,-83.2707966667,2026-09-30,,404845207,743524991,downloaded,OK,11938,4b0e67e31eca66619ac14b1df331656a42b77c75bbaf3092cdeccfde884d8edc,aquatic_plant_images\Nymphaea_odorata\Nymphaea_odorata_iNaturalist_743524991.jpg
iNaturalist,Nymphaea odorata,https://inaturalist-open-data.s3.amazonaws.com/photos/743525000/square.jpg,cc-by-nc,True,,,,,30.804005,-83.2707966667,2026-09-30,,404845207,743525000,downloaded,OK,12731,b3ec9525c6c2464b7f0ba70bcd7bad9344caa7906a4c6934287021f3e6024d75,aquatic_plant_images\Nymphaea_odorata\Nymphaea_odorata_iNaturalist_743525000.jpg
iNaturalist,Nymphaea odorata,https://inaturalist-open-data.s3.amazonaws.com/photos/743525003/square.jpg,cc-by-nc,True,,,,,30.804005,-83.2707966667,2026-09-30,,404845207,743525003,downloaded,OK,12946,44e605109fa07bc97951ac356f18131417279a4b48f550ef080c3835ea74fcbe,aquatic_plant_images\Nymphaea_odorata\Nymphaea_odorata_iNaturalist_743525003.jpg
iNaturalist,Nymphaea odorata,https://inaturalist-open-data.s3.amazonaws.com/photos/743522314/square.jpg,cc-by-nc,True,,,,,43.33017,-73.6634133333,2026-08-25,,404843996,743522314,downloaded,OK,12023,05d8b9ff87390f42a63b195b29d12f5774ea396da392af4be463f3a467e1c14a,aquatic_plant_images\Nymphaea_odorata\Nymphaea_odorata_iNaturalist_743522314.jpg
iNaturalist,Nymphaea odorata,https://inaturalist-open-data.s3.amazonaws.com/photos/743495188/square.jpg,cc-by-nc,True,,,,,46.312655,-79.3602133333,2026-08-25,,404830428,743495188,downloaded,OK,11497,213b8ce97ac99c6ad85f7de376eef941ec03355474b1008ec55d88bc75ab9853,aquatic_plant_images\Nymphaea_odorata\Nymphaea_odorata_iNaturalist_743495188.jpg
iNaturalist,Nymphaea odorata,https://inaturalist-open-data.s3.amazonaws.com/photos/743468868/square.jpg,cc-by-nc,True,,,,,44.5157616667,-76.0246721667,2026-09-14,,404817693,743468868,downloaded,OK,11818,ffef12d279ebb5e1e0a1e6eeb24c4574f17b0e60ab130e9c861dc498b76de9e6,aquatic_plant_images\Nymphaea_odorata\Nymphaea_odorata_iNaturalist_743468868.jpg
iNaturalist,Nymphaea odorata,https://inaturalist-open-data.s3.amazonaws.com/photos/743464414/square.jpg,cc-by,True,,,,,43.923605,-65.999405,2026-07-23,,404815473,743464414,downloaded,OK,11014,2ddb2fce9bad6eae15bc82fdb9f1a907bd0092dc2c26036590460866508e164b,aquatic_plant_images\Nymphaea_odorata\Nymphaea_odorata_iNaturalist_743464414.jpg
iNaturalist,Nymphaea odorata,https://inaturalist-open-data.s3.amazonaws.com/photos/743464439/square.jpg,cc-by,True,,,,,43.923605,-65.999405,2026-07-23,,404815473,743464439,downloaded,OK,11223,46238a3adcd6bdbdc3dcdbf5abd054f7e1fa82b40fd26a6115f4c1617fa483c1,aquatic_plant_images\Nymphaea_odorata\Nymphaea_odorata_iNaturalist_743464439.jpg
iNaturalist,Nymphaea odorata,https://inaturalist-open-data.s3.amazonaws.com/photos/743464459/square.jpg,cc-by,True,,,,,43.923605,-65.999405,2026-07-23,,404815473,743464459,downloaded,OK,10699,8d7ce74cae1ce2f12346d596a0426374d89344047abb6b427dc50fc796dd05dc,aquatic_plant_images\Nymphaea_odorata\Nymphaea_odorata_iNaturalist_743464459.jpg
iNaturalist,Nymphaea odorata,https://inaturalist-open-data.s3.amazonaws.com/photos/743464421/square.jpg,cc-by,True,,,,,43.923605,-65.999405,2026-07-23,,404815473,743464421,downloaded,OK,10513,90af26aacc0826bcad48b2598e068fdec7f42ab98ea98ae27c8a6933187bf584,aquatic_plant_images\Nymphaea_odorata\Nymphaea_odorata_iNaturalist_743464421.jpg
iNaturalist,Nymphaea odorata,https://inaturalist-open-data.s3.amazonaws.com/photos/743475820/square.jpg,cc-by,True,,,,,43.923605,-65.999405,2026-07-23,,404815473,743475820,downloaded,OK,10613,022eeca78a066eefbd4f4af4a61b90308442f7d4f26453f8edcac7e425e3c825,aquatic_plant_images\Nymphaea_odorata\Nymphaea_odorata_iNaturalist_743475820.jpg
iNaturalist,Nymphaea odorata,https://static.inaturalist.org/photos/743431293/square.jpg,,False,,,,,43.5379,-80.2131716667,2026-09-22,,404798767,743431293,downloaded,OK,5441,68b6b72885a2219930b0d007288ff8c92bcaa1a8d2732db1e5da4c30c96f6ca5,aquatic_plant_images\Nymphaea_odorata\Nymphaea_odorata_iNaturalist_743431293.jpg
iNaturalist,Nymphaea odorata,https://static.inaturalist.org/photos/743431376/square.jpg,,False,,,,,43.5379,-80.2131716667,2026-09-22,,404798767,743431376,downloaded,OK,5403,1699c80fdf910e82feb0a5ab7c85fe6d413d5d2d0edb458149a1581496878c5a,aquatic_plant_images\Nymphaea_odorata\Nymphaea_odorata_iNaturalist_743431376.jpg
iNaturalist,Nymphaea odorata,https://static.inaturalist.org/photos/743431420/square.jpg,,False,,,,,43.5379,-80.2131716667,2026-09-22,,404798767,743431420,downloaded,OK,5311,d19d610f3b503eeb591ec44c4db8ccddd1edbdb35cc7c443d712de725a17f6d6,aquatic_plant_images\Nymphaea_odorata\Nymphaea_odorata_iNaturalist_743431420.jpg
iNaturalist,Nymphaea odorata,https://inaturalist-open-data.s3.amazonaws.com/photos/743359844/square.jpg,cc-by,True,,,,,36.137375,-85.1299833333,2026-09-30,,404762055,743359844,downloaded,OK,12385,dd1fa3bc1ddaf72a1bf093ac3949f7b966cea44d27d54d4f5429cd8cf366f46c,aquatic_plant_images\Nymphaea_odorata\Nymphaea_odorata_iNaturalist_743359844.jpg
iNaturalist,Nymphaea odorata,https://inaturalist-open-data.s3.amazonaws.com/photos/743360076/square.jpg,cc-by,True,,,,,36.137375,-85.1299833333,2026-09-30,,404762055,743360076,downloaded,OK,12207,c1bdfdcbb2d41b6527f7049d207a624d5766cfa5375fb8d9fae39e82cb0634fb,aquatic_plant_images\Nymphaea_odorata\Nymphaea_odorata_iNaturalist_743360076.jpg
iNaturalist,Nymphaea odorata,https://static.inaturalist.org/photos/743336748/square.jpg,,False,,,,,33.2892133333,-81.4855883333,2026-09-29,,404750001,743336748,downloaded,OK,13410,5f503a0cc6735f1fb986cddee044e4d5b9d8c697095e4e0565d8b377884059d5,aquatic_plant_images\Nymphaea_odorata\Nymphaea_odorata_iNaturalist_743336748.jpg
iNaturalist,Nymphaea odorata,https://inaturalist-open-data.s3.amazonaws.com/photos/743336595/square.jpg,cc-by-nc,True,,,,,44.3322881452,-78.7274069964,2026-09-30,,404749937,743336595,downloaded,OK,4642,307e5ee44c8c6b30d7c284a2913c18519491e5ca3317ba88a5a5b78722a00212,aquatic_plant_images\Nymphaea_odorata\Nymphaea_odorata_iNaturalist_743336595.jpg
iNaturalist,Nymphaea odorata,https://inaturalist-open-data.s3.amazonaws.com/photos/743277967/square.jpg,cc-by-nc,True,,,,,44.411838,-64.3508717997,2026-09-07,,404719770,743277967,downloaded,OK,7969,40cc838f757ff7b5bfbbd313dd2e64115f72a16e885a68be061fb44159f8619c,aquatic_plant_images\Nymphaea_odorata\Nymphaea_odorata_iNaturalist_743277967.jpg
iNaturalist,Nymphaea odorata,https://inaturalist-open-data.s3.amazonaws.com/photos/743278005/square.jpg,cc-by-nc,True,,,,,44.411838,-64.3508717997,2026-09-07,,404719770,743278005,downloaded,OK,8235,ae1c07eddbec8269fa822f70d7abb742b742ba1f898fa653473dc3f168e73ebd,aquatic_plant_images\Nymphaea_odorata\Nymphaea_odorata_iNaturalist_743278005.jpg
iNaturalist,Nymphaea odorata,https://static.inaturalist.org/photos/743093942/square.jpg,,False,,,,,43.5428583333,-80.2140716667,2026-09-20,,404624423,743093942,downloaded,OK,5705,10b1de5199397a6d87cea37c084b69da5ad6d4d4c0dbee4833095f0485f75ed5,aquatic_plant_images\Nymphaea_odorata\Nymphaea_odorata_iNaturalist_743093942.jpg
iNaturalist,Nymphaea odorata,https://static.inaturalist.org/photos/743093980/square.jpg,,False,,,,,43.5428583333,-80.2140716667,2026-09-20,,404624423,743093980,downloaded,OK,5660,3b4966341f01464465dd7b157458370188052c080adbe39e536d0e9524bb3296,aquatic_plant_images\Nymphaea_odorata\Nymphaea_odorata_iNaturalist_743093980.jpg
iNaturalist,Nymphaea odorata,https://static.inaturalist.org/photos/743094009/square.jpg,,False,,,,,43.5428583333,-80.2140716667,2026-09-20,,404624423,743094009,downloaded,OK,5724,146cf2201279f408b4041c2f695b3fb42b181f7d6db0650a6782428042eb2a14,aquatic_plant_images\Nymphaea_odorata\Nymphaea_odorata_iNaturalist_743094009.jpg
iNaturalist,Nymphaea odorata,https://static.inaturalist.org/photos/743064176/square.jpg,,False,,,,,29.7682964337,-95.4307862937,2026-09-25,,404614282,743064176,downloaded,OK,3323,af66cf2106e3fc3d9a5ca836709b2cdcac7089371da245ca6aab94d3910525c2,aquatic_plant_images\Nymphaea_odorata\Nymphaea_odorata_iNaturalist_743064176.jpg
iNaturalist,Nymphaea odorata,https://inaturalist-open-data.s3.amazonaws.com/photos/743021519/square.jpg,cc-by,True,,,,,41.3958477227,-88.336071591,2026-09-25,,404599305,743021519,downloaded,OK,5408,618b8381f57d89cd775a0f5f703899fdcaa94b87ce8c14606ebf1d97a8af14df,aquatic_plant_images\Nymphaea_odorata\Nymphaea_odorata_iNaturalist_743021519.jpg
iNaturalist,Nymphaea odorata,https://inaturalist-open-data.s3.amazonaws.com/photos/743021526/square.jpg,cc-by,True,,,,,41.3958477227,-88.336071591,2026-09-25,,404599305,743021526,downloaded,OK,5351,6369fe4362931f4f8d52018b680e85ce210947ace37f0634573528e3642a93e7,aquatic_plant_images\Nymphaea_odorata\Nymphaea_odorata_iNaturalist_743021526.jpg
iNaturalist,Nymphaea odorata,https://inaturalist-open-data.s3.amazonaws.com/photos/743021562/square.jpg,cc-by,True,,,,,41.3958477227,-88.336071591,2026-09-25,,404599305,743021562,downloaded,OK,5237,2a118a3aa3c90c0359a636591970cbec1e148cce5f3ed8c814ce2b2ceda73c75,aquatic_plant_images\Nymphaea_odorata\Nymphaea_odorata_iNaturalist_743021562.jpg
iNaturalist,Nymphaea odorata,https://inaturalist-open-data.s3.amazonaws.com/photos/743021575/square.jpg,cc-by,True,,,,,41.3958477227,-88.336071591,2026-09-25,,404599305,743021575,downloaded,OK,5369,fa039624ba511e2033b8a00adec50c8f33abf32958ea6cbb670f596aa8285e61,aquatic_plant_images\Nymphaea_odorata\Nymphaea_odorata_iNaturalist_743021575.jpg
iNaturalist,Nymphaea odorata,https://inaturalist-open-data.s3.amazonaws.com/photos/743021580/square.jpg,cc-by,True,,,,,41.3958477227,-88.336071591,2026-09-25,,404599305,743021580,downloaded,OK,5512,dcd84b60afea8a7c0e5a1c64676152837ca78d49c6e94358faa8827ce39d4897,aquatic_plant_images\Nymphaea_odorata\Nymphaea_odorata_iNaturalist_743021580.jpg
iNaturalist,Nymphaea odorata,https://inaturalist-open-data.s3.amazonaws.com/photos/743004962/square.jpg,cc-by-nc,True,,,,,38.3326986,-76.4640529,2026-09-29,,404583461,743004962,downloaded,OK,3794,2c34a2bab85a74d0272afedaa977be160151b751210431df9d869961f17bd7e3,aquatic_plant_images\Nymphaea_odorata\Nymphaea_odorata_iNaturalist_743004962.jpg
iNaturalist,Nymphaea odorata,https://inaturalist-open-data.s3.amazonaws.com/photos/743004833/square.jpg,cc-by-nc,True,,,,,38.3326986,-76.4640529,2026-09-29,,404583454,743004833,downloaded,OK,3732,57b6fbc904b45a12b130ee6c25ed9df45b41e6dce3613f01d7f6061b0b6bf8e7,aquatic_plant_images\Nymphaea_odorata\Nymphaea_odorata_iNaturalist_743004833.jpg
iNaturalist,Nymphaea odorata,https://inaturalist-open-data.s3.amazonaws.com/photos/743081088/square.jpg,cc-by-nc,True,,,,,46.6481677629,-94.1516382992,2026-09-29,,404583012,743081088,downloaded,OK,4725,99a73251c7051a3ec76607aa78af254aea011b92794fcbb31e33c6561e6705d0,aquatic_plant_images\Nymphaea_odorata\Nymphaea_odorata_iNaturalist_743081088.jpg
iNaturalist,Nymphaea odorata,https://static.inaturalist.org/photos/742990653/square.jpg,,False,,,,,41.7262416667,-91.7292783333,2026-09-29,,404575888,742990653,downloaded,OK,3620,939b9650d6c76d0ada77a94b894392cbea08d87615dc2cb375cb32198f3ed582,aquatic_plant_images\Nymphaea_odorata\Nymphaea_odorata_iNaturalist_742990653.jpg
iNaturalist,Nymphaea odorata,https://inaturalist-open-data.s3.amazonaws.com/photos/742905717/square.jpg,cc-by,True,,,,,47.9504916667,-91.7481777778,2026-09-27,,404545236,742905717,downloaded,OK,4495,8e5c3c7e103d10e934c2aad23882ba72c5d68e1f620438941aed28924ea43981,aquatic_plant_images\Nymphaea_odorata\Nymphaea_odorata_iNaturalist_742905717.jpg
iNaturalist,Nymphaea odorata,https://inaturalist-open-data.s3.amazonaws.com/photos/742905692/square.jpg,cc-by,True,,,,,47.9504916667,-91.7481777778,2026-09-27,,404545236,742905692,downloaded,OK,4554,fd737ca5933b41ef99f84aad48802aed202b4ecebf447a005b4ec93adffc9d9a,aquatic_plant_images\Nymphaea_odorata\Nymphaea_odorata_iNaturalist_742905692.jpg
iNaturalist,Potamogeton crispus,https://inaturalist-open-data.s3.amazonaws.com/photos/743765334/square.jpg,cc-by-nc,True,,,,,55.8909826221,44.5779045364,2026-09-24,,404967709,743765334,downloaded,OK,17425,86b038806423fb60ce7d30a2046f8b091baa6f382956cc3a2110cb95e2a5742e,aquatic_plant_images\Potamogeton_crispus\Potamogeton_crispus_iNaturalist_743765334.jpg
iNaturalist,Potamogeton crispus,https://static.inaturalist.org/photos/743739696/square.jpg,,False,,,,,53.1469158358,18.1743784997,2026-08-02,,404961440,743739696,downloaded,OK,6104,93bdf336b99a136fa4caf97124d6075714f4ab7587d6e5be55506337c5da7725,aquatic_plant_images\Potamogeton_crispus\Potamogeton_crispus_iNaturalist_743739696.jpg
iNaturalist,Potamogeton crispus,https://static.inaturalist.org/photos/743739854/square.jpg,,False,,,,,53.1469158358,18.1743784997,2026-08-02,,404961440,743739854,downloaded,OK,6065,ae163aca2080f28c1c5aa1cb2a16d3a7692d5f5da21431061b24407f5805d9d6,aquatic_plant_images\Potamogeton_crispus\Potamogeton_crispus_iNaturalist_743739854.jpg
iNaturalist,Potamogeton crispus,https://static.inaturalist.org/photos/743732163/square.jpg,,False,,,,,53.1464162421,18.1730558886,2026-08-02,,404961374,743732163,downloaded,OK,6507,498e41e0a2363a17dde928938e6d032d4029c9904edcc3da50459474eabf2b55,aquatic_plant_images\Potamogeton_crispus\Potamogeton_crispus_iNaturalist_743732163.jpg
iNaturalist,Potamogeton crispus,https://inaturalist-open-data.s3.amazonaws.com/photos/743452619/square.jpg,cc-by-nc,True,,,,,38.9833272461,-77.0415420175,2026-09-29,,404809711,743452619,downloaded,OK,10454,d7e288ba9ae8abab074783fbf6d8b62f244b1001579f41daef0beb57e359d46f,aquatic_plant_images\Potamogeton_crispus\Potamogeton_crispus_iNaturalist_743452619.jpg
iNaturalist,Potamogeton crispus,https://inaturalist-open-data.s3.amazonaws.com/photos/743205282/square.jpg,cc-by-nc,True,,,,,50.1011827695,21.4649127424,2026-08-03,,404680778,743205282,downloaded,OK,6257,ac0d444583088dc2730257c43e08ead30625eb425b17db05cf421e611fee7b09,aquatic_plant_images\Potamogeton_crispus\Potamogeton_crispus_iNaturalist_743205282.jpg
iNaturalist,Potamogeton crispus,https://inaturalist-open-data.s3.amazonaws.com/photos/743202478/square.jpg,cc-by-nc,True,,,,,50.1005960892,21.4645700902,2026-08-03,,404679188,743202478,downloaded,OK,7068,8782381e5e61a6985b554a3eda3a261e977ad4ff7c9b49c51bb515b6c2fc8fef,aquatic_plant_images\Potamogeton_crispus\Potamogeton_crispus_iNaturalist_743202478.jpg
iNaturalist,Potamogeton crispus,https://inaturalist-open-data.s3.amazonaws.com/photos/743199948/square.jpg,cc-by-nc,True,,,,,50.1003704907,21.4643169567,2026-08-03,,404677967,743199948,downloaded,OK,6895,8b8b5943f7a6e66010641fffd9a0e2f6df2220b963e877574af2bd9b68a0625a,aquatic_plant_images\Potamogeton_crispus\Potamogeton_crispus_iNaturalist_743199948.jpg
iNaturalist,Potamogeton crispus,https://inaturalist-open-data.s3.amazonaws.com/photos/743197880/square.jpg,cc-by-nc,True,,,,,50.1014079341,21.4649797976,2026-08-03,,404676936,743197880,downloaded,OK,6804,22d6af452beb7665899ed942918d0a8e9d5a133e6d40c1dbed52716cf99658e6,aquatic_plant_images\Potamogeton_crispus\Potamogeton_crispus_iNaturalist_743197880.jpg
iNaturalist,Potamogeton crispus,https://inaturalist-open-data.s3.amazonaws.com/photos/743196705/square.jpg,cc-by-nc,True,,,,,50.0998154148,21.4625168592,2026-08-03,,404676240,743196705,downloaded,OK,6374,06ade83a1b23dbf3cf8d4c742efd1cb749f84f43185ab713e60594d22dc5ed35,aquatic_plant_images\Potamogeton_crispus\Potamogeton_crispus_iNaturalist_743196705.jpg
iNaturalist,Potamogeton crispus,https://inaturalist-open-data.s3.amazonaws.com/photos/743102239/square.jpg,cc-by-nc,True,,,,,49.2429388889,-122.958,2026-09-18,,404649217,743102239,downloaded,OK,2849,e68e3a0be1f0a3c8eef3ed51a28a6589be092a76ce20ad9bc98f9a94cf5c4d9b,aquatic_plant_images\Potamogeton_crispus\Potamogeton_crispus_iNaturalist_743102239.jpg
iNaturalist,Potamogeton crispus,https://static.inaturalist.org/photos/743124570/square.jpg,,False,,,,,40.5695051802,-122.3744931932,2026-09-29,,404639831,743124570,downloaded,OK,4289,dd679871fa9e5b637a9824cee553e26570b142850fd80eaf1258f55248227222,aquatic_plant_images\Potamogeton_crispus\Potamogeton_crispus_iNaturalist_743124570.jpg
iNaturalist,Potamogeton crispus,https://inaturalist-open-data.s3.amazonaws.com/photos/742967711/square.jpg,cc-by,True,,,,,52.7192795059,0.7280568749,2026-09-29,,404566766,742967711,downloaded,OK,3480,40be46244621a898a61f1bb84173deb428df66b51cebeb16ad93a4a1552d013f,aquatic_plant_images\Potamogeton_crispus\Potamogeton_crispus_iNaturalist_742967711.jpg
iNaturalist,Potamogeton crispus,https://inaturalist-open-data.s3.amazonaws.com/photos/742930165/square.jpg,cc-by-nc,True,,,,,39.6535403481,-76.7765410815,2026-09-16,,404556473,742930165,downloaded,OK,6628,91141fb42138e453130ce1acb52aebf023889ff7439107f33ab9bf5e2976f61e,aquatic_plant_images\Potamogeton_crispus\Potamogeton_crispus_iNaturalist_742930165.jpg
iNaturalist,Potamogeton crispus,https://inaturalist-open-data.s3.amazonaws.com/photos/742745865/square.jpg,cc-by-nc,True,,,,,48.203898744,15.6310293153,2026-09-29,,404450388,742745865,downloaded,OK,11447,ed1af8efd2ccecad31d192a5612989e542dd204ebd6d52cde72343dc518366ff,aquatic_plant_images\Potamogeton_crispus\Potamogeton_crispus_iNaturalist_742745865.jpg
iNaturalist,Potamogeton crispus,https://inaturalist-open-data.s3.amazonaws.com/photos/742745875/square.jpg,cc-by-nc,True,,,,,48.203898744,15.6310293153,2026-09-29,,404450388,742745875,downloaded,OK,11940,2aa727f08d220da6643fcd8a89d2a9736306befa981630b241a570d0eb520865,aquatic_plant_images\Potamogeton_crispus\Potamogeton_crispus_iNaturalist_742745875.jpg
iNaturalist,Potamogeton crispus,https://inaturalist-open-data.s3.amazonaws.com/photos/742423829/square.jpg,cc-by,True,,,,,49.2157805556,-123.1960638889,2026-08-20,,404302077,742423829,downloaded,OK,5364,61b08f6e6fb7955a4b5e8a8087395ec55512a2d136fc63363ac72feb1ece3063,aquatic_plant_images\Potamogeton_crispus\Potamogeton_crispus_iNaturalist_742423829.jpg
iNaturalist,Potamogeton crispus,https://inaturalist-open-data.s3.amazonaws.com/photos/742422242/square.jpg,cc-by,True,,,,,49.2157805556,-123.1960638889,2026-08-20,,404302077,742422242,downloaded,OK,5286,d76eb4bba80ded0e7ffe304049bf5115d982f0a8fe6d6c4518844f025e1042e2,aquatic_plant_images\Potamogeton_crispus\Potamogeton_crispus_iNaturalist_742422242.jpg
iNaturalist,Potamogeton crispus,https://inaturalist-open-data.s3.amazonaws.com/photos/742422233/square.jpg,cc-by,True,,,,,49.2157805556,-123.1960638889,2026-08-20,,404302077,742422233,downloaded,OK,5894,82a00c01534504184f98c91d5b1f04b5e9e44ce5eb7ed98164aa90b5372331d9,aquatic_plant_images\Potamogeton_crispus\Potamogeton_crispus_iNaturalist_742422233.jpg
iNaturalist,Potamogeton crispus,https://inaturalist-open-data.s3.amazonaws.com/photos/742376913/square.jpg,cc-by-nc,True,,,,,43.8722729658,-94.0116650245,2026-09-25,,404267139,742376913,downloaded,OK,3123,d311a784dd6f9e16f24f1f269a2c3b0b590ae39d8526bbd305cf752b898a6785,aquatic_plant_images\Potamogeton_crispus\Potamogeton_crispus_iNaturalist_742376913.jpg
iNaturalist,Potamogeton crispus,https://static.inaturalist.org/photos/742253343/square.jpg,,False,,,,,55.862205,-3.20657,2026-09-28,,404202976,742253343,downloaded,OK,4158,2f0d1c32550ae8fbc6e6aaaec5533367b4390e9ea3f6600addbf582e0038f75e,aquatic_plant_images\Potamogeton_crispus\Potamogeton_crispus_iNaturalist_742253343.jpg
iNaturalist,Potamogeton crispus,https://static.inaturalist.org/photos/742159062/square.jpg,,False,,,,,52.0580393997,20.1938321,2026-07-30,,404171730,742159062,downloaded,OK,4385,aa54064442ae26dc49c6615c19c35f093c2010ea994cce882570f17c68a496b7,aquatic_plant_images\Potamogeton_crispus\Potamogeton_crispus_iNaturalist_742159062.jpg
iNaturalist,Potamogeton crispus,https://static.inaturalist.org/photos/742159056/square.jpg,,False,,,,,52.0580393997,20.1938321,2026-07-30,,404171730,742159056,downloaded,OK,4469,46ab024c77604e2a1e7dabeff9d75eab8965f679cd667a1e243b4a2eb4ce9d6c,aquatic_plant_images\Potamogeton_crispus\Potamogeton_crispus_iNaturalist_742159056.jpg
iNaturalist,Potamogeton crispus,https://inaturalist-open-data.s3.amazonaws.com/photos/742113115/square.jpg,cc-by-nc,True,,,,,50.0860551758,14.3268571587,2026-09-25,,404133986,742113115,downloaded,OK,3560,5a4526a61434507a686c169b2c18be1693c92f17bf875519635d2e892122c7af,aquatic_plant_images\Potamogeton_crispus\Potamogeton_crispus_iNaturalist_742113115.jpg
iNaturalist,Potamogeton crispus,https://inaturalist-open-data.s3.amazonaws.com/photos/741704601/square.jpg,cc-by-nc,True,,,,,54.1194611667,-6.2565966667,2026-09-27,,403928708,741704601,downloaded,OK,11649,43cb1989fb1aece4b762269e82afc782fad68835aad395705fa17045bca39821,aquatic_plant_images\Potamogeton_crispus\Potamogeton_crispus_iNaturalist_741704601.jpg
iNaturalist,Potamogeton crispus,https://inaturalist-open-data.s3.amazonaws.com/photos/741412139/square.jpg,cc-by-nc,True,,,,,41.7242734925,-74.0140893695,2026-09-25,,403776915,741412139,downloaded,OK,4954,8bbd19be19e88240e0f265938a31ad0f1bdc477ad8e39dfc37e81813fda31511,aquatic_plant_images\Potamogeton_crispus\Potamogeton_crispus_iNaturalist_741412139.jpg
iNaturalist,Potamogeton crispus,https://inaturalist-open-data.s3.amazonaws.com/photos/741412167/square.jpg,cc-by-nc,True,,,,,41.7242734925,-74.0140893695,2026-09-25,,403776915,741412167,downloaded,OK,4476,35c01f11e04048fee8254b3a9b7202562c7f2e424ac2f9768eb19b0dd95cefe0,aquatic_plant_images\Potamogeton_crispus\Potamogeton_crispus_iNaturalist_741412167.jpg
iNaturalist,Potamogeton crispus,https://inaturalist-open-data.s3.amazonaws.com/photos/741344769/square.jpg,cc-by-nc,True,,,,,42.2228388889,-78.2778333333,2026-09-26,,403744601,741344769,downloaded,OK,3974,3f8ce0e5f190c3b6e3eaa3ca852464d5e2e756eb2ccd197df85c3cb7e8804e40,aquatic_plant_images\Potamogeton_crispus\Potamogeton_crispus_iNaturalist_741344769.jpg
iNaturalist,Potamogeton crispus,https://inaturalist-open-data.s3.amazonaws.com/photos/741247547/square.jpg,cc-by-nc,True,,,,,43.0786814033,-89.4213912655,2026-09-26,,403697006,741247547,downloaded,OK,9985,d63e8a37ecc34e723fce7abc1fb2028ff462fbe3f10469778b6f83727956125e,aquatic_plant_images\Potamogeton_crispus\Potamogeton_crispus_iNaturalist_741247547.jpg
iNaturalist,Potamogeton crispus,https://inaturalist-open-data.s3.amazonaws.com/photos/741244683/square.jpg,cc-by-nc,True,,,,,44.7854583333,-93.1295916667,2026-09-26,,403695661,741244683,downloaded,OK,3810,af4569c4d0a3f7396bf64493b9a3ea2e8c59314b358588c55933ed53009fe62c,aquatic_plant_images\Potamogeton_crispus\Potamogeton_crispus_iNaturalist_741244683.jpg
iNaturalist,Potamogeton crispus,https://inaturalist-open-data.s3.amazonaws.com/photos/741159791/square.jpg,cc-by,True,,,,,52.37318,5.6964716667,2026-09-26,,403652989,741159791,downloaded,OK,10349,1cbcbea594d16415aaad2b7d04860fc8b54feb6c0b79393d07a909de3efe4fe4,aquatic_plant_images\Potamogeton_crispus\Potamogeton_crispus_iNaturalist_741159791.jpg
iNaturalist,Potamogeton crispus,https://inaturalist-open-data.s3.amazonaws.com/photos/741159785/square.jpg,cc-by,True,,,,,52.37318,5.6964716667,2026-09-26,,403652989,741159785,downloaded,OK,11578,21dc3e8b84b27b353bb1e6ea1c0032c607c4c3df6e9aa5fa04809ad7fbc1c546,aquatic_plant_images\Potamogeton_crispus\Potamogeton_crispus_iNaturalist_741159785.jpg
iNaturalist,Potamogeton gramineus,https://static.inaturalist.org/photos/743130597/square.jpg,,False,,,,,44.5930383333,-76.9763283333,2026-09-29,,404642762,743130597,downloaded,OK,5107,e0ec4c461eeabe39b7b96d8c9269cf3dac8e2e42638275bb2579c7c8a9fd50d2,aquatic_plant_images\Potamogeton_gramineus\Potamogeton_gramineus_iNaturalist_743130597.jpg
iNaturalist,Potamogeton gramineus,https://static.inaturalist.org/photos/743130626/square.jpg,,False,,,,,44.5930383333,-76.9763283333,2026-09-29,,404642762,743130626,downloaded,OK,5724,39cecc951138a5c4392d5522af4e18803d9423b09b33c1a98b7abe730a0dabd3,aquatic_plant_images\Potamogeton_gramineus\Potamogeton_gramineus_iNaturalist_743130626.jpg
iNaturalist,Potamogeton gramineus,https://inaturalist-open-data.s3.amazonaws.com/photos/741084195/square.jpg,cc-by-nc,True,,,,,43.3773633745,-73.6406777333,2026-09-26,,403614774,741084195,downloaded,OK,7911,f68646d6896c8a1908a6a705c303cbbbff5245f544345abff59c1f24e61a2112,aquatic_plant_images\Potamogeton_gramineus\Potamogeton_gramineus_iNaturalist_741084195.jpg
iNaturalist,Potamogeton gramineus,https://inaturalist-open-data.s3.amazonaws.com/photos/741084335/square.jpg,cc-by-nc,True,,,,,43.3773633745,-73.6406777333,2026-09-26,,403614774,741084335,downloaded,OK,7958,af3469d49ba83b86b3502f0a292ade12e417aad0ecb4dc10a22480a20f7c4d6d,aquatic_plant_images\Potamogeton_gramineus\Potamogeton_gramineus_iNaturalist_741084335.jpg
iNaturalist,Potamogeton gramineus,https://inaturalist-open-data.s3.amazonaws.com/photos/738605908/square.jpg,cc0,True,,,,,52.4158328371,-114.9977095798,2026-09-20,,402345639,738605908,downloaded,OK,7772,5ecbe1d6cfda640384c1d559a4aa2c3c7d56f0d43aa2e4f9834f3aa4800711bf,aquatic_plant_images\Potamogeton_gramineus\Potamogeton_gramineus_iNaturalist_738605908.jpg
iNaturalist,Potamogeton gramineus,https://inaturalist-open-data.s3.amazonaws.com/photos/738605944/square.jpg,cc0,True,,,,,52.4158328371,-114.9977095798,2026-09-20,,402345639,738605944,downloaded,OK,7482,263f5dffbaee54af3a68288b2b57f0da4a9d9f27771d02e91dbc731011c06158,aquatic_plant_images\Potamogeton_gramineus\Potamogeton_gramineus_iNaturalist_738605944.jpg
iNaturalist,Potamogeton gramineus,https://inaturalist-open-data.s3.amazonaws.com/photos/738605977/square.jpg,cc0,True,,,,,52.4158328371,-114.9977095798,2026-09-20,,402345639,738605977,downloaded,OK,7661,948d5e78b8e9708c5a41228cb331e0f25afb58e5dd888361bd184f02af40be6c,aquatic_plant_images\Potamogeton_gramineus\Potamogeton_gramineus_iNaturalist_738605977.jpg
iNaturalist,Potamogeton gramineus,https://inaturalist-open-data.s3.amazonaws.com/photos/738604392/square.jpg,cc0,True,,,,,52.4156929632,-115.002444014,2026-09-20,,402344872,738604392,downloaded,OK,7479,d994daf23ae1b788f150893bce3a43379205b045101761428a1cd390a60f1399,aquatic_plant_images\Potamogeton_gramineus\Potamogeton_gramineus_iNaturalist_738604392.jpg
iNaturalist,Potamogeton gramineus,https://inaturalist-open-data.s3.amazonaws.com/photos/738604432/square.jpg,cc0,True,,,,,52.4156929632,-115.002444014,2026-09-20,,402344872,738604432,downloaded,OK,7873,95448fe6ed21e3f2bd42500fd3b64dd0be67656702b54dfbea3036f9fa410b43,aquatic_plant_images\Potamogeton_gramineus\Potamogeton_gramineus_iNaturalist_738604432.jpg
iNaturalist,Potamogeton gramineus,https://inaturalist-open-data.s3.amazonaws.com/photos/738604475/square.jpg,cc0,True,,,,,52.4156929632,-115.002444014,2026-09-20,,402344872,738604475,downloaded,OK,7286,83c329e74df27a112b83a4c588680aa938ebe80468cfc16f0efb46fba5f41960,aquatic_plant_images\Potamogeton_gramineus\Potamogeton_gramineus_iNaturalist_738604475.jpg
iNaturalist,Potamogeton gramineus,https://inaturalist-open-data.s3.amazonaws.com/photos/737429982/square.jpg,cc-by-nc,True,,,,,44.8542569083,-79.9583192694,2026-09-11,,401754487,737429982,downloaded,OK,6414,b8011aa2d38759c81860ed41f3ff0cb9d866c7a5080fda17c25902d3ad14ac1a,aquatic_plant_images\Potamogeton_gramineus\Potamogeton_gramineus_iNaturalist_737429982.jpg
iNaturalist,Potamogeton gramineus,https://inaturalist-open-data.s3.amazonaws.com/photos/737430022/square.jpg,cc-by-nc,True,,,,,44.8542569083,-79.9583192694,2026-09-11,,401754487,737430022,downloaded,OK,7155,5a5a2f07422796af82695abd95bfee1ff0f023d6f816386c41826b81a0c886a2,aquatic_plant_images\Potamogeton_gramineus\Potamogeton_gramineus_iNaturalist_737430022.jpg
iNaturalist,Potamogeton gramineus,https://inaturalist-open-data.s3.amazonaws.com/photos/737430085/square.jpg,cc-by-nc,True,,,,,44.8542569083,-79.9583192694,2026-09-11,,401754487,737430085,downloaded,OK,6857,9faa262dc2d97b8b0479f9693c8a9acd38e92c9ceab06ad697b5eaf851a8fc09,aquatic_plant_images\Potamogeton_gramineus\Potamogeton_gramineus_iNaturalist_737430085.jpg
iNaturalist,Potamogeton gramineus,https://inaturalist-open-data.s3.amazonaws.com/photos/737430117/square.jpg,cc-by-nc,True,,,,,44.8542569083,-79.9583192694,2026-09-11,,401754487,737430117,downloaded,OK,6148,de65cd59a8b13229766ccaad72e2d8b9e3d2081ec658143958b541594a955795,aquatic_plant_images\Potamogeton_gramineus\Potamogeton_gramineus_iNaturalist_737430117.jpg
iNaturalist,Potamogeton gramineus,https://inaturalist-open-data.s3.amazonaws.com/photos/737430166/square.jpg,cc-by-nc,True,,,,,44.8542569083,-79.9583192694,2026-09-11,,401754487,737430166,downloaded,OK,6640,8d8c3ab587e2192032442337a580400f27024c7c15fac040a0c167950a6b2c03,aquatic_plant_images\Potamogeton_gramineus\Potamogeton_gramineus_iNaturalist_737430166.jpg
iNaturalist,Potamogeton gramineus,https://inaturalist-open-data.s3.amazonaws.com/photos/733312256/square.jpg,cc-by-nc,True,,,,,44.77852,-89.3546966667,2026-09-12,,399679919,733312256,downloaded,OK,5151,d51250592dca9a23b7af17a6e1437c3d8fa59e96e47b266a33110673d42676b4,aquatic_plant_images\Potamogeton_gramineus\Potamogeton_gramineus_iNaturalist_733312256.jpg
iNaturalist,Potamogeton gramineus,https://inaturalist-open-data.s3.amazonaws.com/photos/733312297/square.jpg,cc-by-nc,True,,,,,44.77852,-89.3546966667,2026-09-12,,399679919,733312297,downloaded,OK,4304,cdc1e3b5cb20c8ec400a643e176412631e2355e3d9c9d4740f60a9e25a7fa7f1,aquatic_plant_images\Potamogeton_gramineus\Potamogeton_gramineus_iNaturalist_733312297.jpg
iNaturalist,Potamogeton gramineus,https://inaturalist-open-data.s3.amazonaws.com/photos/733312339/square.jpg,cc-by-nc,True,,,,,44.77852,-89.3546966667,2026-09-12,,399679919,733312339,downloaded,OK,4551,aaa97b1a32ac11fee42f40ffdfe92dfa034b4ab5572dfb0eed817bd5ab9e3dcc,aquatic_plant_images\Potamogeton_gramineus\Potamogeton_gramineus_iNaturalist_733312339.jpg
iNaturalist,Potamogeton gramineus,https://inaturalist-open-data.s3.amazonaws.com/photos/732757203/square.jpg,cc-by,True,,,,,55.0197361667,-2.3303383333,2026-09-11,,399392777,732757203,downloaded,OK,5696,cd6468bbb30d8115f3e40cded480645c0d8d4b0cb1cc7d16c69cf37673aaad8e,aquatic_plant_images\Potamogeton_gramineus\Potamogeton_gramineus_iNaturalist_732757203.jpg
iNaturalist,Potamogeton gramineus,https://inaturalist-open-data.s3.amazonaws.com/photos/732684388/square.jpg,cc-by,True,,,,,55.0235888333,-2.3305383333,2026-09-11,,399356296,732684388,downloaded,OK,5036,5ce902cf045cfb3fc8c12fab3f7fca53b0c68877a28ea0e5966f6e03a3c92b20,aquatic_plant_images\Potamogeton_gramineus\Potamogeton_gramineus_iNaturalist_732684388.jpg
iNaturalist,Potamogeton gramineus,https://static.inaturalist.org/photos/732425904/square.jpg,,False,,,,,50.1159008278,15.8004349389,2026-09-11,,399220980,732425904,downloaded,OK,7161,7ee186123eeff29c06f2b9c4cdbed62ea30f692550c470bfbacddef677981784,aquatic_plant_images\Potamogeton_gramineus\Potamogeton_gramineus_iNaturalist_732425904.jpg
iNaturalist,Potamogeton gramineus,https://static.inaturalist.org/photos/732425940/square.jpg,,False,,,,,50.1159008278,15.8004349389,2026-09-11,,399220980,732425940,downloaded,OK,5439,66b4b4fbd444cdf19ac277c3ca645f8599bf35a5fefe72f6c3846a886329f194,aquatic_plant_images\Potamogeton_gramineus\Potamogeton_gramineus_iNaturalist_732425940.jpg
iNaturalist,Potamogeton gramineus,https://static.inaturalist.org/photos/732425973/square.jpg,,False,,,,,50.1159008278,15.8004349389,2026-09-11,,399220980,732425973,downloaded,OK,7019,e6fef3be7c97b9dda740ba321a56ba8b29212a96620cb5c9bbe4276b44324a3d,aquatic_plant_images\Potamogeton_gramineus\Potamogeton_gramineus_iNaturalist_732425973.jpg
iNaturalist,Potamogeton gramineus,https://inaturalist-open-data.s3.amazonaws.com/photos/729139627/square.jpg,cc-by-nc,True,,,,,45.9266866667,-68.1242611667,2026-09-05,,397538005,729139627,downloaded,OK,11758,354274574bfefd6e38001270922ef94f79cd0491450467d51a46b0b661ec8977,aquatic_plant_images\Potamogeton_gramineus\Potamogeton_gramineus_iNaturalist_729139627.jpg
iNaturalist,Potamogeton gramineus,https://inaturalist-open-data.s3.amazonaws.com/photos/729139647/square.jpg,cc-by-nc,True,,,,,45.9266866667,-68.1242611667,2026-09-05,,397538005,729139647,downloaded,OK,11311,cbc3942bd75f4b4e0159f1c0de4663982a9d6dfe53ffb201eee501ff20d76190,aquatic_plant_images\Potamogeton_gramineus\Potamogeton_gramineus_iNaturalist_729139647.jpg
iNaturalist,Potamogeton gramineus,https://inaturalist-open-data.s3.amazonaws.com/photos/729139643/square.jpg,cc-by-nc,True,,,,,45.9266866667,-68.1242611667,2026-09-05,,397538005,729139643,downloaded,OK,11813,fe02fe5e2cf0d4ee923d349be4db5d1e253486f5fc2a8ea1e70d44aa7ecff382,aquatic_plant_images\Potamogeton_gramineus\Potamogeton_gramineus_iNaturalist_729139643.jpg
iNaturalist,Potamogeton gramineus,https://inaturalist-open-data.s3.amazonaws.com/photos/729139618/square.jpg,cc-by-nc,True,,,,,45.9266866667,-68.1242611667,2026-09-05,,397538005,729139618,downloaded,OK,11121,6d093b1d459756f38f1eb7ccfcf6558d13b52b1366293e674504521c5b64e703,aquatic_plant_images\Potamogeton_gramineus\Potamogeton_gramineus_iNaturalist_729139618.jpg
iNaturalist,Potamogeton gramineus,https://inaturalist-open-data.s3.amazonaws.com/photos/729139633/square.jpg,cc-by-nc,True,,,,,45.9266866667,-68.1242611667,2026-09-05,,397538005,729139633,downloaded,OK,10636,2e990cc7e4419b18eb5f1919bec277fefaa10e3d524b7bd7afb04ce51997edba,aquatic_plant_images\Potamogeton_gramineus\Potamogeton_gramineus_iNaturalist_729139633.jpg
iNaturalist,Potamogeton gramineus,https://inaturalist-open-data.s3.amazonaws.com/photos/729079892/square.jpg,cc-by-nc,True,,,,,44.6535866667,-78.5306466667,2026-09-05,,397506860,729079892,downloaded,OK,13674,71125fe447d651e06630d6c4f4eeee2a1d623a99fc2b225ce08953eb05a16617,aquatic_plant_images\Potamogeton_gramineus\Potamogeton_gramineus_iNaturalist_729079892.jpg
iNaturalist,Potamogeton gramineus,https://inaturalist-open-data.s3.amazonaws.com/photos/729079869/square.jpg,cc-by-nc,True,,,,,44.6535866667,-78.5306466667,2026-09-05,,397506860,729079869,downloaded,OK,13494,ffe6a1bfc9de3b53de4bdeeff8a07bfe262abb6900691859f1131ba2211feacd,aquatic_plant_images\Potamogeton_gramineus\Potamogeton_gramineus_iNaturalist_729079869.jpg
iNaturalist,Potamogeton gramineus,https://inaturalist-open-data.s3.amazonaws.com/photos/729079871/square.jpg,cc-by-nc,True,,,,,44.6535866667,-78.5306466667,2026-09-05,,397506860,729079871,downloaded,OK,13823,9003d9bb57fbb3384556ecc2f162016f1d3bf3324bff1e45358a9c2ac5d8e1bb,aquatic_plant_images\Potamogeton_gramineus\Potamogeton_gramineus_iNaturalist_729079871.jpg
iNaturalist,Potamogeton gramineus,https://inaturalist-open-data.s3.amazonaws.com/photos/729079985/square.jpg,cc-by-nc,True,,,,,44.6535866667,-78.5306466667,2026-09-05,,397506860,729079985,downloaded,OK,13363,28f6b644b418ec37c3e9f43f550c549962e044f0e1f09b62dabede68239b7c61,aquatic_plant_images\Potamogeton_gramineus\Potamogeton_gramineus_iNaturalist_729079985.jpg
iNaturalist,Potamogeton gramineus,https://inaturalist-open-data.s3.amazonaws.com/photos/729079883/square.jpg,cc-by-nc,True,,,,,44.6535866667,-78.5306466667,2026-09-05,,397506860,729079883,downloaded,OK,14073,b6f60fdac09b4a5b79e7961e75c9c336d20b771b10b07474bc2c547d081225de,aquatic_plant_images\Potamogeton_gramineus\Potamogeton_gramineus_iNaturalist_729079883.jpg
iNaturalist,Potamogeton gramineus,https://inaturalist-open-data.s3.amazonaws.com/photos/729079915/square.jpg,cc-by-nc,True,,,,,44.6535866667,-78.5306466667,2026-09-05,,397506860,729079915,downloaded,OK,12741,7656e94b8359e9a8e11657569ce4df1b12f2c6d42087c60ffda485b1a6f0ad6c,aquatic_plant_images\Potamogeton_gramineus\Potamogeton_gramineus_iNaturalist_729079915.jpg
iNaturalist,Potamogeton gramineus,https://inaturalist-open-data.s3.amazonaws.com/photos/729079910/square.jpg,cc-by-nc,True,,,,,44.6535866667,-78.5306466667,2026-09-05,,397506860,729079910,downloaded,OK,13731,aed57c46733a74236297d36c79778e06b875c82c26a4ff24464b6e79610d2902,aquatic_plant_images\Potamogeton_gramineus\Potamogeton_gramineus_iNaturalist_729079910.jpg
iNaturalist,Potamogeton gramineus,https://inaturalist-open-data.s3.amazonaws.com/photos/728425670/square.jpg,cc-by-nc,True,,,,,60.1819111111,-128.9438166667,2026-08-03,,397170174,728425670,downloaded,OK,6013,3a509d6e825b76e28af3125b27509f96e5699d7d98f6ce90fea18922b65bbde3,aquatic_plant_images\Potamogeton_gramineus\Potamogeton_gramineus_iNaturalist_728425670.jpg
iNaturalist,Potamogeton gramineus,https://inaturalist-open-data.s3.amazonaws.com/photos/728425674/square.jpg,cc-by-nc,True,,,,,60.1819111111,-128.9438166667,2026-08-03,,397170174,728425674,downloaded,OK,5893,fcad60f310d25f1168d417091cddfd4500f20573634ca36dcf28b74cd6bf2121,aquatic_plant_images\Potamogeton_gramineus\Potamogeton_gramineus_iNaturalist_728425674.jpg
iNaturalist,Potamogeton gramineus,https://inaturalist-open-data.s3.amazonaws.com/photos/728425677/square.jpg,cc-by-nc,True,,,,,60.1819111111,-128.9438166667,2026-08-03,,397170174,728425677,downloaded,OK,5850,35a4998c7aebfcd0ad6d99250589da2e6e9a713d6b2bbf8045d3caf3f6a92d3b,aquatic_plant_images\Potamogeton_gramineus\Potamogeton_gramineus_iNaturalist_728425677.jpg
iNaturalist,Potamogeton gramineus,https://inaturalist-open-data.s3.amazonaws.com/photos/728029404/square.jpg,cc-by-nc,True,,,,,44.5147606586,-73.9116481978,2026-09-02,,396970142,728029404,downloaded,OK,4369,22ec0ef55d37930fe9edc522a3abd1d76da68c4da31aa44ee8f9d5a67ae08afb,aquatic_plant_images\Potamogeton_gramineus\Potamogeton_gramineus_iNaturalist_728029404.jpg
iNaturalist,Potamogeton gramineus,https://inaturalist-open-data.s3.amazonaws.com/photos/728029463/square.jpg,cc-by-nc,True,,,,,44.5147606586,-73.9116481978,2026-09-02,,396970142,728029463,downloaded,OK,4203,3bf75d9cfbefc4b5f8cc6f329c7656bd3d5c4fdbea2ecb24d9ee06427ab2d325,aquatic_plant_images\Potamogeton_gramineus\Potamogeton_gramineus_iNaturalist_728029463.jpg
iNaturalist,Potamogeton gramineus,https://inaturalist-open-data.s3.amazonaws.com/photos/728029546/square.jpg,cc-by-nc,True,,,,,44.5147606586,-73.9116481978,2026-09-02,,396970142,728029546,downloaded,OK,4208,96fb116438ff2b5edc3afb9d1f722ae4c36e7d09a68619322278011aabc573ef,aquatic_plant_images\Potamogeton_gramineus\Potamogeton_gramineus_iNaturalist_728029546.jpg
iNaturalist,Potamogeton gramineus,https://inaturalist-open-data.s3.amazonaws.com/photos/728029607/square.jpg,cc-by-nc,True,,,,,44.5147606586,-73.9116481978,2026-09-02,,396970142,728029607,downloaded,OK,4257,58d9a0828e46a63178293c45de9a9d92e62518d2f446e679705cf247b83f8290,aquatic_plant_images\Potamogeton_gramineus\Potamogeton_gramineus_iNaturalist_728029607.jpg
iNaturalist,Potamogeton gramineus,https://inaturalist-open-data.s3.amazonaws.com/photos/728028987/square.jpg,cc-by-nc,True,,,,,44.5024633333,-73.8754883333,2026-09-02,,396969863,728028987,downloaded,OK,3769,8fe7239c02cacf7605a11f430c4aa54ad3a4fc14a8869dcf4ac2e1cce9479bf9,aquatic_plant_images\Potamogeton_gramineus\Potamogeton_gramineus_iNaturalist_728028987.jpg
iNaturalist,Potamogeton gramineus,https://inaturalist-open-data.s3.amazonaws.com/photos/728029099/square.jpg,cc-by-nc,True,,,,,44.5024633333,-73.8754883333,2026-09-02,,396969863,728029099,downloaded,OK,4200,8fef8726c0b1992be94271faaef1a6cc689f815117a2d5c49a4776c450922a60,aquatic_plant_images\Potamogeton_gramineus\Potamogeton_gramineus_iNaturalist_728029099.jpg
iNaturalist,Potamogeton gramineus,https://inaturalist-open-data.s3.amazonaws.com/photos/727685701/square.jpg,cc-by,True,,,,,54.39467,-3.0297721667,2026-09-02,,396794259,727685701,downloaded,OK,3967,35c8cae95922b262b304c6d787ccb19f36115eba27b4cb62d546af377329bbc0,aquatic_plant_images\Potamogeton_gramineus\Potamogeton_gramineus_iNaturalist_727685701.jpg
iNaturalist,Potamogeton gramineus,https://inaturalist-open-data.s3.amazonaws.com/photos/727685824/square.jpg,cc-by,True,,,,,54.39467,-3.0297721667,2026-09-02,,396794259,727685824,downloaded,OK,4431,ade3142c166ad1029d4d13d6ddd9907ed037ee9fd118e526b65a4f79e02e2a2a,aquatic_plant_images\Potamogeton_gramineus\Potamogeton_gramineus_iNaturalist_727685824.jpg
iNaturalist,Potamogeton gramineus,https://inaturalist-open-data.s3.amazonaws.com/photos/725562638/square.jpg,cc-by,True,,,,,53.5556194444,-114.7353972222,2026-08-26,,395694535,725562638,downloaded,OK,4039,3384da10cd96a7c3377cbf29bb728dac48d0f25ad651f3f5da99aba18a8df3b2,aquatic_plant_images\Potamogeton_gramineus\Potamogeton_gramineus_iNaturalist_725562638.jpg
iNaturalist,Potamogeton gramineus,https://inaturalist-open-data.s3.amazonaws.com/photos/725562609/square.jpg,cc-by,True,,,,,53.5556194444,-114.7353972222,2026-08-26,,395694535,725562609,downloaded,OK,3380,f4380b3967fca773789b2a91d5271910a1727dd766c60ba45f34599c550dbdb5,aquatic_plant_images\Potamogeton_gramineus\Potamogeton_gramineus_iNaturalist_725562609.jpg
iNaturalist,Potamogeton gramineus,https://inaturalist-open-data.s3.amazonaws.com/photos/725562571/square.jpg,cc-by,True,,,,,53.5556194444,-114.7353972222,2026-08-26,,395694535,725562571,downloaded,OK,4037,73e105e1496b37a9e87c674d798d34a0796399bb3a80c1d5a5be153e6020e483,aquatic_plant_images\Potamogeton_gramineus\Potamogeton_gramineus_iNaturalist_725562571.jpg
iNaturalist,Potamogeton gramineus,https://inaturalist-open-data.s3.amazonaws.com/photos/725309161/square.jpg,cc-by-nc,True,,,,,51.4796205,8.1066734997,2026-08-29,,395557627,725309161,downloaded,OK,7604,06d6ac7b22bdccbb359161fb8a5258e9659c30c80010144c6df2bcae101849f5,aquatic_plant_images\Potamogeton_gramineus\Potamogeton_gramineus_iNaturalist_725309161.jpg
iNaturalist,Potamogeton gramineus,https://inaturalist-open-data.s3.amazonaws.com/photos/725309375/square.jpg,cc-by-nc,True,,,,,51.4796205,8.1066734997,2026-08-29,,395557627,725309375,downloaded,OK,7849,dab1c4692f9fe83229aa2e05cf5f00196e571cdda07b05331fd861ea08cd7cc0,aquatic_plant_images\Potamogeton_gramineus\Potamogeton_gramineus_iNaturalist_725309375.jpg
iNaturalist,Potamogeton gramineus,https://inaturalist-open-data.s3.amazonaws.com/photos/725309417/square.jpg,cc-by-nc,True,,,,,51.4796205,8.1066734997,2026-08-29,,395557627,725309417,downloaded,OK,8126,48d622b7a8dd72451af147c1151648617b8a675f98e72ee43d3787cff2df4fa2,aquatic_plant_images\Potamogeton_gramineus\Potamogeton_gramineus_iNaturalist_725309417.jpg
iNaturalist,Potamogeton gramineus,https://inaturalist-open-data.s3.amazonaws.com/photos/725309459/square.jpg,cc-by-nc,True,,,,,51.4796205,8.1066734997,2026-08-29,,395557627,725309459,downloaded,OK,7986,530c07db1ac8bf3b7b3d55b527c903662d6211c78711d02d0b8450ba03ea6164,aquatic_plant_images\Potamogeton_gramineus\Potamogeton_gramineus_iNaturalist_725309459.jpg
iNaturalist,Potamogeton gramineus,https://inaturalist-open-data.s3.amazonaws.com/photos/725309507/square.jpg,cc-by-nc,True,,,,,51.4796205,8.1066734997,2026-08-29,,395557627,725309507,downloaded,OK,7682,1a9e715f7d7f87d0669f601e37fe3d672857c11221251c28e5bb907215f028c4,aquatic_plant_images\Potamogeton_gramineus\Potamogeton_gramineus_iNaturalist_725309507.jpg
iNaturalist,Potamogeton gramineus,https://inaturalist-open-data.s3.amazonaws.com/photos/724422584/square.jpg,cc-by-nc,True,,,,,43.2340924429,-73.6773039065,2026-08-27,,395104917,724422584,downloaded,OK,4424,705cd46afbebfbe3f3a770f1016698d21ba6e15d86d9f6ad5f57af7e748c0105,aquatic_plant_images\Potamogeton_gramineus\Potamogeton_gramineus_iNaturalist_724422584.jpg
iNaturalist,Potamogeton gramineus,https://inaturalist-open-data.s3.amazonaws.com/photos/724422621/square.jpg,cc-by-nc,True,,,,,43.2340924429,-73.6773039065,2026-08-27,,395104917,724422621,downloaded,OK,4226,bf21efe5fcf6e2a444da607206418091f2a359b6b1e28269b6391fdf8db13758,aquatic_plant_images\Potamogeton_gramineus\Potamogeton_gramineus_iNaturalist_724422621.jpg
iNaturalist,Potamogeton gramineus,https://inaturalist-open-data.s3.amazonaws.com/photos/724419088/square.jpg,cc-by-nc,True,,,,,43.3719717815,-73.7344083663,2026-08-27,,395102984,724419088,downloaded,OK,5129,4a47ecab8ec10c2739bf0351812574fcc1e112385b0281574c36bfeb269b8040,aquatic_plant_images\Potamogeton_gramineus\Potamogeton_gramineus_iNaturalist_724419088.jpg
iNaturalist,Potamogeton gramineus,https://inaturalist-open-data.s3.amazonaws.com/photos/724416938/square.jpg,cc-by-nc,True,,,,,43.3906657776,-73.730720196,2026-08-27,,395101987,724416938,downloaded,OK,4026,923cdba147e8bdafcfbf618cc497fbbebeacb85f1aa1ad33989f587ac99f2c95,aquatic_plant_images\Potamogeton_gramineus\Potamogeton_gramineus_iNaturalist_724416938.jpg
iNaturalist,Potamogeton gramineus,https://inaturalist-open-data.s3.amazonaws.com/photos/724416898/square.jpg,cc-by-nc,True,,,,,43.3906657776,-73.730720196,2026-08-27,,395101987,724416898,downloaded,OK,4907,cb12a72e095639b7ba83844953d0aafe829316745794b6897fc56b6bb2cc3f09,aquatic_plant_images\Potamogeton_gramineus\Potamogeton_gramineus_iNaturalist_724416898.jpg
iNaturalist,Potamogeton gramineus,https://inaturalist-open-data.s3.amazonaws.com/photos/724416854/square.jpg,cc-by-nc,True,,,,,43.3906657776,-73.730720196,2026-08-27,,395101987,724416854,downloaded,OK,4637,babc9f01a9ed117a1138b3592c1106cd498d785145459250732ab4d9bab673ed,aquatic_plant_images\Potamogeton_gramineus\Potamogeton_gramineus_iNaturalist_724416854.jpg
iNaturalist,Potamogeton gramineus,https://inaturalist-open-data.s3.amazonaws.com/photos/724243733/square.jpg,cc-by,True,,,,,44.7843487314,-67.2028101577,2026-08-26,,395014566,724243733,downloaded,OK,10915,596a77f070633da73bf1c2cef35ecd804e123d8eca7f4a527366008b520ddd8f,aquatic_plant_images\Potamogeton_gramineus\Potamogeton_gramineus_iNaturalist_724243733.jpg
iNaturalist,Potamogeton gramineus,https://inaturalist-open-data.s3.amazonaws.com/photos/724243835/square.jpg,cc-by,True,,,,,44.7843487314,-67.2028101577,2026-08-26,,395014566,724243835,downloaded,OK,9232,74d03edd4641d8fd5953ba037e30767731b2290628b4cb307e6d55bac15c4ac5,aquatic_plant_images\Potamogeton_gramineus\Potamogeton_gramineus_iNaturalist_724243835.jpg
iNaturalist,Potamogeton gramineus,https://inaturalist-open-data.s3.amazonaws.com/photos/724728017/square.jpg,cc-by,True,,,,,44.7843487314,-67.2028101577,2026-08-26,,395014566,724728017,downloaded,OK,9752,7619e3f984f92970061e89d5c7f78373029966e0c309be7eaf0b0ff338305528,aquatic_plant_images\Potamogeton_gramineus\Potamogeton_gramineus_iNaturalist_724728017.jpg
iNaturalist,Potamogeton gramineus,https://static.inaturalist.org/photos/724153844/square.jpg,,False,,,,,44.3518638883,-75.2712472217,2026-08-26,,394973604,724153844,downloaded,OK,12621,910f8269011baa586b6d5cb8b1aaa8dec7700eb976792d3e6bd980403bb35de5,aquatic_plant_images\Potamogeton_gramineus\Potamogeton_gramineus_iNaturalist_724153844.jpg
iNaturalist,Potamogeton gramineus,https://inaturalist-open-data.s3.amazonaws.com/photos/723861418/square.jpg,cc-by-nc,True,,,,,42.414223,-8.444153,2026-08-21,,394820547,723861418,downloaded,OK,8407,15f0b895b1a7d1d3854602226f6ea8106837fb9065f5e53b175e4362077231d3,aquatic_plant_images\Potamogeton_gramineus\Potamogeton_gramineus_iNaturalist_723861418.jpg
iNaturalist,Potamogeton gramineus,https://inaturalist-open-data.s3.amazonaws.com/photos/723861475/square.jpg,cc-by-nc,True,,,,,42.414223,-8.444153,2026-08-21,,394820547,723861475,downloaded,OK,7833,5d7ee86114e73b239693b6d0a17c95c569ef7abe359db3ee83cb360fbd7de506,aquatic_plant_images\Potamogeton_gramineus\Potamogeton_gramineus_iNaturalist_723861475.jpg
iNaturalist,Potamogeton gramineus,https://inaturalist-open-data.s3.amazonaws.com/photos/722562199/square.jpg,cc-by-nc,True,,,,,48.0449497997,-92.9127845997,2026-08-23,,394158377,722562199,downloaded,OK,6996,882f1beb62c06a1d440eae8c5c81087798b692fb548a6ed21fd81c1b4c5e9b98,aquatic_plant_images\Potamogeton_gramineus\Potamogeton_gramineus_iNaturalist_722562199.jpg
iNaturalist,Potamogeton gramineus,https://inaturalist-open-data.s3.amazonaws.com/photos/722562248/square.jpg,cc-by-nc,True,,,,,48.0449497997,-92.9127845997,2026-08-23,,394158377,722562248,downloaded,OK,7413,e5b72e575495a4d55377e16b5f701e923cfa72656a2241ccae5b7be38b92de8b,aquatic_plant_images\Potamogeton_gramineus\Potamogeton_gramineus_iNaturalist_722562248.jpg
iNaturalist,Potamogeton gramineus,https://inaturalist-open-data.s3.amazonaws.com/photos/722562300/square.jpg,cc-by-nc,True,,,,,48.0449497997,-92.9127845997,2026-08-23,,394158377,722562300,downloaded,OK,7001,446921618e9e93a3fa22b113e41a0b19843887a3c1b65d391b02d1aa6ec635e9,aquatic_plant_images\Potamogeton_gramineus\Potamogeton_gramineus_iNaturalist_722562300.jpg
iNaturalist,Potamogeton gramineus,https://inaturalist-open-data.s3.amazonaws.com/photos/722562345/square.jpg,cc-by-nc,True,,,,,48.0449497997,-92.9127845997,2026-08-23,,394158377,722562345,downloaded,OK,6622,b3cffb3081550a5177dd28712bd223dca1a9a2e6e1e0a55eb93a671bda126d9d,aquatic_plant_images\Potamogeton_gramineus\Potamogeton_gramineus_iNaturalist_722562345.jpg
iNaturalist,Potamogeton gramineus,https://inaturalist-open-data.s3.amazonaws.com/photos/721604574/square.jpg,cc-by-nc,True,,,,,44.8108746406,-68.5546365459,2026-08-22,,393672167,721604574,downloaded,OK,10166,eeda0d05a31b3fa493781f1064f09c622d8ff3db5ae3786e2d319e9341e8e299,aquatic_plant_images\Potamogeton_gramineus\Potamogeton_gramineus_iNaturalist_721604574.jpg
iNaturalist,Potamogeton gramineus,https://inaturalist-open-data.s3.amazonaws.com/photos/721604577/square.jpg,cc-by-nc,True,,,,,44.8108746406,-68.5546365459,2026-08-22,,393672167,721604577,downloaded,OK,9655,4431997555f8a153851803d060f720f72ef2f5a73ac1ed559e5f04a0a855a481,aquatic_plant_images\Potamogeton_gramineus\Potamogeton_gramineus_iNaturalist_721604577.jpg
iNaturalist,Potamogeton gramineus,https://inaturalist-open-data.s3.amazonaws.com/photos/721604582/square.jpg,cc-by-nc,True,,,,,44.8108746406,-68.5546365459,2026-08-22,,393672167,721604582,downloaded,OK,9446,348dcc9f45329439aba4e64c1e183faf7fece318c4364a26eabeac10e8828ac3,aquatic_plant_images\Potamogeton_gramineus\Potamogeton_gramineus_iNaturalist_721604582.jpg
iNaturalist,Potamogeton gramineus,https://inaturalist-open-data.s3.amazonaws.com/photos/721604580/square.jpg,cc-by-nc,True,,,,,44.8108746406,-68.5546365459,2026-08-22,,393672167,721604580,downloaded,OK,8725,baf258fc082a382b942ac132a8071d1197dca1759d2976a6c82e057ce95c626b,aquatic_plant_images\Potamogeton_gramineus\Potamogeton_gramineus_iNaturalist_721604580.jpg
iNaturalist,Potamogeton illinoensis,https://inaturalist-open-data.s3.amazonaws.com/photos/740148624/square.jpg,cc-by-nc,True,,,,,48.4624876779,-114.0194810849,2026-09-24,,403139195,740148624,downloaded,OK,2190,04d6769e3166b2278368c6f0c245078ef60012dd62bf8da81e45c5b981de0d17,aquatic_plant_images\Potamogeton_illinoensis\Potamogeton_illinoensis_iNaturalist_740148624.jpg
iNaturalist,Potamogeton illinoensis,https://inaturalist-open-data.s3.amazonaws.com/photos/740148625/square.jpg,cc-by-nc,True,,,,,48.4624876779,-114.0194810849,2026-09-24,,403139195,740148625,downloaded,OK,2406,cde2d74761a8cb4d9e083d27f93ec1c5192474e6a67df899852573a236378afa,aquatic_plant_images\Potamogeton_illinoensis\Potamogeton_illinoensis_iNaturalist_740148625.jpg
iNaturalist,Potamogeton illinoensis,https://inaturalist-open-data.s3.amazonaws.com/photos/740148623/square.jpg,cc-by-nc,True,,,,,48.4624876779,-114.0194810849,2026-09-24,,403139195,740148623,downloaded,OK,2527,7ecc600057295c1bcd14c122319d1104a0c5d023f6964902e03610b792b7a540,aquatic_plant_images\Potamogeton_illinoensis\Potamogeton_illinoensis_iNaturalist_740148623.jpg
iNaturalist,Potamogeton illinoensis,https://inaturalist-open-data.s3.amazonaws.com/photos/740148699/square.jpg,cc-by-nc,True,,,,,48.4624876779,-114.0194810849,2026-09-24,,403139195,740148699,downloaded,OK,2815,b74a3abac70a6ed00c221e252502ef4e0dbb01f4714ebf79c83b55e517a34a57,aquatic_plant_images\Potamogeton_illinoensis\Potamogeton_illinoensis_iNaturalist_740148699.jpg
iNaturalist,Potamogeton illinoensis,https://inaturalist-open-data.s3.amazonaws.com/photos/740148695/square.jpg,cc-by-nc,True,,,,,48.4624876779,-114.0194810849,2026-09-24,,403139195,740148695,downloaded,OK,2526,7d1c4bb94db77573aef8346dba0fbb2cbc1ebba9fc44fe24ae4464825aedc994,aquatic_plant_images\Potamogeton_illinoensis\Potamogeton_illinoensis_iNaturalist_740148695.jpg
iNaturalist,Potamogeton illinoensis,https://inaturalist-open-data.s3.amazonaws.com/photos/740148701/square.jpg,cc-by-nc,True,,,,,48.4624876779,-114.0194810849,2026-09-24,,403139195,740148701,downloaded,OK,1888,a5455138d6651c3cfd286a1465209f02af692ee55647daaec0def6834e212647,aquatic_plant_images\Potamogeton_illinoensis\Potamogeton_illinoensis_iNaturalist_740148701.jpg
iNaturalist,Potamogeton illinoensis,https://inaturalist-open-data.s3.amazonaws.com/photos/740148740/square.jpg,cc-by-nc,True,,,,,48.4624876779,-114.0194810849,2026-09-24,,403139195,740148740,downloaded,OK,3385,924fd2efa263948a351792d8152bc215686610e336d319d51a27c2a62e76ab51,aquatic_plant_images\Potamogeton_illinoensis\Potamogeton_illinoensis_iNaturalist_740148740.jpg
iNaturalist,Potamogeton illinoensis,https://inaturalist-open-data.s3.amazonaws.com/photos/736751750/square.jpg,cc-by-nc,True,,,,,42.7903083333,-76.0534222222,2026-09-18,,401408842,736751750,downloaded,OK,7832,f5e9db30826cb737de4ac83bf794e697a3327675c032babc6f61512059f81a40,aquatic_plant_images\Potamogeton_illinoensis\Potamogeton_illinoensis_iNaturalist_736751750.jpg
iNaturalist,Potamogeton illinoensis,https://inaturalist-open-data.s3.amazonaws.com/photos/725512712/square.jpg,cc-by-nc,True,,,,,16.9924633333,-91.5923383333,2026-08-29,,395667973,725512712,downloaded,OK,12406,2259bf766d9db240aa0685ad02573bfe837ee92cebc4c94c45bb1ab554b8ca3e,aquatic_plant_images\Potamogeton_illinoensis\Potamogeton_illinoensis_iNaturalist_725512712.jpg
iNaturalist,Potamogeton illinoensis,https://inaturalist-open-data.s3.amazonaws.com/photos/725512704/square.jpg,cc-by-nc,True,,,,,16.9924633333,-91.5923383333,2026-08-29,,395667973,725512704,downloaded,OK,9755,fa1ef9a743e4751d6dd210c396055574a5fbbfb1232d2d135342ec0490e5398c,aquatic_plant_images\Potamogeton_illinoensis\Potamogeton_illinoensis_iNaturalist_725512704.jpg
iNaturalist,Potamogeton illinoensis,https://inaturalist-open-data.s3.amazonaws.com/photos/725512681/square.jpg,cc-by-nc,True,,,,,16.9924633333,-91.5923383333,2026-08-29,,395667973,725512681,downloaded,OK,9344,3501d8a5d5c6b86f84cf6a45d835d6ee783c9756c95ce3a383d2085349a71927,aquatic_plant_images\Potamogeton_illinoensis\Potamogeton_illinoensis_iNaturalist_725512681.jpg
iNaturalist,Potamogeton illinoensis,https://inaturalist-open-data.s3.amazonaws.com/photos/724990265/square.jpg,cc-by-nc,True,,,,,46.0498531015,-95.8439733917,2026-08-27,,395392414,724990265,downloaded,OK,12155,fbb97c2c75d85d06b89f7e1b3551aa2a20460205daa7ff19cd803b157ecf33c7,aquatic_plant_images\Potamogeton_illinoensis\Potamogeton_illinoensis_iNaturalist_724990265.jpg
iNaturalist,Potamogeton illinoensis,https://inaturalist-open-data.s3.amazonaws.com/photos/724990251/square.jpg,cc-by-nc,True,,,,,46.0498531015,-95.8439733917,2026-08-27,,395392414,724990251,downloaded,OK,10580,37fed0b08fc32b54e254ff374c83789834f9e887d40fd22776f11f924411a0e0,aquatic_plant_images\Potamogeton_illinoensis\Potamogeton_illinoensis_iNaturalist_724990251.jpg
iNaturalist,Potamogeton illinoensis,https://inaturalist-open-data.s3.amazonaws.com/photos/724990266/square.jpg,cc-by-nc,True,,,,,46.0498531015,-95.8439733917,2026-08-27,,395392414,724990266,downloaded,OK,11326,b38990f7062a2ce11b97b292f4ea2ac7286e287fda756f6655331ad60a3f4aeb,aquatic_plant_images\Potamogeton_illinoensis\Potamogeton_illinoensis_iNaturalist_724990266.jpg
iNaturalist,Potamogeton illinoensis,https://inaturalist-open-data.s3.amazonaws.com/photos/724990255/square.jpg,cc-by-nc,True,,,,,46.0498531015,-95.8439733917,2026-08-27,,395392414,724990255,downloaded,OK,12289,f8f71307ffa5079fabf5ce1fcc775f3dc026c84207e9deb1ca53a7e3819ec4a6,aquatic_plant_images\Potamogeton_illinoensis\Potamogeton_illinoensis_iNaturalist_724990255.jpg
iNaturalist,Potamogeton illinoensis,https://inaturalist-open-data.s3.amazonaws.com/photos/724990271/square.jpg,cc-by-nc,True,,,,,46.0498531015,-95.8439733917,2026-08-27,,395392414,724990271,downloaded,OK,11572,75626c6efc8250e3dede33ad836c97c69e33867124ebbee4b4a563710508d8d5,aquatic_plant_images\Potamogeton_illinoensis\Potamogeton_illinoensis_iNaturalist_724990271.jpg
iNaturalist,Potamogeton illinoensis,https://inaturalist-open-data.s3.amazonaws.com/photos/724990267/square.jpg,cc-by-nc,True,,,,,46.0498531015,-95.8439733917,2026-08-27,,395392414,724990267,downloaded,OK,13255,15f8d3ff9b3ee5269d53e26a5810edb8e8524ec88f54e064e15f5fc09cd89ac7,aquatic_plant_images\Potamogeton_illinoensis\Potamogeton_illinoensis_iNaturalist_724990267.jpg
iNaturalist,Potamogeton illinoensis,https://static.inaturalist.org/photos/724260467/square.jpg,,False,,,,,23.4971899945,-109.7931035481,2026-08-27,,395022486,724260467,downloaded,OK,13757,a09f138ac6ff1483be34b67f12f3c51dc044ee8a02a02cbb67ce5dc4cbc24ca5,aquatic_plant_images\Potamogeton_illinoensis\Potamogeton_illinoensis_iNaturalist_724260467.jpg
iNaturalist,Potamogeton illinoensis,https://inaturalist-open-data.s3.amazonaws.com/photos/722818087/square.jpg,cc-by,True,,,,,46.3767446356,-67.8797510883,2026-08-24,,394245904,722818087,downloaded,OK,8100,a67511fcf5b0c095a95c963fdcf0372b02ac71f8964b370e99aaedee7a6e8db6,aquatic_plant_images\Potamogeton_illinoensis\Potamogeton_illinoensis_iNaturalist_722818087.jpg
iNaturalist,Potamogeton illinoensis,https://inaturalist-open-data.s3.amazonaws.com/photos/722818155/square.jpg,cc-by,True,,,,,46.3767446356,-67.8797510883,2026-08-24,,394245904,722818155,downloaded,OK,7125,c8258f2376618a2781bdfa7b4cf0695e5fb00172e3bb1e5c255b31e049792eae,aquatic_plant_images\Potamogeton_illinoensis\Potamogeton_illinoensis_iNaturalist_722818155.jpg
iNaturalist,Potamogeton illinoensis,https://inaturalist-open-data.s3.amazonaws.com/photos/717592174/square.jpg,cc-by-nc,True,,,,,42.7902817737,-76.0533946724,2026-08-15,,391611772,717592174,skipped_duplicate,Duplicate URL/photo ID,,,
iNaturalist,Potamogeton illinoensis,https://inaturalist-open-data.s3.amazonaws.com/photos/716935890/square.jpg,cc-by-nc,True,,,,,42.0037833333,-79.8997944444,2026-08-13,,391276046,716935890,downloaded,OK,7139,66d35ff40498268bdf91ea16b72a3f81eb4b71688e062f4a17c240e9529d4828,aquatic_plant_images\Potamogeton_illinoensis\Potamogeton_illinoensis_iNaturalist_716935890.jpg
iNaturalist,Potamogeton illinoensis,https://inaturalist-open-data.s3.amazonaws.com/photos/716935922/square.jpg,cc-by-nc,True,,,,,42.0037833333,-79.8997944444,2026-08-13,,391276046,716935922,downloaded,OK,7017,65f9e1613673651916f230051a679b444ff4605efc0abc86a3df1ed6de64c17f,aquatic_plant_images\Potamogeton_illinoensis\Potamogeton_illinoensis_iNaturalist_716935922.jpg
iNaturalist,Potamogeton illinoensis,https://inaturalist-open-data.s3.amazonaws.com/photos/716935944/square.jpg,cc-by-nc,True,,,,,42.0037833333,-79.8997944444,2026-08-13,,391276046,716935944,downloaded,OK,7408,9fe59e9324e44853b0910f65a794993d3c02deeb7e47c728daa2e11f6ebc8659,aquatic_plant_images\Potamogeton_illinoensis\Potamogeton_illinoensis_iNaturalist_716935944.jpg
iNaturalist,Potamogeton illinoensis,https://inaturalist-open-data.s3.amazonaws.com/photos/713403920/square.jpg,cc-by-nc,True,,,,,25.6602133333,-80.38588,2026-08-08,,389468828,713403920,skipped_duplicate,Duplicate URL/photo ID,,,
iNaturalist,Potamogeton illinoensis,https://inaturalist-open-data.s3.amazonaws.com/photos/713403953/square.jpg,cc-by-nc,True,,,,,25.6602133333,-80.38588,2026-08-08,,389468828,713403953,skipped_duplicate,Duplicate URL/photo ID,,,
iNaturalist,Potamogeton illinoensis,https://inaturalist-open-data.s3.amazonaws.com/photos/713157323/square.jpg,cc-by-nc,True,,,,,29.72765,-82.4175416667,2026-08-08,,389341150,713157323,skipped_duplicate,Duplicate URL/photo ID,,,
iNaturalist,Potamogeton illinoensis,https://inaturalist-open-data.s3.amazonaws.com/photos/711237014/square.jpg,cc-by-nc,True,,,,,43.3683491934,-73.6676329901,2026-08-02,,388346579,711237014,skipped_duplicate,Duplicate URL/photo ID,,,
iNaturalist,Potamogeton illinoensis,https://inaturalist-open-data.s3.amazonaws.com/photos/711237976/square.jpg,cc-by-nc,True,,,,,43.3683491934,-73.6676329901,2026-08-02,,388346579,711237976,skipped_duplicate,Duplicate URL/photo ID,,,
iNaturalist,Potamogeton illinoensis,https://inaturalist-open-data.s3.amazonaws.com/photos/707769933/square.jpg,cc-by,True,,,,,47.9556733,-91.5617730997,2026-07-29,,386551670,707769933,skipped_duplicate,Duplicate URL/photo ID,,,
iNaturalist,Potamogeton illinoensis,https://inaturalist-open-data.s3.amazonaws.com/photos/707770157/square.jpg,cc-by,True,,,,,47.9556733,-91.5617730997,2026-07-29,,386551670,707770157,skipped_duplicate,Duplicate URL/photo ID,,,
iNaturalist,Potamogeton illinoensis,https://inaturalist-open-data.s3.amazonaws.com/photos/707849122/square.jpg,cc-by,True,,,,,47.9556733,-91.5617730997,2026-07-29,,386551670,707849122,skipped_duplicate,Duplicate URL/photo ID,,,
iNaturalist,Potamogeton illinoensis,https://inaturalist-open-data.s3.amazonaws.com/photos/707849213/square.jpg,cc-by,True,,,,,47.9556733,-91.5617730997,2026-07-29,,386551670,707849213,skipped_duplicate,Duplicate URL/photo ID,,,
iNaturalist,Potamogeton illinoensis,https://inaturalist-open-data.s3.amazonaws.com/photos/708353745/square.jpg,cc-by,True,,,,,47.9556733,-91.5617730997,2026-07-29,,386551670,708353745,skipped_duplicate,Duplicate URL/photo ID,,,
iNaturalist,Potamogeton illinoensis,https://inaturalist-open-data.s3.amazonaws.com/photos/707296917/square.jpg,cc-by-nc,True,,,,,44.7900472222,-79.7423472222,2026-07-08,,386311623,707296917,skipped_duplicate,Duplicate URL/photo ID,,,
iNaturalist,Potamogeton illinoensis,https://inaturalist-open-data.s3.amazonaws.com/photos/707296914/square.jpg,cc-by-nc,True,,,,,44.7900472222,-79.7423472222,2026-07-08,,386311623,707296914,skipped_duplicate,Duplicate URL/photo ID,,,
iNaturalist,Potamogeton illinoensis,https://inaturalist-open-data.s3.amazonaws.com/photos/703988583/square.jpg,cc-by-sa,True,,,,,30.0689267716,-99.4678727023,2026-04-13,,384573456,703988583,downloaded,OK,7993,61daa9eb0f9a9d0d14db2d51288908935077cab7aaee8f5da95f37aa4c5bbe36,aquatic_plant_images\Potamogeton_illinoensis\Potamogeton_illinoensis_iNaturalist_703988583.jpg
iNaturalist,Potamogeton illinoensis,https://inaturalist-open-data.s3.amazonaws.com/photos/703988624/square.jpg,cc-by-sa,True,,,,,30.0689267716,-99.4678727023,2026-04-13,,384573456,703988624,downloaded,OK,7624,87dca36202e73b019c32146fb7795f1fda46941cc507d88d4ca53f15fb5f7d92,aquatic_plant_images\Potamogeton_illinoensis\Potamogeton_illinoensis_iNaturalist_703988624.jpg
iNaturalist,Potamogeton illinoensis,https://static.inaturalist.org/photos/696025494/square.jpg,,False,,,,,18.9000488964,-99.1491896866,2026-07-11,,380449344,696025494,downloaded,OK,7232,d05bb7ed4fa20900ad5c2566aa1ba5dee0985fae76eed2cd096348e9a3c7f918,aquatic_plant_images\Potamogeton_illinoensis\Potamogeton_illinoensis_iNaturalist_696025494.jpg
iNaturalist,Potamogeton illinoensis,https://inaturalist-open-data.s3.amazonaws.com/photos/693868581/square.jpg,cc-by-nc,True,,,,,44.0661361667,-84.7519616667,2026-07-05,,379331493,693868581,skipped_duplicate,Duplicate URL/photo ID,,,
iNaturalist,Potamogeton illinoensis,https://inaturalist-open-data.s3.amazonaws.com/photos/693868567/square.jpg,cc-by-nc,True,,,,,44.0661361667,-84.7519616667,2026-07-05,,379331493,693868567,skipped_duplicate,Duplicate URL/photo ID,,,
iNaturalist,Potamogeton illinoensis,https://inaturalist-open-data.s3.amazonaws.com/photos/693868594/square.jpg,cc-by-nc,True,,,,,44.0661361667,-84.7519616667,2026-07-05,,379331493,693868594,skipped_duplicate,Duplicate URL/photo ID,,,
iNaturalist,Potamogeton illinoensis,https://inaturalist-open-data.s3.amazonaws.com/photos/693868611/square.jpg,cc-by-nc,True,,,,,44.0661361667,-84.7519616667,2026-07-05,,379331493,693868611,skipped_duplicate,Duplicate URL/photo ID,,,
iNaturalist,Potamogeton illinoensis,https://inaturalist-open-data.s3.amazonaws.com/photos/693868651/square.jpg,cc-by-nc,True,,,,,44.0661361667,-84.7519616667,2026-07-05,,379331493,693868651,skipped_duplicate,Duplicate URL/photo ID,,,
iNaturalist,Potamogeton illinoensis,https://inaturalist-open-data.s3.amazonaws.com/photos/690463999/square.jpg,cc-by-nc,True,,,,,26.7398033333,-80.9007633333,2026-07-02,,377568150,690463999,skipped_duplicate,Duplicate URL/photo ID,,,
iNaturalist,Potamogeton illinoensis,https://inaturalist-open-data.s3.amazonaws.com/photos/690464041/square.jpg,cc-by-nc,True,,,,,26.7398033333,-80.9007633333,2026-07-02,,377568150,690464041,skipped_duplicate,Duplicate URL/photo ID,,,
iNaturalist,Potamogeton illinoensis,https://inaturalist-open-data.s3.amazonaws.com/photos/690464064/square.jpg,cc-by-nc,True,,,,,26.7398033333,-80.9007633333,2026-07-02,,377568150,690464064,skipped_duplicate,Duplicate URL/photo ID,,,
iNaturalist,Potamogeton illinoensis,https://inaturalist-open-data.s3.amazonaws.com/photos/690464096/square.jpg,cc-by-nc,True,,,,,26.7398033333,-80.9007633333,2026-07-02,,377568150,690464096,skipped_duplicate,Duplicate URL/photo ID,,,
iNaturalist,Potamogeton illinoensis,https://inaturalist-open-data.s3.amazonaws.com/photos/681218627/square.jpg,cc-by-nc,True,,,,,26.1768048658,-80.4480843991,2026-05-27,,372780068,681218627,skipped_duplicate,Duplicate URL/photo ID,,,
iNaturalist,Potamogeton illinoensis,https://inaturalist-open-data.s3.amazonaws.com/photos/671916351/square.jpg,cc0,True,,,,,45.302795269,-93.8979242742,2026-06-02,,367908028,671916351,skipped_duplicate,Duplicate URL/photo ID,,,
iNaturalist,Potamogeton illinoensis,https://inaturalist-open-data.s3.amazonaws.com/photos/670762699/square.jpg,cc-by-nc,True,,,,,43.4052279015,-87.9967877124,2026-05-31,,367306925,670762699,downloaded,OK,5676,29a2be9f65116318748f40a8f514f14c304254279a50999a4f25de8169dcf84c,aquatic_plant_images\Potamogeton_illinoensis\Potamogeton_illinoensis_iNaturalist_670762699.jpg
iNaturalist,Potamogeton illinoensis,https://static.inaturalist.org/photos/670766504/square.jpg,,False,,,,,32.2431635547,-104.6963432059,2026-05-31,,367306330,670766504,downloaded,OK,8055,1dcd0a114ba34902855adf16e5afbcba7c60a2790f12d0487ca11a44c6a57b5c,aquatic_plant_images\Potamogeton_illinoensis\Potamogeton_illinoensis_iNaturalist_670766504.jpg
iNaturalist,Potamogeton illinoensis,https://static.inaturalist.org/photos/666402919/square.jpg,,False,,,,,41.2439068698,-73.5583308344,2026-05-25,,365018168,666402919,downloaded,OK,4411,bbf7cf245bd0dadc531ed9dec3065e65e46ec2f7f46b1fd59f9b0b585be4861d,aquatic_plant_images\Potamogeton_illinoensis\Potamogeton_illinoensis_iNaturalist_666402919.jpg
iNaturalist,Potamogeton illinoensis,https://static.inaturalist.org/photos/666402952/square.jpg,,False,,,,,41.2439068698,-73.5583308344,2026-05-25,,365018168,666402952,downloaded,OK,4282,afb22fe8e769dcfbc5421b25a960d62d18a0381e50f6186bfaf22cbcd8e45319,aquatic_plant_images\Potamogeton_illinoensis\Potamogeton_illinoensis_iNaturalist_666402952.jpg
iNaturalist,Potamogeton illinoensis,https://static.inaturalist.org/photos/662965718/square.jpg,,False,,,,,25.3957866667,-80.5782033333,2026-05-19,,363201342,662965718,downloaded,OK,10926,ee5ee8e65fec373fa88651e464cf55c1f3348181d265138ef569cbf8b539b67c,aquatic_plant_images\Potamogeton_illinoensis\Potamogeton_illinoensis_iNaturalist_662965718.jpg
iNaturalist,Potamogeton illinoensis,https://static.inaturalist.org/photos/662965854/square.jpg,,False,,,,,25.3957866667,-80.5782033333,2026-05-19,,363201342,662965854,downloaded,OK,11032,e882a398f8406fae79288d3636d2f63db224bf3db834c4637966bfe0113f2a80,aquatic_plant_images\Potamogeton_illinoensis\Potamogeton_illinoensis_iNaturalist_662965854.jpg
iNaturalist,Potamogeton illinoensis,https://static.inaturalist.org/photos/659402805/square.jpg,,False,,,,,29.8885546845,-98.2362014377,2026-05-12,,361321067,659402805,downloaded,OK,10624,b1a3729dbefc1fc2597be26314c056f6e5c3531da5f74dde5b50ba587ce6bb2a,aquatic_plant_images\Potamogeton_illinoensis\Potamogeton_illinoensis_iNaturalist_659402805.jpg
iNaturalist,Potamogeton illinoensis,https://static.inaturalist.org/photos/659402809/square.jpg,,False,,,,,29.8885546845,-98.2362014377,2026-05-12,,361321067,659402809,downloaded,OK,12200,285833566d62db654d9728bc39060daa88ac10783510b5ac64c4a4082de781d9,aquatic_plant_images\Potamogeton_illinoensis\Potamogeton_illinoensis_iNaturalist_659402809.jpg
iNaturalist,Potamogeton illinoensis,https://inaturalist-open-data.s3.amazonaws.com/photos/654518389/square.jpg,cc-by,True,,,,,26.3138017821,-80.1623912892,2026-05-05,,358768648,654518389,skipped_duplicate,Duplicate URL/photo ID,,,
iNaturalist,Potamogeton natans,https://static.inaturalist.org/photos/743624250/square.jpg,,False,,,,,42.9423972421,-85.3578193858,2026-09-29,,404893817,743624250,downloaded,OK,7163,cf0de426d3851f229827bdaf67109be556c3add04fc044c054559a3cfa10b3e8,aquatic_plant_images\Potamogeton_natans\Potamogeton_natans_iNaturalist_743624250.jpg
iNaturalist,Potamogeton natans,https://static.inaturalist.org/photos/743624297/square.jpg,,False,,,,,42.9423972421,-85.3578193858,2026-09-29,,404893817,743624297,downloaded,OK,6766,7fba6410649b7aa2b5513dba76e148af366b91cd5d3beb397fcaba93bef42d99,aquatic_plant_images\Potamogeton_natans\Potamogeton_natans_iNaturalist_743624297.jpg
iNaturalist,Potamogeton natans,https://static.inaturalist.org/photos/743624324/square.jpg,,False,,,,,42.9423972421,-85.3578193858,2026-09-29,,404893817,743624324,downloaded,OK,7324,24485104a0265a08f37004588de6792394c38649f4455cab603818779fc441ab,aquatic_plant_images\Potamogeton_natans\Potamogeton_natans_iNaturalist_743624324.jpg
iNaturalist,Potamogeton natans,https://static.inaturalist.org/photos/743624354/square.jpg,,False,,,,,42.9423972421,-85.3578193858,2026-09-29,,404893817,743624354,downloaded,OK,7242,4e44bc2016e75625976dafcdf692eb7d19a759d5d758046101eebfb4cf637626,aquatic_plant_images\Potamogeton_natans\Potamogeton_natans_iNaturalist_743624354.jpg
iNaturalist,Potamogeton natans,https://inaturalist-open-data.s3.amazonaws.com/photos/743599339/square.jpg,cc-by-nc,True,,,,,44.7557659177,-81.0922158882,2026-09-30,,404881701,743599339,downloaded,OK,7089,017201e3294fa24879a460f9ce279cb338dffd8a168b772da256bfd337b26cfa,aquatic_plant_images\Potamogeton_natans\Potamogeton_natans_iNaturalist_743599339.jpg
iNaturalist,Potamogeton natans,https://inaturalist-open-data.s3.amazonaws.com/photos/743599428/square.jpg,cc-by-nc,True,,,,,44.7557659177,-81.0922158882,2026-09-30,,404881701,743599428,downloaded,OK,6782,dae37f92470ef1b2acba4b941835c69047a8b95f1b0c0b5f1dcfd6d1a0385bec,aquatic_plant_images\Potamogeton_natans\Potamogeton_natans_iNaturalist_743599428.jpg
iNaturalist,Potamogeton natans,https://inaturalist-open-data.s3.amazonaws.com/photos/743573122/square.jpg,cc-by-nc,True,,,,,45.9041849,-64.3674148,2026-09-23,,404868466,743573122,downloaded,OK,5289,287915e9ae933863dcce8bd48b3c8a91d8b1e0f51a75f279fc1f1875eb1f85c5,aquatic_plant_images\Potamogeton_natans\Potamogeton_natans_iNaturalist_743573122.jpg
iNaturalist,Potamogeton natans,https://inaturalist-open-data.s3.amazonaws.com/photos/743475194/square.jpg,cc-by-nc,True,,,,,54.0858221667,15.0858971667,2026-09-24,,404820618,743475194,downloaded,OK,3760,54dfa6b11949e773ad1ca8fc7436be08f72ee2b1c4bd39a9c6410a51402cdeb9,aquatic_plant_images\Potamogeton_natans\Potamogeton_natans_iNaturalist_743475194.jpg
iNaturalist,Potamogeton natans,https://inaturalist-open-data.s3.amazonaws.com/photos/743463869/square.jpg,cc-by-nc,True,,,,,54.15655,-6.3253633333,2026-09-30,,404815176,743463869,downloaded,OK,12317,2a8cd70cef32d40a31d308f61a607f5d3ba34975ba5735c757c85606929c9c63,aquatic_plant_images\Potamogeton_natans\Potamogeton_natans_iNaturalist_743463869.jpg
iNaturalist,Potamogeton natans,https://inaturalist-open-data.s3.amazonaws.com/photos/742963891/square.jpg,cc-by,True,,,,,55.61774882,25.6210875,2026-09-29,,404760691,742963891,downloaded,OK,3879,3c38dfc55d039ff41f88e11060ab40e22e9bbcdf1ffdf93df555d176d838d18b,aquatic_plant_images\Potamogeton_natans\Potamogeton_natans_iNaturalist_742963891.jpg
iNaturalist,Potamogeton natans,https://inaturalist-open-data.s3.amazonaws.com/photos/743285502/square.jpg,cc-by-nc,True,,,,,56.0093644,12.1427492,2026-09-30,,404724097,743285502,downloaded,OK,8334,dec6e711234f95706ff94e45949de997725238fa078a5b6eabfeb23d060457ac,aquatic_plant_images\Potamogeton_natans\Potamogeton_natans_iNaturalist_743285502.jpg
iNaturalist,Potamogeton natans,https://inaturalist-open-data.s3.amazonaws.com/photos/743285561/square.jpg,cc-by-nc,True,,,,,56.0093644,12.1427492,2026-09-30,,404724097,743285561,downloaded,OK,8193,1780e8d3ec0c6424b94078259b83a1e6621c0a495018f39c0457fda4ab456386,aquatic_plant_images\Potamogeton_natans\Potamogeton_natans_iNaturalist_743285561.jpg
iNaturalist,Potamogeton natans,https://inaturalist-open-data.s3.amazonaws.com/photos/743285597/square.jpg,cc-by-nc,True,,,,,56.0093644,12.1427492,2026-09-30,,404724097,743285597,downloaded,OK,8367,7f529574256f8acfb3454db218d2ec197a0f3084b1cb8876fb8e15aa0dd10864,aquatic_plant_images\Potamogeton_natans\Potamogeton_natans_iNaturalist_743285597.jpg
iNaturalist,Potamogeton natans,https://inaturalist-open-data.s3.amazonaws.com/photos/743277173/square.jpg,cc0,True,,,,,53.6281305556,-2.8163833333,2026-09-29,,404719671,743277173,downloaded,OK,5110,12ddb5293a4d0e1bf8cf0b366d8b8dc374b2d606a27776e4c70297de98f39692,aquatic_plant_images\Potamogeton_natans\Potamogeton_natans_iNaturalist_743277173.jpg
iNaturalist,Potamogeton natans,https://inaturalist-open-data.s3.amazonaws.com/photos/743245588/square.jpg,cc-by-nc,True,,,,,44.8304611111,9.4924472222,2026-08-20,,404701246,743245588,downloaded,OK,7141,45457197de9e99332b90fbf654ada1dcd9879eeb0ff04d41bef3ee24d1f90c9e,aquatic_plant_images\Potamogeton_natans\Potamogeton_natans_iNaturalist_743245588.jpg
iNaturalist,Potamogeton natans,https://inaturalist-open-data.s3.amazonaws.com/photos/743245617/square.jpg,cc-by-nc,True,,,,,44.8304611111,9.4924472222,2026-08-20,,404701246,743245617,downloaded,OK,8499,1722d531fbb4a72a40b5fe8f7cda98ce1713acc8fb1cb51b40010941aac18c69,aquatic_plant_images\Potamogeton_natans\Potamogeton_natans_iNaturalist_743245617.jpg
iNaturalist,Potamogeton natans,https://inaturalist-open-data.s3.amazonaws.com/photos/743245662/square.jpg,cc-by-nc,True,,,,,44.8304611111,9.4924472222,2026-08-20,,404701246,743245662,downloaded,OK,8092,2a31958170d0a45da82aa14e46b908a694bde310ed6052c3f8ea27d8bbdd6021,aquatic_plant_images\Potamogeton_natans\Potamogeton_natans_iNaturalist_743245662.jpg
iNaturalist,Potamogeton natans,https://inaturalist-open-data.s3.amazonaws.com/photos/743213620/square.jpg,cc-by-nc,True,,,,,52.41541,14.8562283333,2026-09-30,,404685388,743213620,downloaded,OK,8180,4fb799bd78349fce01737e6bcc8e3eaf8b49049dfd46e4225d798d8ab4819cf8,aquatic_plant_images\Potamogeton_natans\Potamogeton_natans_iNaturalist_743213620.jpg
iNaturalist,Potamogeton natans,https://inaturalist-open-data.s3.amazonaws.com/photos/743113513/square.jpg,cc-by-nc,True,,,,,45.9041849,-64.3674148,2026-09-24,,404636023,743113513,downloaded,OK,2727,d8cab3d373ef6bde07aea45f36fe2253b916d0a1fcffb467edb6f092d923e94a,aquatic_plant_images\Potamogeton_natans\Potamogeton_natans_iNaturalist_743113513.jpg
iNaturalist,Potamogeton natans,https://static.inaturalist.org/photos/742980910/square.jpg,,False,,,,,51.8065109167,39.3948554722,2026-09-29,,404571602,742980910,downloaded,OK,8153,5b86811e0dea50c3bb548853abc08bbe1cd0f213614b7721d9acc75255d6f6f2,aquatic_plant_images\Potamogeton_natans\Potamogeton_natans_iNaturalist_742980910.jpg
iNaturalist,Potamogeton natans,https://inaturalist-open-data.s3.amazonaws.com/photos/742801578/square.jpg,cc-by-nc,True,,,,,49.5848156039,20.6447659805,2026-08-02,,404481149,742801578,downloaded,OK,6103,d16b65df95cd1113177ee71d3275bf1e8a9acf3295ddfdc478026812391e6ea2,aquatic_plant_images\Potamogeton_natans\Potamogeton_natans_iNaturalist_742801578.jpg
iNaturalist,Potamogeton natans,https://static.inaturalist.org/photos/742698782/square.jpg,,False,,,,,46.5348169293,9.6383614005,2026-08-31,,404425881,742698782,downloaded,OK,8663,8cc7486becc4e55225e31db4af873ecfd54ba2fcf701543ead64f89a3709b3b6,aquatic_plant_images\Potamogeton_natans\Potamogeton_natans_iNaturalist_742698782.jpg
iNaturalist,Potamogeton natans,https://inaturalist-open-data.s3.amazonaws.com/photos/742523966/square.jpg,cc-by-nc,True,,,,,45.9039133333,-64.3682716667,2026-09-23,,404338612,742523966,downloaded,OK,12250,b41a13bf2320b3abbd7126a43c71698b9080ada62c42d10208238d2c7def6df7,aquatic_plant_images\Potamogeton_natans\Potamogeton_natans_iNaturalist_742523966.jpg
iNaturalist,Potamogeton natans,https://inaturalist-open-data.s3.amazonaws.com/photos/742519367/square.jpg,cc-by,True,,,,,44.7775482997,-78.1943691,2026-09-26,,404336506,742519367,downloaded,OK,6151,f399a79dfd543ff111d5f36b069e70e0b401e9461cdb120a4b4ffb1f9b773ec4,aquatic_plant_images\Potamogeton_natans\Potamogeton_natans_iNaturalist_742519367.jpg
iNaturalist,Potamogeton natans,https://inaturalist-open-data.s3.amazonaws.com/photos/742460976/square.jpg,cc-by,True,,,,,44.3567972222,-78.7359777778,2026-09-28,,404309258,742460976,downloaded,OK,3299,816b72e77bca65b4ed3379823460d31321a7df0b62f3de91973aa27c9829eaba,aquatic_plant_images\Potamogeton_natans\Potamogeton_natans_iNaturalist_742460976.jpg
iNaturalist,Potamogeton natans,https://static.inaturalist.org/photos/742384135/square.jpg,,False,,,,,41.3832162,-71.6418744,2026-07-26,,404269435,742384135,downloaded,OK,10697,53d804825a5cf63b64f2f88930b5df6b06a45480c738bcbe1d83bd202cd4c89d,aquatic_plant_images\Potamogeton_natans\Potamogeton_natans_iNaturalist_742384135.jpg
iNaturalist,Potamogeton natans,https://inaturalist-open-data.s3.amazonaws.com/photos/742354129/square.jpg,cc-by-nc,True,,,,,45.9038875736,-64.3683582118,2026-09-22,,404254573,742354129,downloaded,OK,12436,967bf661b1a03956b3cc8238ecde95e041b4cb903c05c6abc30cdade3e883e8b,aquatic_plant_images\Potamogeton_natans\Potamogeton_natans_iNaturalist_742354129.jpg
iNaturalist,Potamogeton natans,https://inaturalist-open-data.s3.amazonaws.com/photos/742354130/square.jpg,cc-by-nc,True,,,,,45.9038875736,-64.3683582118,2026-09-22,,404254573,742354130,downloaded,OK,11223,7e2b94502c007521ae68515df4bbe609b0b83e9a1a4c3c60cda3adabffed452a,aquatic_plant_images\Potamogeton_natans\Potamogeton_natans_iNaturalist_742354130.jpg
iNaturalist,Potamogeton natans,https://inaturalist-open-data.s3.amazonaws.com/photos/742263333/square.jpg,cc-by-nc,True,,,,,57.5873866667,43.637035,2026-09-22,,404207609,742263333,downloaded,OK,7716,3551be705e7a06ef5cfbca2f064648fce5af2b5f739fc42b9d1edb05432a16b3,aquatic_plant_images\Potamogeton_natans\Potamogeton_natans_iNaturalist_742263333.jpg
iNaturalist,Potamogeton natans,https://inaturalist-open-data.s3.amazonaws.com/photos/742263678/square.jpg,cc-by-nc,True,,,,,57.5873866667,43.637035,2026-09-22,,404207609,742263678,downloaded,OK,8572,6eb11f786c88d7e7bd7aaf9facb4f69c73a7ddbd0f4ac2261cb0f751af034ecf,aquatic_plant_images\Potamogeton_natans\Potamogeton_natans_iNaturalist_742263678.jpg
iNaturalist,Potamogeton natans,https://inaturalist-open-data.s3.amazonaws.com/photos/742213365/square.jpg,cc-by-nc,True,,,,,45.3073,-73.3137694444,2026-09-07,,404183251,742213365,downloaded,OK,5175,f03d7b8607c3b701c36231ea239587273c68eb2b8e7c73243cd566c725781bf9,aquatic_plant_images\Potamogeton_natans\Potamogeton_natans_iNaturalist_742213365.jpg
iNaturalist,Potamogeton natans,https://inaturalist-open-data.s3.amazonaws.com/photos/742213357/square.jpg,cc-by-nc,True,,,,,45.3073,-73.3137694444,2026-09-07,,404183251,742213357,downloaded,OK,4840,f4ece208e9b9fccfe8469ae909db2f6fbbdd74ca640e40a5e42a8e47210fe9f6,aquatic_plant_images\Potamogeton_natans\Potamogeton_natans_iNaturalist_742213357.jpg
iNaturalist,Potamogeton natans,https://inaturalist-open-data.s3.amazonaws.com/photos/742213362/square.jpg,cc-by-nc,True,,,,,45.3073,-73.3137694444,2026-09-07,,404183251,742213362,downloaded,OK,4275,0978c7090a03ed15fd66af24bf19f6b7865a37916e10f9993642adc6082abf2c,aquatic_plant_images\Potamogeton_natans\Potamogeton_natans_iNaturalist_742213362.jpg
iNaturalist,Potamogeton natans,https://inaturalist-open-data.s3.amazonaws.com/photos/742213418/square.jpg,cc-by-nc,True,,,,,45.3073,-73.3137694444,2026-09-07,,404183251,742213418,downloaded,OK,5058,e79715db741d3738837010f802994bdba4a09f4637cd5f380a879cbfe8f87f51,aquatic_plant_images\Potamogeton_natans\Potamogeton_natans_iNaturalist_742213418.jpg
iNaturalist,Potamogeton natans,https://inaturalist-open-data.s3.amazonaws.com/photos/742213398/square.jpg,cc-by-nc,True,,,,,45.3073,-73.3137694444,2026-09-07,,404183251,742213398,downloaded,OK,4382,2d95af958047193c19ddd23a51f5e9138f323f0f110a7ff22bfde3a403712c19,aquatic_plant_images\Potamogeton_natans\Potamogeton_natans_iNaturalist_742213398.jpg
iNaturalist,Potamogeton natans,https://inaturalist-open-data.s3.amazonaws.com/photos/742213407/square.jpg,cc-by-nc,True,,,,,45.3073,-73.3137694444,2026-09-07,,404183251,742213407,downloaded,OK,5424,4659d20bfd2cddc7fc679bdc117e7969b4bd9dc9dcbcbddfbc94261d0ca811e4,aquatic_plant_images\Potamogeton_natans\Potamogeton_natans_iNaturalist_742213407.jpg
iNaturalist,Potamogeton natans,https://inaturalist-open-data.s3.amazonaws.com/photos/742213430/square.jpg,cc-by-nc,True,,,,,45.3073,-73.3137694444,2026-09-07,,404183251,742213430,downloaded,OK,4945,ca49c72656cc632b5fbc423e378ad2827d18e0749d88dd17be5fc851043cbb27,aquatic_plant_images\Potamogeton_natans\Potamogeton_natans_iNaturalist_742213430.jpg
iNaturalist,Potamogeton natans,https://inaturalist-open-data.s3.amazonaws.com/photos/742213437/square.jpg,cc-by-nc,True,,,,,45.3073,-73.3137694444,2026-09-07,,404183251,742213437,downloaded,OK,5020,cf5185dd34910a4c33ca13b2357daeedf008fb3b94b4b6a5e9ff3ac379253429,aquatic_plant_images\Potamogeton_natans\Potamogeton_natans_iNaturalist_742213437.jpg
iNaturalist,Potamogeton natans,https://inaturalist-open-data.s3.amazonaws.com/photos/742213444/square.jpg,cc-by-nc,True,,,,,45.3073,-73.3137694444,2026-09-07,,404183251,742213444,downloaded,OK,5125,fbe707d86c4708245f7895dedbb55418ee58c9d525631a2e533882333e918105,aquatic_plant_images\Potamogeton_natans\Potamogeton_natans_iNaturalist_742213444.jpg
iNaturalist,Potamogeton natans,https://inaturalist-open-data.s3.amazonaws.com/photos/742213457/square.jpg,cc-by-nc,True,,,,,45.3073,-73.3137694444,2026-09-07,,404183251,742213457,downloaded,OK,3929,33dda7b96aba85fab8de820331391659887632fd4b332cf7835f551a81a5c567,aquatic_plant_images\Potamogeton_natans\Potamogeton_natans_iNaturalist_742213457.jpg
iNaturalist,Potamogeton natans,https://inaturalist-open-data.s3.amazonaws.com/photos/742213469/square.jpg,cc-by-nc,True,,,,,45.3073,-73.3137694444,2026-09-07,,404183251,742213469,downloaded,OK,3570,9c8df3146856a3c111a635a2efd9125ae6d1e6362164a0e63866f0f37f3e913b,aquatic_plant_images\Potamogeton_natans\Potamogeton_natans_iNaturalist_742213469.jpg
iNaturalist,Potamogeton natans,https://inaturalist-open-data.s3.amazonaws.com/photos/742213474/square.jpg,cc-by-nc,True,,,,,45.3073,-73.3137694444,2026-09-07,,404183251,742213474,downloaded,OK,3810,f00abc74357d242824868095178cce18ff02f3c9ea4e21d2fd4a359f579a1e12,aquatic_plant_images\Potamogeton_natans\Potamogeton_natans_iNaturalist_742213474.jpg
iNaturalist,Potamogeton natans,https://inaturalist-open-data.s3.amazonaws.com/photos/742129822/square.jpg,cc-by-nc,True,,,,,58.1406888333,15.5254116667,2026-09-28,,404142466,742129822,downloaded,OK,12708,1f458990394ca0e04580e53ef4d5d9bdc669d36a644778bd2958ee75a8d878ea,aquatic_plant_images\Potamogeton_natans\Potamogeton_natans_iNaturalist_742129822.jpg
iNaturalist,Potamogeton natans,https://inaturalist-open-data.s3.amazonaws.com/photos/742112741/square.jpg,cc-by-nc,True,,,,,50.0860348707,14.326837695,2026-09-25,,404133835,742112741,downloaded,OK,7718,a23a1ce0d05b00b34fd7cf2cd4c4a3ba4c577bdad81f42acfd876085a2b16958,aquatic_plant_images\Potamogeton_natans\Potamogeton_natans_iNaturalist_742112741.jpg
iNaturalist,Potamogeton natans,https://inaturalist-open-data.s3.amazonaws.com/photos/742112896/square.jpg,cc-by-nc,True,,,,,50.0860348707,14.326837695,2026-09-25,,404133835,742112896,downloaded,OK,7194,32ff9582bb58f70a99b13f8926b93bf315160e130a7775f872467111632d47c0,aquatic_plant_images\Potamogeton_natans\Potamogeton_natans_iNaturalist_742112896.jpg
iNaturalist,Potamogeton natans,https://inaturalist-open-data.s3.amazonaws.com/photos/742079413/square.jpg,cc-by,True,,,,,49.2690960332,-123.2359373924,2026-09-16,,404116742,742079413,downloaded,OK,10063,d7d24e59f250212a22d5c55ad1150a3b22b45178f5c1f3968f1ec65493842387,aquatic_plant_images\Potamogeton_natans\Potamogeton_natans_iNaturalist_742079413.jpg
iNaturalist,Potamogeton natans,https://inaturalist-open-data.s3.amazonaws.com/photos/741750857/square.jpg,cc-by-nc,True,,,,,47.1772017997,16.0589647997,2026-09-26,,403952086,741750857,downloaded,OK,5942,be2110b444e12452dd56c4dfaabded61b162f402149852001c2c68bd39362f43,aquatic_plant_images\Potamogeton_natans\Potamogeton_natans_iNaturalist_741750857.jpg
iNaturalist,Potamogeton praelongus,https://inaturalist-open-data.s3.amazonaws.com/photos/742905696/square.jpg,cc-by-nc,True,,,,,59.9659211096,30.3341719903,2026-09-28,,404536512,742905696,downloaded,OK,8660,53aa973f100888fea5ea13736d2bbc5c80dbc5910dcbbdeb77af05b14f20b0cf,aquatic_plant_images\Potamogeton_praelongus\Potamogeton_praelongus_iNaturalist_742905696.jpg
iNaturalist,Potamogeton praelongus,https://inaturalist-open-data.s3.amazonaws.com/photos/742905723/square.jpg,cc-by-nc,True,,,,,59.9659211096,30.3341719903,2026-09-28,,404536512,742905723,downloaded,OK,9616,92b7083384b8728efb58e716e2aa79c01b5b01923f5d3c3a3c7e92ad84d4d921,aquatic_plant_images\Potamogeton_praelongus\Potamogeton_praelongus_iNaturalist_742905723.jpg
iNaturalist,Potamogeton praelongus,https://inaturalist-open-data.s3.amazonaws.com/photos/740046340/square.jpg,cc-by-nc,True,,,,,53.667155,-115.35177,2026-09-24,,403087254,740046340,downloaded,OK,12064,c43826d53cc0e24a1072faab23e714c1289af45d32d0022b6ff17c36a65d1356,aquatic_plant_images\Potamogeton_praelongus\Potamogeton_praelongus_iNaturalist_740046340.jpg
iNaturalist,Potamogeton praelongus,https://inaturalist-open-data.s3.amazonaws.com/photos/740046344/square.jpg,cc-by-nc,True,,,,,53.667155,-115.35177,2026-09-24,,403087254,740046344,downloaded,OK,11672,ff23028b2313f82745a9f22e4181d87ed15a7a1326f04914357cdc6a0d79755a,aquatic_plant_images\Potamogeton_praelongus\Potamogeton_praelongus_iNaturalist_740046344.jpg
iNaturalist,Potamogeton praelongus,https://inaturalist-open-data.s3.amazonaws.com/photos/739133273/square.jpg,cc-by-nc-nd,True,,,,,46.4794555556,-91.5992972222,2026-06-20,,402621940,739133273,downloaded,OK,3128,7f9261cdc9fb6b3b6df12b4779ce5007f23203acd0d1171b1d3b214c9cd86f94,aquatic_plant_images\Potamogeton_praelongus\Potamogeton_praelongus_iNaturalist_739133273.jpg
iNaturalist,Potamogeton praelongus,https://inaturalist-open-data.s3.amazonaws.com/photos/739133290/square.jpg,cc-by-nc-nd,True,,,,,46.4794555556,-91.5992972222,2026-06-20,,402621940,739133290,downloaded,OK,6371,398322b28bb9b24425549a9a41aabe3d5df7e898c39785e434dd6a57c4eb4a64,aquatic_plant_images\Potamogeton_praelongus\Potamogeton_praelongus_iNaturalist_739133290.jpg
iNaturalist,Potamogeton praelongus,https://inaturalist-open-data.s3.amazonaws.com/photos/739133296/square.jpg,cc-by-nc-nd,True,,,,,46.4794555556,-91.5992972222,2026-06-20,,402621940,739133296,downloaded,OK,2648,615319ce54f5b811f8f61da91ae40843da343f6afe35a458c1e8082de2fa8d28,aquatic_plant_images\Potamogeton_praelongus\Potamogeton_praelongus_iNaturalist_739133296.jpg
iNaturalist,Potamogeton praelongus,https://inaturalist-open-data.s3.amazonaws.com/photos/739133361/square.jpg,cc-by-nc-nd,True,,,,,46.4794555556,-91.5992972222,2026-06-20,,402621940,739133361,downloaded,OK,3511,125950db7448004f08801d9104a8504a3222cd64b33f3623de2dd2e0676e77a5,aquatic_plant_images\Potamogeton_praelongus\Potamogeton_praelongus_iNaturalist_739133361.jpg
iNaturalist,Potamogeton praelongus,https://inaturalist-open-data.s3.amazonaws.com/photos/739133635/square.jpg,cc-by-nc-nd,True,,,,,46.4794555556,-91.5992972222,2026-06-20,,402621940,739133635,downloaded,OK,2455,85cbf8222bbac364ae8d50033ecedf1341836d9b7b4727843d49d9f6c3d203dd,aquatic_plant_images\Potamogeton_praelongus\Potamogeton_praelongus_iNaturalist_739133635.jpg
iNaturalist,Potamogeton praelongus,https://inaturalist-open-data.s3.amazonaws.com/photos/739133634/square.jpg,cc-by-nc-nd,True,,,,,46.4794555556,-91.5992972222,2026-06-20,,402621940,739133634,downloaded,OK,2406,253e6dff45f2fc605efe707ea78eca3e06396729a237181266f0311f9f61116a,aquatic_plant_images\Potamogeton_praelongus\Potamogeton_praelongus_iNaturalist_739133634.jpg
iNaturalist,Potamogeton praelongus,https://inaturalist-open-data.s3.amazonaws.com/photos/739133416/square.jpg,cc-by-nc-nd,True,,,,,46.4794555556,-91.5992972222,2026-06-20,,402621940,739133416,downloaded,OK,2317,b1610d05890ba13c628325ad1204ea99bae6d8efc0abb1eec103623cc2d2c3fc,aquatic_plant_images\Potamogeton_praelongus\Potamogeton_praelongus_iNaturalist_739133416.jpg
iNaturalist,Potamogeton praelongus,https://inaturalist-open-data.s3.amazonaws.com/photos/739133689/square.jpg,cc-by-nc-nd,True,,,,,46.4794555556,-91.5992972222,2026-06-20,,402621940,739133689,downloaded,OK,3026,e03c506b8c8b80cb073f293f910a53f0ac4f9eb61229f2fbbfdd42da0123a705,aquatic_plant_images\Potamogeton_praelongus\Potamogeton_praelongus_iNaturalist_739133689.jpg
iNaturalist,Potamogeton praelongus,https://inaturalist-open-data.s3.amazonaws.com/photos/738605706/square.jpg,cc0,True,,,,,52.4147915429,-114.9962957203,2026-09-20,,402345558,738605706,downloaded,OK,7961,f80e3095ddf773e4073675cadb9b3b5e21d54050989b1d038057ca2ce39f4df1,aquatic_plant_images\Potamogeton_praelongus\Potamogeton_praelongus_iNaturalist_738605706.jpg
iNaturalist,Potamogeton praelongus,https://inaturalist-open-data.s3.amazonaws.com/photos/738605744/square.jpg,cc0,True,,,,,52.4147915429,-114.9962957203,2026-09-20,,402345558,738605744,downloaded,OK,8090,42fb986622e4150f4480c1da8fab6206474de0cc909ab6e386a1b2e4a49cb06c,aquatic_plant_images\Potamogeton_praelongus\Potamogeton_praelongus_iNaturalist_738605744.jpg
iNaturalist,Potamogeton praelongus,https://inaturalist-open-data.s3.amazonaws.com/photos/738605787/square.jpg,cc0,True,,,,,52.4147915429,-114.9962957203,2026-09-20,,402345558,738605787,downloaded,OK,7719,c0aeb0fc4eb1157dfa6f517815c94f361157ab92f49f900626e2b68181424bb7,aquatic_plant_images\Potamogeton_praelongus\Potamogeton_praelongus_iNaturalist_738605787.jpg
iNaturalist,Potamogeton praelongus,https://inaturalist-open-data.s3.amazonaws.com/photos/738093300/square.jpg,cc-by,True,,,,,51.63087,-119.7824783333,2026-09-20,,402085150,738093300,downloaded,OK,12068,9bc0566a42b9ca482574650354f63ae23fcb03d7f152709c2cd109b5304c693e,aquatic_plant_images\Potamogeton_praelongus\Potamogeton_praelongus_iNaturalist_738093300.jpg
iNaturalist,Potamogeton praelongus,https://inaturalist-open-data.s3.amazonaws.com/photos/738093301/square.jpg,cc-by,True,,,,,51.63087,-119.7824783333,2026-09-20,,402085150,738093301,downloaded,OK,13552,898bf45904e65491d1f60511db22845cf9b248e66160d0afae1a33c6db564c89,aquatic_plant_images\Potamogeton_praelongus\Potamogeton_praelongus_iNaturalist_738093301.jpg
iNaturalist,Potamogeton praelongus,https://inaturalist-open-data.s3.amazonaws.com/photos/738093299/square.jpg,cc-by,True,,,,,51.63087,-119.7824783333,2026-09-20,,402085150,738093299,downloaded,OK,10672,51d1c02804d13758958479345a95a7fdef0136d5db991285e0d601c5c12b62e0,aquatic_plant_images\Potamogeton_praelongus\Potamogeton_praelongus_iNaturalist_738093299.jpg
iNaturalist,Potamogeton praelongus,https://inaturalist-open-data.s3.amazonaws.com/photos/738018999/square.jpg,cc0,True,,,,,54.2927883333,-115.6464783333,2026-09-20,,402049300,738018999,downloaded,OK,9624,0bf6bfea25fd77abd6ccc1a57657efccedf3a52eb569977a9b1a053d0fcb2294,aquatic_plant_images\Potamogeton_praelongus\Potamogeton_praelongus_iNaturalist_738018999.jpg
iNaturalist,Potamogeton praelongus,https://inaturalist-open-data.s3.amazonaws.com/photos/738019000/square.jpg,cc0,True,,,,,54.2927883333,-115.6464783333,2026-09-20,,402049300,738019000,downloaded,OK,9347,a24c2e5ce955b0516c13699b19d0687cfc684583ae764a12a0515c94948efb56,aquatic_plant_images\Potamogeton_praelongus\Potamogeton_praelongus_iNaturalist_738019000.jpg
iNaturalist,Potamogeton praelongus,https://inaturalist-open-data.s3.amazonaws.com/photos/738018992/square.jpg,cc0,True,,,,,54.2927883333,-115.6464783333,2026-09-20,,402049300,738018992,downloaded,OK,9173,aa5ca80ca4f7d84422dac41360658c4e9335456348e5337776cceac5055f6b61,aquatic_plant_images\Potamogeton_praelongus\Potamogeton_praelongus_iNaturalist_738018992.jpg
iNaturalist,Potamogeton praelongus,https://static.inaturalist.org/photos/734901657/square.jpg,,False,,,,,44.4948419319,-73.2242052633,2026-09-14,,400472629,734901657,downloaded,OK,7141,fd314d1fca64e0905d939d7fd0d53c83034d7cf20d835c8654f5227fc8953f75,aquatic_plant_images\Potamogeton_praelongus\Potamogeton_praelongus_iNaturalist_734901657.jpg
iNaturalist,Potamogeton praelongus,https://static.inaturalist.org/photos/734901697/square.jpg,,False,,,,,44.4948419319,-73.2242052633,2026-09-14,,400472629,734901697,downloaded,OK,7219,04b9db9f481a777a61b97aa98d4b99eeb2cd75bc679092fb578b6a9e3cefa7a0,aquatic_plant_images\Potamogeton_praelongus\Potamogeton_praelongus_iNaturalist_734901697.jpg
iNaturalist,Potamogeton praelongus,https://inaturalist-open-data.s3.amazonaws.com/photos/734881011/square.jpg,cc-by-nc,True,,,,,42.6525152113,-74.0430978826,2026-09-15,,400462152,734881011,downloaded,OK,11743,984e4fd96cf03e03b3e4982efb8883585058fef331fa5467adfd4597e51800ef,aquatic_plant_images\Potamogeton_praelongus\Potamogeton_praelongus_iNaturalist_734881011.jpg
iNaturalist,Potamogeton praelongus,https://inaturalist-open-data.s3.amazonaws.com/photos/730524393/square.jpg,cc-by,True,,,,,57.2018283333,-5.9323866667,2026-09-07,,398244669,730524393,downloaded,OK,4449,b81e52293fd80cf4deea972d31fc8ddf0ec9ddd85ade672f24d100b1e2761ca8,aquatic_plant_images\Potamogeton_praelongus\Potamogeton_praelongus_iNaturalist_730524393.jpg
iNaturalist,Potamogeton praelongus,https://inaturalist-open-data.s3.amazonaws.com/photos/730043554/square.jpg,cc-by-nc,True,,,,,56.4508482,-111.0595667997,2026-09-06,,397995674,730043554,downloaded,OK,7393,812f05c2aaae02d06dbf16e6c097261d411e59cb8be35199625b3fac79ae8d15,aquatic_plant_images\Potamogeton_praelongus\Potamogeton_praelongus_iNaturalist_730043554.jpg
iNaturalist,Potamogeton praelongus,https://inaturalist-open-data.s3.amazonaws.com/photos/730043691/square.jpg,cc-by-nc,True,,,,,56.4508482,-111.0595667997,2026-09-06,,397995674,730043691,downloaded,OK,7020,634b7c4dc6209ac63336196c18f9fe8cfc1bbceff831f8a6edc6a7ff198dbb1f,aquatic_plant_images\Potamogeton_praelongus\Potamogeton_praelongus_iNaturalist_730043691.jpg
iNaturalist,Potamogeton praelongus,https://inaturalist-open-data.s3.amazonaws.com/photos/730043753/square.jpg,cc-by-nc,True,,,,,56.4508482,-111.0595667997,2026-09-06,,397995674,730043753,downloaded,OK,8438,d291cb7e41fa2a2be29ddae0e3a78d43a7f6ed9d36adfa6bc1480b2cb8d1cc10,aquatic_plant_images\Potamogeton_praelongus\Potamogeton_praelongus_iNaturalist_730043753.jpg
iNaturalist,Potamogeton praelongus,https://static.inaturalist.org/photos/729966531/square.jpg,,False,,,,,44.2212133333,-79.1386111667,2026-09-06,,397958978,729966531,downloaded,OK,5163,0606a096a771caef7c4c598b97f7d20083c4579cd54d2abedfa34a1c8ce08592,aquatic_plant_images\Potamogeton_praelongus\Potamogeton_praelongus_iNaturalist_729966531.jpg
iNaturalist,Potamogeton praelongus,https://static.inaturalist.org/photos/729966192/square.jpg,,False,,,,,44.2212133333,-79.1386111667,2026-09-06,,397958762,729966192,downloaded,OK,4732,0606370b51a7138ed5f9b3ec4bbe48007a97c71a1282247efb679d885d0728e9,aquatic_plant_images\Potamogeton_praelongus\Potamogeton_praelongus_iNaturalist_729966192.jpg
iNaturalist,Potamogeton praelongus,https://static.inaturalist.org/photos/729966260/square.jpg,,False,,,,,44.2212133333,-79.1386111667,2026-09-06,,397958762,729966260,downloaded,OK,4446,ac9eda9fe6dbda72bba66909f5503d04f4da4e34a15532b135c01b4506d6a3f3,aquatic_plant_images\Potamogeton_praelongus\Potamogeton_praelongus_iNaturalist_729966260.jpg
iNaturalist,Potamogeton praelongus,https://static.inaturalist.org/photos/729966231/square.jpg,,False,,,,,44.2212133333,-79.1386111667,2026-09-06,,397958762,729966231,downloaded,OK,4938,196dd55d846763c6c1028b8c2c7635822046bf090f8dcc42ad092c7f62f3d6c0,aquatic_plant_images\Potamogeton_praelongus\Potamogeton_praelongus_iNaturalist_729966231.jpg
iNaturalist,Potamogeton praelongus,https://static.inaturalist.org/photos/729966300/square.jpg,,False,,,,,44.2212133333,-79.1386111667,2026-09-06,,397958762,729966300,downloaded,OK,4186,a12d4c8148883946c113cc95c4d88be92080538b959ea5df615bb21a1ba0a088,aquatic_plant_images\Potamogeton_praelongus\Potamogeton_praelongus_iNaturalist_729966300.jpg
iNaturalist,Potamogeton praelongus,https://static.inaturalist.org/photos/728697569/square.jpg,,False,,,,,41.8912987,-111.6422465997,2026-08-26,,397309102,728697569,downloaded,OK,7821,2f1a50e96a0838a2a600dc38c70056532dde256bebd35b02ba28ae28f39bb81a,aquatic_plant_images\Potamogeton_praelongus\Potamogeton_praelongus_iNaturalist_728697569.jpg
iNaturalist,Potamogeton praelongus,https://static.inaturalist.org/photos/728697601/square.jpg,,False,,,,,41.8912987,-111.6422465997,2026-08-26,,397309102,728697601,downloaded,OK,7771,6bd2548044676ab919cbd2b3f8ce25495b6f58bae92e76c96c9e056bfe1b2b49,aquatic_plant_images\Potamogeton_praelongus\Potamogeton_praelongus_iNaturalist_728697601.jpg
iNaturalist,Potamogeton praelongus,https://static.inaturalist.org/photos/728697631/square.jpg,,False,,,,,41.8912987,-111.6422465997,2026-08-26,,397309102,728697631,downloaded,OK,6803,c77bcf71a3cade1bf5b80e27eb6f0fe5f2fc2c81ab75eeba48c921f1f2075797,aquatic_plant_images\Potamogeton_praelongus\Potamogeton_praelongus_iNaturalist_728697631.jpg
iNaturalist,Potamogeton praelongus,https://inaturalist-open-data.s3.amazonaws.com/photos/726488335/square.jpg,cc-by-nc,True,,,,,63.897195,-145.8438416667,2026-08-29,,396162041,726488335,downloaded,OK,11172,946614ae5acdb77bd8cf39e9c6f83b4f8ae00bf2bb39a2efab287fb51c73ecd4,aquatic_plant_images\Potamogeton_praelongus\Potamogeton_praelongus_iNaturalist_726488335.jpg
iNaturalist,Potamogeton praelongus,https://inaturalist-open-data.s3.amazonaws.com/photos/725563444/square.jpg,cc-by,True,,,,,53.2685916667,-114.5384916667,2026-08-26,,395694576,725563444,downloaded,OK,5047,6a85af7a8b5f8e7cdf216074f2985f5b301ad7b0d0b4571bb29b99746599bcfa,aquatic_plant_images\Potamogeton_praelongus\Potamogeton_praelongus_iNaturalist_725563444.jpg
iNaturalist,Potamogeton praelongus,https://inaturalist-open-data.s3.amazonaws.com/photos/725563445/square.jpg,cc-by,True,,,,,53.2685916667,-114.5384916667,2026-08-26,,395694576,725563445,downloaded,OK,4922,798477a70236ab65ca89f93ac4f3d0f060873a4c174ee71c8e97ae757a14a825,aquatic_plant_images\Potamogeton_praelongus\Potamogeton_praelongus_iNaturalist_725563445.jpg
iNaturalist,Potamogeton praelongus,https://inaturalist-open-data.s3.amazonaws.com/photos/725563477/square.jpg,cc-by,True,,,,,53.2685916667,-114.5384916667,2026-08-26,,395694576,725563477,downloaded,OK,5044,3503564ac705dbb2edded8d770abe2477bef4fbe81db97f8c3ef0fbd2008ca68,aquatic_plant_images\Potamogeton_praelongus\Potamogeton_praelongus_iNaturalist_725563477.jpg
iNaturalist,Potamogeton praelongus,https://inaturalist-open-data.s3.amazonaws.com/photos/725563479/square.jpg,cc-by,True,,,,,53.2685916667,-114.5384916667,2026-08-26,,395694576,725563479,downloaded,OK,4495,94840c7440ef6c160f8e01b2721c6eacdaa733d3998cfb5c78e68dbaa50c0f7c,aquatic_plant_images\Potamogeton_praelongus\Potamogeton_praelongus_iNaturalist_725563479.jpg
iNaturalist,Potamogeton praelongus,https://inaturalist-open-data.s3.amazonaws.com/photos/725172927/square.jpg,cc-by-nc,True,,,,,53.2685283333,-114.5384833333,2026-08-26,,395485976,725172927,downloaded,OK,5402,850f1f90bdad304eea3c6226b8d8ff0cea54018acbf34adbd2a740419d536017,aquatic_plant_images\Potamogeton_praelongus\Potamogeton_praelongus_iNaturalist_725172927.jpg
iNaturalist,Potamogeton praelongus,https://inaturalist-open-data.s3.amazonaws.com/photos/725172991/square.jpg,cc-by-nc,True,,,,,53.2685283333,-114.5384833333,2026-08-26,,395485976,725172991,downloaded,OK,5536,193a57f2c1addc6ebfd2529880cc593d21532cc3be3d998840d93bdf2a1ebe36,aquatic_plant_images\Potamogeton_praelongus\Potamogeton_praelongus_iNaturalist_725172991.jpg
iNaturalist,Potamogeton praelongus,https://inaturalist-open-data.s3.amazonaws.com/photos/723929205/square.jpg,cc0,True,,,,,52.79747,-114.7604616667,2026-08-25,,394853763,723929205,downloaded,OK,12656,9d0e2c0146a0b5373a8da6150e9098a4c7e9e1da848aa0430e631b26212f037c,aquatic_plant_images\Potamogeton_praelongus\Potamogeton_praelongus_iNaturalist_723929205.jpg
iNaturalist,Potamogeton praelongus,https://inaturalist-open-data.s3.amazonaws.com/photos/723929200/square.jpg,cc0,True,,,,,52.79747,-114.7604616667,2026-08-25,,394853763,723929200,downloaded,OK,12820,2fdaf71e7e062bca06e79c23d784b0551d2386fb25f8b2b17493dc38a2a87011,aquatic_plant_images\Potamogeton_praelongus\Potamogeton_praelongus_iNaturalist_723929200.jpg
iNaturalist,Potamogeton praelongus,https://inaturalist-open-data.s3.amazonaws.com/photos/723929204/square.jpg,cc0,True,,,,,52.79747,-114.7604616667,2026-08-25,,394853763,723929204,downloaded,OK,12877,cc8f811b768b47b0bf107454fa9aa058ed93bd4ef338a3264b6b4a02c6eef403,aquatic_plant_images\Potamogeton_praelongus\Potamogeton_praelongus_iNaturalist_723929204.jpg
iNaturalist,Potamogeton praelongus,https://inaturalist-open-data.s3.amazonaws.com/photos/723929201/square.jpg,cc0,True,,,,,52.79747,-114.7604616667,2026-08-25,,394853763,723929201,downloaded,OK,11570,6579de73096b80ef8eae1f1ef93a989cb99c3fde3ca0aef870aff7f3bf960189,aquatic_plant_images\Potamogeton_praelongus\Potamogeton_praelongus_iNaturalist_723929201.jpg
iNaturalist,Potamogeton praelongus,https://inaturalist-open-data.s3.amazonaws.com/photos/723888905/square.jpg,cc-by-nc,True,,,,,45.20593006,-92.872026154,2026-08-26,,394834327,723888905,downloaded,OK,6004,511c15c2b6dee167f6069d0ec27a15250380079991aeb84802463211705d042f,aquatic_plant_images\Potamogeton_praelongus\Potamogeton_praelongus_iNaturalist_723888905.jpg
iNaturalist,Potamogeton praelongus,https://inaturalist-open-data.s3.amazonaws.com/photos/723888855/square.jpg,cc-by-nc,True,,,,,45.20593006,-92.872026154,2026-08-26,,394834327,723888855,downloaded,OK,6281,0544b32fd11434b7471b061983b892c86168e9a9236ef633ce876d88da67652e,aquatic_plant_images\Potamogeton_praelongus\Potamogeton_praelongus_iNaturalist_723888855.jpg
iNaturalist,Potamogeton praelongus,https://inaturalist-open-data.s3.amazonaws.com/photos/723888822/square.jpg,cc-by-nc,True,,,,,45.20593006,-92.872026154,2026-08-26,,394834327,723888822,downloaded,OK,5837,1593dbc3ddc0d1bf490df6f0f87ae4f99c12a304797f509e28ba6df228823147,aquatic_plant_images\Potamogeton_praelongus\Potamogeton_praelongus_iNaturalist_723888822.jpg
iNaturalist,Potamogeton praelongus,https://inaturalist-open-data.s3.amazonaws.com/photos/720321562/square.jpg,cc-by-nc,True,,,,,52.380349,-114.1719394997,2026-08-20,,393016596,720321562,downloaded,OK,7215,add2145c14ee7c4cd9952807c095359d86a2ad2f173d4aa2bf20052e20bd9fb6,aquatic_plant_images\Potamogeton_praelongus\Potamogeton_praelongus_iNaturalist_720321562.jpg
iNaturalist,Potamogeton praelongus,https://inaturalist-open-data.s3.amazonaws.com/photos/720321609/square.jpg,cc-by-nc,True,,,,,52.380349,-114.1719394997,2026-08-20,,393016596,720321609,downloaded,OK,6206,db89f489816035cc40658e5879361efb6e19f0b4b68151904a8e6b8a7a77b485,aquatic_plant_images\Potamogeton_praelongus\Potamogeton_praelongus_iNaturalist_720321609.jpg
iNaturalist,Potamogeton praelongus,https://inaturalist-open-data.s3.amazonaws.com/photos/720321658/square.jpg,cc-by-nc,True,,,,,52.380349,-114.1719394997,2026-08-20,,393016596,720321658,downloaded,OK,5240,59ad319cc3a186590b5623f7de2c44bf486289d6c437eaf23be5ce679cbc70a8,aquatic_plant_images\Potamogeton_praelongus\Potamogeton_praelongus_iNaturalist_720321658.jpg
iNaturalist,Potamogeton praelongus,https://inaturalist-open-data.s3.amazonaws.com/photos/720321703/square.jpg,cc-by-nc,True,,,,,52.380349,-114.1719394997,2026-08-20,,393016596,720321703,downloaded,OK,6403,eb6c17e097d1f4c9aebb2182f42d3abe87117c379ca955122d6d3f14b22d7f22,aquatic_plant_images\Potamogeton_praelongus\Potamogeton_praelongus_iNaturalist_720321703.jpg
iNaturalist,Potamogeton praelongus,https://inaturalist-open-data.s3.amazonaws.com/photos/720321765/square.jpg,cc-by-nc,True,,,,,52.380349,-114.1719394997,2026-08-20,,393016596,720321765,downloaded,OK,6855,65f2a716e0dcae8bbd642606716165f69929a9184af9190eceff74fc463eea82,aquatic_plant_images\Potamogeton_praelongus\Potamogeton_praelongus_iNaturalist_720321765.jpg
iNaturalist,Potamogeton praelongus,https://inaturalist-open-data.s3.amazonaws.com/photos/720321812/square.jpg,cc-by-nc,True,,,,,52.380349,-114.1719394997,2026-08-20,,393016596,720321812,downloaded,OK,7281,4235d59cfafb29e01ead161261fbf21b6f9788e085d470ff7ab4b5f22d417713,aquatic_plant_images\Potamogeton_praelongus\Potamogeton_praelongus_iNaturalist_720321812.jpg
iNaturalist,Potamogeton praelongus,https://inaturalist-open-data.s3.amazonaws.com/photos/720321856/square.jpg,cc-by-nc,True,,,,,52.380349,-114.1719394997,2026-08-20,,393016596,720321856,downloaded,OK,6789,28e0065a4ae4215bdccc06d5e98ad90cb98541e045a6e58e82e462b7ca6480cb,aquatic_plant_images\Potamogeton_praelongus\Potamogeton_praelongus_iNaturalist_720321856.jpg
iNaturalist,Potamogeton praelongus,https://inaturalist-open-data.s3.amazonaws.com/photos/720279998/square.jpg,cc-by-nc,True,,,,,48.1702305556,-90.9723305556,2026-08-15,,392996001,720279998,downloaded,OK,7174,8777f2c855d77dcb803055521b97b6aeecbf09bbda8e45e4b914af19b0778ab0,aquatic_plant_images\Potamogeton_praelongus\Potamogeton_praelongus_iNaturalist_720279998.jpg
iNaturalist,Potamogeton praelongus,https://inaturalist-open-data.s3.amazonaws.com/photos/720280045/square.jpg,cc-by-nc,True,,,,,48.1702305556,-90.9723305556,2026-08-15,,392996001,720280045,downloaded,OK,7258,042b058d462eb26c99f1f6aa36f5026501298178d8cd5d53186c956d1a996989,aquatic_plant_images\Potamogeton_praelongus\Potamogeton_praelongus_iNaturalist_720280045.jpg
iNaturalist,Potamogeton praelongus,https://inaturalist-open-data.s3.amazonaws.com/photos/720280072/square.jpg,cc-by-nc,True,,,,,48.1702305556,-90.9723305556,2026-08-15,,392996001,720280072,downloaded,OK,7237,6a3db1aeff1adfbe751d54319d7bb0cbdf3b6b18d77052623ea350b73a543134,aquatic_plant_images\Potamogeton_praelongus\Potamogeton_praelongus_iNaturalist_720280072.jpg
iNaturalist,Potamogeton praelongus,https://inaturalist-open-data.s3.amazonaws.com/photos/718256733/square.jpg,cc-by-nc,True,,,,,47.42735,-87.7408305556,2026-08-15,,391960649,718256733,downloaded,OK,7503,78c12e76acf24627beb83f5414aa4e6d5fbdc697b70f1d840ca7690cc9521666,aquatic_plant_images\Potamogeton_praelongus\Potamogeton_praelongus_iNaturalist_718256733.jpg
iNaturalist,Potamogeton praelongus,https://inaturalist-open-data.s3.amazonaws.com/photos/718256758/square.jpg,cc-by-nc,True,,,,,47.42735,-87.7408305556,2026-08-15,,391960649,718256758,downloaded,OK,7528,87f2de160b43ac88b7d319d96b79138a2afe43afbf3dc30f8cb14f95e27b8891,aquatic_plant_images\Potamogeton_praelongus\Potamogeton_praelongus_iNaturalist_718256758.jpg
iNaturalist,Potamogeton praelongus,https://static.inaturalist.org/photos/716187964/square.jpg,,False,,,,,45.4143333333,-65.9716111111,2026-08-13,,390912394,716187964,downloaded,OK,4872,982ded34033e4e153d559eb440ed63b7ef4b3dde64c5de7fb8dd22d31a07d2bd,aquatic_plant_images\Potamogeton_praelongus\Potamogeton_praelongus_iNaturalist_716187964.jpg
iNaturalist,Potamogeton praelongus,https://static.inaturalist.org/photos/716187913/square.jpg,,False,,,,,45.4143333333,-65.9716111111,2026-08-13,,390912394,716187913,downloaded,OK,4841,5cc4e33776f70dd5d3092fd3f12a43b1b99443470fa69fcae7e5500c881c88ef,aquatic_plant_images\Potamogeton_praelongus\Potamogeton_praelongus_iNaturalist_716187913.jpg
iNaturalist,Potamogeton praelongus,https://inaturalist-open-data.s3.amazonaws.com/photos/715050797/square.jpg,cc-by-nc,True,,,,,53.1883378025,34.4016000392,2026-08-11,,390319612,715050797,downloaded,OK,5159,c0d5638430878f689a6dc7fd881238c217a87d60e57b1f142bae02c1e5a94e03,aquatic_plant_images\Potamogeton_praelongus\Potamogeton_praelongus_iNaturalist_715050797.jpg
iNaturalist,Potamogeton praelongus,https://inaturalist-open-data.s3.amazonaws.com/photos/715050838/square.jpg,cc-by-nc,True,,,,,53.1883378025,34.4016000392,2026-08-11,,390319612,715050838,downloaded,OK,4402,18fbcd0fdbf0fb4664d392dce8519fbf7b91779d2156b7137a3881ae7b5c2b87,aquatic_plant_images\Potamogeton_praelongus\Potamogeton_praelongus_iNaturalist_715050838.jpg
iNaturalist,Potamogeton praelongus,https://inaturalist-open-data.s3.amazonaws.com/photos/715050712/square.jpg,cc-by-nc,True,,,,,53.1882863739,34.4018640936,2026-08-11,,390319611,715050712,downloaded,OK,4916,38011f6a86d9e355e23a39176aa8738cf0a94fe85ce5593ee37bcdb2222b7ca8,aquatic_plant_images\Potamogeton_praelongus\Potamogeton_praelongus_iNaturalist_715050712.jpg
iNaturalist,Potamogeton praelongus,https://inaturalist-open-data.s3.amazonaws.com/photos/715050708/square.jpg,cc-by-nc,True,,,,,53.1882863739,34.4018640936,2026-08-11,,390319611,715050708,downloaded,OK,4508,593792c0d8eefde7aab856cb3a82dd4fb59da35ef9b2d517836ab1b8aad8a209,aquatic_plant_images\Potamogeton_praelongus\Potamogeton_praelongus_iNaturalist_715050708.jpg
iNaturalist,Potamogeton praelongus,https://inaturalist-open-data.s3.amazonaws.com/photos/715050737/square.jpg,cc-by-nc,True,,,,,53.1882863739,34.4018640936,2026-08-11,,390319611,715050737,downloaded,OK,4501,5938fe7492cba96f61963987245c3243e8661125f4dc96cbdb232eb7653cea0a,aquatic_plant_images\Potamogeton_praelongus\Potamogeton_praelongus_iNaturalist_715050737.jpg
iNaturalist,Potamogeton praelongus,https://inaturalist-open-data.s3.amazonaws.com/photos/715050271/square.jpg,cc-by-nc,True,,,,,53.188280604,34.4014589,2026-08-11,,390319603,715050271,downloaded,OK,4560,1d2751648f9982ae36ab80c27a7c7e9adafdfe48040d7d3140d017fa560417e9,aquatic_plant_images\Potamogeton_praelongus\Potamogeton_praelongus_iNaturalist_715050271.jpg
iNaturalist,Potamogeton praelongus,https://inaturalist-open-data.s3.amazonaws.com/photos/715050297/square.jpg,cc-by-nc,True,,,,,53.188280604,34.4014589,2026-08-11,,390319603,715050297,downloaded,OK,4311,2445a2148869848c0f2d63104da1e4cf4c18b66feecf3ceb125899b69eb14e01,aquatic_plant_images\Potamogeton_praelongus\Potamogeton_praelongus_iNaturalist_715050297.jpg
iNaturalist,Potamogeton richardsonii,https://inaturalist-open-data.s3.amazonaws.com/photos/743204131/square.jpg,cc-by-nc,True,,,,,44.0023055556,-77.738775,2026-09-29,,404680041,743204131,downloaded,OK,7338,c3b64431c1ccedc6b704786576f4dc4b47664626c4cc8c21726ca8924c11a7d3,aquatic_plant_images\Potamogeton_richardsonii\Potamogeton_richardsonii_iNaturalist_743204131.jpg
iNaturalist,Potamogeton richardsonii,https://inaturalist-open-data.s3.amazonaws.com/photos/743204268/square.jpg,cc-by-nc,True,,,,,44.0023055556,-77.738775,2026-09-29,,404680041,743204268,downloaded,OK,7682,ca4bc43d3abf1c0f044c5b9e18f51fbbd607f14ab8333aaf779576b93190b1d4,aquatic_plant_images\Potamogeton_richardsonii\Potamogeton_richardsonii_iNaturalist_743204268.jpg
iNaturalist,Potamogeton richardsonii,https://inaturalist-open-data.s3.amazonaws.com/photos/743204327/square.jpg,cc-by-nc,True,,,,,44.0023055556,-77.738775,2026-09-29,,404680041,743204327,downloaded,OK,7841,af6d2bfc3e1eabc5fa361f8286b6737f694caacd833a0bdaa06adddf43b96b9d,aquatic_plant_images\Potamogeton_richardsonii\Potamogeton_richardsonii_iNaturalist_743204327.jpg
iNaturalist,Potamogeton richardsonii,https://static.inaturalist.org/photos/743126216/square.jpg,,False,,,,,44.5928033333,-76.9694966667,2026-09-29,,404640509,743126216,downloaded,OK,5285,abc1e6e74505e2e4ec217e280c4f3f9a049d6b167296671293b3b2b2aef6b293,aquatic_plant_images\Potamogeton_richardsonii\Potamogeton_richardsonii_iNaturalist_743126216.jpg
iNaturalist,Potamogeton richardsonii,https://static.inaturalist.org/photos/743126236/square.jpg,,False,,,,,44.5928033333,-76.9694966667,2026-09-29,,404640509,743126236,downloaded,OK,5350,c66e8c3df04cc4566dc36141106a5c384a3b82a2511413e8a716827b96ff7e8a,aquatic_plant_images\Potamogeton_richardsonii\Potamogeton_richardsonii_iNaturalist_743126236.jpg
iNaturalist,Potamogeton richardsonii,https://inaturalist-open-data.s3.amazonaws.com/photos/742007547/square.jpg,cc-by-nc,True,,,,,53.6260548997,-113.9605504,2026-09-27,,404080864,742007547,downloaded,OK,3717,4e817a6886be5c1228888a2f1b0380ff97396390c9df1fa04183fd20d05a21a2,aquatic_plant_images\Potamogeton_richardsonii\Potamogeton_richardsonii_iNaturalist_742007547.jpg
iNaturalist,Potamogeton richardsonii,https://inaturalist-open-data.s3.amazonaws.com/photos/742007536/square.jpg,cc-by-nc,True,,,,,53.6260548997,-113.9605504,2026-09-27,,404080864,742007536,downloaded,OK,2441,f3723d0ab54e857e8b2a0a99cbad8a97d82e296032364377c7014edc0137fdf1,aquatic_plant_images\Potamogeton_richardsonii\Potamogeton_richardsonii_iNaturalist_742007536.jpg
iNaturalist,Potamogeton richardsonii,https://inaturalist-open-data.s3.amazonaws.com/photos/741780344/square.jpg,cc-by-nc,True,,,,,53.4608533333,-115.0323416667,2026-09-27,,403966724,741780344,downloaded,OK,11507,73c086986f6b8979c8e230341cff55f0694be980ecb3218a4aeb1a1f6d46af08,aquatic_plant_images\Potamogeton_richardsonii\Potamogeton_richardsonii_iNaturalist_741780344.jpg
iNaturalist,Potamogeton richardsonii,https://inaturalist-open-data.s3.amazonaws.com/photos/741576827/square.jpg,cc-by-nc,True,,,,,43.2543380093,-77.6089278357,2026-09-27,,403862084,741576827,downloaded,OK,10901,c89574e1df96027fdd43bb0e33f294a4bb170def56706d8963e92dd2680453e3,aquatic_plant_images\Potamogeton_richardsonii\Potamogeton_richardsonii_iNaturalist_741576827.jpg
iNaturalist,Potamogeton richardsonii,https://inaturalist-open-data.s3.amazonaws.com/photos/741576820/square.jpg,cc-by-nc,True,,,,,43.2543380093,-77.6089278357,2026-09-27,,403862084,741576820,downloaded,OK,8847,4ce0e6b3cbfae6544a8fe4acf7b583288f89414608d5855c983e1289430db299,aquatic_plant_images\Potamogeton_richardsonii\Potamogeton_richardsonii_iNaturalist_741576820.jpg
iNaturalist,Potamogeton richardsonii,https://inaturalist-open-data.s3.amazonaws.com/photos/741576824/square.jpg,cc-by-nc,True,,,,,43.2543380093,-77.6089278357,2026-09-27,,403862084,741576824,downloaded,OK,9418,362dea6d1eed959c49ad9b77b7e8244bebf7d3cf924776381b2d019043cf8c2d,aquatic_plant_images\Potamogeton_richardsonii\Potamogeton_richardsonii_iNaturalist_741576824.jpg
iNaturalist,Potamogeton richardsonii,https://inaturalist-open-data.s3.amazonaws.com/photos/741576818/square.jpg,cc-by-nc,True,,,,,43.2543380093,-77.6089278357,2026-09-27,,403862084,741576818,downloaded,OK,8819,3346329d5aeaf118877959f2457e35fc0c4df2e1f6080c987c84f39c6a1325c5,aquatic_plant_images\Potamogeton_richardsonii\Potamogeton_richardsonii_iNaturalist_741576818.jpg
iNaturalist,Potamogeton richardsonii,https://inaturalist-open-data.s3.amazonaws.com/photos/740864530/square.jpg,cc-by-nc,True,,,,,44.0766765432,-72.0498359099,2026-09-25,,403505347,740864530,downloaded,OK,5177,64ad01f91b8bfb48d6f23656974f7ecfef12ad21808c6426c1dd723fefe0c749,aquatic_plant_images\Potamogeton_richardsonii\Potamogeton_richardsonii_iNaturalist_740864530.jpg
iNaturalist,Potamogeton richardsonii,https://inaturalist-open-data.s3.amazonaws.com/photos/740872872/square.jpg,cc-by-nc,True,,,,,44.0766765432,-72.0498359099,2026-09-25,,403505347,740872872,downloaded,OK,5117,30b8f345e90b207d0c362d95e968531a3a14df3bebf6fd8e18b415a244ee9675,aquatic_plant_images\Potamogeton_richardsonii\Potamogeton_richardsonii_iNaturalist_740872872.jpg
iNaturalist,Potamogeton richardsonii,https://inaturalist-open-data.s3.amazonaws.com/photos/740872876/square.jpg,cc-by-nc,True,,,,,44.0766765432,-72.0498359099,2026-09-25,,403505347,740872876,downloaded,OK,4919,6504694f02e2f4c33d03f642697f37e72f7acfc9b3a937bab0cb89e076fa0281,aquatic_plant_images\Potamogeton_richardsonii\Potamogeton_richardsonii_iNaturalist_740872876.jpg
iNaturalist,Potamogeton richardsonii,https://inaturalist-open-data.s3.amazonaws.com/photos/740872878/square.jpg,cc-by-nc,True,,,,,44.0766765432,-72.0498359099,2026-09-25,,403505347,740872878,downloaded,OK,5783,22af4aac6373e5cda550f45ac1e1cc83b196fd48767682e238aac90827c9300c,aquatic_plant_images\Potamogeton_richardsonii\Potamogeton_richardsonii_iNaturalist_740872878.jpg
iNaturalist,Potamogeton richardsonii,https://inaturalist-open-data.s3.amazonaws.com/photos/740689391/square.jpg,cc-by-nc,True,,,,,44.33263,-78.72798,2026-09-23,,403412897,740689391,downloaded,OK,12415,c6e41006700d5be2dfbb113ac9eaecb7239e5b4fc9b895985a52ec22ef5f48ea,aquatic_plant_images\Potamogeton_richardsonii\Potamogeton_richardsonii_iNaturalist_740689391.jpg
iNaturalist,Potamogeton richardsonii,https://inaturalist-open-data.s3.amazonaws.com/photos/740628560/square.jpg,cc-by,True,,,,,55.4260864,-114.8267775997,2026-09-25,,403383266,740628560,downloaded,OK,7718,109f2cceb7f3292777cc432d4d787a47d79e03dd96d396715bc2d31af75e6f31,aquatic_plant_images\Potamogeton_richardsonii\Potamogeton_richardsonii_iNaturalist_740628560.jpg
iNaturalist,Potamogeton richardsonii,https://inaturalist-open-data.s3.amazonaws.com/photos/740628829/square.jpg,cc-by,True,,,,,55.4260864,-114.8267775997,2026-09-25,,403383266,740628829,downloaded,OK,7677,967d889cff0f1db71086444db671582bc8a12e567556fb52518a5759e1035392,aquatic_plant_images\Potamogeton_richardsonii\Potamogeton_richardsonii_iNaturalist_740628829.jpg
iNaturalist,Potamogeton richardsonii,https://inaturalist-open-data.s3.amazonaws.com/photos/740628873/square.jpg,cc-by,True,,,,,55.4260864,-114.8267775997,2026-09-25,,403383266,740628873,downloaded,OK,7500,67ea46fcf4ba1092b355a2f5cf46879ffd19a8ea6d4e6b9b7c7854af7f90e2c5,aquatic_plant_images\Potamogeton_richardsonii\Potamogeton_richardsonii_iNaturalist_740628873.jpg
iNaturalist,Potamogeton richardsonii,https://inaturalist-open-data.s3.amazonaws.com/photos/740628913/square.jpg,cc-by,True,,,,,55.4260864,-114.8267775997,2026-09-25,,403383266,740628913,downloaded,OK,6323,359ca31abfb017c77be1353f95ed7859177802836f2b0ef5b80bbda48710c6bc,aquatic_plant_images\Potamogeton_richardsonii\Potamogeton_richardsonii_iNaturalist_740628913.jpg
iNaturalist,Potamogeton richardsonii,https://inaturalist-open-data.s3.amazonaws.com/photos/740155536/square.jpg,cc-by-nc,True,,,,,44.2048133333,-79.51535,2026-09-24,,403142700,740155536,downloaded,OK,10033,e751a2202e097fb56bd45a6d3404a28fc9697432b4e47c332da77bc4932a34db,aquatic_plant_images\Potamogeton_richardsonii\Potamogeton_richardsonii_iNaturalist_740155536.jpg
iNaturalist,Potamogeton richardsonii,https://inaturalist-open-data.s3.amazonaws.com/photos/740155507/square.jpg,cc-by-nc,True,,,,,44.2048133333,-79.51535,2026-09-24,,403142700,740155507,downloaded,OK,10186,dd3c6ac6b9824a4366d4f3961de9ec465485c14d2a61ed9a9d84f5b98d3ec973,aquatic_plant_images\Potamogeton_richardsonii\Potamogeton_richardsonii_iNaturalist_740155507.jpg
iNaturalist,Potamogeton richardsonii,https://inaturalist-open-data.s3.amazonaws.com/photos/740155503/square.jpg,cc-by-nc,True,,,,,44.2048133333,-79.51535,2026-09-24,,403142700,740155503,downloaded,OK,9912,ef5137733b20b355bde420b68f09538962fa12db84114e900efc834c14a05bed,aquatic_plant_images\Potamogeton_richardsonii\Potamogeton_richardsonii_iNaturalist_740155503.jpg
iNaturalist,Potamogeton richardsonii,https://inaturalist-open-data.s3.amazonaws.com/photos/740155516/square.jpg,cc-by-nc,True,,,,,44.2048133333,-79.51535,2026-09-24,,403142700,740155516,downloaded,OK,10379,db2b1678e4c865f05870a17f77b09e0ec19e31cfa2402ee4fbe42b41abdfd2a4,aquatic_plant_images\Potamogeton_richardsonii\Potamogeton_richardsonii_iNaturalist_740155516.jpg
iNaturalist,Potamogeton richardsonii,https://inaturalist-open-data.s3.amazonaws.com/photos/740155514/square.jpg,cc-by-nc,True,,,,,44.2048133333,-79.51535,2026-09-24,,403142700,740155514,downloaded,OK,10327,11cc63177c68c4530742bbcf63f4526df2d3fe4b6a9a20040303692913298ea6,aquatic_plant_images\Potamogeton_richardsonii\Potamogeton_richardsonii_iNaturalist_740155514.jpg
iNaturalist,Potamogeton richardsonii,https://inaturalist-open-data.s3.amazonaws.com/photos/739419075/square.jpg,cc-by-nc,True,,,,,44.3445258,-78.7609038,2026-09-23,,402763442,739419075,downloaded,OK,7286,0bca35d4a8d3b24dddd44cfb41180049f9efaec2e098112e609d7d0643f2751e,aquatic_plant_images\Potamogeton_richardsonii\Potamogeton_richardsonii_iNaturalist_739419075.jpg
iNaturalist,Potamogeton richardsonii,https://inaturalist-open-data.s3.amazonaws.com/photos/739419131/square.jpg,cc-by-nc,True,,,,,44.3445258,-78.7609038,2026-09-23,,402763442,739419131,downloaded,OK,7101,a90cc065f37253b84c7b4b7d06ced7aa66f84345a30dc6dbc27b98d7d5399ab8,aquatic_plant_images\Potamogeton_richardsonii\Potamogeton_richardsonii_iNaturalist_739419131.jpg
iNaturalist,Potamogeton richardsonii,https://inaturalist-open-data.s3.amazonaws.com/photos/739376821/square.jpg,cc-by,True,,,,,53.4685216667,-113.6616283333,2026-09-22,,402741167,739376821,downloaded,OK,13456,97e46d6f7c3c7634845dc1d58abc6e55e04ebe58b3dd597277894bec72a27f3f,aquatic_plant_images\Potamogeton_richardsonii\Potamogeton_richardsonii_iNaturalist_739376821.jpg
iNaturalist,Potamogeton richardsonii,https://inaturalist-open-data.s3.amazonaws.com/photos/739376833/square.jpg,cc-by,True,,,,,53.4685216667,-113.6616283333,2026-09-22,,402741167,739376833,downloaded,OK,12608,0fcce165aebb81efab03b6f21a89a60f731ecf670b3ab255eb01d57bd1afd761,aquatic_plant_images\Potamogeton_richardsonii\Potamogeton_richardsonii_iNaturalist_739376833.jpg
iNaturalist,Potamogeton richardsonii,https://inaturalist-open-data.s3.amazonaws.com/photos/739376824/square.jpg,cc-by,True,,,,,53.4685216667,-113.6616283333,2026-09-22,,402741167,739376824,downloaded,OK,12154,4b08e338c7791122868a274d28f3621aa9d18095206dc65f7cb82aa69e90bd6f,aquatic_plant_images\Potamogeton_richardsonii\Potamogeton_richardsonii_iNaturalist_739376824.jpg
iNaturalist,Potamogeton richardsonii,https://inaturalist-open-data.s3.amazonaws.com/photos/739331495/square.jpg,cc-by-nc,True,,,,,45.0756792052,-76.1683741836,2026-09-11,,402716889,739331495,downloaded,OK,4700,9cd2c564446674ecf6a0d291c702ff892732111077cfeccd4403c8d64b01f25c,aquatic_plant_images\Potamogeton_richardsonii\Potamogeton_richardsonii_iNaturalist_739331495.jpg
iNaturalist,Potamogeton richardsonii,https://inaturalist-open-data.s3.amazonaws.com/photos/739332636/square.jpg,cc-by-nc,True,,,,,45.0756792052,-76.1683741836,2026-09-11,,402716889,739332636,downloaded,OK,3935,1185749e9362530ac16a76c09af4dca63e857e4edcec4821af78343f56cd9ac2,aquatic_plant_images\Potamogeton_richardsonii\Potamogeton_richardsonii_iNaturalist_739332636.jpg
iNaturalist,Potamogeton richardsonii,https://inaturalist-open-data.s3.amazonaws.com/photos/739886041/square.jpg,cc-by-nc,True,,,,,46.6280115107,-87.4907964841,2026-09-22,,402503894,739886041,downloaded,OK,6358,96471a1c6aea07702c14e11e0bab20ecd88ab6cb429f034a00332dd4d1d1c449,aquatic_plant_images\Potamogeton_richardsonii\Potamogeton_richardsonii_iNaturalist_739886041.jpg
iNaturalist,Potamogeton richardsonii,https://inaturalist-open-data.s3.amazonaws.com/photos/739886063/square.jpg,cc-by-nc,True,,,,,46.6280115107,-87.4907964841,2026-09-22,,402503894,739886063,downloaded,OK,6943,11e44ada4b9c84fcda182a313cc494827b47054e51d7e079d5a2ed0dffaf9867,aquatic_plant_images\Potamogeton_richardsonii\Potamogeton_richardsonii_iNaturalist_739886063.jpg
iNaturalist,Potamogeton richardsonii,https://inaturalist-open-data.s3.amazonaws.com/photos/738526133/square.jpg,cc-by-nc,True,,,,,43.0056482168,-79.2417344885,2026-09-21,,402306928,738526133,downloaded,OK,11069,e5e7f0a472dba52616167ad33c44dfca8688bf576320f9e7cb01f70558b8e187,aquatic_plant_images\Potamogeton_richardsonii\Potamogeton_richardsonii_iNaturalist_738526133.jpg
iNaturalist,Potamogeton richardsonii,https://inaturalist-open-data.s3.amazonaws.com/photos/738526152/square.jpg,cc-by-nc,True,,,,,43.0056482168,-79.2417344885,2026-09-21,,402306928,738526152,downloaded,OK,11426,e78d1044f87a9ee6ddb38a087a718931f17c2e2896ddb058dfc52b16b28e7231,aquatic_plant_images\Potamogeton_richardsonii\Potamogeton_richardsonii_iNaturalist_738526152.jpg
iNaturalist,Potamogeton richardsonii,https://inaturalist-open-data.s3.amazonaws.com/photos/738526144/square.jpg,cc-by-nc,True,,,,,43.0056482168,-79.2417344885,2026-09-21,,402306928,738526144,downloaded,OK,10933,1b6a15e4d1c25c60339e6f61e605e3101d5d3051804f688dafd7c8cdeb0d797d,aquatic_plant_images\Potamogeton_richardsonii\Potamogeton_richardsonii_iNaturalist_738526144.jpg
iNaturalist,Potamogeton richardsonii,https://inaturalist-open-data.s3.amazonaws.com/photos/738526173/square.jpg,cc-by-nc,True,,,,,43.0056482168,-79.2417344885,2026-09-21,,402306928,738526173,downloaded,OK,11313,36df6887ee159b7c6c88ccb124fb608f61a4dd7439f85af45e5916dd0e14dc47,aquatic_plant_images\Potamogeton_richardsonii\Potamogeton_richardsonii_iNaturalist_738526173.jpg
iNaturalist,Potamogeton richardsonii,https://inaturalist-open-data.s3.amazonaws.com/photos/738385537/square.jpg,cc-by-nc,True,,,,,43.1492812253,-76.4866959922,2026-09-20,,402235483,738385537,downloaded,OK,10208,e78f9b5455fca20ba559fd14d44ddb50f09393453a0e8065bdcbdf8d0497ab34,aquatic_plant_images\Potamogeton_richardsonii\Potamogeton_richardsonii_iNaturalist_738385537.jpg
iNaturalist,Potamogeton richardsonii,https://inaturalist-open-data.s3.amazonaws.com/photos/737281985/square.jpg,cc0,True,,,,,55.1890833333,-118.7706833333,2026-09-19,,401682302,737281985,downloaded,OK,6223,2ba97215ddc0b4782332c689a6e37d155a53481d65d3bb2d147033c974ea66aa,aquatic_plant_images\Potamogeton_richardsonii\Potamogeton_richardsonii_iNaturalist_737281985.jpg
iNaturalist,Potamogeton richardsonii,https://inaturalist-open-data.s3.amazonaws.com/photos/737231887/square.jpg,cc-by-nc,True,,,,,44.1455955505,-78.8496780396,2026-09-19,,401656655,737231887,downloaded,OK,12695,9e063349172522048895dc3c031c572f995f780e5b04290bff68b069f3430abf,aquatic_plant_images\Potamogeton_richardsonii\Potamogeton_richardsonii_iNaturalist_737231887.jpg
iNaturalist,Potamogeton richardsonii,https://inaturalist-open-data.s3.amazonaws.com/photos/736968775/square.jpg,cc-by-nc,True,,,,,45.85042,-113.0691083333,2026-09-16,,401518323,736968775,downloaded,OK,4996,c2b2ff2108fa25d6f291efeff67e848598887976b501ca680baa2a890da0789e,aquatic_plant_images\Potamogeton_richardsonii\Potamogeton_richardsonii_iNaturalist_736968775.jpg
iNaturalist,Potamogeton richardsonii,https://inaturalist-open-data.s3.amazonaws.com/photos/736968827/square.jpg,cc-by-nc,True,,,,,45.85042,-113.0691083333,2026-09-16,,401518323,736968827,downloaded,OK,5021,f1462fc1307936f042d5735395ece96a59ce3399eebc02536ab958d71cd0d832,aquatic_plant_images\Potamogeton_richardsonii\Potamogeton_richardsonii_iNaturalist_736968827.jpg
iNaturalist,Potamogeton richardsonii,https://inaturalist-open-data.s3.amazonaws.com/photos/736968878/square.jpg,cc-by-nc,True,,,,,45.85042,-113.0691083333,2026-09-16,,401518323,736968878,downloaded,OK,5609,6a02e16ad0a427123e620945391d406e5fd1de3b4077f882614a9b59ad1aef00,aquatic_plant_images\Potamogeton_richardsonii\Potamogeton_richardsonii_iNaturalist_736968878.jpg
iNaturalist,Potamogeton richardsonii,https://inaturalist-open-data.s3.amazonaws.com/photos/736206834/square.jpg,cc-by,True,,,,,43.0607388333,-89.4172533333,2026-09-17,,401126907,736206834,downloaded,OK,12348,d82e5406469353a6fb1958d5e7f599b64f69a3f107df6e542803e7c9e48eec2b,aquatic_plant_images\Potamogeton_richardsonii\Potamogeton_richardsonii_iNaturalist_736206834.jpg
iNaturalist,Potamogeton richardsonii,https://inaturalist-open-data.s3.amazonaws.com/photos/736206836/square.jpg,cc-by,True,,,,,43.0607388333,-89.4172533333,2026-09-17,,401126907,736206836,downloaded,OK,11964,195f399325ff0ee6dbb530cd589a7cd90b101bc5e51ff7ca94a61bc25e72977d,aquatic_plant_images\Potamogeton_richardsonii\Potamogeton_richardsonii_iNaturalist_736206836.jpg
iNaturalist,Potamogeton richardsonii,https://inaturalist-open-data.s3.amazonaws.com/photos/735173433/square.jpg,cc-by-nc,True,,,,,52.1782966667,-106.6040283333,2026-09-15,,400604460,735173433,downloaded,OK,10074,2f73ea57b7e7404661fc5989ac01866600d3ebbddf0ee2315d7540b19d1bdc89,aquatic_plant_images\Potamogeton_richardsonii\Potamogeton_richardsonii_iNaturalist_735173433.jpg
iNaturalist,Potamogeton richardsonii,https://inaturalist-open-data.s3.amazonaws.com/photos/735173436/square.jpg,cc-by-nc,True,,,,,52.1782966667,-106.6040283333,2026-09-15,,400604460,735173436,downloaded,OK,11099,89e26835c9db56abb0e1631b2031a44874a4b775deed5813b04d533682c820b6,aquatic_plant_images\Potamogeton_richardsonii\Potamogeton_richardsonii_iNaturalist_735173436.jpg
iNaturalist,Potamogeton richardsonii,https://inaturalist-open-data.s3.amazonaws.com/photos/735173432/square.jpg,cc-by-nc,True,,,,,52.1782966667,-106.6040283333,2026-09-15,,400604460,735173432,downloaded,OK,9680,f1b4dedb3f30fa5d3ddbce848a97929f1da31101ad1ac20fe8f7a874d06485e3,aquatic_plant_images\Potamogeton_richardsonii\Potamogeton_richardsonii_iNaturalist_735173432.jpg
iNaturalist,Potamogeton richardsonii,https://inaturalist-open-data.s3.amazonaws.com/photos/735173437/square.jpg,cc-by-nc,True,,,,,52.1782966667,-106.6040283333,2026-09-15,,400604460,735173437,downloaded,OK,9635,1e0cae054a183223a93536ca439458724051d32b0a771b72aa069fefb6b6292c,aquatic_plant_images\Potamogeton_richardsonii\Potamogeton_richardsonii_iNaturalist_735173437.jpg
iNaturalist,Potamogeton richardsonii,https://inaturalist-open-data.s3.amazonaws.com/photos/735173431/square.jpg,cc-by-nc,True,,,,,52.1782966667,-106.6040283333,2026-09-15,,400604460,735173431,downloaded,OK,9607,12426d4d07d3ccdff8bf262ff245a15ec74a72c85f80971abcbe7d0d3eea7cd4,aquatic_plant_images\Potamogeton_richardsonii\Potamogeton_richardsonii_iNaturalist_735173431.jpg
iNaturalist,Potamogeton richardsonii,https://inaturalist-open-data.s3.amazonaws.com/photos/735444992/square.jpg,cc-by-nc,True,,,,,52.7757568359,-114.3132247925,2026-09-15,,400550423,735444992,downloaded,OK,13561,298255a91efaebdd3d0d0a53c52b6010f79fbe3faea377f4b0f33d7e29038e1a,aquatic_plant_images\Potamogeton_richardsonii\Potamogeton_richardsonii_iNaturalist_735444992.jpg
iNaturalist,Potamogeton richardsonii,https://inaturalist-open-data.s3.amazonaws.com/photos/734083530/square.jpg,cc-by,True,,,,,43.845055,-80.0270695,2026-09-13,,400070869,734083530,downloaded,OK,12022,ec84913c433bb64143e6b7db73756b26773942c5369e4d70f80178e2fdb67441,aquatic_plant_images\Potamogeton_richardsonii\Potamogeton_richardsonii_iNaturalist_734083530.jpg
iNaturalist,Potamogeton richardsonii,https://inaturalist-open-data.s3.amazonaws.com/photos/742510662/square.jpg,cc-by-nc,True,,,,,44.7931225581,-71.8614734947,2026-09-13,,399891470,742510662,downloaded,OK,13303,0531bf541708631bf86617e0d599992a8feffce56ed13b7019077d1138038072,aquatic_plant_images\Potamogeton_richardsonii\Potamogeton_richardsonii_iNaturalist_742510662.jpg
iNaturalist,Potamogeton richardsonii,https://inaturalist-open-data.s3.amazonaws.com/photos/733311814/square.jpg,cc-by-nc,True,,,,,44.7779916667,-89.3562383333,2026-09-12,,399679689,733311814,downloaded,OK,4517,cf8d1b4dde1afb2f51104767148b57e84667d2c46e2bcc2bf16b78fb52460fd7,aquatic_plant_images\Potamogeton_richardsonii\Potamogeton_richardsonii_iNaturalist_733311814.jpg
iNaturalist,Potamogeton richardsonii,https://inaturalist-open-data.s3.amazonaws.com/photos/733311867/square.jpg,cc-by-nc,True,,,,,44.7779916667,-89.3562383333,2026-09-12,,399679689,733311867,downloaded,OK,4473,b9210d6deef5f7542d435802f480fdbe5ea07a76ebfaa0e6ce919b60c30b1a63,aquatic_plant_images\Potamogeton_richardsonii\Potamogeton_richardsonii_iNaturalist_733311867.jpg
iNaturalist,Potamogeton richardsonii,https://inaturalist-open-data.s3.amazonaws.com/photos/733311894/square.jpg,cc-by-nc,True,,,,,44.7779916667,-89.3562383333,2026-09-12,,399679689,733311894,downloaded,OK,4023,0285b9340130a7488ed8de30fe8475231cdb19c428a7440ed5ae73666aa2354e,aquatic_plant_images\Potamogeton_richardsonii\Potamogeton_richardsonii_iNaturalist_733311894.jpg
iNaturalist,Potamogeton richardsonii,https://inaturalist-open-data.s3.amazonaws.com/photos/733005336/square.jpg,cc-by-nc,True,,,,,42.7863555556,-76.133025,2026-09-05,,399518468,733005336,downloaded,OK,5573,b37393716a7e1737cb2470e662331b0f053089355aca5a72113377bb087bddfb,aquatic_plant_images\Potamogeton_richardsonii\Potamogeton_richardsonii_iNaturalist_733005336.jpg
iNaturalist,Potamogeton robbinsii,https://inaturalist-open-data.s3.amazonaws.com/photos/741930187/square.jpg,cc-by-nc,True,,,,,44.769992826,-73.2373093334,2026-09-27,,404059819,741930187,downloaded,OK,7615,ccc9e583d8ba99a02f169ba2ecff310895865cac342edc743a0e2c6f7ba9fd3e,aquatic_plant_images\Potamogeton_robbinsii\Potamogeton_robbinsii_iNaturalist_741930187.jpg
iNaturalist,Potamogeton robbinsii,https://static.inaturalist.org/photos/740052134/square.jpg,,False,,,,,48.3554837903,-92.5425993482,2026-09-23,,403089730,740052134,downloaded,OK,5080,002660c96217c0a68324f22f6c905fbc3f9adc4c35112c7baf4677051c185903,aquatic_plant_images\Potamogeton_robbinsii\Potamogeton_robbinsii_iNaturalist_740052134.jpg
iNaturalist,Potamogeton robbinsii,https://inaturalist-open-data.s3.amazonaws.com/photos/739557537/square.jpg,cc-by-nc,True,,,,,45.3733216667,-75.790825,2026-09-23,,402837636,739557537,downloaded,OK,5527,171b109e9439bedac8ce9d4aa00661363805d13f5c0548bb8d5ae6cb0261e3d0,aquatic_plant_images\Potamogeton_robbinsii\Potamogeton_robbinsii_iNaturalist_739557537.jpg
iNaturalist,Potamogeton robbinsii,https://static.inaturalist.org/photos/739389961/square.jpg,,False,,,,,45.1882166667,-76.6904972222,2026-09-23,,402748247,739389961,downloaded,OK,8028,7cdd4117b241aa0603c3e242a0e4f7d2a0d7398e39214cb9b8547dc74484eba8,aquatic_plant_images\Potamogeton_robbinsii\Potamogeton_robbinsii_iNaturalist_739389961.jpg
iNaturalist,Potamogeton robbinsii,https://inaturalist-open-data.s3.amazonaws.com/photos/738937900/square.jpg,cc-by-nc,True,,,,,44.9992599487,-78.2134552002,2026-09-22,,402517580,738937900,downloaded,OK,13739,61d8e1249f09bbafd19645685452fb12a8844d8a7816dc3edaf488fd0545cb5e,aquatic_plant_images\Potamogeton_robbinsii\Potamogeton_robbinsii_iNaturalist_738937900.jpg
iNaturalist,Potamogeton robbinsii,https://inaturalist-open-data.s3.amazonaws.com/photos/737409487/square.jpg,cc-by-nc,True,,,,,43.8041821463,-121.8676542292,2026-09-19,,401745217,737409487,downloaded,OK,12891,e86771be1312cf429dce6aa0f159974f128d270d35206844ddf63d685e99ef68,aquatic_plant_images\Potamogeton_robbinsii\Potamogeton_robbinsii_iNaturalist_737409487.jpg
iNaturalist,Potamogeton robbinsii,https://inaturalist-open-data.s3.amazonaws.com/photos/737409474/square.jpg,cc-by-nc,True,,,,,43.8041821463,-121.8676542292,2026-09-19,,401745217,737409474,downloaded,OK,12623,7c9f8b77a1e9462dbf7a4d9290a48e18d8df2b1b894def5923c4998525f393ec,aquatic_plant_images\Potamogeton_robbinsii\Potamogeton_robbinsii_iNaturalist_737409474.jpg
iNaturalist,Potamogeton robbinsii,https://inaturalist-open-data.s3.amazonaws.com/photos/737409475/square.jpg,cc-by-nc,True,,,,,43.8041821463,-121.8676542292,2026-09-19,,401745217,737409475,downloaded,OK,11840,d946934418d04dfeb0a0bc4c511d41a2d4d52e44189d382efeb7c7f19c77634d,aquatic_plant_images\Potamogeton_robbinsii\Potamogeton_robbinsii_iNaturalist_737409475.jpg
iNaturalist,Potamogeton robbinsii,https://inaturalist-open-data.s3.amazonaws.com/photos/737409446/square.jpg,cc-by-nc,True,,,,,43.8041821463,-121.8676542292,2026-09-19,,401745217,737409446,downloaded,OK,11416,ef0152599859a7ee07335a6db47a5e4d8d84fca747aa9f24c34c1d86e588ee84,aquatic_plant_images\Potamogeton_robbinsii\Potamogeton_robbinsii_iNaturalist_737409446.jpg
iNaturalist,Potamogeton robbinsii,https://inaturalist-open-data.s3.amazonaws.com/photos/737409473/square.jpg,cc-by-nc,True,,,,,43.8041821463,-121.8676542292,2026-09-19,,401745217,737409473,downloaded,OK,12903,c583493ee31389fa8da52475ef850a564b1168b0bc7b1bdee1872ac663e94ff5,aquatic_plant_images\Potamogeton_robbinsii\Potamogeton_robbinsii_iNaturalist_737409473.jpg
iNaturalist,Potamogeton robbinsii,https://inaturalist-open-data.s3.amazonaws.com/photos/737282357/square.jpg,cc-by-nc,True,,,,,44.5481383333,-73.1234055,2026-09-19,,401682445,737282357,downloaded,OK,4541,0d5b752d410306a3dcf4d1a5410cdd1d9f5f5a085ee521f9a278f8125e55fd10,aquatic_plant_images\Potamogeton_robbinsii\Potamogeton_robbinsii_iNaturalist_737282357.jpg
iNaturalist,Potamogeton robbinsii,https://inaturalist-open-data.s3.amazonaws.com/photos/737239357/square.jpg,cc-by,True,,,,,41.6149633333,-87.274545,2026-09-19,,401660895,737239357,downloaded,OK,4389,1eaae0d2824c4f5a878445c3c6bbb3bfea822a430bd14b4a23dbac70353ab94a,aquatic_plant_images\Potamogeton_robbinsii\Potamogeton_robbinsii_iNaturalist_737239357.jpg
iNaturalist,Potamogeton robbinsii,https://inaturalist-open-data.s3.amazonaws.com/photos/737224570/square.jpg,cc-by-nc,True,,,,,47.6372084459,-117.0636655524,2026-09-19,,401652983,737224570,downloaded,OK,8079,e9f40989ae6af47b98426df3031808ae2e60bcefc9364678b6665d59d7945955,aquatic_plant_images\Potamogeton_robbinsii\Potamogeton_robbinsii_iNaturalist_737224570.jpg
iNaturalist,Potamogeton robbinsii,https://inaturalist-open-data.s3.amazonaws.com/photos/737224530/square.jpg,cc-by-nc,True,,,,,47.6372084459,-117.0636655524,2026-09-19,,401652983,737224530,downloaded,OK,8454,3606ccb9aab3f290d51ec17430b2660bb13cc2205b7cbb97b0b4a47618657dc4,aquatic_plant_images\Potamogeton_robbinsii\Potamogeton_robbinsii_iNaturalist_737224530.jpg
iNaturalist,Potamogeton robbinsii,https://inaturalist-open-data.s3.amazonaws.com/photos/735115037/square.jpg,cc-by-nc,True,,,,,41.6681136944,-70.4800948889,2026-09-15,,400576535,735115037,downloaded,OK,7706,ac49e9d65e8e63d1363f7a10c3a0ac51fd857d899f0c1b60793102458a6146c8,aquatic_plant_images\Potamogeton_robbinsii\Potamogeton_robbinsii_iNaturalist_735115037.jpg
iNaturalist,Potamogeton robbinsii,https://inaturalist-open-data.s3.amazonaws.com/photos/734679262/square.jpg,cc-by-sa,True,,,,,45.4857533295,-75.9963447858,2026-09-12,,400365991,734679262,downloaded,OK,3359,f63d3def28c1a7180275850e799f6d7d48c1a697389cf7f1c7414cc7120186fe,aquatic_plant_images\Potamogeton_robbinsii\Potamogeton_robbinsii_iNaturalist_734679262.jpg
iNaturalist,Potamogeton robbinsii,https://inaturalist-open-data.s3.amazonaws.com/photos/734557768/square.jpg,cc-by-nc,True,,,,,49.6803033333,-94.039575,2026-09-10,,400304724,734557768,downloaded,OK,4956,8c8e7b97e173fa83976dbc027bce6e6e3dad8aa4108f77c42ee22f5aa97f74fc,aquatic_plant_images\Potamogeton_robbinsii\Potamogeton_robbinsii_iNaturalist_734557768.jpg
iNaturalist,Potamogeton robbinsii,https://inaturalist-open-data.s3.amazonaws.com/photos/734557883/square.jpg,cc-by-nc,True,,,,,49.6803033333,-94.039575,2026-09-10,,400304724,734557883,downloaded,OK,5247,bc1b419a0009d4f786776ff1723309edbf82e7c7162904eedb618fce2e4d636c,aquatic_plant_images\Potamogeton_robbinsii\Potamogeton_robbinsii_iNaturalist_734557883.jpg
iNaturalist,Potamogeton robbinsii,https://inaturalist-open-data.s3.amazonaws.com/photos/734557966/square.jpg,cc-by-nc,True,,,,,49.6803033333,-94.039575,2026-09-10,,400304724,734557966,downloaded,OK,3401,d837dc2a0a669b6af187a3ba9ffdc2b06d8baf770cab035e9df9ce958e42d7dd,aquatic_plant_images\Potamogeton_robbinsii\Potamogeton_robbinsii_iNaturalist_734557966.jpg
iNaturalist,Potamogeton robbinsii,https://inaturalist-open-data.s3.amazonaws.com/photos/734379791/square.jpg,cc-by-nc,True,,,,,46.3810821716,-94.3641210049,2026-09-13,,400059049,734379791,downloaded,OK,4762,358bee5771b526ed1adcc14e0bf2ffca4f596c8bba3f6492dce4a300bf078f6b,aquatic_plant_images\Potamogeton_robbinsii\Potamogeton_robbinsii_iNaturalist_734379791.jpg
iNaturalist,Potamogeton robbinsii,https://inaturalist-open-data.s3.amazonaws.com/photos/734379855/square.jpg,cc-by-nc,True,,,,,46.3810821716,-94.3641210049,2026-09-13,,400059049,734379855,downloaded,OK,4941,efb8db6e5ea16b78d7e519ee75efbaf8bc607894d8c73c11fc48de4a436f78f5,aquatic_plant_images\Potamogeton_robbinsii\Potamogeton_robbinsii_iNaturalist_734379855.jpg
iNaturalist,Potamogeton robbinsii,https://inaturalist-open-data.s3.amazonaws.com/photos/733440208/square.jpg,cc-by-nc,True,,,,,41.666504855,-75.5549556107,2026-09-09,,399743560,733440208,downloaded,OK,7134,e7b5cb32b920050f8334a02f92f766b871e4faef169fd6387a4e152b776a26d8,aquatic_plant_images\Potamogeton_robbinsii\Potamogeton_robbinsii_iNaturalist_733440208.jpg
iNaturalist,Potamogeton robbinsii,https://static.inaturalist.org/photos/733341908/square.jpg,,False,,,,,45.9034111111,-66.2840416667,2026-08-07,,399696087,733341908,downloaded,OK,3571,2fdb7a065d11d470bd397575f2543bec87bdf4008697abc10ade9c35f3cff5cc,aquatic_plant_images\Potamogeton_robbinsii\Potamogeton_robbinsii_iNaturalist_733341908.jpg
iNaturalist,Potamogeton robbinsii,https://inaturalist-open-data.s3.amazonaws.com/photos/733303293/square.jpg,cc-by,True,,,,,44.4447658811,-72.4397671891,2026-09-12,,399675229,733303293,downloaded,OK,14033,a63a0404d1f36707a00a259fd37077874dbf954ff56ff574541f34727f694b6a,aquatic_plant_images\Potamogeton_robbinsii\Potamogeton_robbinsii_iNaturalist_733303293.jpg
iNaturalist,Potamogeton robbinsii,https://inaturalist-open-data.s3.amazonaws.com/photos/733303303/square.jpg,cc-by,True,,,,,44.4447658811,-72.4397671891,2026-09-12,,399675229,733303303,downloaded,OK,13873,433710495731e8dd6dbc8c79c82e6badf1e7baecb13f5b686a4dc512f05abe77,aquatic_plant_images\Potamogeton_robbinsii\Potamogeton_robbinsii_iNaturalist_733303303.jpg
iNaturalist,Potamogeton robbinsii,https://inaturalist-open-data.s3.amazonaws.com/photos/732792651/square.jpg,cc-by-nc,True,,,,,44.5658916667,-89.6222916667,2026-09-11,,399409482,732792651,downloaded,OK,4754,e0f0c424d5ddc7884d297347bdaf30891682ff8b0bf5509d22d20c66ba0793ef,aquatic_plant_images\Potamogeton_robbinsii\Potamogeton_robbinsii_iNaturalist_732792651.jpg
iNaturalist,Potamogeton robbinsii,https://inaturalist-open-data.s3.amazonaws.com/photos/732792671/square.jpg,cc-by-nc,True,,,,,44.5658916667,-89.6222916667,2026-09-11,,399409482,732792671,downloaded,OK,4328,05d0761995a269cdab74aa777cd0ec02342854e301aa6ed7829ce2be080243df,aquatic_plant_images\Potamogeton_robbinsii\Potamogeton_robbinsii_iNaturalist_732792671.jpg
iNaturalist,Potamogeton robbinsii,https://inaturalist-open-data.s3.amazonaws.com/photos/732792702/square.jpg,cc-by-nc,True,,,,,44.5658916667,-89.6222916667,2026-09-11,,399409482,732792702,downloaded,OK,4425,7193f83bebdacb8a8e433f924be2ec8f90221f8591860f3249ef502e65484cf1,aquatic_plant_images\Potamogeton_robbinsii\Potamogeton_robbinsii_iNaturalist_732792702.jpg
iNaturalist,Potamogeton robbinsii,https://inaturalist-open-data.s3.amazonaws.com/photos/732792718/square.jpg,cc-by-nc,True,,,,,44.5658916667,-89.6222916667,2026-09-11,,399409482,732792718,downloaded,OK,4711,0cdc74b0b21f805bb22deaffd873b09912b4fe36004714b9614d8fdcfb61e5ae,aquatic_plant_images\Potamogeton_robbinsii\Potamogeton_robbinsii_iNaturalist_732792718.jpg
iNaturalist,Potamogeton robbinsii,https://inaturalist-open-data.s3.amazonaws.com/photos/732792752/square.jpg,cc-by-nc,True,,,,,44.5658916667,-89.6222916667,2026-09-11,,399409482,732792752,downloaded,OK,4168,7eb4070966e7187767a95082a6131065a3e59023a0701d7237026ce900505e3d,aquatic_plant_images\Potamogeton_robbinsii\Potamogeton_robbinsii_iNaturalist_732792752.jpg
iNaturalist,Potamogeton robbinsii,https://inaturalist-open-data.s3.amazonaws.com/photos/732792778/square.jpg,cc-by-nc,True,,,,,44.5658916667,-89.6222916667,2026-09-11,,399409482,732792778,downloaded,OK,4357,1ee281d56ca985448d5c9a7f346b70c52c19b11ad35d21aefe650cae5279116e,aquatic_plant_images\Potamogeton_robbinsii\Potamogeton_robbinsii_iNaturalist_732792778.jpg
iNaturalist,Potamogeton robbinsii,https://inaturalist-open-data.s3.amazonaws.com/photos/732792804/square.jpg,cc-by-nc,True,,,,,44.5658916667,-89.6222916667,2026-09-11,,399409482,732792804,downloaded,OK,4935,5980740cdee43bf63eb11a8e932c51c3d140a0c840dde248bc61ad162c7849e4,aquatic_plant_images\Potamogeton_robbinsii\Potamogeton_robbinsii_iNaturalist_732792804.jpg
iNaturalist,Potamogeton robbinsii,https://inaturalist-open-data.s3.amazonaws.com/photos/732735602/square.jpg,cc-by-nc,True,,,,,44.5545566393,-78.3475199596,2026-09-11,,399380861,732735602,downloaded,OK,2179,0bba6bb0866ec93f006f977287aea4ac46dcb7952e2d233d9c31da32d02d74cc,aquatic_plant_images\Potamogeton_robbinsii\Potamogeton_robbinsii_iNaturalist_732735602.jpg
iNaturalist,Potamogeton robbinsii,https://inaturalist-open-data.s3.amazonaws.com/photos/732645033/square.jpg,cc-by-nc,True,,,,,44.2790572558,-75.8169140662,2026-09-11,,399336546,732645033,downloaded,OK,10738,3109a394dbcce91d7a73126c7201f7387b3294e72ecc5abb2427e1bc222d29f3,aquatic_plant_images\Potamogeton_robbinsii\Potamogeton_robbinsii_iNaturalist_732645033.jpg
iNaturalist,Potamogeton robbinsii,https://inaturalist-open-data.s3.amazonaws.com/photos/732035856/square.jpg,cc-by-nc,True,,,,,45.6166696451,-89.3311202658,2026-09-07,,399021198,732035856,downloaded,OK,10630,b90bb10076aa413e4d38a1062f56d92566b69a2d27dfae30feb794a27a3425b9,aquatic_plant_images\Potamogeton_robbinsii\Potamogeton_robbinsii_iNaturalist_732035856.jpg
iNaturalist,Potamogeton robbinsii,https://inaturalist-open-data.s3.amazonaws.com/photos/732035869/square.jpg,cc-by-nc,True,,,,,45.6166696451,-89.3311202658,2026-09-07,,399021198,732035869,downloaded,OK,10796,526c1e1b4ccf68734fea231fbeb915fb14085d0724f887f4adb4381344e612e6,aquatic_plant_images\Potamogeton_robbinsii\Potamogeton_robbinsii_iNaturalist_732035869.jpg
iNaturalist,Potamogeton robbinsii,https://inaturalist-open-data.s3.amazonaws.com/photos/732035882/square.jpg,cc-by-nc,True,,,,,45.6166696451,-89.3311202658,2026-09-07,,399021198,732035882,downloaded,OK,9886,12c602d0a9fc936dfbfa7dc3dd12b4b3ccf727e6f80a1b866e8eb34837af64ca,aquatic_plant_images\Potamogeton_robbinsii\Potamogeton_robbinsii_iNaturalist_732035882.jpg
iNaturalist,Potamogeton robbinsii,https://inaturalist-open-data.s3.amazonaws.com/photos/731662552/square.jpg,cc-by-nc,True,,,,,42.2498703658,-73.1224044754,2026-09-09,,398826524,731662552,downloaded,OK,4323,840233889a3bbff58df208c2193cea7b530c470a1220a633194dd28a70caed20,aquatic_plant_images\Potamogeton_robbinsii\Potamogeton_robbinsii_iNaturalist_731662552.jpg
iNaturalist,Potamogeton robbinsii,https://inaturalist-open-data.s3.amazonaws.com/photos/731662589/square.jpg,cc-by-nc,True,,,,,42.2498703658,-73.1224044754,2026-09-09,,398826524,731662589,downloaded,OK,4306,50632a810be548722b3d673cfbfe9b17fccf1dd7071a875e1c42e91f3f4d388d,aquatic_plant_images\Potamogeton_robbinsii\Potamogeton_robbinsii_iNaturalist_731662589.jpg
iNaturalist,Potamogeton robbinsii,https://inaturalist-open-data.s3.amazonaws.com/photos/731625243/square.jpg,cc-by-nc,True,,,,,42.249845,-73.1223055,2026-09-09,,398807642,731625243,downloaded,OK,4218,eba3810ae6f0a82968c1aa6e73070c5695dc67ee7fff244e7f107ca89b758049,aquatic_plant_images\Potamogeton_robbinsii\Potamogeton_robbinsii_iNaturalist_731625243.jpg
iNaturalist,Potamogeton robbinsii,https://inaturalist-open-data.s3.amazonaws.com/photos/731625293/square.jpg,cc-by-nc,True,,,,,42.249845,-73.1223055,2026-09-09,,398807642,731625293,downloaded,OK,4111,466a322995a1573add10193ff69f9754e018981697d58692af69339550c8e77d,aquatic_plant_images\Potamogeton_robbinsii\Potamogeton_robbinsii_iNaturalist_731625293.jpg
iNaturalist,Potamogeton robbinsii,https://static.inaturalist.org/photos/731566712/square.jpg,,False,,,,,42.2502338574,-73.1215814239,2026-09-09,,398778929,731566712,downloaded,OK,11156,f99fdecad2ec49ab280136018a39d11a0e8538262b96959e5b784d0727201483,aquatic_plant_images\Potamogeton_robbinsii\Potamogeton_robbinsii_iNaturalist_731566712.jpg
iNaturalist,Potamogeton robbinsii,https://static.inaturalist.org/photos/731566715/square.jpg,,False,,,,,42.2502338574,-73.1215814239,2026-09-09,,398778929,731566715,downloaded,OK,10231,863bcaad7b1a74d8a2a5fe640453aa2d936b807a394331d9845ca29244580e64,aquatic_plant_images\Potamogeton_robbinsii\Potamogeton_robbinsii_iNaturalist_731566715.jpg
iNaturalist,Potamogeton robbinsii,https://static.inaturalist.org/photos/731566718/square.jpg,,False,,,,,42.2502338574,-73.1215814239,2026-09-09,,398778929,731566718,downloaded,OK,11476,159668d90a1f9b4990ace573b4cab41a9c83f55faedd3e08c5a032732d0f1e90,aquatic_plant_images\Potamogeton_robbinsii\Potamogeton_robbinsii_iNaturalist_731566718.jpg
iNaturalist,Potamogeton robbinsii,https://static.inaturalist.org/photos/731567918/square.jpg,,False,,,,,42.2479839628,-73.1228038904,2026-09-09,,398776500,731567918,downloaded,OK,10674,eac1f4792c16a29eb0b8ab66584f052b7d1cb71c33fe38dc92e6bc328f754cf6,aquatic_plant_images\Potamogeton_robbinsii\Potamogeton_robbinsii_iNaturalist_731567918.jpg
iNaturalist,Potamogeton robbinsii,https://static.inaturalist.org/photos/731567927/square.jpg,,False,,,,,42.2479839628,-73.1228038904,2026-09-09,,398776500,731567927,downloaded,OK,10049,4c6365850f4631d8da7e37a51e5f732f2c2ac089a2dfeb75148e00298fad8e2b,aquatic_plant_images\Potamogeton_robbinsii\Potamogeton_robbinsii_iNaturalist_731567927.jpg
iNaturalist,Potamogeton robbinsii,https://static.inaturalist.org/photos/731567928/square.jpg,,False,,,,,42.2479839628,-73.1228038904,2026-09-09,,398776500,731567928,downloaded,OK,11096,e01855ed43fa69c8d6d071ed97c4628f0cea4bcd8aa4d8a633a5c9f0b80253e2,aquatic_plant_images\Potamogeton_robbinsii\Potamogeton_robbinsii_iNaturalist_731567928.jpg
iNaturalist,Potamogeton robbinsii,https://inaturalist-open-data.s3.amazonaws.com/photos/731529142/square.jpg,cc-by-nc,True,,,,,42.24993831,-73.12215761,2026-09-09,,398759315,731529142,downloaded,OK,6171,737d42556b6e0d24df5b6d428d20a359a5e30bca4a9cd9b257dbfe54599aef98,aquatic_plant_images\Potamogeton_robbinsii\Potamogeton_robbinsii_iNaturalist_731529142.jpg
iNaturalist,Potamogeton robbinsii,https://inaturalist-open-data.s3.amazonaws.com/photos/731529191/square.jpg,cc-by-nc,True,,,,,42.24993831,-73.12215761,2026-09-09,,398759315,731529191,downloaded,OK,7379,23d5e24e4bc937298c060c3b2f8b27ea1927470ef1055db65e845c928c3befd2,aquatic_plant_images\Potamogeton_robbinsii\Potamogeton_robbinsii_iNaturalist_731529191.jpg
iNaturalist,Ranunculus aquatilis,https://static.inaturalist.org/photos/741026021/square.jpg,,False,,,,,38.5763419198,-109.1748714841,2026-09-26,,403585326,741026021,downloaded,OK,12286,60f669a525f1e41dddaa4827b68210d174ea06a0311d14cddc3beec3d5d369bf,aquatic_plant_images\Ranunculus_aquatilis\Ranunculus_aquatilis_iNaturalist_741026021.jpg
iNaturalist,Ranunculus aquatilis,https://inaturalist-open-data.s3.amazonaws.com/photos/732140523/square.jpg,cc-by-nc,True,,,,,42.8858122177,-75.6414775708,2026-09-10,,399074405,732140523,skipped_duplicate,Duplicate URL/photo ID,,,
iNaturalist,Ranunculus aquatilis,https://static.inaturalist.org/photos/716891812/square.jpg,,False,,,,,41.5055833076,-110.4657546188,2026-08-13,,391049601,716891812,downloaded,OK,4836,4100a03ec6b603f4fe12eb762950c041618eb3bc63c689541a1303ed51de75df,aquatic_plant_images\Ranunculus_aquatilis\Ranunculus_aquatilis_iNaturalist_716891812.jpg
iNaturalist,Ranunculus aquatilis,https://inaturalist-open-data.s3.amazonaws.com/photos/715575796/square.jpg,cc-by-nc,True,,,,,50.0517188,12.7345102,2026-08-07,,389025769,715575796,downloaded,OK,8093,d7dc144e9dfab2b3328dee0b4d2e0fdaa880f9ed2a73c6166d1a9c3fc231cdc1,aquatic_plant_images\Ranunculus_aquatilis\Ranunculus_aquatilis_iNaturalist_715575796.jpg
iNaturalist,Ranunculus aquatilis,https://inaturalist-open-data.s3.amazonaws.com/photos/715575850/square.jpg,cc-by-nc,True,,,,,50.0517188,12.7345102,2026-08-07,,389025769,715575850,downloaded,OK,8430,e313381a99cbdd7238ac1040a5a1041c019136b6a2daea04e5d754c2d8e4be86,aquatic_plant_images\Ranunculus_aquatilis\Ranunculus_aquatilis_iNaturalist_715575850.jpg
iNaturalist,Ranunculus aquatilis,https://inaturalist-open-data.s3.amazonaws.com/photos/715575927/square.jpg,cc-by-nc,True,,,,,50.0517188,12.7345102,2026-08-07,,389025769,715575927,downloaded,OK,8035,82d743ea7c7e86894cc373af1c96d501c0738aeb5067938000cf620051845496,aquatic_plant_images\Ranunculus_aquatilis\Ranunculus_aquatilis_iNaturalist_715575927.jpg
iNaturalist,Ranunculus aquatilis,https://inaturalist-open-data.s3.amazonaws.com/photos/715576000/square.jpg,cc-by-nc,True,,,,,50.0517188,12.7345102,2026-08-07,,389025769,715576000,downloaded,OK,8387,fa29b2a167205d3ca3f7fe7146d921cfdf3937d4a74a1bde8a2b614f2e61b71e,aquatic_plant_images\Ranunculus_aquatilis\Ranunculus_aquatilis_iNaturalist_715576000.jpg
iNaturalist,Ranunculus aquatilis,https://inaturalist-open-data.s3.amazonaws.com/photos/715576128/square.jpg,cc-by-nc,True,,,,,50.0517188,12.7345102,2026-08-07,,389025769,715576128,downloaded,OK,7898,8d8c2f4c2b958fdf5cdfdddead510f505d0b73c0cf8d923c712c32feb7f6a6b7,aquatic_plant_images\Ranunculus_aquatilis\Ranunculus_aquatilis_iNaturalist_715576128.jpg
iNaturalist,Ranunculus aquatilis,https://static.inaturalist.org/photos/710312646/square.jpg,,False,,,,,55.7859165757,12.5723001783,2006-05-14,,387875998,710312646,downloaded,OK,2034,fe946ac42367aa4676a68ae6fd0e0ef10a2b8b98c70f71c7f68d40e034c53cc8,aquatic_plant_images\Ranunculus_aquatilis\Ranunculus_aquatilis_iNaturalist_710312646.jpg
iNaturalist,Ranunculus aquatilis,https://inaturalist-open-data.s3.amazonaws.com/photos/708878646/square.jpg,cc-by-nc,True,,,,,52.2399333333,10.5993716667,2026-08-01,,387133561,708878646,downloaded,OK,4477,a657e3ef9cd6851b33d94750cbcc1eaa78a953091e18530de7ec4dd8a4525fe6,aquatic_plant_images\Ranunculus_aquatilis\Ranunculus_aquatilis_iNaturalist_708878646.jpg
iNaturalist,Ranunculus aquatilis,https://inaturalist-open-data.s3.amazonaws.com/photos/708878858/square.jpg,cc-by-nc,True,,,,,52.2399333333,10.5993716667,2026-08-01,,387133561,708878858,downloaded,OK,7178,fcd2356a689f57ac2cc4dcd8e8c73f9e5d5ac76342612652a0c5e2b92a7b9631,aquatic_plant_images\Ranunculus_aquatilis\Ranunculus_aquatilis_iNaturalist_708878858.jpg
iNaturalist,Ranunculus aquatilis,https://static.inaturalist.org/photos/708630521/square.jpg,,False,,,,,38.36667,-119.4793383333,2026-07-30,,387006869,708630521,downloaded,OK,5432,de043ee541c65de0682fddb7948eaa675ea419b6e8ff764dba95a3c6e56009f7,aquatic_plant_images\Ranunculus_aquatilis\Ranunculus_aquatilis_iNaturalist_708630521.jpg
iNaturalist,Ranunculus aquatilis,https://inaturalist-open-data.s3.amazonaws.com/photos/708368727/square.jpg,cc-by-nc,True,,,,,53.1434618729,-2.0918378793,2026-07-21,,386867209,708368727,downloaded,OK,11310,15e3d392d6f5d597414ff326fc84842c27eecb0de0b8ad38991267a3ea0f8369,aquatic_plant_images\Ranunculus_aquatilis\Ranunculus_aquatilis_iNaturalist_708368727.jpg
iNaturalist,Ranunculus aquatilis,https://static.inaturalist.org/photos/707665629/square.jpg,,False,,,,,50.5395425717,101.4660091092,2026-07-30,,386498753,707665629,downloaded,OK,10691,4d6439c4f5c14cd1a69028c6a0a911fa7c8089d5695204f6860c40132ff661da,aquatic_plant_images\Ranunculus_aquatilis\Ranunculus_aquatilis_iNaturalist_707665629.jpg
iNaturalist,Ranunculus aquatilis,https://inaturalist-open-data.s3.amazonaws.com/photos/707661885/square.jpg,cc-by-nc,True,,,,,65.2843576949,26.5446162969,2026-07-30,,386496822,707661885,downloaded,OK,8356,2462c7d75d9f0b8daec1c4c3d39ca1ba6e62439ab4d4f03d6826ae3373e3c61b,aquatic_plant_images\Ranunculus_aquatilis\Ranunculus_aquatilis_iNaturalist_707661885.jpg
iNaturalist,Ranunculus aquatilis,https://inaturalist-open-data.s3.amazonaws.com/photos/707661904/square.jpg,cc-by-nc,True,,,,,65.2843576949,26.5446162969,2026-07-30,,386496822,707661904,downloaded,OK,8469,124ce7dfef4dfc46272b19d4debe82d3558af4eb2e4edd8180b4c9434b8b0eb3,aquatic_plant_images\Ranunculus_aquatilis\Ranunculus_aquatilis_iNaturalist_707661904.jpg
iNaturalist,Ranunculus aquatilis,https://inaturalist-open-data.s3.amazonaws.com/photos/706875661/square.jpg,cc-by-nc,True,,,,,44.6755863,-107.4368072,2026-07-20,,386093712,706875661,downloaded,OK,13342,170a76ad4a3e5d70b3787202377799960d4c1c2af4e337413a2fafbbb408d567,aquatic_plant_images\Ranunculus_aquatilis\Ranunculus_aquatilis_iNaturalist_706875661.jpg
iNaturalist,Ranunculus aquatilis,https://inaturalist-open-data.s3.amazonaws.com/photos/706340850/square.jpg,cc-by,True,,,,,38.9086972222,-106.9993888889,2026-07-23,,386010069,706340850,downloaded,OK,4417,7a898d1d5c04da63ec65ff9ea1b66aeb43c66f72ff3a159f31a80dcab2117663,aquatic_plant_images\Ranunculus_aquatilis\Ranunculus_aquatilis_iNaturalist_706340850.jpg
iNaturalist,Ranunculus aquatilis,https://inaturalist-open-data.s3.amazonaws.com/photos/706340848/square.jpg,cc-by,True,,,,,38.9086972222,-106.9993888889,2026-07-23,,386010069,706340848,downloaded,OK,3640,5ecd73cac6194fd694db51978ade929f6b3e7a07bd2d94a22d88db4ca74c8ead,aquatic_plant_images\Ranunculus_aquatilis\Ranunculus_aquatilis_iNaturalist_706340848.jpg
iNaturalist,Ranunculus aquatilis,https://inaturalist-open-data.s3.amazonaws.com/photos/706340849/square.jpg,cc-by,True,,,,,38.9086972222,-106.9993888889,2026-07-23,,386010069,706340849,downloaded,OK,4058,ec76496f1c9579bdbee34ae7677a5e18629c6a95dbf9d465a6cdeedeb62b7d03,aquatic_plant_images\Ranunculus_aquatilis\Ranunculus_aquatilis_iNaturalist_706340849.jpg
iNaturalist,Ranunculus aquatilis,https://inaturalist-open-data.s3.amazonaws.com/photos/706341129/square.jpg,cc-by,True,,,,,38.9086972222,-106.9993888889,2026-07-23,,386010069,706341129,downloaded,OK,5018,619f8d04edf01ec41a0654cd03be4c842131cb73ce1326c29e77a796b3631573,aquatic_plant_images\Ranunculus_aquatilis\Ranunculus_aquatilis_iNaturalist_706341129.jpg
iNaturalist,Ranunculus aquatilis,https://inaturalist-open-data.s3.amazonaws.com/photos/706341128/square.jpg,cc-by,True,,,,,38.9086972222,-106.9993888889,2026-07-23,,386010069,706341128,downloaded,OK,5278,70c9aefd14e5e9c44379c68c947ff936113efb93bfa705cb273bc11edd521186,aquatic_plant_images\Ranunculus_aquatilis\Ranunculus_aquatilis_iNaturalist_706341128.jpg
iNaturalist,Ranunculus aquatilis,https://inaturalist-open-data.s3.amazonaws.com/photos/706699548/square.jpg,cc-by,True,,,,,38.55896682,-106.94274933,2026-07-28,,385997601,706699548,downloaded,OK,5320,0aa07b16daeda5cb355f925e7fdbdc6b8c3a76ed5c9eecf032f055f1ce4f301f,aquatic_plant_images\Ranunculus_aquatilis\Ranunculus_aquatilis_iNaturalist_706699548.jpg
iNaturalist,Ranunculus aquatilis,https://inaturalist-open-data.s3.amazonaws.com/photos/706699580/square.jpg,cc-by,True,,,,,38.55896682,-106.94274933,2026-07-28,,385997601,706699580,downloaded,OK,5409,e18e45465d66da1a1d5ce8bf960947a235eea0efafd8fba7a5a911cc6fa5d1d4,aquatic_plant_images\Ranunculus_aquatilis\Ranunculus_aquatilis_iNaturalist_706699580.jpg
iNaturalist,Ranunculus aquatilis,https://inaturalist-open-data.s3.amazonaws.com/photos/706699583/square.jpg,cc-by,True,,,,,38.55896682,-106.94274933,2026-07-28,,385997601,706699583,downloaded,OK,4883,16853b4d112ff37a403b405ffd0fca6f709d99896a40bd466eacd11947bc195d,aquatic_plant_images\Ranunculus_aquatilis\Ranunculus_aquatilis_iNaturalist_706699583.jpg
iNaturalist,Ranunculus aquatilis,https://inaturalist-open-data.s3.amazonaws.com/photos/706510505/square.jpg,cc-by,True,,,,,47.6214714997,102.0052404,2026-07-28,,385895720,706510505,downloaded,OK,7551,9818b382d406bd84c9b9351c1943edb0e3c395629999539d428a9146239008d4,aquatic_plant_images\Ranunculus_aquatilis\Ranunculus_aquatilis_iNaturalist_706510505.jpg
iNaturalist,Ranunculus aquatilis,https://inaturalist-open-data.s3.amazonaws.com/photos/706510540/square.jpg,cc-by,True,,,,,47.6214714997,102.0052404,2026-07-28,,385895720,706510540,downloaded,OK,7747,1b3ac39737c3189243f6d9c9f30e5351f4de91086e332cc0228ea05cbb01c5a0,aquatic_plant_images\Ranunculus_aquatilis\Ranunculus_aquatilis_iNaturalist_706510540.jpg
iNaturalist,Ranunculus aquatilis,https://inaturalist-open-data.s3.amazonaws.com/photos/706510569/square.jpg,cc-by,True,,,,,47.6214714997,102.0052404,2026-07-28,,385895720,706510569,downloaded,OK,7798,c3294e6b1011978b81afa065edf24123e9e13d094c0d1602639e5cf4723289a8,aquatic_plant_images\Ranunculus_aquatilis\Ranunculus_aquatilis_iNaturalist_706510569.jpg
iNaturalist,Ranunculus aquatilis,https://inaturalist-open-data.s3.amazonaws.com/photos/705673544/square.jpg,cc-by-nc,True,,,,,40.4973351418,-121.4241802008,2026-07-26,,385461896,705673544,downloaded,OK,6203,7cf8bb2a7831ccbbd1b120892cea8ac6efbc181ef4ca42e46fab62a109e35573,aquatic_plant_images\Ranunculus_aquatilis\Ranunculus_aquatilis_iNaturalist_705673544.jpg
iNaturalist,Ranunculus aquatilis,https://inaturalist-open-data.s3.amazonaws.com/photos/705673608/square.jpg,cc-by-nc,True,,,,,40.4973351418,-121.4241802008,2026-07-26,,385461896,705673608,downloaded,OK,6183,72a931c57aef0f6edca562901c0cceff0646449cc314329f65fc2e06a69b378f,aquatic_plant_images\Ranunculus_aquatilis\Ranunculus_aquatilis_iNaturalist_705673608.jpg
iNaturalist,Ranunculus aquatilis,https://inaturalist-open-data.s3.amazonaws.com/photos/705673647/square.jpg,cc-by-nc,True,,,,,40.4973351418,-121.4241802008,2026-07-26,,385461896,705673647,downloaded,OK,5320,7f536ffa7cd312e37c8f9a385842f89f8f16f0a053f6d69904a153267efa3461,aquatic_plant_images\Ranunculus_aquatilis\Ranunculus_aquatilis_iNaturalist_705673647.jpg
iNaturalist,Ranunculus aquatilis,https://inaturalist-open-data.s3.amazonaws.com/photos/705673726/square.jpg,cc-by-nc,True,,,,,40.4973351418,-121.4241802008,2026-07-26,,385461896,705673726,downloaded,OK,6238,a49b81c7012bc1bfce8778114587d4b16d6d10833ed0ea1fe28490b9a19d740e,aquatic_plant_images\Ranunculus_aquatilis\Ranunculus_aquatilis_iNaturalist_705673726.jpg
iNaturalist,Ranunculus aquatilis,https://inaturalist-open-data.s3.amazonaws.com/photos/705673782/square.jpg,cc-by-nc,True,,,,,40.4973351418,-121.4241802008,2026-07-26,,385461896,705673782,downloaded,OK,5104,d9e729fce1284357d0e626d121a2b58e5c741cf22c61c5ec0ca426b896b2f05d,aquatic_plant_images\Ranunculus_aquatilis\Ranunculus_aquatilis_iNaturalist_705673782.jpg
iNaturalist,Ranunculus aquatilis,https://inaturalist-open-data.s3.amazonaws.com/photos/705673825/square.jpg,cc-by-nc,True,,,,,40.4973351418,-121.4241802008,2026-07-26,,385461896,705673825,downloaded,OK,6110,63f91d37cc7737919ee3a0e0b06d5ade5e3e9a7ad7df2a87cb18476fadf920aa,aquatic_plant_images\Ranunculus_aquatilis\Ranunculus_aquatilis_iNaturalist_705673825.jpg
iNaturalist,Ranunculus aquatilis,https://inaturalist-open-data.s3.amazonaws.com/photos/705673865/square.jpg,cc-by-nc,True,,,,,40.4973351418,-121.4241802008,2026-07-26,,385461896,705673865,downloaded,OK,5223,c477ea451c2d0994d911acdb4296c1665c304a6e633d1c1dc37ed764f19341df,aquatic_plant_images\Ranunculus_aquatilis\Ranunculus_aquatilis_iNaturalist_705673865.jpg
iNaturalist,Ranunculus aquatilis,https://inaturalist-open-data.s3.amazonaws.com/photos/705556183/square.jpg,cc-by-nc,True,,,,,61.5186555556,30.2061805556,2026-07-26,,385401859,705556183,downloaded,OK,6943,815cb29513685c3a8413c02e4a893b0e468aa643b7ae4f9b36dbf2c40c2317e8,aquatic_plant_images\Ranunculus_aquatilis\Ranunculus_aquatilis_iNaturalist_705556183.jpg
iNaturalist,Ranunculus aquatilis,https://inaturalist-open-data.s3.amazonaws.com/photos/705556290/square.jpg,cc-by-nc,True,,,,,61.5186555556,30.2061805556,2026-07-26,,385401859,705556290,downloaded,OK,6074,50f1064ff805989b46cc3a72237990185d66bca0c16e554730ea52046b969099,aquatic_plant_images\Ranunculus_aquatilis\Ranunculus_aquatilis_iNaturalist_705556290.jpg
iNaturalist,Ranunculus aquatilis,https://static.inaturalist.org/photos/697775150/square.jpg,,False,,,,,45.6002216667,7.5247166667,2026-07-09,,381352826,697775150,downloaded,OK,5507,add5e69e5885df952126299f9e5754a4a795e9e65cea509100abab3e958316c7,aquatic_plant_images\Ranunculus_aquatilis\Ranunculus_aquatilis_iNaturalist_697775150.jpg
iNaturalist,Ranunculus aquatilis,https://static.inaturalist.org/photos/686087769/square.jpg,,False,,,,,48.994734,24.340862,2026-06-25,,375308812,686087769,downloaded,OK,8004,618c7f9b87a4e80e30ad0fc42168e1cdfacba77266606d5b89dfbd017667f8df,aquatic_plant_images\Ranunculus_aquatilis\Ranunculus_aquatilis_iNaturalist_686087769.jpg
iNaturalist,Ranunculus aquatilis,https://static.inaturalist.org/photos/686076226/square.jpg,,False,,,,,48.994841,24.341443,2026-06-25,,375303132,686076226,downloaded,OK,7988,8bd98e2b9169b33b89a99254a599cafe92edd37c1c94dbce730874ea169d0a60,aquatic_plant_images\Ranunculus_aquatilis\Ranunculus_aquatilis_iNaturalist_686076226.jpg
iNaturalist,Ranunculus aquatilis,https://static.inaturalist.org/photos/686076373/square.jpg,,False,,,,,48.994841,24.341443,2026-06-25,,375303132,686076373,downloaded,OK,8152,0ef34ce1adb30400a288a9f699e046edf6013ed8be21148a889f8852a7d7e4be,aquatic_plant_images\Ranunculus_aquatilis\Ranunculus_aquatilis_iNaturalist_686076373.jpg
iNaturalist,Ranunculus aquatilis,https://inaturalist-open-data.s3.amazonaws.com/photos/683712884/square.jpg,cc-by-nc,True,,,,,50.0349750837,15.3291829303,2026-06-21,,374085342,683712884,downloaded,OK,8687,b80eda6e692c09af6dacb951ac37520418d53c9561fe9d225a41f61d5ed58b7e,aquatic_plant_images\Ranunculus_aquatilis\Ranunculus_aquatilis_iNaturalist_683712884.jpg
iNaturalist,Ranunculus aquatilis,https://inaturalist-open-data.s3.amazonaws.com/photos/683712952/square.jpg,cc-by-nc,True,,,,,50.0349750837,15.3291829303,2026-06-21,,374085342,683712952,downloaded,OK,8572,9286620b055c58284bf23d45c7e6f90942ba9e9999ddba6b7f03c83bc670a356,aquatic_plant_images\Ranunculus_aquatilis\Ranunculus_aquatilis_iNaturalist_683712952.jpg
iNaturalist,Ranunculus aquatilis,https://static.inaturalist.org/photos/683599001/square.jpg,,False,,,,,50.0349739389,15.3292882278,2026-06-21,,374024912,683599001,downloaded,OK,8849,175ee60633738495461c24c33ae2c8c2ac3253a0ebf53f6d5b39b7cfc1218767,aquatic_plant_images\Ranunculus_aquatilis\Ranunculus_aquatilis_iNaturalist_683599001.jpg
iNaturalist,Ranunculus aquatilis,https://static.inaturalist.org/photos/683599091/square.jpg,,False,,,,,50.0349739389,15.3292882278,2026-06-21,,374024912,683599091,downloaded,OK,8821,3c947f99c1e671b31c03be6178c849ef2b8e0288ee980cd3231e4e700129974d,aquatic_plant_images\Ranunculus_aquatilis\Ranunculus_aquatilis_iNaturalist_683599091.jpg
iNaturalist,Ranunculus aquatilis,https://static.inaturalist.org/photos/683599246/square.jpg,,False,,,,,50.0349739389,15.3292882278,2026-06-21,,374024912,683599246,downloaded,OK,8665,7a4a5042ccdcbe9e63ecbb0e6c17f46ec2318abb7cf6932a8ad33c9966429dba,aquatic_plant_images\Ranunculus_aquatilis\Ranunculus_aquatilis_iNaturalist_683599246.jpg
iNaturalist,Ranunculus aquatilis,https://inaturalist-open-data.s3.amazonaws.com/photos/683412944/square.jpg,cc-by-nc,True,,,,,50.034692107,15.3278173506,2026-06-21,,373926701,683412944,downloaded,OK,8428,fa3f2037ab35b28293d7d9bc07d04ddfd494c25684700550de20970b9d701252,aquatic_plant_images\Ranunculus_aquatilis\Ranunculus_aquatilis_iNaturalist_683412944.jpg
iNaturalist,Ranunculus aquatilis,https://inaturalist-open-data.s3.amazonaws.com/photos/683413029/square.jpg,cc-by-nc,True,,,,,50.034692107,15.3278173506,2026-06-21,,373926701,683413029,downloaded,OK,8393,585f19104785a87062818ba8371c1523b73628b71a9b77f6820630cf68ffc313,aquatic_plant_images\Ranunculus_aquatilis\Ranunculus_aquatilis_iNaturalist_683413029.jpg
iNaturalist,Ranunculus aquatilis,https://inaturalist-open-data.s3.amazonaws.com/photos/683413169/square.jpg,cc-by-nc,True,,,,,50.034692107,15.3278173506,2026-06-21,,373926701,683413169,downloaded,OK,7364,58435896fb6384938489fa0129f966a00c226bf183591efbfe8a860be78088fd,aquatic_plant_images\Ranunculus_aquatilis\Ranunculus_aquatilis_iNaturalist_683413169.jpg
iNaturalist,Ranunculus aquatilis,https://inaturalist-open-data.s3.amazonaws.com/photos/683413652/square.jpg,cc-by-nc,True,,,,,50.034692107,15.3278173506,2026-06-21,,373926701,683413652,downloaded,OK,8496,1c6af5526201a2cc746c7abbd5f1cdc41f084724913a10df71034382f67c9476,aquatic_plant_images\Ranunculus_aquatilis\Ranunculus_aquatilis_iNaturalist_683413652.jpg
iNaturalist,Ranunculus aquatilis,https://inaturalist-open-data.s3.amazonaws.com/photos/683414613/square.jpg,cc-by-nc,True,,,,,50.034692107,15.3278173506,2026-06-21,,373926701,683414613,downloaded,OK,8273,76d577781289aa6dfb7ed850e80ef505a7aba5ba3d34a623ee1d858313cbcfe8,aquatic_plant_images\Ranunculus_aquatilis\Ranunculus_aquatilis_iNaturalist_683414613.jpg
iNaturalist,Ranunculus aquatilis,https://inaturalist-open-data.s3.amazonaws.com/photos/683408106/square.jpg,cc-by-nc,True,,,,,50.0349552711,15.3293666616,2026-06-21,,373924019,683408106,downloaded,OK,8831,22819ff40b8acdb8c0e17fbf406056c6d925afc5b0cfd3f14f02735f72953498,aquatic_plant_images\Ranunculus_aquatilis\Ranunculus_aquatilis_iNaturalist_683408106.jpg
iNaturalist,Ranunculus aquatilis,https://inaturalist-open-data.s3.amazonaws.com/photos/683408143/square.jpg,cc-by-nc,True,,,,,50.0349552711,15.3293666616,2026-06-21,,373924019,683408143,downloaded,OK,8448,b965b197745fc1990a5c50a45a1f086eb27b130e046276ec4f17cb73ccb8d017,aquatic_plant_images\Ranunculus_aquatilis\Ranunculus_aquatilis_iNaturalist_683408143.jpg
iNaturalist,Ranunculus aquatilis,https://inaturalist-open-data.s3.amazonaws.com/photos/683408196/square.jpg,cc-by-nc,True,,,,,50.0349552711,15.3293666616,2026-06-21,,373924019,683408196,downloaded,OK,8573,87a24b0b41a4efab917ec88f65e34c20fd51ce621e20b1d4194ba008dcae0e9b,aquatic_plant_images\Ranunculus_aquatilis\Ranunculus_aquatilis_iNaturalist_683408196.jpg
iNaturalist,Ranunculus aquatilis,https://inaturalist-open-data.s3.amazonaws.com/photos/683408249/square.jpg,cc-by-nc,True,,,,,50.0349552711,15.3293666616,2026-06-21,,373924019,683408249,downloaded,OK,8558,4b29e750fd829671ff5caebbade4841ae9d6901dca6f7cb50eb99d8673ab8d15,aquatic_plant_images\Ranunculus_aquatilis\Ranunculus_aquatilis_iNaturalist_683408249.jpg
iNaturalist,Ranunculus aquatilis,https://inaturalist-open-data.s3.amazonaws.com/photos/683408303/square.jpg,cc-by-nc,True,,,,,50.0349552711,15.3293666616,2026-06-21,,373924019,683408303,downloaded,OK,8685,5b3a42ab290ce4272babcd2330f2fd87e87cc9cd1816c4382a206a799d9d9f8b,aquatic_plant_images\Ranunculus_aquatilis\Ranunculus_aquatilis_iNaturalist_683408303.jpg
iNaturalist,Ranunculus aquatilis,https://inaturalist-open-data.s3.amazonaws.com/photos/683408357/square.jpg,cc-by-nc,True,,,,,50.0349552711,15.3293666616,2026-06-21,,373924019,683408357,downloaded,OK,8982,0b1d4e462484f3d55ff51cd9f4ab2b3f96dc7767103866c242d8c51b1aa33cb1,aquatic_plant_images\Ranunculus_aquatilis\Ranunculus_aquatilis_iNaturalist_683408357.jpg
iNaturalist,Ranunculus aquatilis,https://inaturalist-open-data.s3.amazonaws.com/photos/683408718/square.jpg,cc-by-nc,True,,,,,50.0349552711,15.3293666616,2026-06-21,,373924019,683408718,downloaded,OK,8835,a06bc389376f21c5379142ef468848fcc2e92b1858c16afd4f35fc06dc960ab6,aquatic_plant_images\Ranunculus_aquatilis\Ranunculus_aquatilis_iNaturalist_683408718.jpg
iNaturalist,Ranunculus aquatilis,https://inaturalist-open-data.s3.amazonaws.com/photos/683408776/square.jpg,cc-by-nc,True,,,,,50.0349552711,15.3293666616,2026-06-21,,373924019,683408776,downloaded,OK,8522,aa14b93b925801f2bda8998fec4e1fa280d7b4a3daca8751604db0d6c68efc57,aquatic_plant_images\Ranunculus_aquatilis\Ranunculus_aquatilis_iNaturalist_683408776.jpg
iNaturalist,Ranunculus aquatilis,https://static.inaturalist.org/photos/683239976/square.jpg,,False,,,,,50.034931,15.329269,2026-06-21,,373837405,683239976,downloaded,OK,7903,9f76d2319ea4fc3ae45f78680b2a1a752efd866617f4b5c719555f7ef78c8d23,aquatic_plant_images\Ranunculus_aquatilis\Ranunculus_aquatilis_iNaturalist_683239976.jpg
iNaturalist,Ranunculus aquatilis,https://static.inaturalist.org/photos/683240053/square.jpg,,False,,,,,50.034931,15.329269,2026-06-21,,373837405,683240053,downloaded,OK,8908,5822598300045b3f07633c678dc7b611a51c5a6c6631a714c4eff993bc2b9b42,aquatic_plant_images\Ranunculus_aquatilis\Ranunculus_aquatilis_iNaturalist_683240053.jpg
iNaturalist,Ranunculus aquatilis,https://static.inaturalist.org/photos/683240102/square.jpg,,False,,,,,50.034931,15.329269,2026-06-21,,373837405,683240102,downloaded,OK,8745,8c818750fe55bda6adc2a379188159d623efd53c404ba4dc0449afb13c35de4e,aquatic_plant_images\Ranunculus_aquatilis\Ranunculus_aquatilis_iNaturalist_683240102.jpg
iNaturalist,Ranunculus aquatilis,https://static.inaturalist.org/photos/683240134/square.jpg,,False,,,,,50.034931,15.329269,2026-06-21,,373837405,683240134,downloaded,OK,8741,123b7989d131535af48b81419d89a16bb83e8e19b9b79821d2ae5fdbe23fc925,aquatic_plant_images\Ranunculus_aquatilis\Ranunculus_aquatilis_iNaturalist_683240134.jpg
iNaturalist,Ranunculus aquatilis,https://static.inaturalist.org/photos/683240172/square.jpg,,False,,,,,50.034931,15.329269,2026-06-21,,373837405,683240172,downloaded,OK,8849,48db930c7af72b8766ad154894ad59a91c9cb57581a87aedb782e3fb171043f7,aquatic_plant_images\Ranunculus_aquatilis\Ranunculus_aquatilis_iNaturalist_683240172.jpg
iNaturalist,Ranunculus aquatilis,https://inaturalist-open-data.s3.amazonaws.com/photos/680376435/square.jpg,cc-by-nc,True,,,,,54.7350305011,11.366975237,2026-06-16,,372341139,680376435,downloaded,OK,13696,ef9035208f068dd879a7b885f225a3674d8d566a9f982da095023afa35b955f4,aquatic_plant_images\Ranunculus_aquatilis\Ranunculus_aquatilis_iNaturalist_680376435.jpg
iNaturalist,Vallisneria americana,https://inaturalist-open-data.s3.amazonaws.com/photos/743331088/square.jpg,cc-by-nc,True,,,,,43.5084,-73.7741783333,2026-09-30,,404747333,743331088,downloaded,OK,4040,8842165ab1eaad9d6fb807328ad88e1a2111773fe279aef62d62711d7710ff71,aquatic_plant_images\Vallisneria_americana\Vallisneria_americana_iNaturalist_743331088.jpg
iNaturalist,Vallisneria americana,https://inaturalist-open-data.s3.amazonaws.com/photos/743330999/square.jpg,cc-by-nc,True,,,,,43.5084,-73.7741783333,2026-09-30,,404747333,743330999,downloaded,OK,3665,2dca95fc4a8c0584c7a01b48e74096fadde932d0c802d24e9a6ebf2d84d92816,aquatic_plant_images\Vallisneria_americana\Vallisneria_americana_iNaturalist_743330999.jpg
iNaturalist,Vallisneria americana,https://inaturalist-open-data.s3.amazonaws.com/photos/743331043/square.jpg,cc-by-nc,True,,,,,43.5084,-73.7741783333,2026-09-30,,404747333,743331043,downloaded,OK,3659,bbb64f359c51e99d59d2ed42fa82cb9e8dd153a69e4b30cbf2c81e8aa90a0dbd,aquatic_plant_images\Vallisneria_americana\Vallisneria_americana_iNaturalist_743331043.jpg
iNaturalist,Vallisneria americana,https://inaturalist-open-data.s3.amazonaws.com/photos/743101745/square.jpg,cc-by-nc,True,,,,,44.1260721667,-77.3221583333,2026-09-29,,404628298,743101745,downloaded,OK,4386,9cfe9d742df2924e681e6e758908deb1c3ed31d7ec1653a71159150453191b74,aquatic_plant_images\Vallisneria_americana\Vallisneria_americana_iNaturalist_743101745.jpg
iNaturalist,Vallisneria americana,https://inaturalist-open-data.s3.amazonaws.com/photos/743101787/square.jpg,cc-by-nc,True,,,,,44.1260721667,-77.3221583333,2026-09-29,,404628298,743101787,downloaded,OK,4418,4db3b0235088713ca05167626201af3bc6660228115d883b324c9d357311d5e8,aquatic_plant_images\Vallisneria_americana\Vallisneria_americana_iNaturalist_743101787.jpg
iNaturalist,Vallisneria americana,https://inaturalist-open-data.s3.amazonaws.com/photos/743101816/square.jpg,cc-by-nc,True,,,,,44.1260721667,-77.3221583333,2026-09-29,,404628298,743101816,downloaded,OK,4543,1f9049cc3c44f47d9b57412ef698789f155ae3d56000977be7cf9af1fbfb0be6,aquatic_plant_images\Vallisneria_americana\Vallisneria_americana_iNaturalist_743101816.jpg
iNaturalist,Vallisneria americana,https://inaturalist-open-data.s3.amazonaws.com/photos/741725745/square.jpg,cc-by-nc,True,,,,,48.1594399595,-89.9407928673,2026-08-27,,403939326,741725745,downloaded,OK,2409,895cad333df62caf013beddc20400793f5e6b8a8f1eed286454f69a087431acd,aquatic_plant_images\Vallisneria_americana\Vallisneria_americana_iNaturalist_741725745.jpg
iNaturalist,Vallisneria americana,https://inaturalist-open-data.s3.amazonaws.com/photos/741726758/square.jpg,cc-by-nc,True,,,,,48.1594399595,-89.9407928673,2026-08-27,,403939326,741726758,downloaded,OK,2302,d09fc1b7ac6d286c1db12f935f33cd224f958d8a78ed1066b0b75d50dec2e5e2,aquatic_plant_images\Vallisneria_americana\Vallisneria_americana_iNaturalist_741726758.jpg
iNaturalist,Vallisneria americana,https://inaturalist-open-data.s3.amazonaws.com/photos/741726788/square.jpg,cc-by-nc,True,,,,,48.1594399595,-89.9407928673,2026-08-27,,403939326,741726788,downloaded,OK,2917,187fe07b4ff550377fe8cba560c2dbe56873994c69d915a5fbf8e229d7f8fc41,aquatic_plant_images\Vallisneria_americana\Vallisneria_americana_iNaturalist_741726788.jpg
iNaturalist,Vallisneria americana,https://inaturalist-open-data.s3.amazonaws.com/photos/741726802/square.jpg,cc-by-nc,True,,,,,48.1594399595,-89.9407928673,2026-08-27,,403939326,741726802,downloaded,OK,2250,e5c33906817f7a64817b4f48a576891f8cb7ecebe89989bc6a67bbd40389131e,aquatic_plant_images\Vallisneria_americana\Vallisneria_americana_iNaturalist_741726802.jpg
iNaturalist,Vallisneria americana,https://inaturalist-open-data.s3.amazonaws.com/photos/741726826/square.jpg,cc-by-nc,True,,,,,48.1594399595,-89.9407928673,2026-08-27,,403939326,741726826,downloaded,OK,1859,e450f98177f6c4dcd313327f14d0a8a1348c4960003b6352c82c7d1296ffcd21,aquatic_plant_images\Vallisneria_americana\Vallisneria_americana_iNaturalist_741726826.jpg
iNaturalist,Vallisneria americana,https://inaturalist-open-data.s3.amazonaws.com/photos/741726828/square.jpg,cc-by-nc,True,,,,,48.1594399595,-89.9407928673,2026-08-27,,403939326,741726828,downloaded,OK,2504,010c10edf9c4ef2011d9d2bf824e4412f827a99991f71d6c152c3c0b6232b90b,aquatic_plant_images\Vallisneria_americana\Vallisneria_americana_iNaturalist_741726828.jpg
iNaturalist,Vallisneria americana,https://inaturalist-open-data.s3.amazonaws.com/photos/741726829/square.jpg,cc-by-nc,True,,,,,48.1594399595,-89.9407928673,2026-08-27,,403939326,741726829,downloaded,OK,2648,d8445f049dac1eb79907d21bb1c8130bf5c6bd2eba8fc2a107267c7fbce653c7,aquatic_plant_images\Vallisneria_americana\Vallisneria_americana_iNaturalist_741726829.jpg
iNaturalist,Vallisneria americana,https://inaturalist-open-data.s3.amazonaws.com/photos/741726833/square.jpg,cc-by-nc,True,,,,,48.1594399595,-89.9407928673,2026-08-27,,403939326,741726833,downloaded,OK,3114,a06c70e8d9bc7be4d0b2b7287c0e98f3d8ed29c8e57698ee413c66a51ca5e190,aquatic_plant_images\Vallisneria_americana\Vallisneria_americana_iNaturalist_741726833.jpg
iNaturalist,Vallisneria americana,https://inaturalist-open-data.s3.amazonaws.com/photos/741650223/square.jpg,cc-by,True,,,,,43.0871277778,-89.4243916667,2026-09-26,,403912020,741650223,downloaded,OK,5078,db8bff99c6551ec2f761d88d1584a8bb5ef4a3461f4bfa661d0befd530920354,aquatic_plant_images\Vallisneria_americana\Vallisneria_americana_iNaturalist_741650223.jpg
iNaturalist,Vallisneria americana,https://inaturalist-open-data.s3.amazonaws.com/photos/741586512/square.jpg,cc-by-nc-nd,True,,,,,43.0885153972,-89.4162570326,2026-09-26,,403878028,741586512,downloaded,OK,7196,4063ccc3dc797e0302c5110e4b9691d4584accb720c3d5c0b650f3ab63075ab5,aquatic_plant_images\Vallisneria_americana\Vallisneria_americana_iNaturalist_741586512.jpg
iNaturalist,Vallisneria americana,https://inaturalist-open-data.s3.amazonaws.com/photos/741075557/square.jpg,cc-by-nc,True,,,,,43.0890619276,-89.4153931133,2026-09-26,,403611288,741075557,downloaded,OK,11524,818938b3e28d6368c5a3960186b1f2beba19ba8c122a65ee747f10008b0f6319,aquatic_plant_images\Vallisneria_americana\Vallisneria_americana_iNaturalist_741075557.jpg
iNaturalist,Vallisneria americana,https://inaturalist-open-data.s3.amazonaws.com/photos/741075526/square.jpg,cc-by-nc,True,,,,,43.0890619276,-89.4153931133,2026-09-26,,403611288,741075526,downloaded,OK,11878,acb76612c3ff96c588fe73c309a30f01ddc938ff9c1f21875c7a7df4bb6e407f,aquatic_plant_images\Vallisneria_americana\Vallisneria_americana_iNaturalist_741075526.jpg
iNaturalist,Vallisneria americana,https://inaturalist-open-data.s3.amazonaws.com/photos/741075530/square.jpg,cc-by-nc,True,,,,,43.0890619276,-89.4153931133,2026-09-26,,403611288,741075530,downloaded,OK,12369,d79c2b0831634e887687f315ac7e57084445410b0b204eebe9c46140fd636a49,aquatic_plant_images\Vallisneria_americana\Vallisneria_americana_iNaturalist_741075530.jpg
iNaturalist,Vallisneria americana,https://inaturalist-open-data.s3.amazonaws.com/photos/741075502/square.jpg,cc-by-nc,True,,,,,43.0890619276,-89.4153931133,2026-09-26,,403611288,741075502,downloaded,OK,10904,679eb82e1e7971cb23fb92a6db793268d2d3fc3ee79e59d4af81019845a90eaa,aquatic_plant_images\Vallisneria_americana\Vallisneria_americana_iNaturalist_741075502.jpg
iNaturalist,Vallisneria americana,https://inaturalist-open-data.s3.amazonaws.com/photos/741075556/square.jpg,cc-by-nc,True,,,,,43.0890619276,-89.4153931133,2026-09-26,,403611288,741075556,downloaded,OK,12436,88bbb70786e537077dcfdb6e8a4d0a16290a13f39e0986754bbffbba4330e2d7,aquatic_plant_images\Vallisneria_americana\Vallisneria_americana_iNaturalist_741075556.jpg
iNaturalist,Vallisneria americana,https://inaturalist-open-data.s3.amazonaws.com/photos/740982955/square.jpg,cc-by-nc,True,,,,,43.0884255494,-89.4261160748,2026-09-26,,403562423,740982955,downloaded,OK,13877,1a34cfc863188bc259b8bc75b397424dc9bb38874a4f52fbddb33dd73dd202b3,aquatic_plant_images\Vallisneria_americana\Vallisneria_americana_iNaturalist_740982955.jpg
iNaturalist,Vallisneria americana,https://static.inaturalist.org/photos/740752836/square.jpg,,False,,,,,43.8143766267,-79.0799385309,2026-09-25,,403443535,740752836,downloaded,OK,5881,806c936c2964e7178af1e43066a1abd0bb7516a28c4b3161f7c2a9c8d2a6a942,aquatic_plant_images\Vallisneria_americana\Vallisneria_americana_iNaturalist_740752836.jpg
iNaturalist,Vallisneria americana,https://inaturalist-open-data.s3.amazonaws.com/photos/740689440/square.jpg,cc-by-nc,True,,,,,44.332625,-78.72798,2026-09-23,,403412914,740689440,downloaded,OK,11698,ab9f8f25332d0cbed96eee04aefad7c6d5a8db7ced840db797a1d0d62c3a120e,aquatic_plant_images\Vallisneria_americana\Vallisneria_americana_iNaturalist_740689440.jpg
iNaturalist,Vallisneria americana,https://inaturalist-open-data.s3.amazonaws.com/photos/740602963/square.jpg,cc-by-nc,True,,,,,42.8814638889,-75.7126388889,2026-09-25,,403370250,740602963,downloaded,OK,7382,9bd9ac22a87e253782c21de539df5a1a693cdfaa83b51ca67f9b2be1dfdce33a,aquatic_plant_images\Vallisneria_americana\Vallisneria_americana_iNaturalist_740602963.jpg
iNaturalist,Vallisneria americana,https://static.inaturalist.org/photos/738088993/square.jpg,,False,,,,,45.9175716667,-89.4306116667,2026-09-19,,402082915,738088993,downloaded,OK,4369,b268a161e00b83b199ed102ebeee0406eef85c01dd9869958af5c1ab93fa71b9,aquatic_plant_images\Vallisneria_americana\Vallisneria_americana_iNaturalist_738088993.jpg
iNaturalist,Vallisneria americana,https://inaturalist-open-data.s3.amazonaws.com/photos/737814296/square.jpg,cc-by-nc,True,,,,,44.4822424748,-77.6857811153,2026-09-20,,401949295,737814296,downloaded,OK,4246,435d0fde9203ecc6400e95946f56555f473b168d5c0da508110bc423845d9100,aquatic_plant_images\Vallisneria_americana\Vallisneria_americana_iNaturalist_737814296.jpg
iNaturalist,Vallisneria americana,https://inaturalist-open-data.s3.amazonaws.com/photos/737686464/square.jpg,cc-by-nc,True,,,,,44.5265832288,-78.724927646,2026-08-25,,401884443,737686464,downloaded,OK,10949,561b11f5d21e426ad19133734ad7ab669c35cffae7842c5351e7205d40245b4d,aquatic_plant_images\Vallisneria_americana\Vallisneria_americana_iNaturalist_737686464.jpg
iNaturalist,Vallisneria americana,https://inaturalist-open-data.s3.amazonaws.com/photos/737316818/square.jpg,cc-by,True,,,,,42.790905,-74.8693,2026-09-19,,401699458,737316818,downloaded,OK,5675,2c0c067a4ed264e56c4daff4600e63a30727aa3f3650b55633f978cf6b6fe64f,aquatic_plant_images\Vallisneria_americana\Vallisneria_americana_iNaturalist_737316818.jpg
iNaturalist,Vallisneria americana,https://inaturalist-open-data.s3.amazonaws.com/photos/737849999/square.jpg,cc-by-nc,True,,,,,44.1455879211,-78.8496551514,2026-09-19,,401656420,737849999,downloaded,OK,11143,4d2172cf371899b352d76ef9060e57e11031baadfcf99537ba1bea6877b8dada,aquatic_plant_images\Vallisneria_americana\Vallisneria_americana_iNaturalist_737849999.jpg
iNaturalist,Vallisneria americana,https://static.inaturalist.org/photos/736380316/square.jpg,,False,,,,,44.5776972,-78.0770449997,2026-09-05,,401217778,736380316,downloaded,OK,2221,f43584dfd0531a3d337f9437f9262411c44e36e7a7f36829cd4844ca238714a2,aquatic_plant_images\Vallisneria_americana\Vallisneria_americana_iNaturalist_736380316.jpg
iNaturalist,Vallisneria americana,https://static.inaturalist.org/photos/736380392/square.jpg,,False,,,,,44.5776972,-78.0770449997,2026-09-05,,401217778,736380392,downloaded,OK,2228,a5a1ec8041a6f080a5fa990c706c0f4149e44ed0cbbb4d29d5f9cd2b583d0668,aquatic_plant_images\Vallisneria_americana\Vallisneria_americana_iNaturalist_736380392.jpg
iNaturalist,Vallisneria americana,https://inaturalist-open-data.s3.amazonaws.com/photos/736230965/square.jpg,cc-by-nc,True,,,,,30.6755883333,-87.9672866667,2026-09-16,,401138923,736230965,downloaded,OK,5266,01df16d87ca46ee64c0200ccced3e52e0e56383e63da34086d40e037159c3f30,aquatic_plant_images\Vallisneria_americana\Vallisneria_americana_iNaturalist_736230965.jpg
iNaturalist,Vallisneria americana,https://inaturalist-open-data.s3.amazonaws.com/photos/736231060/square.jpg,cc-by-nc,True,,,,,30.6755883333,-87.9672866667,2026-09-16,,401138923,736231060,downloaded,OK,4847,60da2c6d5cf34ed3064983e28c90fcf64a539eba368fe504467dc02d103ba2ff,aquatic_plant_images\Vallisneria_americana\Vallisneria_americana_iNaturalist_736231060.jpg
iNaturalist,Vallisneria americana,https://inaturalist-open-data.s3.amazonaws.com/photos/736224676/square.jpg,cc0,True,,,,,44.4603033333,-92.2819916667,2026-09-17,,401138816,736224676,downloaded,OK,6681,72e04abe16d5ae091a866afcfe2d73162a2e3bb0bce05ea1fc6642a7171a302e,aquatic_plant_images\Vallisneria_americana\Vallisneria_americana_iNaturalist_736224676.jpg
iNaturalist,Vallisneria americana,https://inaturalist-open-data.s3.amazonaws.com/photos/734689858/square.jpg,cc-by-nc,True,,,,,37.7334762881,-78.6446174487,2026-09-10,,400868264,734689858,downloaded,OK,14624,31d1a4369ecdb415245581abb285d586c9b22681891c355696252a064630a2ce,aquatic_plant_images\Vallisneria_americana\Vallisneria_americana_iNaturalist_734689858.jpg
iNaturalist,Vallisneria americana,https://inaturalist-open-data.s3.amazonaws.com/photos/735575969/square.jpg,cc-by-nc,True,,,,,44.1289471667,-78.3069533333,2026-09-16,,400809886,735575969,downloaded,OK,12446,524cbc8fd45e571af9cf1ce48f06fad88f913346f785be966114873ece0b6be5,aquatic_plant_images\Vallisneria_americana\Vallisneria_americana_iNaturalist_735575969.jpg
iNaturalist,Vallisneria americana,https://inaturalist-open-data.s3.amazonaws.com/photos/735575912/square.jpg,cc-by-nc,True,,,,,44.1289471667,-78.3069533333,2026-09-16,,400809886,735575912,downloaded,OK,12588,018cb674f1fa42b54804b59b6da49e9e7609e5f04289db79c692dbfe2ee2225f,aquatic_plant_images\Vallisneria_americana\Vallisneria_americana_iNaturalist_735575912.jpg
iNaturalist,Vallisneria americana,https://inaturalist-open-data.s3.amazonaws.com/photos/735506004/square.jpg,cc-by-nc,True,,,,,42.8740154905,-75.5747345942,2026-09-16,,400775148,735506004,downloaded,OK,10494,4c8ee04186617ea9531fa447e07f924b14eaf1a192edee36190c6a960422032e,aquatic_plant_images\Vallisneria_americana\Vallisneria_americana_iNaturalist_735506004.jpg
iNaturalist,Vallisneria americana,https://inaturalist-open-data.s3.amazonaws.com/photos/735431785/square.jpg,cc-by-nc,True,,,,,42.0354148575,-80.0668196727,2026-09-15,,400739295,735431785,downloaded,OK,4931,c5c7d02920dfabf41a0c56077ecfb5265f50fc2a7878096b901ea39fb8683f38,aquatic_plant_images\Vallisneria_americana\Vallisneria_americana_iNaturalist_735431785.jpg
iNaturalist,Vallisneria americana,https://inaturalist-open-data.s3.amazonaws.com/photos/734148830/square.jpg,cc-by-nc,True,,,,,42.8813866667,-75.7121366667,2026-09-13,,400102196,734148830,downloaded,OK,10156,37e08dfc1e7a611ce5fcbcb1e64d04ad5449dfcd8ff1ecfb2a85f410b3f46c92,aquatic_plant_images\Vallisneria_americana\Vallisneria_americana_iNaturalist_734148830.jpg
iNaturalist,Vallisneria americana,https://inaturalist-open-data.s3.amazonaws.com/photos/734099677/square.jpg,cc-by-nc,True,,,,,42.8813783333,-75.7121366667,2026-09-13,,400078684,734099677,downloaded,OK,10776,29be293920500890fc0004eebd57427e4ece83f8ffefc173d3599d3e2b9ca4ea,aquatic_plant_images\Vallisneria_americana\Vallisneria_americana_iNaturalist_734099677.jpg
iNaturalist,Vallisneria americana,https://inaturalist-open-data.s3.amazonaws.com/photos/732693378/square.jpg,cc0,True,,,,,44.5301860747,-73.2733695138,2026-09-11,,399362835,732693378,downloaded,OK,5604,247ed4ee1875bf3285ec043f94d5094b0a60fc542dbdc917515b9fdaa75efe4e,aquatic_plant_images\Vallisneria_americana\Vallisneria_americana_iNaturalist_732693378.jpg
iNaturalist,Vallisneria americana,https://inaturalist-open-data.s3.amazonaws.com/photos/732693311/square.jpg,cc0,True,,,,,44.5301860747,-73.2733695138,2026-09-11,,399362835,732693311,downloaded,OK,3037,caa8a5661f95f751a3362889151aba5bf3f4419e1715423def97e7689618aa1a,aquatic_plant_images\Vallisneria_americana\Vallisneria_americana_iNaturalist_732693311.jpg
